:020000040800F2
:10000000000003206D0600084D2400084F2400085E
:100010005124000853240008552400080000000063
:10002000000000000000000000000000017B00084C
:100030005724000800000000917B00081F7400088E
:10004000BD060008BD060008BD060008BD06000884
:10005000BD060008BD060008BD060008BD06000874
:10006000BD060008BD060008BD060008BD06000864
:10007000BD060008BD060008BD060008BD06000854
:10008000BD060008BD060008BD060008BD06000844
:10009000BD060008BD060008BD060008BD06000834
:1000A000BD060008BD060008BD060008BD06000824
:1000B000BD060008BD060008BD060008BD06000814
:1000C000BD060008BD060008BD060008BD06000804
:1000D000BD060008BD060008BD060008BD060008F4
:1000E000BD060008BD060008BD060008BD060008E4
:1000F000BD060008BD060008BD060008BD060008D4
:10010000BD060008BD060008BD060008BD060008C3
:10011000BD060008BD06000859240008BD060008F9
:10012000BD060008BD060008BD060008BD060008A3
:10013000BD060008BD060008BD060008BD06000893
:10014000BD060008BD060008BD060008BD06000883
:10015000BD060008BD060008BD060008BD06000873
:10016000BD060008BD060008BD060008BD06000863
:10017000BD060008BD060008BD060008000000001E
:10018000BD060008BD060008BD060008BD06000843
:10019000BD060008BD060008BD060008BD06000833
:0C01A00065240008BD060008712400085A
:1001B00010B5054C237833B9044B13B10448AFF3A1
:1001C00000800123237010BD800300200000000088
:1001D0006444020808B5034B1BB103490348AFF35D
:1001E000008008BD00000000840300206444020871
:1001F000034613F8012B002AFBD1181A0138704767
:1002000001F0FF01102A2BDB10F0070F08D010F8C7
:10021000013B013A8B422DD010F0070F42B3F6D1CB
:10022000F0B441EA012141EA014122F007047FF0E4
:1002300000070023F0E80256083C85EA010586EA3B
:10024000010685FA47F5A3FA87F586FA47F6A5FA77
:1002500087F68EB9EED1F0BC01F0FF0102F0070283
:1002600032B110F8013B013A83EA010313B1F8D12E
:100270000020704701387047002D06BF354603380F
:10028000073815F0010F07D1013015F4807F02BF48
:10029000013015F4C03F0130F0BC0138704700BF99
:1002A0007BB972B90029BEBF00204FF0004106E0C3
:1002B00008BF00281CBF6FF000414FF0FF3000F076
:1002C000D3B9ADF1080C6DE904CE002909DB002B90
:1002D0001ADB00F04DF8DDF804E0DDE9022304B09C
:1002E0007047404261EB4101002B1BDB00F040F8FE
:1002F000DDF804E0DDE9022304B0404261EB410196
:10030000524263EB43037047524263EB430300F0F6
:100310002FF8DDF804E0DDE9022304B0404261EB90
:1003200041017047524263EB430300F021F8DDF8CE
:1003300004E0DDE9022304B0524263EB430370475B
:1003400053B94AB9002908BF00281CBF4FF0FF313C
:100350004FF0FF3000F088B9ADF1080C6DE904CE24
:1003600000F006F8DDF804E0DDE9022304B0704790
:100370002DE9F047089D8E4604468846002B4AD159
:100380008A42174662D9B2FA82F64EB1C6F120030C
:1003900001FA06F820FA03F3B74043EA0808B4402C
:1003A0004FEA174E1FFA87FCB8FBFEF1230C0EFB39
:1003B000118843EA084301FB0CF29A4209D9FB1861
:1003C00001F1FF3080F0EA809A4240F2E780023982
:1003D0003B449A1AA3B2B2FBFEF00EFB102243EA92
:1003E000024300FB0CFC9C4509D9FB1800F1FF32CD
:1003F00080F0D6809C4540F2D3803B44023840EAEE
:100400000140A3EB0C0300211DB1F3400022C5E91C
:100410000032BDE8F0878B4205D90DB1C5E9000176
:1004200000210846F5E7B3FA83F1002946D1734568
:1004300002D3824200F20581841A6EEB030201208E
:100440009046002DE5D0C5E90048E2E7002A00F01B
:100450009080B2FA82F6002E40F0A4808A1A030C33
:100460004FEA174E80B2BCB20121B2FBFEFC0EFB7C
:100470001C2243EA024304FB0CF29A4207D9FB1800
:100480000CF1FF3802D29A4200F2E080C4469B1A77
:10049000B3FBFEF20EFB123340EA034302FB04F40B
:1004A0009C4207D9FB1802F1FF3002D29C4200F2B5
:1004B000CA8002461B1B42EA0C40A5E7C1F1200698
:1004C0008B4022FA06F71F430EFA01F420FA06F3D6
:1004D0002EFA06FE4FEA1749234300FA01F81FFAE5
:1004E00087FCBEFBF9F01C0C09FB10EE44EA0E443D
:1004F00000FB0CFEA64502FA01F209D93C1900F1F5
:10050000FF3A80F09C80A64540F2998002383C4436
:10051000A4EB0E041FFA83FEB4FBF9F309FB1344AA
:100520004EEA044403FB0CFCA44508D93C1903F132
:10053000FF3E80F08280A4457FD9023B3C4443EAE1
:100540000040A4EB0C04A0FB02EC64457346E146BA
:1005500062D35FD05DB1B8EB030264EB090404FA27
:1005600006F622FA01F31E43CC40C5E900640021DF
:100570004FE7B1FBF2FC010C41EA0E4180B240EAC8
:1005800001423B4638463C46B846BE462026B1FBB3
:10059000F7F1A2EB080241EA0C4166E7014618E7D1
:1005A00010462CE7C6F120022EFA02F3B740B14004
:1005B00020FA02F24FEA174E0A43B3FBFEF8BCB230
:1005C0000EFB1833110C41EA034108FB04F9B0405B
:1005D00089454FEA104380B23ED9791808F1FF3CB3
:1005E00001D289451FD8A1EB0901B1FBFEF909FB36
:1005F00004F80EFB191192B242EA0142424529D297
:10060000BA1809F1FF31C4D24245C2D2A9F10201A0
:100610003A44BEE7F0459DD2BEEB02036CEB070CFB
:100620000138E14696E7A7EB09094944A8F1020C15
:10063000B1FBFEF909FB04F8DBE773467FE75046A0
:1006400066E70846FDE63B44023A33E7ACF1020CAC
:100650003B441CE749469CE7A1EB0901C446B1FBBA
:10066000FEF909FB04F8C4E7704700BFDFF834D097
:10067000002103E00C4B5B58435004310B480C4BFA
:1006800042189A42F6D30B4A02E0002342F8043B98
:10069000094B9A42F9D304F0EBF822F0CDFF01F0B8
:1006A000AFF870470000032008DB030800000020BB
:1006B0006401002080030020D4460120FEE770473B
:1006C00008B500F0C1FDBDE8084000F043BD00F0F2
:1006D000BDBD704710B50421044621F09FFD2046A2
:1006E00010BD000038B50C4B0C4C18800C4B822010
:1006F00019806368984740F6110398420AD1094D62
:1007000023682C60822098472B688220DB689847FA
:10071000002038BD0120FCE7A60300204C0000208B
:10072000A4030020A80300204FF4A071F020FFF7DD
:10073000D9BF0000F7B5394D2B6804461B698220EC
:100740009847208000284ED02B680DF106025B6987
:1007500001A982209847324B1B78002B4BD0BDF863
:10076000062040F674639A423FD9ADF80630BDF8D2
:1007700006209B1A9BB20A2B42D90B22B3FBF2F341
:10078000284A1288934201D9013A93B2BDF8042055
:10079000254840F6B8318A4234D8C2F571620E322B
:1007A000016892B20F25B2FBF5F2204D2D88AA42C6
:1007B00084BF05F1FF35AAB28A4215468EB22AD906
:1007C000921B91B21A4E3768BB42BAB28CBF9A1ACA
:1007D000D21A92B211440529C4BF05603360036880
:1007E00063803368A38003B0F0BDB32A9CBFB422FA
:1007F000ADF80620BBE7BDF80630A3F5B473B9E742
:100800000023C3E7C2F56D62083292B20E2A016876
:10081000C8D800252A46891A89B2D3E7A803002040
:10082000C4280020A4030020A0030020A603002069
:100830009C03002037B568460D461446FFF77AFF43
:10084000BDF8000030B1BDF802302B60BDF80430B7
:100850002360012003B030BD032821D8DFE800F079
:10086000020B12190F4B1A68B2FA82F252090421D4
:100870000D4804F0C3BC0B4B5A68B2FA82F252091D
:100880000821F5E7074B9A68B2FA82F25209102163
:10089000EEE7044BDA68B2FA82F252092021E7E768
:1008A000704700BFAC03002000100240032821D88D
:1008B000DFE800F0020B12190F4B1A68003A18BF5C
:1008C000012204210D4804F099BC0B4B5A68003AF0
:1008D00018BF01220821F5E7074B9A68003A18BFB4
:1008E00001221021EEE7044BDA68003A18BF01221A
:1008F0002021E7E7704700BFAC0300200010024052
:1009000003280DD8DFE800F00206080A0421054894
:1009100004F079BC0821FAE71021F8E72021F6E776
:10092000704700BF0010024008B5032811D8DFE867
:1009300000F0020A0C0E0421074804F059FC431E83
:100940005842584108BD0821F6E71021F4E720215C
:10095000F2E70020F3E700BF0010024070B5084D39
:1009600000240126E0B2FFF7DFFF18B12B68012B4E
:1009700018BF2E600134052C05F10405F2D170BDBD
:10098000AC030020012380F8781080F8793070479C
:100990007047002070470000034B4164003918BFC6
:1009A00001211970704700BF933901207047002062
:1009B0007047836B0BB10846184770474FF6FF70BE
:1009C0007047406803689B691847704770477047D5
:1009D0007047704710B5044600F04EFD2368034988
:1009E000D3F890302046BDE810401847000000D0F2
:1009F00008B503680446D3F8843098472368204636
:100A0000DB6F984700F0ECF8236820465B6F98474F
:100A1000292001F0D5F900F0E3F8236820465B6F48
:100A20009847F8E710B5044609F060FE23682046B1
:100A3000D3F8BC30BDE81040184700F001BD00F00D
:100A400005BD00F037BD00F0D7BC00F047BD00F099
:100A50004FBD00F0DBBC09F077B810B58421044627
:100A600021F0DCFB204610BD10B590F8341090F852
:100A700078400C4B8C421A7809D03AB90A4A0B4993
:100A80001488088810800C8001221A7010BD002A7A
:100A9000FCD0054A05491488088810800C80002283
:100AA000F3E700BF8C390120883901208A39012001
:100AB00070B50D46194635B9094B0A4A0A4840F245
:100AC000FF2122F0E7FAC0E90F52084B003A18BFA5
:100AD00001221A700368BDE87040D3F890301847BF
:100AE000D44402080C4502085A45020892390120F4
:100AF00008B5094B1B888B4203D8084B1B889342CF
:100B000005D9074B074A0848A32122F0C3FA074B2F
:100B10001980074B1A8008BD883901208A390120C5
:100B20009F450208024602085A4502088E390120F4
:100B300090390120034690F87A0018B1586803688C
:100B40001B68184770470000012108B500220846BD
:100B500006F0EEFC0A4B186028B90A4B0A4A282115
:100B60000A4822F097FA00220421012006F07FFDB6
:100B7000074B186018B9074B034A2C21F0E708BD52
:100B8000C0030020454602088E460208BD46020802
:100B9000BC03002002470208024B4FF0FF311868E7
:100BA00006F010BDC0030020014B186806F036BDEA
:100BB000C0030020024B0021186806F003BD00BFEF
:100BC000C0030020FFF7F0BF03480449006800237A
:100BD0001A4606F087BD00BFBC03002004000020B9
:100BE00013B5084C00231A4601A9206806F0ABFD96
:100BF00020684FF0FF33002201A906F0A4FD02B0E7
:100C000010BD00BFBC03002003685B6C18470120C7
:100C1000704703689B6A1847FEE740F2EF30704761
:100C2000054B0360054B4FF08062C3F88820BFF38B
:100C30004F8FBFF36F8F70470C53020800E100E045
:100C400010B504464FF45A61FFF7EAFF204621F041
:100C5000E5FA204610BD000082B0002301930E4B40
:100C60001A6B42F400021A631A6B02F4000201923A
:100C7000019A1A6942F400021A611A6922F4000208
:100C80001A61064B064A1A61064A5A61064B4FF032
:100C900080629A6002B0704700380240A02A0020AB
:100CA000F90E0008190C000800E100E008B50A2858
:100CB00009D8DFE800F006100E0808080810101028
:100CC0001000022008BD054B054A0648902122F07D
:100CD000E1F90020F6E70120F4E700BF44470208ED
:100CE0005F470208AA47020838B50C46887FFFF71D
:100CF000DDFFA58AE28A164B2169586342EA054264
:100D00005A64628BD963521B1A642568082D0ED170
:100D10009A611A615862207F0E4A42EA0062DA61E3
:100D2000E2681A620C4A5961D9601A6038BD002223
:100D3000D8611A61E1680A0A480902F4784200F4AD
:100D4000FC600243C1F3C4010A439A63034AECE71F
:100D500000B002400900010001230200012303004A
:100D600008B50B280BD8DFE800F00612100A0A0AB3
:100D70000A0808080808022008BD0520FCE7054B02
:100D8000054A06486F2122F085F90020F4E701208A
:100D9000F2E700BF44470208ED470208AA470208ED
:100DA0002DE9F04191F81D800C464046FFF7D8FF31
:100DB000A77F05463846FFF7D3FF06463846FFF7BC
:100DC00075FFA18A628B444B521A1A649A61228B76
:100DD000521A1A61E28A586342EA01425A6421694E
:100DE0006268D963DA602068802828D0227F0FD813
:100DF000202867D0402865D004281AD0364B45EA11
:100E0000026545F40035B845DD6161D0334A44E000
:100E1000B0F5807F04D0B0F5007FEFD1304800E01E
:100E2000304840EA0262DA61E2681A625E62596141
:100E300032E045EA026242F40032DA61F6E7A06885
:100E4000021DDA62227F45EA026545F40035DD6164
:100E50005E625961017841B1012921D0224B234AB8
:100E600023484FF48D7122F015F9DA69418822F494
:100E70007F42013922F0100242EA0122DA610121A7
:100E8000154BDA6942F02002DA61DA699206FCD485
:100E900010229A600029B9D0164A1A60BDE8F08184
:100EA000B2F1FF01DA69408822F47F4200F1FF309D
:100EB00022F0100242EA002242F0100218BF012183
:100EC000DA61DDE745EA0262034B42F40032B4E73F
:100ED00042F20132E1E700BF00B00240012301000D
:100EE000090002000A0002003748020851480208BF
:100EF000AA47020801230200024B1B6858680368D6
:100F00005B6918479439012070B5044625460A4BA1
:100F10000C30002660602672667245F8203B602225
:100F2000294609F039FD04F55A63EE6024359D42E7
:100F3000FBD1204670BD00BF0C530208034B1A685A
:100F4000D207FCD423229A60704700BF00B0024051
:100F50007047000030B50F4C2568ED07FCD4232501
:100F60000904A56041F001010225FF2B656361645E
:100F7000E0630AD00849656241EA0363E361074B15
:100F800022626061E060236030BDE561039BA36382
:100F9000034BF8E700B00240090001000100020025
:100FA0000100030030B50E4C2568ED07FCD4232565
:100FB0001204A56042F001020225FF2B6563626402
:100FC000E063E16008D01B0643F00213E361054BC8
:100FD00065626061236030BD034BE3610123F9E783
:100FE00000B0024001000200020002FF30B50B4CCD
:100FF0002568ED07FCD4232512041B06A56043F4E5
:101000000033022542F0010265636264E063E1603F
:10101000E361034B65626061236030BD00B0024054
:10102000010002000120704714207047142303FBC5
:10103000010008307047142303FB0100083070479B
:101040000120704741F29830704741F2983303FB1A
:1010500001000830704741F2983303FB010008306B
:101060007047012070471C2070471C2303FB0100C0
:10107000083070471C2303FB010008307047084606
:1010800001F036BE10B5034B0360044608F0B3FA16
:10109000204610BDC453020810B50446FFF7F2FF06
:1010A00020461C2121F0BAF8204610BD10B5034B94
:1010B0000360044608F09FFA204610BD90530208D2
:1010C00010B50446FFF7F2FF20464FF49D5121F082
:1010D000A5F8204610BD000010B5034B0360044680
:1010E00008F089FA204610BD5C53020810B504468A
:1010F000FFF7F2FF2046242121F090F8204610BD92
:1011000010B5094B0360044600F59E501830FFF7F8
:10111000B9FF04F13800FFF7C9FF04F11400FFF72D
:10112000DBFF204610BD00BFF853020808B5024897
:10113000FFF7E6FF08BD00BF9C12002010B5044673
:10114000FFF7DEFF204641F2585121F067F82046B4
:1011500010BD00002DE9F34101F0FEF9054601F054
:10116000FFF900240146234628462246009411F048
:10117000A3FF284B284A1A60204602F047FC274D5F
:10118000274B284A28489A6011F0FEFE2B68BFF3CF
:101190005B8FDB0737D4284621F042F898B3234C05
:1011A000234B236004F1380808F59D5707F1240606
:1011B00004F114006060C4F80880E760266108F05C
:1011C0001BFA1C4B6361404608F016FA1A4BA363E6
:1011D000384608F011FA04F5805303F57D70174A7C
:1011E000C3F8D82302F096FC224607F11C013046D2
:1011F00002F086FC304601F07BFD114821F068FFCB
:10120000284621F019F80F4802B0BDE8F041FFF779
:10121000E1BB00BFF83901204804002098120020EB
:10122000680400204C040020080000209C120020CC
:10123000F85302085C53020890530208C453020892
:101240002D110008C4030020704700000148FFF77B
:10125000CFBB00BFC403002070B5264E264C274DDF
:10126000274B23603046FFF74FFE284617F02AF839
:1012700024480FF0FFFB244B2448DC6000224FF48D
:101280008071C3E9121222491A86C3E91A12214950
:1012900083F85820C3E91E011F49C3F880101F4975
:1012A0001F480B60F021C3E90422C3E90622C3E909
:1012B0000822C3E90A22C3E90E22C3E91022C3E9C6
:1012C0001422C3E917225A6683F870205A67C3E9CB
:1012D000016501801348018013484FF4A07101801B
:1012E0001248018012490A70012283F83420114A01
:1012F0001A6070BDF40400209412002068040020DD
:10130000C44402084C040020C40300200000010172
:1013100001000001000450001A001400943901205B
:10132000883901208E3901208A3901209039012025
:101330008C390120205202080148FFF771BC00BF20
:10134000F40400200020704781807047C1807047FE
:1013500001817047418170477047704770477047FF
:10136000704710B4C4880368121B84885B6D091B26
:1013700012B25DF8044B09B218474FF6FF73838130
:101380004FF0FF3303621368C361106070470020A1
:1013900070478B88838001207047704780F8261043
:1013A000704790F82600704710B50022B1F9084048
:1013B000B1F90A10028042808480C18010BD0022F1
:1013C000028042808280C28070470177704780ED42
:1013D000080A704780F82410704780F8251070477D
:1013E00001207047983070478C30704784307047C8
:1013F0007047704770470000034B902283F85A23D0
:1014000083F85823704700BF00E100E0094A0A4909
:10141000D3680A48C3F30A03013B9BB20B801169EE
:10142000C1F30A01013901801364536B43F00103D6
:101430005363704700680140F6270020F42700201E
:10144000014BD3F8AC00704700680140024B012209
:10145000C3F8AC105A6270470068014010B52C21E7
:10146000044620F0DBFE204610BD10B5BC2104462A
:1014700020F0D4FE204610BD70B5044608F0B9FB3C
:1014800023689D6E0EF066F801462046A847236843
:10149000054AD3F88C502046AC460023BDE8704086
:1014A000A2F51631604700BF00B004D008F088BB39
:1014B00008F092BB08F04EBB08F0BDBC90F82520A8
:1014C00012B103685B691847704790F825201AB17C
:1014D00090F8242002B1186070470000034B4FF0D1
:1014E00080629A604FF080729A60704700E100E07D
:1014F000084B4FF08062C3F88820BFF34F8FBFF3D3
:101500006F8F4FF08072C3F88820BFF34F8FBFF307
:101510006F8F704700E100E070B50023124E8380AA
:10152000124B0360336893F8582005460AB1D86C13
:1015300000B998680368DB6A98473368B0FA80F4AA
:10154000D86C640930B10368DB6A9847002808BF8B
:1015500044F001042CB9064B064A07482C2121F01F
:1015600099FD284670BD00BF943901200C54020833
:101570008F480208ED4802082649020870B5254E3A
:101580003568BFF35B8F15F0010540D1304620F080
:1015900047FE00283BD0204C204B256104F134004D
:1015A000C4E90035C4E90255E584A562A5850FF0BC
:1015B00046FD04F158000AF0A3FE194BA36520462E
:1015C000184B40F8843BFFF7A7FF174BC4F8843053
:1015D0002433C4F88C304FF4C803C4E92835002301
:1015E000C4F8AC30C4F8B030C4F8B430C4F8B83083
:1015F0000E480F4BC4F89050C4F89C50C4F8A85043
:10160000C4F8983021F064FD304620F015FE024801
:1016100070BD00BFF8270020FC270020FC5B0208FB
:101620002C540208A4540208B05B0208F513000809
:10163000905B020838B5184C23685BB3174B184A07
:101640001B6C11888B4216D1164B198804F0C0FB15
:10165000236893F86A200025013283F86A2083F812
:101660007C50FFF7B1FA206809F040F82846BDE841
:101670003840FFF7F1B804F0ABFB2468236820463C
:101680001B6A9847012384F87C300020BDE838406D
:10169000FFF70CB938BD00BF943901200068014044
:1016A000F6270020F427002007B5064BADF806000A
:1016B0001B68054801220DF1060105F039F903B058
:1016C0005DF804FB0C0000204C29002080B51E4C66
:1016D0001E4F88B0204603F0BFF94FF0FF3120467F
:1016E00003F053FA204603F0A3FA194E194D80B2C5
:1016F0004FF0FF313080204603F047FA204603F0D8
:1017000097FA80B22880204603F024FA0821384650
:1017100003F06EFD10B9104B01221A7032882B882D
:101720000E499BB292B2684621F078FE6846FEF7F9
:101730005FFD4FF0FF3382B26946094805F089FD2D
:10174000142005F0E9FEC5E7E82A00200008024061
:10175000BE280020BC280020BA28002088490208A2
:101760000429002030B595B0102200210AA821F0EC
:10177000BAFE1422002103A821F0B5FE00241E4B5E
:1017800001941A6C42F080521A641B6C03F080536F
:101790000193019B194B02941A6842F440421A606B
:1017A0001B6803F4404302930122029B4FF48033F1
:1017B000CDE9082302254FF480030821CDE90E531B
:1017C0004FF4B473CDE9101308A8042313931295B2
:1017D00004F056FB04F01AFB0F23CDE903354FF458
:1017E000A0504FF48053CDE90603052103A80594CA
:1017F00004F022FD15B030BD0038024000700040FA
:101800002DE980489BB003F041F8FFF7ABFF1422AD
:1018100000210DA821F067FE0024C74B00941A6B2D
:10182000C64842F010021A631A6B02F010020092CE
:10183000009A01941A6B42F020021A631A6B02F0AC
:1018400020020192019A02941A6B42F080021A63FC
:101850001A6B02F080020292029A03941A6B42F011
:1018600004021A631A6B02F004020392039A0494AE
:101870001A6B42F001021A631A6B02F00102049221
:10188000049A05941A6B42F002021A631A6B02F072
:1018900002020592059A06941A6B42F040021A63FE
:1018A0001A6B02F040020692069A07941A6B42F0F5
:1018B00008021A631B6B03F00803224607933C21BE
:1018C000079B03F09BFC9E480122022103F096FC3B
:1018D00022469B48042103F091FC224699484FF48C
:1018E000405103F08BFC01263C23032593480F94C1
:1018F0000DA9CDE90D360227109503F095FB904810
:101900000DA9CDE90D764FF00408CDE90F4403F0A1
:101910008BFB8B480DA9CDE90D86CDE90F4703F070
:1019200083FB89480F940DA9CDE90D8403F07CFB5E
:101930004FF4405383480DA9CDE90D36CDE90F474B
:1019400003F072FB212380480F940DA9CDE90D35DA
:1019500003F06AFB08237A480F960DA9CDE90D34F0
:1019600003F062FB22467948794D102103F046FCD2
:101970004FF010080DA97548CDE90D86CDE90F444B
:1019800003F052FB7348744B036003F043FADFF833
:10199000E8C1724B2C62C5E900C328464FF480436E
:1019A000C5E90434C5E90244C5E9064403F034FE40
:1019B0004146284604F078F82146284604F093F87A
:1019C000674DDFF8B8E1AC624FF48273C5E900E31C
:1019D0004FF400781823C5E9068328460A23C5E991
:1019E0000244C5E90444C5E90844EB6204F044FF3D
:1019F0008F232246394652488DF824308DF83440E2
:101A000003F0FCFB32464FF47A7309A9284604F030
:101A10008FFF4FF47A7332460DA9284605F034F94A
:101A20003246394646484F4D03F0E8FB9DF83430C6
:101A3000D32B04BF4C4B1E704C4B0126C5E900361E
:101A40004FF0100A40230024C5E904A34FF4C073EB
:101A5000C5E906344FF40063C5E908344FF4005378
:101A600002274FF00409AB624FF0030B07230DA9C7
:101A70002846CDE90D73CDE90F934FF00808C5E96D
:101A80000249CDE911B7139704F0DAFD4FF6FF7262
:101A900009A92846CDE90A86089409960C9404F011
:101AA000EFFD304602F01EFF4FF6FF7209A92846EF
:101AB000CDE90978CDE90B6404F0E2FD4FF6FF7241
:101AC00009A92846CDE909B8CDE90B9404F0D8FD61
:101AD0004FF40C730893089B0C934FF6FF7209A9FF
:101AE0002846CDE909980B9604F0CAFD40F26A51E8
:101AF000284604F0E3FD342221460DEB020021F0DC
:101B0000F2FC1B4D1B4B2C61C5E900340923C5E9D0
:101B100005361D23C5E9073B40F20D1240F2431381
:101B2000C5E9092340F2171140F247132846C5E9D9
:101B30000B13C5E9024423E00038024000100240C4
:101B400000080240000C0240000002400004024075
:101B50004C2A0020E02A002000300240A08601002C
:101B60004C290020D0280020C4280020400100A0DB
:101B7000A429002000680140005C004000500140A2
:101B8000AC8685F8364004F041F8FF21F022CDE91B
:101B900012144FF005084FF480614FF4A073CDE9A3
:101BA0000E24CDE91418CDE916420DA92246284687
:101BB000CDE91037374D18930D94ADF864408DF88A
:101BC000664004F0D7F8344B2B601B6898472B68AD
:101BD000324DDB689847324B2846C5E90034C5E9E9
:101BE0000274C5E90A47C5E90C4403F023F93146FC
:101BF000284603F0D5F9524621460DA821F073FC82
:101C0000284D2948AC604FF48033C5E90003274BC9
:101C1000AB6228462E612C7685F82040EC62EC60A1
:101C2000EF6185F830406E6102F070FE0DA9284624
:101C3000CDE90D460F9402F0FFFF0DA92846CDE92E
:101C40000D871B4D02F0F8FF1A484FF4E133C0E94D
:101C500000530C23C0E90534C0E902440461C461A7
:101C600005F0C8FAFEF72CFDFEF729FD05F0E4FBB0
:101C7000114A1248214605F00BFC114B114A18601D
:101C80002146114805F004FC104B186005F0E6FBF6
:101C9000FEE700BFC028002014000020A02A00207A
:101CA00000B00240E82A0020002001400100000F9F
:101CB00000100140042900200C550208CD16000830
:101CC000CC280020E8540208CF060008C8280020CD
:101CD000704770477FB5094B8DF817201B6802933A
:101CE0000DF117020123009201930A4601460448B0
:101CF00003F03AFD07B05DF804FB00BF10000020C0
:101D00004C2A00207FB500238DF81730084B1B6844
:101D100002930A4601230DF1170100910193014638
:101D2000044803F0B1FD9DF8170007B05DF804FB0F
:101D3000100000204C2A00201FB5084C2468009297
:101D4000CDE901340A4601230146054803F09CFD14
:101D5000003818BF012004B010BD00BF10000020E3
:101D60004C2A002002F0BEBD10B5064C00222046D1
:101D7000042103F043FA20460122BDE8104004216B
:101D800003F03CBA0008024038B50B4D044601226E
:101D90000A484FF4005103F031FA0022042128468A
:101DA00003F02CFA2046FFF77FFC28460122BDE80D
:101DB0003840042103F022BA00080240000C02401F
:101DC00038B50B4D044600220A484FF4005103F089
:101DD00015FA00220421284603F010FA2046FFF7E6
:101DE00063FC28460122BDE83840042103F006BA0E
:101DF00000080240000C0240F7B5144E144F05468F
:101E00000C4630460022042103F0F8F900224FF47A
:101E10000051384603F0F2F92846FFF745FC0D4B18
:101E20000D481B68224601A904F02EFF3846012206
:101E30004FF40051019C03F0E1F9304601220421E6
:101E400003F0DCF9204603B0F0BD00BF00080240FB
:101E5000000C02400C0000204C29002002F042BD82
:101E60000268034B9A4201D102F02ABD704700BFBD
:101E7000001000407047000082B00E4B002200921C
:101E8000596C41F480415964596C01F480410091CE
:101E900000990192196C41F0805119641B6C03F098
:101EA00080530193019B0F216FF0010002B002F0FB
:101EB00071BF00BF0038024010B5044688B014223C
:101EC000002103A821F00FFB2268114B9A421DD17B
:101ED00003F58C33002101915A6C0E4842F4807254
:101EE0005A645A6C02F480720192019A02911A6B40
:101EF00042F001021A631B6B03F001030293029B81
:101F000003A90323CDE9033303F08EF808B010BD15
:101F100000200140000002400268094B9A4282B052
:101F20000BD100230193074B1A6B42F480521A63C2
:101F30001B6B03F480530193019B02B0704700BFF9
:101F4000003002400038024007B50F4B02689A4249
:101F500016D10022A3F5F0430192196B41F4000160
:101F600019631B6B03F40003019305215A20019BA5
:101F700002F010FF5A2003B05DF804EB02F03CBF02
:101F800003B05DF804FB00BF00B002402DE9F04350
:101F9000044689B01422002103A821F0A4FA226883
:101FA000244B9A4243D1244C244800250095236BAE
:101FB00043F004032363236B03F004030093009BAB
:101FC0000195236B43F001032363236B03F00103AB
:101FD0000193019B4FF012094FF400734FF0010879
:101FE0000327042603A9CDE90339CDE90587079620
:101FF00003F01AF84FF480731148079603A9CDE94E
:102000000339CDE9058703F00FF80295236C43F4FB
:1020100000032364236C03F400030293029B236AEE
:1020200043F400032362236A23F40003236209B00C
:10203000BDE8F083005C0040003802400008024028
:1020400000000240F0B599B004461422002107A810
:1020500021F049FA30220DEB0200002121F043FA71
:1020600022685E4B9A4240F0B78008230C93C0234D
:102070001093042312930CA84FF40033159304F02B
:10208000B3F908B1FFF7F6FE554B5648002400940B
:102090005A6C42F080625A645A6C02F0806200927C
:1020A000009A01941A6B42F020021A631A6B02F034
:1020B00020020192019A02941A6B42F001021A6303
:1020C0001A6B02F001020292029A03941A6B42F018
:1020D00002021A631A6B02F002020392039A04943A
:1020E0001A6B42F040021A631A6B02F0400204922B
:1020F000049A05941A6B42F004021A631A6B02F0F8
:1021000004020592059A06941A6B42F008021A63BB
:102110001B6B03F00803069302250E26069B0B9605
:102120004FF4806307A9CDE90735CDE9094502F0F1
:102130007BFF41F658032C480B9607A9CDE90735DC
:102140000927CDE9094502F06FFF032327480B97C4
:1021500007A9CDE90735CDE9094502F065FF4FF440
:10216000706322480B9607A9CDE90735CDE90945EB
:1021700002F05AFF4FF40C631D480B9607A9CDE9F6
:102180000735CDE9094502F04FFFC02319480B96EA
:1021900007A9CDE90735CDE9094502F045FF082338
:1021A00015480B9607A9CDE90735CDE9094502F099
:1021B0003BFF4FF4A0530E480B9707A9CDE9073515
:1021C000CDE9094502F030FF58202246052102F0F2
:1021D000E1FD582002F010FE19B0F0BD006801408A
:1021E0000038024000140240000002400004024097
:1021F0000018024000080240000C024010B50446DE
:1022000088B01422002103A821F06DF92268144B34
:102210009A4223D103F56843002101915A6C114879
:1022200042F480125A645A6C02F480120192019AAC
:1022300002911A6B42F020021A631B6B03F0200319
:102240000293029B4FF4607202230321CDE9032322
:102250000523CDE9061303A902F0E6FE08B010BD80
:10226000005001400014024010B5044688B014220A
:10227000002103A821F037F92268144B9A4223D198
:1022800003F59433002101915A6C114842F0100279
:102290005A645A6C02F010020192019A02911A6B70
:1022A00042F001021A631B6B03F001030293029BCD
:1022B0004FF4C06202230321CDE903230723CDE9B4
:1022C000061303A902F0B0FE08B010BD00100140D3
:1022D000000002402DE9F04186B0002303932B4B10
:1022E0001C68002C4FD14FF00108C3F80080284B28
:1022F00000949A6B274842EA08029A639B6B03EAB0
:1023000008030093022703260C25009B01A94FF622
:102310003F03CDE90137CDE9046502F085FE1E4893
:10232000059501A9CDE90187CDE9034602F07CFEC0
:1023300048F233131948059501A9CDE90137CDE9D4
:10234000034602F071FE4FF683731548059501A907
:10235000CDE90137CDE9034602F066FE4CF2037386
:102360001048059501A9CDE90137CDE9034602F0F2
:102370005BFE60230C48059501A9CDE90137CDE945
:10238000034602F051FE06B0BDE8F081302B00207C
:1023900000380240001402400008024000180240C9
:1023A00000100240000C02400004024070B588B0EA
:1023B00000230293204B1A6C42F010021A641B6C2B
:1023C00003F010030293054601A903A8029B03F042
:1023D000EDFF069B4BBB03F0C9FF184E184B336053
:1023E00040F2E733F360174BB0FBF3F3013B73604C
:1023F000304600233361B360B36104F00FFE04463E
:1024000080B9304604F0E4FC044658B9362002F0A6
:10241000F3FC0F2D0DD822462946362002F0BAFCD7
:10242000094B1D60204608B070BD03F09FFF4000BF
:10243000D3E70124F6E700BF00380240342B002028
:102440000010004040420F007C0000207047FEE773
:10245000FEE7FEE7FEE77047014804F0F7BC00BF67
:10246000342B0020014803F028BC00BFA429002021
:10247000014802F00BBD00BFA02A002001207047D8
:1024800008B521F0D3F8162303604FF0FF3008BDE4
:1024900008B521F0CBF816230360FEE770B50D46B2
:1024A00014460E46731B9C4201DC204670BDAFF300
:1024B000008006F8010BF5E770B50D4614460E4690
:1024C000731B9C4201DC204670BD16F8010BAFF374
:1024D0000080F5E74FF0FF3070474FF400534B603A
:1024E0000020704701207047002070470A4A116899
:1024F00008B5034609B909491160106869460344E3
:102500008B4206D921F092F80C2303604FF0FF3084
:1025100008BD1360FCE700BF7C2B0020D8460120DB
:10252000704710B5042104461FF078FE204610BD08
:10253000012908B506D0022908D059B901F0B2FA2C
:10254000006808BD01F0AEFA4068FAE701F0AAFAA7
:102550008068F6E70020F4E7004870474455020819
:102560000720704713B5002451B1036801948DF81A
:10257000034001AA9C680DF10303A04702B010BDFF
:102580000846FBE7C0897047008A7047C0887047DB
:1025900080887047807A00F07F007047807AC00999
:1025A00070470020704700009FED010A704700BF90
:1025B00000000000704710B5082104461FF02EFEF1
:1025C000204610BD7047704700F598730868496849
:1025D00003C370477047704741607047704770474A
:1025E000064BC0F84C310023C0F8503100F5A273FF
:1025F000C0F84801C0F84031704700BF252B0008E3
:10260000012303727047704770477047704738B5B1
:10261000054640680368DB699847044604B938BD3D
:10262000A188AB89C91A236820461B6B09B2984759
:10263000A469F3E710B4C26841685410034601EB83
:102640006200D20748BF0A599B685DF8044B48BF37
:10265000D35818470346406830B19A681AB9D86809
:1026600000F0010070470120704710B50C210446AE
:102670001FF0D4FD204610BD10B5142104461FF0F4
:10268000CDFD204610BD10B5102104461FF0C6FD3B
:10269000204610BD10B5102104461FF0BFFD204696
:1026A00010BD10B54FF4AE7104461FF0B7FD2046C3
:1026B00010BD10B50CF04EFF0368BDE81040DB6B99
:1026C000184710B50CF046FF0368BDE810405B6B7F
:1026D000184710B50CF03EFF0368BDE810405B6B77
:1026E0001847000013B50446807A637A0130C0B2FF
:1026F0009842A07205D9012323720023A37202B06D
:1027000010BDB4F90C2000210FF002F9C30707D562
:1027100000284FF6FF73C8BF012313FA80F000B200
:10272000144AE08112880023ADF8023083B2D21A35
:10273000ADF80020228A20829B1AADF804300E4B9F
:102740001B88ADF806300CF005FF036802AA1B6C6D
:1027500012E906009847A37A012BD0D1074B1B78CA
:10276000002BCCD00CF0F6FE02B0BDE810400CF00F
:10277000F7BE00BF883901208A3901209239012033
:1027800037B50546807A6B7A0130C0B29842A8729C
:1027900005D901232B720023AB7203B030BDB5F90C
:1027A0000C20B5F90E4000210FF0B2F8C30707D591
:1027B00000284FF6FF73C8BF012313FA80F000B260
:1027C000AB7AE881041B012BA4B206D1174B1B780E
:1027D0001BB10CF0BFFE0CF0C3FE154A002312889B
:1027E000ADF80230EB891A445B42ADF80430114B6E
:1027F000ADF800201B88ADF806300CF0ABFE036886
:1028000002AA12E906001B6C984768680368DB6936
:1028100098470546002DC0D0A9882B68214428463A
:102820001B6B09B29847AD69F4E700BF92390120EC
:10283000883901208A39012010B50446D0F84001BA
:1028400058B10368DB68984738B1D4F84001036891
:102850009B6898470023C4F8403110BD2DE9F14F23
:10286000D0E9556A0746B06803681B6A984741F289
:102870009733984205D8494B494AA321494820F04B
:1028800009FC706803681B6A98471B2803D8464BED
:10289000434AA421F2E7F06803681B6A98470F28AF
:1028A00003D8424B3E4AA521E8E70CF053FEDFF87F
:1028B000089104300CF09BFED9F8000010B10368B9
:1028C000DB689847D9F8000010B103681B68984787
:1028D000DFF8E880D8F8000010B103685B6998471A
:1028E000D7F83C0110B103685B689847D8F800003E
:1028F00010B103681B689847D7F83C0110B1036812
:102900009B689847F068036800215B6A9847284BEA
:1029100003604FF4A0530381264B1B884FF0000B3C
:1029200080F80AB05B420446C0F804B0A0F80EB0CC
:102930008381B068036859465B6A9847054601F091
:10294000F1FB7068036859465B6A9847294606465A
:1029500001F058F9331DC7F83C61C9F80040C8F8C8
:102960000050CAF800302B68C6F808A02846DB687B
:10297000EE639847336830461B68984721462846DF
:102980000EF0C0FF236820461B69984723685B69E7
:10299000204601B0BDE8F04F184700BFAC4902081F
:1029A0003A4A02081F4B0208664B0208094C02080B
:1029B0007856020888390120DC390120D8390120F5
:1029C0002DE9F14FD0E955BA0746DBF80800036856
:1029D0001B6A9847B0F5C07F05D2494B494AA321ED
:1029E000494820F057FBDBF8040003681B6A98474E
:1029F0000F2803D8454B434AA421F1E7DBF80C002C
:102A000003681B6A9847132803D8414B3D4AA52108
:102A1000E6E70CF09FFDDFF8049104300CF0E7FDD1
:102A2000D9F8000010B10368DB689847D9F80000B6
:102A300010B103681B689847DFF8E480D8F80000FD
:102A400010B103685B699847D7F83C0110B103687F
:102A50005B689847D8F8000010B103681B68984776
:102A6000D7F83C0110B103689B689847DBF80C006D
:102A7000036800215B6A9847264B03604FF4A0531C
:102A80000381254B002686721B8846600446C6815A
:102A900006828381DBF80800036831465B6A984749
:102AA000054601F079F8DBF80400036831465B6AFB
:102AB00098472946064601F041F8331DC7F83C61A6
:102AC000C9F80040C8F80050CAF800302B68C6F8B2
:102AD00008A02846DB68EE639847336830461B68D9
:102AE0009847214628460EF00DFF236820461B69B3
:102AF000984723685B69204601B0BDE8F04F18474E
:102B0000AC490208AC4C02081F4B0208664B020895
:102B1000094C02089C56020888390120DC39012042
:102B2000D83901202DE9F14FD0E9556A0746B06840
:102B300003681B6A9847B0F5C07F05D2444B454AED
:102B4000A321454820F0A6FA706803681B6A9847DD
:102B50000F2803D8414B3F4AA421F2E7F0680368ED
:102B60001B6A98470B2803D83D4B3A4AA521E8E752
:102B70000CF0F0FCDFF8F09004300CF038FDD9F8E0
:102B8000000010B10368DB689847D9F8000010B165
:102B900003681B689847DFF8D480D8F8000010B1AC
:102BA00003685B699847D7F83C0110B103685B681C
:102BB0009847D8F8000010B103681B689847D7F809
:102BC0003C0110B103689B689847F06803680021D6
:102BD0005B6A98474FF0000B224BC0F804B00446E4
:102BE00080F808B00360B068036859465B6A98478C
:102BF000054600F0D1FF7068036859465B6A984744
:102C00002946064600F09AFF331DC7F83C61C9F813
:102C10000040C8F80050CAF800302B68C6F808A079
:102C20002846DB68EE639847336830461B68984750
:102C3000214628460EF066FE236820461B69984709
:102C400023685B69204601B0BDE8F04F184700BF1C
:102C5000AC490208904D02081F4B0208664B02085F
:102C6000094C020854560208DC390120D8390120E9
:102C7000044B1B6893F858200AB1D86C00B99868C7
:102C8000704700BF94390120F8B5174604460E4638
:102C90000CF04AFD124B1C60124B2360124B0025B6
:102CA000C4E95135114BC4E9535518680368012133
:102CB0009B68C4E94F55C4E955769847284600F00B
:102CC000A5FEFFF7D5FF17F0A6F9FFF7D1FF17F024
:102CD0001DFAFFF7CDFF17F025FA2046F8BD00BF1B
:102CE000E839012000560208E8550208943901200D
:102CF000064BC0F84C310023C0F8503100F5A273E8
:102D0000C0F84801C0F84031704700BF252B0008CB
:102D1000064BC0F84C310023C0F8503100F5A273C7
:102D2000C0F84801C0F84031704700BFC129000811
:102D3000064BC0F84C310023C0F8503100F5A273A7
:102D4000C0F84801C0F84031704700BF5D28000856
:102D5000406A7047806A704770478A880B8810B550
:102D6000D20A4C88C1699BB251F8220043EA04435D
:102D7000184410BD10B50446BAB1107B68B1537B3E
:102D8000D27A1B0203F4E0631A43236A03EB820343
:102D90001A888A4202D193F9020010BD05D8013881
:102DA00080B204330028F3D1F7E70020F5E710B52F
:102DB0002C2104461FF032FA204610BD30B58BB0EE
:102DC0000446BDF860500895BDF85C5007959DF825
:102DD000505006959DF84C5005959DF84850049527
:102DE0009DF8445003959DF8405002959DF83C5045
:102DF0000195BDF8385000950EF0DEF9064B2360C2
:102E0000159BE361169B2362199B63621A9BA36265
:102E100020460BB030BD00BFC05602087047704757
:102E200070477047704730B5036885B06D460181C3
:102E3000D3F88430014604462846984795E80700B1
:102E40003C3484E8070005B030BD30B5036885B078
:102E50006D464181D3F884300146044628469847A0
:102E600095E807003C3484E8070005B030BD002237
:102E7000028042808280C280704780F8361070479E
:102E800070B5036804461B6B1546984723682946AE
:102E900020465B6EBDE87040184700207047806C8C
:102EA0007047704770477047704730B4C2684468D5
:102EB0005510034604EB6200D20748BF62599B6875
:102EC00030BC48BFD35818470346406830B19A68B1
:102ED0001AB9D86800F0010070470120704710B59A
:102EE0004C2104461FF09AF9204610BD10B5102160
:102EF00004461FF093F9204610BD10B54FF4B87189
:102F000004461FF08BF9204610BD08B5FEF7D6FA2F
:102F100008BD0000036870B55E6B124B1B68044669
:102F20008DB22BB9104B114A6C21114820F0B2F828
:102F30001049828D0988914203D80F4B0B4A6D21AD
:102F4000F3E713F812200D4B1B6853F822000368B7
:102F50001B6B9847291A3346204609B2BDE87040DA
:102F6000184700BFEC390120624E0208A44E020847
:102F7000DF4E0208F0390120264F0208F439012003
:102F800000F59670884208B505D10CF0E3FABDE86B
:102F90000840FFF7CDBE08BD00224FF0FF31C0E969
:102FA00000218260704770B5036804461B6B1546AC
:102FB00098472368294620465B6BBDE87040184758
:102FC0000022C0E90122C0E90322C0E90522C0E9CC
:102FD00007224FF480728284014A0260704700BF6A
:102FE0002857020810B526220446002120F07BFA5B
:102FF0002046FFF7E5FF0A4B23600A4BA3624FF61A
:10300000FF73A3854FF47F020023C4E90C322387AA
:103010004FF0FF32C4E91023E363204610BD00BF28
:10302000C05C0208D85502082DE9F04F044689B06B
:10303000264600250EF0BAFA7F4BE56346F8403B82
:1030400026222946304620F04EFA3046FFF7B8FFD8
:1030500004F16C0B794B2364FF2726224FF6FF788F
:10306000294684F866705846A566ADF8188020F0A9
:103070003AFA5846FFF7A4FF714BE366BDF81830E3
:10308000A4F8923004F1980A06A9584684F894707E
:1030900009F065FE04F1E0075046FFF7A3FF38464C
:1030A000FFF7A0FF04F59679664BC4F8E0302622BE
:1030B0002946C4F82851484620F015FA4846FFF73B
:1030C0007FFF012384F850315F4BC4F82C315F4BF4
:1030D000A4F85A81C4E958345D4BA4F85C812A46AF
:1030E000C4E95A35304684F85E812946C4F8545103
:1030F00084F85851FFF757FF3046F021FEF728F9C2
:1031000030464FF4A071FEF725F904F104084FF0A2
:103110007F43A3663146404606F080FA792258463E
:103120001C21FFF740FF584606A9ADF8185009F0DA
:1031300016FE5946404606F071FA86221C2150467A
:10314000FFF731FF6E46434BC4F8C8305146304656
:10315000A4F8CC5009F0D2F996E8070004F1D403A2
:1031600083E80700DFF810B1CDF818B0052306A9F1
:103170005046ADF81C3009F05BFC5146404606F065
:103180004DFA862288213846FFF70DFF324BC4F8EE
:103190001031D4F8E030A4F81451D3F88430394613
:1031A0003046984796E8070004F58E7383E80700D9
:1031B0002A4B1B682BB92A4B2A4A60212A481FF048
:1031C00069FF2A4B1B88032B03D8294B254A612111
:1031D000F4E7284B0321186800F054FCC4F82801D8
:1031E000384609F005FC042306A93846ADF81C3022
:1031F000CDF818B009F01CFC3946404606F00EFA2E
:103200004846CE221421FFF7CEFE062306AA05A9C2
:103210004846ADF81430ADF8183009F067FC04F5F5
:10322000B0734046C4F85431494606F0F7F92046D9
:1032300009B0BDE8F08F00BF38580208505D0208A1
:103240002C5E020890570208B85D02082058020858
:10325000812F00080909EBFF0505F2FFEC39012079
:10326000624E0208644F0208DF4E0208F039012066
:10327000264F0208F8390120D8550208806A7047A5
:103280007047704770477047704730B4C2684468F1
:103290005510034604EB6200D20748BF62599B6891
:1032A00030BC48BFD35818470346406830B19A68CD
:1032B0001AB9D86800F0010070470120704790F8F3
:1032C0002D3080F85C3070470146343091F82C3056
:1032D00013B1623109F043BD6031FBE710B56421E1
:1032E00004461EF09BFF204610BD10B51021044679
:1032F0001EF094FF204610BD10B54FF43771044600
:103300001EF08CFF204610BD10B50446006B50B176
:103310000368DB68984730B1206B036821469B68DF
:10332000BDE81040184710BD0B7970B590F82C60BF
:1033300004460D460BB916B170BD002EFCD0B3FA91
:1033400083F35B0984F82C3023682046D3F88C3053
:103350009847236820465B699847002EECD02B796C
:10336000012BE9D123682046D3F88830BDE87040AE
:10337000184700F5BA738B4210B5044609D10CF01A
:10338000E9F8FFF7C5FC23682046DB6ABDE810407A
:10339000184710BD70B5036804469B6B15469847E7
:1033A000236829462046DB6BBDE8704018470B8830
:1033B00070B5A0F860300546138825F8623F0446D2
:1033C00028460FF08DFE064628460FF0BDFE31461A
:1033D00002462046FFF7DEFF23682046D3F88C30F4
:1033E000BDE870401847000038B5262204460D4657
:1033F000002120F078F82046FFF7E2FD064B23601D
:103400002B88E384FF23204684F82830294609F0DE
:10341000A6FC204638BD00BF2C5E0208F7B54FF46D
:103420007F430646838540F2011300258384134BB6
:103430008562C0E90155C0E90355C0E90555C0E9F9
:103440000755056346F8343B04464FF6FF7701A95C
:103450003046ADF80470FFF7C7FF2A4629463046CC
:10346000A4F86070A4F86270FFF79DFD2046314615
:1034700006F0D4F8204603B0F0BD00BF6C58020837
:103480002DE9F04F04468FB0A14600250EF08EF8CE
:10349000C14BE56349F8403B26222946484620F0C7
:1034A00022F84846FFF78CFDBC4B236404F16C0AFC
:1034B000FF234FF6FF7784F866300CA9A5665046C7
:1034C000ADF83070FFF790FF04F1980304F1C40BDE
:1034D0000CA918460293ADF83070FFF785FF0CA9D0
:1034E0005846ADF83070FFF77FFF04F1F0030CA9E8
:1034F00018460393ADF83070FFF776FF04F58E732E
:103500000CA918460493ADF83070FFF76DFF04F571
:10351000A4730CA904F5BA7618460593ADF830707B
:10352000FFF762FF3046FFF779FF04F5EC731846AA
:103530009B4F0093FFF756FD04F5097304F51B78C4
:10354000C4F8D8711846C4F820520193FFF74AFD19
:103550004046FFF747FD934BC4F86C72C4E9B3349F
:10356000914BC4F8B452C4E9B5352A4629464846B9
:10357000FFF719FD4FF4A0724846F021271DFFF711
:1035800009FF4FF07F43A3664946384606F046F8E8
:10359000062229465046FFF706FD4FF003090CA905
:1035A0005046ADF8309009F0DAFB5146384606F047
:1035B00035F806220298DFF8FCA11221FFF7F3FC90
:1035C0000298ADF830900CA909F0C9FB0299384671
:1035D00006F024F8062258462421FFF7E4FC0CA943
:1035E0005846ADF8309009F0BAFB5946384606F017
:1035F00015F83E2203986C21FFF7D5FC02230398AF
:10360000ADF830300CA909F0AAFB0399384606F052
:1036100005F8049840F20F127821FFF7C4FC042249
:103620000498ADF830200CA909F099FB04993846AC
:1036300005F0F4FF05984FF490726821FFF7B3FC92
:1036400005220598ADF830200CA909F088FB0599F2
:10365000384605F0E3FF4FF0010B0CAA0BA93046EA
:10366000ADF82CB0ADF830B0FFF7A1FE2A462946E0
:1036700004F5D470FFF797FC04F53372C4F8A42165
:10368000304640F21D12D221FFF78DFC2322304636
:103690001E21FFF77FFE3146384605F0BFFF009838
:1036A0002A46B521FFF77FFC00980F223B21FFF748
:1036B00071FE3E4AC4F80822D4F8D8210099D2F805
:1036C0008420A4F80C5206AE3046904796E80700D6
:1036D00004F5057C8CE8070002230098ADF834302F
:1036E0000CA9CDF830A009F0A3F90099384605F0EF
:1036F00095FF4A4601983821FFF755FC2C4BC4F83A
:1037000054320199A4F85852304608F0F7FE96E872
:10371000070004F5187C8CE807000198CDF830A06C
:103720000CA9ADF834B009F083F90199384605F0D9
:1037300075FF4A4640467821FFF735FC1322404684
:103740003D21FFF727FE1A4BC4F89C32D4F86C32A7
:10375000A4F8A05241463046D3F88430984796E802
:10376000070004F52A7383E8070004F52E73C4F8F4
:10377000B4320CA94046A4F8B852CDF830A0ADF848
:10378000345009F055F93846414605F047FF2046C8
:103790000FB0BDE8F08F00BF24590208505D020849
:1037A000905702080C590208733300081010E8FF04
:1037B0000505F0FFD85502087047000030B5164DDA
:1037C0002C6814F001048FB0BFF35B8F21D1284621
:1037D0001EF026FDE8B13F230993104B0893104BD0
:1037E00007930123CDE9054304930423CDE9024364
:1037F0000A230C4900930C22CDE90B440A480A9491
:103800000194FFF7DBFA09481FF062FC28461EF01E
:1038100013FD05480FB030BD802B00205870020802
:1038200064700208946E0208842B0020B9370008E7
:103830007047000030B5164D2C6814F001048FB0AD
:10384000BFF35B8F20D128461EF0EAFCE0B13F2396
:103850000993104B0893104B104911480A94012208
:10386000CDE906430423CDE9033228230093CDE9B3
:103870000B44CDE901440594FFF7A0FA09481FF075
:1038800027FC28461EF0D8FC05480FB030BD00BF0D
:10389000B02B00205C700208687002083C6F0208C0
:1038A000B42B0020313800087047000030B5164DA9
:1038B0002C6814F001048FB0BFF35B8F21D1284630
:1038C0001EF0AEFCE8B13F230993104B0893104B58
:1038D00007930123CDE9054304930423CDE9024373
:1038E00012230C4900931322CDE90B440A480A9491
:1038F0000194FFF763FA09481FF0EAFB28461EF01F
:103900009BFC05480FB030BDE02B00206070020822
:103910006C7002084C6F0208E42B0020A9380008E4
:1039200000207047002070470EB403B503AB0021A0
:1039300053F8042B01930CF0BDFE02B05DF804EBCC
:1039400003B070470CB407B504AB53F8042B0193D4
:103950000CF0B0FE03B05DF804EB02B0704700005D
:10396000436C10B5044673B3038F2BB9184B194A37
:10397000C52119481FF08EFBC38E00EB43035B8CFF
:103980000BB30EF04AFD238F012B03D8134B144ABF
:10399000CB21EEE7E28E531C9BB2092B194688BF60
:1039A000A3F10A0104EB410140F63F10498C81422A
:1039B00009D10A2B04EB420228BF002304EB430386
:1039C000508C588451842046BDE810400EF028BC2D
:1039D000AF4F0208B84F020863500208AD5002080A
:1039E000BB5002080EF0E3BB10B586B002AC84E811
:1039F00006001A460AAB05930193099B00932146E2
:103A0000089B0BF045F906B010BD000038B518BB97
:103A1000124B13481C681349B4B122682244026057
:103A2000626822440A60A26814440F4B00221A8084
:103A300000F038F8054600F033F80C4B1C600C4BD6
:103A40001D600C4B188007E00B4B03600B4B0B60A9
:103A50000B4B1C68002CE8D138BD00BF1C2C00208B
:103A6000142C0020102C0020182C0020EC390120F0
:103A7000F4390120F03901208870020870700208C2
:103A8000B4700208044B1B6853F82100034B1B68F9
:103A900003EB4000704700BF102C0020142C0020C6
:103AA0000620704700487047202C002010B5FFF713
:103AB000FDFE044C2060FFF7BDFE6060FFF77EFE58
:103AC000A06010BD202C002010B5002404600C6004
:103AD00014601C6010BD704710B54FF4AE71044601
:103AE0001EF09CFB204610BD10B50446D0F85801CE
:103AF00000F014F82046BDE810400BF0D5BD0000E2
:103B000010B50446FFF7C0F8014B2360204610BDF6
:103B10005C5902080022026082807047704770473B
:103B200004387047704710B5102104461EF076FB2C
:103B3000204610BDA0F10400F5E7000000228260DD
:103B4000024A026018324260C1607047B0590208F0
:103B500070470000D0F8702103680132C0F870216E
:103B6000014ADB6A11881847B828002010B5034BBA
:103B700003600446FFF797F9204610BDD8590208A4
:103B800010B50446FFF7F2FF20464FF4C0711EF057
:103B900045FB204610BD000010B50446FFF744FA6F
:103BA000034B23600023C4F87031204610BD00BFD2
:103BB000D8590208FFF778B938B5044600F5BA7548
:103BC0000B462846054A06210FF0D0F9C4F82851C3
:103BD00004F1E000BDE838400CF096BE8D510208BB
:103BE000704704387047C0680368DB68184770473F
:103BF00010B51C2104461EF011FB204610BDA0F19B
:103C00000400F5E710B5054C046000221834C0E943
:103C10000312826044604261028310BD105A0208A0
:103C2000704700F5805210B5002304460321C0F808
:103C3000FC32C2E9E413C2F8883382F88C3321469F
:103C4000C0F8F03DC2F88433024600F5167082F8E1
:103C500008330C32824281F87D3501F12C01F6D116
:103C600004F5A470CE226721FDF77BFB2368204674
:103C70001B6B00219847236820465B6BBDE8104012
:103C80001847C36B00F58050D0F894231A8370470F
:103C900038B5044600F6F4550B462846054A082177
:103CA0000FF064F9C4F8B45204F51B70BDE8384055
:103CB0000CF02ABE8D51020800F5805310B5D3F8E0
:103CC00090330446032B0AD8DFE803F002171E27BF
:103CD00003689B6B98470BF03DFCFFF709F804F174
:103CE0006C000CF011FE04F198000CF00DFE04F1D4
:103CF000C400BDE810400CF007BE012380F89130ED
:103D0000002384F8BD3005E0012380F8913080F86D
:103D1000BD30002384F8E930E1E7012380F89130D9
:103D2000EFE700000F4B70B50446036041F25035D9
:103D300040F60476B54205D0635960191B68984770
:103D40002C3DF7E740F6C45540F22C5663596019F4
:103D50001B682C3D9847B542F8D12046FFF793FAEF
:103D6000204670BD385A020810B50446FFF7DAFF46
:103D7000204641F298311EF051FA204610BD000055
:103D800013B50A4B0A4A1B88128892B20446009265
:103D90009BB2084A0C2100F538700FF0E7F804F5E3
:103DA000EC7002B0BDE810400CF0AEBDBE280020A3
:103DB000BC2800209051020838B5084D0C4601225D
:103DC0001021284601F01AFA204600F08BFD284603
:103DD0000022BDE83840102101F010BA0004024072
:103DE000B2F90400B2F9083010B5B1F90440034447
:103DF0009C4215DAB1F908302344984210DAB2F93E
:103E00000600B2F90A30B1F9064003449C4207DAD1
:103E1000B1F90A3023449842ACBF0020012010BD04
:103E20000020FCE72DE9F04FD0F8FC32B74DB0F898
:103E3000DC22013385B0C0F8FC322B889BB29A4259
:103E4000044606D0298889B2FFF79AFF2B88A4F888
:103E5000DC32AF4BB4F952611A882B8840F2D3613F
:103E60009BB28B4240F2D280288840F62C1380B25D
:103E700098428CBF03200020A6490B8840F2D365EE
:103E80009BB2AB4240F2C5800B8840F62C119BB22E
:103E90008B428CBF0323002304F580559E49D5F83F
:103EA0007C730988B4F950C1C01900F1B580A1EB49
:103EB0000C018142A8BF0146D5F88003C5F87C13E8
:103EC0001B1800F1AB80921B0A3A9A42A8BF1A460F
:103ED00004F5A47AC5F8802309B212B25046FDF762
:103EE00040FA8E4B1A7800211970002A40D0D5F87C
:103EF0008473002F3CD1D4F8F02D894B9A4237DCE3
:103F000004F542710C2000FB07F3CE5C002E40F05C
:103F100087802344012632442C2083F808637843A9
:103F2000C4F8F02DB4F95021B4F94C11271802EB64
:103F3000D27201EB6201B7F9602502EBD272A1EBFC
:103F40006201B4F94E21C3F80013C3F80423D7F873
:103F5000583500F5AB6009B220449B6D984787F84F
:103F60007D650A212046FFF727FF0523C5F8843326
:103F7000D5F88433002BC4BF03F1FF33C5F8843375
:103F800004F55F63019304F60C63274604F5AB6602
:103F900002934FF00C0B4FF0000897F808336BB109
:103FA000D7F80423B6F90A30043A5B429A42C7F8BC
:103FB00004233ADA87F8088386F82580019B2C369B
:103FC0009E4207F10C07E8D195F88C6304F5736203
:103FD0004FF0000804F60C694FF00C0B0BFB08F7D0
:103FE00019F8073033B12EB951462046FFF7F8FED5
:103FF000002854D108F10108B8F1190F02F12C0280
:10400000ECD1002E6AD105B0BDE8F08F6FF0020050
:1040100032E76FF002033FE700214DE7002257E748
:104020000137322F7FF46FAF9FE73368B7F9001382
:104030009B6D12B2304698474FF0000904F5736249
:104040000BFB09F302990393C95C01B33146204687
:10405000FFF7C6FE039BD0B1234487F8088386F898
:10406000258083F80C8E2C2303FB0943104683F82C
:10407000558FD3F8303F5B699847D5F89413236880
:104080000A311B6BC5F894132046984796E709F14F
:104090000109B9F1190F02F12C02D1D18EE7D5F83F
:1040A00090132C2303FB08430139C5F8901383F8C0
:1040B000556FD3F8303F10465B699847E3192046A7
:1040C00083F80C6E23685B6B9847FA212046FFF754
:1040D00073FE012385F88C33C5F88863D5F88833DF
:1040E0000133DA0758BF94F86D21C5F888335CBFF7
:1040F00082F0010284F86D213B2BC1BF002385F8BB
:104100008C33012384F86D317DE700BFBE28002089
:104110008A390120BC28002088390120BA280020D3
:10412000FFC99A3B2DE9F74F0446FFF7A9F9344B35
:1041300023600023C4E9BE3304F5AB66A4F8DC3287
:10414000A04604F55F6935464FF6FF77284601A97A
:104150002C35ADF80470FFF747F94D45F6D1002333
:1041600004F5736504F59B57C4F8F03D1C37AA4667
:104170004FF6FF7B504601A90AF12C0AADF804B0B6
:10418000FFF732F9BA45F5D104F580534FF0000A34
:104190000322C3E9E1AAC3E9E42A042283F88CA339
:1041A00004EB020B336888F808A31B6EADF80420FB
:1041B000304601A9984786F825A0314658462C3646
:1041C00005F02CFA4E4508F10C084FF00402E9D135
:1041D0004FF0020800262B6828461B6EADF80480BD
:1041E00001A9984785F82560294658462C3505F0E1
:1041F00015FABD42EFD1204603B0BDE8F08F00BFF5
:10420000385A02082DE9F74F0446FFF73DF804F548
:104210003873C4F82032434B1988204689B2FFF71F
:10422000AFFD234604F516702246002183F80813DB
:104230000C33834282F87D1502F12C02F6D1DFF8AF
:10424000ECA0BAF800300522143B142793FBF2F3DC
:104250004FF0000900934FF0010B3AB205264FF0E2
:1042600000080099019209EB08050C2303FB0543A4
:1042700008FB01F10A31C3F8041E83F80CBEC3F831
:10428000087E2C235D4305F57360254409B2D5F8FB
:10429000303F20449B6D9847013E019A85F855BFF9
:1042A00008F10108DDD11437782F09F10509D4D1BF
:1042B000B4F95011BAF8003001EBD1714910C1EBDB
:1042C0005301194B1A88B4F9523104F58055D21AAA
:1042D0000A3AC5F87C13C5F8802309B212B204F576
:1042E000A470FDF73EF80323C4F8FC62C5E9E43688
:1042F000236820465B6B98472368D5F894131B6BA3
:104300002046984704F1F00084F815610CF0FCFA9F
:1043100004F58E7084F8416103B0BDE8F04F0CF0F5
:10432000F3BA00BFBE2800208A3901208839012055
:10433000F02070474FF4A07070472920FDF740BD72
:104340002820FDF73DBD08B5FDF70EFDCA20FDF79D
:1043500037FDC320FDF718FD0820FDF715FD50209F
:10436000FDF712FDCF20FDF72BFD0020FDF70CFD22
:10437000C120FDF709FD3020FDF706FDED20FDF71A
:104380001FFD6420FDF700FD0320FDF7FDFC12205A
:10439000FDF7FAFC8120FDF7F7FCE820FDF710FDA2
:1043A0008520FDF7F1FC0020FDF7EEFC7820FDF7FD
:1043B000EBFCCB20FDF704FD3920FDF7E5FC2C20BC
:1043C000FDF7E2FC0020FDF7DFFC3420FDF7DCFC0C
:1043D0000220FDF7D9FCF720FDF7F2FC2020FDF7C5
:1043E000D3FCEA20FDF7ECFC0020FDF7CDFC00201B
:1043F000FDF7CAFCB120FDF7E3FC0020FDF7C4FC8B
:104400001B20FDF7C1FCB620FDF7DAFC0A20FDF702
:10441000BBFCA220FDF7B8FCC020FDF7D1FC1020AA
:10442000FDF7B2FCC120FDF7CBFC1020FDF7ACFC82
:10443000C520FDF7C5FC4520FDF7A6FC1520FDF7BE
:10444000A3FCC720FDF7BCFC9020FDF79DFC3620A7
:10445000FDF7B6FCC820FDF797FCF220FDF7B0FC95
:104460000020FDF791FCB020FDF7AAFCC220FDF76B
:104470008BFCB620FDF7A4FC0A20FDF785FCA720E5
:10448000FDF782FC2720FDF77FFC0420FDF77CFC74
:104490002A20FDF795FC0020FDF776FC0020FDF7B3
:1044A00073FC0020FDF770FCEF20FDF76DFC2B2066
:1044B000FDF786FC0020FDF767FC0020FDF764FC9B
:1044C0000120FDF761FC3F20FDF75EFCF620FDF7C3
:1044D00077FC0120FDF758FC0020FDF755FC062075
:1044E000FDF752FC2C20FDF76BFCC820FDF7B6FC55
:1044F0002620FDF765FC0120FDF746FCE020FDF7D6
:104500005FFC0F20FDF740FC2920FDF73DFC242037
:10451000FDF73AFC0C20FDF737FC0E20FDF734FCCC
:104520000920FDF731FC4E20FDF72EFC7820FDF729
:104530002BFC3C20FDF728FC0920FDF725FC13206F
:10454000FDF722FC0520FDF71FFC1720FDF71CFCE2
:104550001120FDF719FC0020FDF716FCE120FDF706
:104560002FFC0020FDF710FC1620FDF70DFC1B2092
:10457000FDF70AFC0420FDF707FC1120FDF704FC01
:104580000720FDF701FC3120FDF7FEFB3320FDF78E
:10459000FBFB4220FDF7F8FB0520FDF7F5FB0C20A7
:1045A000FDF7F2FB0A20FDF7EFFB2820FDF7ECFBFF
:1045B0002F20FDF7E9FB0F20FDF7E6FB1120FDF7AB
:1045C000FFFBC820FDF74AFC2920FDF7F9FBBDE8F9
:1045D00008402C20FDF7F4BB08B5FDF7C5FB03210F
:1045E000D320FDF709FC80B208BD10B5C4B2022289
:1045F00003212046FDF76EFB0A20FDF7B3FB2046A2
:1046000000220321FDF766FBBDE810400220FDF704
:10461000A9BB38B50446E4B2FDF75AFB0021204699
:10462000FDF770FB012105462046FDF76BFB40EAD4
:10463000052080B238BD10B5C4B240212046FDF738
:1046400061FB030607D54C212046FDF75BFB0038D4
:1046500018BF012010BD01224B212046FDF73AFB77
:10466000204600224B21FDF735FB0020F2E773B511
:104670000423C4B20E461546D7210DEB0302204693
:10468000FDF75AFB019B1BBA1A0DC3F30B233280B3
:1046900020462B8001224B21FDF71CFB00224B21E1
:1046A0002046FDF717FB02B070BD000010B50A4AA6
:1046B0001378984204460DD0517888420AD00BB145
:1046C00041B90123D454FDF703FB2046BDE8104057
:1046D000FFF78BBF10BD00BF2C2C002010B5C4B25B
:1046E00009212046FDF70EFB40F00102D2B2204620
:1046F0000921BDE81040FDF7EDBA10B5C4B209219B
:104700002046FDF7FFFA092100F0FE022046BDE831
:104710001040FDF7DFBA38B5C4B20D4620460A2175
:10472000FDF7F0FA40EA0502D2B220460A21BDE8C0
:104730003840FDF7CFBA10B50446FDF7CAFA204657
:104740001F21FFF7E8FF2046BDE81040FFF7C6BF76
:1047500038B5C4B20D4620460A21FDF7D3FA20EA47
:104760000502D2B220460A21BDE83840FDF7B2BAB0
:1047700010B50446FFF7C1FF20461F21BDE81040D9
:10478000FFF7E6BF10B5C0B20C460B21FDF7BAFA31
:10479000204010BD1F21FFF7F5BF0A46C0B20B2114
:1047A000FDF798BA1F21FFF7F8BF38B5C4B20D4620
:1047B00020461721FDF7A6FA20EA0502D2B22046CC
:1047C0001721BDE83840FDF785BA70B5C4B206467A
:1047D00004212046FDF796FA042100F0FB0205466D
:1047E0002046FDF777FA3046F021FFF7DEFF05F0AF
:1047F000F80220460421FDF76DFA492220212046C7
:10480000FDF768FA0220FDF7ADFA204601222121CA
:10481000FDF760FA20469A224121FDF75BFA204617
:1048200001224A21FDF756FA204601224B21FDF7CD
:1048300051FA204600224B21FDF74CFA2046012276
:104840005621FDF747FA204601225821FDF742FA8A
:10485000204601224021FDF73DFA2046FF220B2190
:10486000FDF738FABDE870400220FDF77BBA000082
:10487000054BD3F8882042F47002C3F888204FF02B
:1048800000629A60704700BF00ED00E008B50B4B76
:104890001A6842F400721A601A6842F480621A6060
:1048A0001A6842F480721A60032000F061FA002056
:1048B000FDF77CFDFDF7E0FA002008BD003C02405A
:1048C000034A044B11681B780B441360704700BF08
:1048D000302C002078000020014B1868704700BF82
:1048E000302C002038B50446FFF7F6FF631C1CBFD0
:1048F000054B1B78054618BFE418FFF7EDFF431B77
:10490000A342FAD338BD00BF7800002038B5044672
:10491000002800F09B80056C25B9FDF7CDFA656491
:1049200084F83C50236CDB0600F18E80236C23F46A
:10493000885323F0020343F002032364444B5A6874
:1049400022F440325A605A6861680A435A60236808
:1049500021695A6822F480725A605A6842EA012238
:104960005A605A68A16822F040725A605A680A4335
:104970005A609A68E16822F400629A609A680A4371
:104980009A603449A26A8A4252D0996821F07061D3
:10499000996099680A439A609A68E16A22F04052E5
:1049A0009A609A680A439A609A6822F002029A60B2
:1049B0009A68217E42EA41029A6094F82020002AF7
:1049C0003ED05A68616A42F400625A605A6822F422
:1049D00060425A605A68013942EA41325A60DA6AE2
:1049E000E16922F47002DA62DA6A013942EA0152BC
:1049F000DA629A6822F400729A609A6894F8301029
:104A000042EA41229A609A68616922F480629A605F
:104A10009A68002042EA81229A606064236C23F045
:104A2000030343F001032364002384F83C3038BDC2
:104A30009A6822F070629A609A6822F04052B2E757
:104A40005A6822F40062C9E70120EDE70120EEE791
:104A5000002301400100000F82B00023019390F871
:104A60003C30012B69D0012380F83C3003689A6800
:104A7000D2070BD59A68D1071AD4036C43F0100300
:104A80000364436C43F0010343644CE09A682C498F
:104A900042F001029A602B4A1268B2FBF1F202EB7B
:104AA00042020192019A002AE4D0019A013AF8E701
:104AB000026C22F4E06222F0010242F4807202648D
:104AC0005A68520541BF026C22F4405242F48052AF
:104AD0000264026C12F480521CBF426C22F0060287
:104AE0004264002280F83C206FF022021A60164ACD
:104AF000516811F01F0F15491CD18B4207D001F5E9
:104B000080718B420CD1526812F01F0F0BD19A6842
:104B100012F0405F07D19A6842F080429A6002E04A
:104B20000B498B4202D0002002B07047526812F04D
:104B3000100FEBE78B42F6D1E9E70220F4E700BF64
:104B400040420F007400002000230140002001407B
:104B50000022014090F83C30012B14D003689A6881
:104B600022F001029A609B68DB0707D4036C23F4F0
:104B7000885323F0010343F001030364002380F80A
:104B80003C30184670470220704703689A68520507
:104B900070B504460D460BD59B68DE0508D5036C41
:104BA00043F020030364002380F83C30012070BDF3
:104BB000FFF792FE064623681A6891070CD56FF03E
:104BC00012021A60226C42F4007222649A6812F097
:104BD000405F17D00020EAE7681CEDD065B9236874
:104BE0001B6813F00203E6D1226C84F83C3042F0DB
:104BF000040222640320DAE7FFF76EFE801BA8425E
:104C0000EDD8D8E7227E002AE4D1DA6A12F4700FD8
:104C100002D09B685A05DDD4236C23F4807323648F
:104C2000236CDB04D6D4236C43F001032364D1E767
:104C30000368D86C70470000F7B50023019390F823
:104C40003C30012B054600F08680012380F83C3083
:104C500008682B688E68092884B233D904EB4402B3
:104C6000DF681E3A4FF0070C0CFA02FC27EA0C072B
:104C7000DF60DF6806FA02F23A43DA604968062923
:104C800001EB81022DD8596B053A1F26964021EA87
:104C900006015963596B04FA02F20A435A632F4A18
:104CA00093420AD1122837D12D4B5A6822F40002C0
:104CB0005A605A6842F480025A60002085F83C002D
:104CC00003B0F0BD1A6900EB400C072707FA0CF798
:104CD00022EA07021A611A6906FA0CF616431E61E7
:104CE000CCE70C294FF01F010BD81E6B233A9140E3
:104CF00026EA01011963196B04FA02F20A431A63E6
:104D0000CDE7DE6A413A914026EA0101D962D96ACB
:104D100094400C43DC62C2E7124B984201D0112848
:104D2000CBD10F4B5A6822F480025A605A6842F481
:104D300000025A600B4B9842BFD10B4B0B4A1B68C9
:104D4000B3FBF2F30A2253430193019B002BB4D02F
:104D5000019B013BF8E70220B2E700BF00200140C1
:104D600000230140120000107400002040420F0098
:104D70000749CA6822F4E0620302120403F4E06304
:104D8000120C134343F0BF6343F40033CB6070470E
:104D900000ED00E0164B30B5DC68C4F30224C4F12A
:104DA0000703251D042B28BF0423062D4FF0FF35D4
:104DB0008CBF033C002405FA03F321EA0303A5405A
:104DC00022EA0502A340002843EA0203ACBF00F137
:104DD0006040084A4FEA0313B8BF00F00F00DBB28F
:104DE000AABF00F56140135480F8003330BD00BF06
:104DF00000ED00E014ED00E0002807DB044A410963
:104E0000012300F01F00834042F82130704700BFAB
:104E100000E100E010B5044650B1437903F0FF0211
:104E200013B90271FDF778F801236371002010BDFA
:104E30000120FCE710B5044620B390F8393003F0A8
:104E4000FF021BB980F83820FDF77EF8022384F8B2
:104E50003930236861681A6822F440320A431A60C4
:104E60005A6BA16822F007020A435A631A6CE16880
:104E70006FF30D020A431A6400200123E06384F8F3
:104E8000393010BD0120FCE770477047036870B5EA
:104E90005E681D68F207044614D5E90512D51A6844
:104EA00022F480721A60C26B42F00102C2630122D6
:104EB0009A60042380F83930002380F83830436941
:104EC00003B19847B20616D5AB0414D523681A6807
:104ED00022F400521A6020229A60E36B43F002032E
:104EE000E363042384F83930002384F8383063699D
:104EF0000BB120469847300716D5290514D52368ED
:104F00001A6822F400621A6008229A60E36B43F088
:104F10000403E363042384F83930002384F8383031
:104F200063690BB12046984772070BD56B0509D50D
:104F300023681A6822F480621A6004229A6020466C
:104F4000FFF7A2FFB00714D5A90512D523681A6888
:104F500022F400721A6002229A60E36BE363012379
:104F600084F83930002384F8383023690BB12046A7
:104F70009847F20613D5EB0411D523681A6822F47A
:104F800080521A6010229A60E36BE363012384F875
:104F90003930002384F838302046FFF776FF70BDA3
:104FA000F0B590F83820012A03464FF002002BD0CC
:104FB000012283F8382083F8390003EB0112D2E98B
:104FC0000740556A174F44EA0040093C012C9CBF3A
:104FD00005F07F4210434FEA01161A6888BF40EA85
:104FE000056091B9516A394001435162012C9969B8
:104FF000916103D8596A21F07F419162012200201A
:1050000083F8392083F83800F0BDD1693940014375
:10501000D1619919012C896911619CBF25F07F45E7
:105020001562EBE7F0FFFC002DE9F74FDFF8BC91CC
:105030006C4A00230D6801249C4004EA0506AC4339
:1050400040F0B7804D68032705F003044FEA43089A
:1050500007FA08FC671E012F6FEA0C0C34D887682A
:1050600007EA0C0ECF6807FA08F747EA0E078760D1
:10507000476827EA060EC5F300179F4047EA0E0768
:105080004760C76807EA0C0E8F6807FA08F747EA17
:105090000E07022CC76019D14FEAD30A00EB8A0A27
:1050A00003F0070BDAF820704FEA8B0B4FF00F0E6E
:1050B0000EFA0BFE27EA0E0E0F6907FA0BF747EA06
:1050C0000E07CAF8207001E0032CDAD1076804FA51
:1050D00008F407EA0C073C4315F4403F046068D02D
:1050E00000240194D9F8444044F48044C9F8444071
:1050F000D9F8444023F0030707F1804704F48044C3
:1051000007F59C37019403F0030C019CD7F808E0E5
:105110004FEA8C0C0F2404FA0CF42EEA040E324CE5
:10512000A0424DD004F58064A0424BD004F58064C9
:10513000A04249D004F58064A04247D004F58064C1
:10514000A04245D004F58064A04243D004F58064B9
:10515000A04241D004F58064A0423FD004F58064B1
:10516000A0423DD004F58064A04214BF0A24092463
:1051700004FA0CF444EA0E04BC609468F74315F496
:10518000801F0CBF3C4034439460D46815F4001F6A
:105190000CBF3C403443D460546815F4003F0CBF4E
:1051A0003C40344354601468ED0354BF3C403443E6
:1051B00014600133102B7FF43DAF03B0BDE8F08FD6
:1051C0000024D5E70124D3E70224D1E70324CFE765
:1051D0000424CDE70524CBE70624C9E70724C7E765
:1051E0000824C5E7003C01400000024000380240AE
:1051F0000369194214BF0120002070470AB1816180
:1052000070470904FBE7436901EA030221EA03014D
:1052100041EA02418161704701684B6913F4806380
:105220004FF0000210D06FF480634B6120230263C3
:1052300080F83D3080F83E20036C80F83C2043F03D
:105240000403036401207047184670472DE9F846AF
:1052500006460F4691461D464FEA114A3368BAF199
:10526000010F0CBF5C699C6927EA0404A4B2B4FA7C
:1052700084F46409A14501D0002025E06A1CEED029
:10528000FFF72AFB089BC01AA84201D8002DE5D1E0
:105290003368BAF1010F0CBF5B699B6927EA03030E
:1052A0009BB2B3FA83F35B099945D7D1002320223F
:1052B000336386F83D2086F83E30326C86F83C3009
:1052C00042F0200232640120BDE8F8862DE9F04169
:1052D00004460F46164698462568686927EA000086
:1052E00080B2C0B16B695A0517D52B6843F40073BF
:1052F0002B606FF480636B6120220023236384F8AA
:105300003D2084F83E30236C43F0040323640023E3
:1053100084F83C300120BDE8F081731CDDD0FFF73C
:10532000DBFAA0EB0800B04201D8002ED4D12368EC
:105330005A6927EA020292B2002ACDD00023202225
:10534000236384F83D2084F83E30236C1343DDE76B
:1053500070B504460D46164623685B691B0601D5E9
:1053600000201EE02046FFF757FFC8B96A1CF3D0A3
:10537000FFF7B2FA801BA84201D8002DECD12368B8
:105380005B6913F08003E7D12022236384F83D207A
:1053900084F83E30226C84F83C3042F020022264D3
:1053A000012070BD2DE9F0431546026885B0DDE9A6
:1053B0000C789946136843F4807313600E463B469D
:1053C000CDF8008000224FF001110446FFF73EFFA8
:1053D000236838B11B68DB0502D54FF400732364E2
:1053E000032620E006F0FE061E611A4943463A46AF
:1053F0002046FFF76BFFA8B9236803905A69039210
:105400009B690393424639462046039BFFF7A0FF62
:10541000064660B1236C042B01BF2268136843F475
:10542000007313600126304605B0BDE8F083B9F182
:10543000010F236802D1EDB21D61F4E72A0A1A6157
:10544000394642462046FFF783FF0028E2D1236811
:10545000F1E700BF020001002DE9FF479A4603680B
:1054600015461A6842F480621A601A68DDE90C7801
:1054700042F480721A600E463B46CDF8008000224E
:105480004FF001110446FFF7E1FE236838B11B68B5
:10549000DB0544BF4FF400732364032021E05FFA6F
:1054A00086F906F0FE061E612B4943463A46204621
:1054B000FFF70CFFA0B9236803905A6903929B6918
:1054C0000393424639462046039BFFF741FF58B1FC
:1054D000236C042B01BF2268136843F4007313602C
:1054E000012004B0BDE8F087BAF1010F23681AD19A
:1054F000EDB242461D6139462046FFF729FF0246BC
:105500000028E5D121680B6843F480730B602046C6
:10551000CDF800803B464FF00111FFF797FE22685F
:1055200060B11368B4E72A0A1A6139464246204638
:10553000FFF70EFF0028CBD12368D9E749F001031C
:105540001361054943463A462046FFF7BFFE00383F
:1055500018BF0120C5E700BF0200010070B5044676
:105560000D46164623685B695B0701D500201EE0E7
:105570002046FFF751FEC8B96A1CF3D0FFF7ACF91B
:10558000801BA84201D8002DECD123685B6913F081
:105590000403E7D12022236384F83D2084F83E30C1
:1055A000226C84F83C3042F020022264012070BD5D
:1055B00070B504460D46164621684B6913F040034A
:1055C00001D0002011E04A69D2060FD56FF0100219
:1055D0004A612022236384F83D2084F83E30236C06
:1055E0002364002384F83C30012070BDFFF774F978
:1055F000801BA84201D8002DDED123685B6913F01F
:105600004003D9D12022236384F83D2084F83E3022
:10561000236C1343E4E7000070B5044608B9012089
:1056200070BD90F83D3003F0FF021BB980F83C20BC
:10563000FCF7ACFC242384F83D3023681A6822F080
:1056400001021A601A6842F400421A601A6822F4D1
:1056500000421A6000F08AFE3F4B65689D4294BF8D
:105660003E4B3F4B98428CBF00230123002BD6D1E9
:105670002268394E51683B4BB0FBF3F321F03F01F8
:105680001943B542516088BF4FF49676116A88BFBE
:10569000734321F03F0184BF4FF47A76B3FBF6F3F6
:1056A00001330B431362D169431E2B4821F44F4150
:1056B000854221F0FF0132D86D0040F6FC70B3FB4B
:1056C000F5F30133034242D0C3F30B031943D16115
:1056D000D4E907301168034321F0C0010B43136084
:1056E0009168D4E9030321F40341034321F0FF014E
:1056F0000B439360D4E90530D168034321F0FF01E7
:105700000B43D360136843F0010313600020202390
:10571000206484F83D30206384F83E0080E7A06870
:1057200050B905EB4505B3FBF5F30133C3F30B03A8
:105730007BB143F40043C9E719206843B3FBF0F39E
:105740000133C3F30B0323B143F44043BEE7042307
:10575000BCE70123BAE700BFA08601007F841E00DA
:10576000FF083D0040420F002DE9F74304469946EB
:105770000C9E0F469046FFF7AFF894F83D30202B73
:10578000054603D0022003B0BDE8F08300903C49F9
:10579000192301222046FFF759FD0028F2D194F881
:1057A0003C30012BEED02068012384F83C300368A4
:1057B000D9075EBF036843F001030360036823F465
:1057C00000630360212384F83D30402384F83E3099
:1057D000002323640A9B6362BDF82C306385638DCC
:1057E0002385284BE3624246CDE900654B463946A6
:1057F0002046FFF7D7FD00282AD00120C3E7FFF796
:10580000A7FD40B1236C042B01BF2268136843F449
:1058100000731360F1E7636A27681A4612F8011BE8
:1058200039616262628D218D013A92B262857A6934
:10583000481E80B2520720850AD548B15A783A618D
:1058400002336362638D013B02399BB2218563851C
:10585000238D2A4631462046002BD0D1FFF77EFE0D
:105860000028CFD12268136843F40073136020230B
:1058700084F83D3084F83C0084F83E0083E700BFA4
:10588000020010000000FFFF2DE9F043044687B03E
:105890009946109F0D469046FFF71EF894F83D304C
:1058A000202B064604D00225284607B0BDE8F08329
:1058B00000907A49192301222046FFF7C7FC0028EF
:1058C000F1D194F83C30012BEDD02068012384F80D
:1058D0003C300368DB075EBF036843F001030360ED
:1058E000036823F400630360222384F83D304023DF
:1058F00084F83E30002323640E9B6362BDF83C3085
:105900006385638D2385664BE3622946CDE9007686
:105910004B4642462046FFF79FFD054608B101254C
:10592000C2E7228D2368B2B902905A6902929A693D
:105930000292029A1A6842F400721A60DFF86481D7
:10594000238D002B2CD1202284F83D2084F83C307C
:1059500084F83E30A8E7012A0AD11A6822F480624E
:105960001A6003905A6903929A690392039AE1E7D5
:10597000022A0ED11A6822F480621A601A6842F470
:1059800000621A6004905A6904929B690493049B14
:10599000D4E705905A6905929B690593059BCDE76D
:1059A000032B56D8012B15D1324639462046FFF736
:1059B000FFFD0028B3D123681A69636A1A70636A0D
:1059C00001336362238D013B2385638D013B9BB2D1
:1059D0006385B5E7022B00963B464FF00002414637
:1059E000204619D1FFF732FC002898D123681A68A5
:1059F00042F400721A601A69636A1A70626A531C70
:105A00006362238D013B2385638D013B9BB26385DC
:105A100023681B695370D2E7FFF718FC0246002881
:105A20007FF47DAF2368196821F4806119601969DA
:105A3000636A1970636A01336362238D013B2385B6
:105A4000638D013B9BB26385414600963B462046F1
:105A5000C8E7324639462046FFF7AAFD00287FF402
:105A60005EAF23681A69636A1A70628D616A013ACF
:105A700092B24B1C628522686362238D5069013BA0
:105A80009BB2400723857FF55BAF032B02BF1368F2
:105A900023F48063136013694B7090E702001000D9
:105AA0000000FFFF0400010010B590F83D30202BEE
:105AB000DCB216D1242380F83D3003681A6822F046
:105AC00001021A605A6A22F010025A625A6A11439D
:105AD00059621A6842F001021A6080F83D400020C5
:105AE00010BD0220FCE730B590F83D30202BDCB231
:105AF00016D10268242380F83D30136823F0010397
:105B00001360556A4FF6F0732B400B439BB2536200
:105B1000136843F00103136080F83D40002030BD5E
:105B20000220FCE70068D20184328318F0B5C76810
:105B30005D684C680E6805F470455D60C56806F1E7
:105B4000010CC5F30B45C7F30B472744654445EAF1
:105B500007455D60C768CD68C7F30A072F449D6895
:105B600005F470459D60D0F80CC08D68CCF30A0C2C
:105B70000135654445EA07459D601D69D1F810C0AF
:105B80008F6925F007051D61C3F810C091F83050EA
:105B900045EA076591F8317045EA072591F83270BA
:105BA00045EA07459D615D6925F0FF055D614D6929
:105BB0005D61DD6925F4E06525F00705DD61D1E96A
:105BC00007573D43DD61BCF1070F4D6A9D629CBFE5
:105BD0000D4D15F80C70DD6A05F0E025DD6288BF1B
:105BE00001278D6AC96AA41B7C437D43033444EAC0
:105BF0000544DC621C6B6FF30A041C631963835851
:105C000043F001038350F0BD8C5A020838B50446B6
:105C100000284ED090F8A13003F0FF021BB980F8A5
:105C2000A020FCF70FFA022384F8A13023689A69B8
:105C300022F070429A61D4E901200243E068996938
:105C40000243206902430A439A61D4E9051242EAF9
:105C500001429A60D4E9071242EA0142DA60D4E9CB
:105C6000091242EA01421A61D4E90B1242EA0142E6
:105C70005A61DA6A94F8350094F8361002F07F42DF
:105C8000DA62DD6A94F834202A4342EA002242EACA
:105C90000142DA625A6B42F006025A639A6942F094
:105CA00001029A6100200123C4F8A40084F8A13005
:105CB00038BD0120FCE770477047036870B59E6BE4
:105CC0005D6B7207044614D5690712D55A6B22F032
:105CD00004025A630422DA63D0F8A43043F00103CB
:105CE000C0F8A430002380F8A12080F8A030FFF78E
:105CF000E2FFB20716D5AB0714D523685A6B22F022
:105D000002025A630222DA63D4F8A4301343C4F8BF
:105D1000A430042384F8A130002384F8A030204666
:105D2000FFF7C9FFF00710D5E9070ED523685A6BB6
:105D300022F001025A630122DA63002384F8A120D1
:105D400084F8A0302046FBF775FC320711D52B07ED
:105D50000FD523685A6B22F008025A630822DA63CF
:105D6000012384F8A130002384F8A0302046FFF7F7
:105D7000A3FF70BD2DE9F04190F8A030012B06463D
:105D80000F4694464FF002001FD04FF0010886F8EE
:105D9000A08086F8A10034240D4604FB02640FCDD8
:105DA00038340FC40FCD0FC40FCD0FC42B68236040
:105DB000304662463946FFF7B5FE33680020C3F827
:105DC000248086F8A18086F8A000BDE8F08100005C
:105DD00090F8A020012A03464FF0020012D01A6862
:105DE00083F8A100506B20F0010050630648016465
:105DF000516B41F0010151630020012283F8A12081
:105E000083F8A000704700BF0068014037B5002349
:105E10000193184B184D1A6C42F080521A641B6C97
:105E200003F080530193019B144B01221A64FEF787
:105E300053FD04466B68DA030BD5104B0E4D01225F
:105E40005A64FEF749FD04466B689B030AD500209F
:105E500006E0FEF741FD001BB0F57A7FEAD903208A
:105E600003B030BDFEF738FD001BB0F57A7FEBD9EB
:105E7000F5E700BF003802400070004000000E420D
:105E80002DE9F341044640B30368DE0710D42368CC
:105E90009D075BD42368190700F19D8023685A078A
:105EA00000F1BD80A369002B40F0248100202CE08C
:105EB0008D4B9A6802F00C02042A07D09A6802F00F
:105EC0000C02082A0BD15B68590208D5864B1B6867
:105ED0009A03DCD56368002BD9D1012015E06368F3
:105EE000814DB3F5803F13D12B6843F480332B6091
:105EF000FEF7F2FC7C4E054633689B03C7D4FEF7E1
:105F0000EBFC401B6428F7D9032002B0BDE8F08108
:105F1000B3F5A02F04D12B6843F480232B60E3E773
:105F20002A6822F480322A602A6822F480222A60B9
:105F3000002BDDD1FEF7D0FC06462B689F03A6D5CB
:105F4000FEF7CAFC801B6428F7D9DDE7664B9A6828
:105F500012F00C0F07D09A6802F00C02082A11D137
:105F60005B685D020ED4604A1368990702D5E36846
:105F7000012BB2D11368216923F0F80343EAC1036E
:105F8000136087E7E268594BB2B101221A60FEF74D
:105F9000A3FC554D06462B689B0707D52B68226945
:105FA00023F0F80343EAC2032B6073E7FEF794FC87
:105FB000801B0228EFD9A7E71A60FEF78DFC4A4E36
:105FC000054633689F077FF565AFFEF785FC401BEC
:105FD0000228F6D998E76269444B82B10122C3F8DE
:105FE000802EFEF779FC404E0546736F9B073FF508
:105FF00055AFFEF771FC401B0228F6D984E7C3F8C1
:10600000802EFEF769FC384E0546736F9F077FF5BB
:1060100045AFFEF761FC401B0228F6D974E7324B0E
:106020001A6C12F0805228D101921A6C42F0805200
:106030001A641B6C03F080530193019B01272C4DC4
:106040002B68D8051BD5A368274D012B27D12B6FB3
:1060500043F001032B67FEF73FFC234E054641F258
:106060008838336F9A0739D5002F3FF41BAF1E4A8B
:10607000136C23F08053136414E70027DFE72B68C9
:1060800043F480732B60FEF727FC06462B68D90586
:10609000D9D4FEF721FC801B0228F7D934E7052B61
:1060A00004D12B6F43F004032B67D0E72A6F22F053
:1060B00001022A672A6F22F004022A67002BCAD144
:1060C000FEF70AFC41F2883806462B6F9B07CBD5BA
:1060D000FEF702FC801B4045F7D915E7FEF7FCFBF5
:1060E000401B4045BDD90FE7003802400000474241
:1060F00000700040374DAA6802F00C02082A3ED01A
:10610000022B354B4FF000021A662BD1FEF7E4FB51
:1061100006462B6899011FD4D4E907321343626AFB
:1061200043EA8213E26A43EA0263A26A5208013A2E
:1061300043EA02436B60284B264D01221A66FEF7A4
:10614000CBFB04462B689A013FF5B0AEFEF7C4FBCB
:10615000001B0228F6D9D7E6FEF7BEFB801B0228FB
:10616000D7D9D1E6FEF7B8FB04462B689B017FF533
:106170009DAEFEF7B1FB001B0228F6D9C4E6012B49
:106180003FF4ABAE6B68E26903F4800191427FF4A7
:10619000A4AE216A03F03F028A427FF49EAE616A98
:1061A00047F6C0721A40B2EB811F7FF496AEA26A26
:1061B000520803F44031013AB1EB024F7FF48DAE47
:1061C000E26A03F07063B3EB026F14BF012000209A
:1061D0009BE600BF0038024000004742134908B563
:1061E0008B6803F00C03042B1CD0082B1CD14A68CD
:1061F0004B68496813F4800314BF0D480D48C1F380
:10620000881118BF002302F03F02A1FB0001FAF73A
:1062100097F8064B5B68C3F3014301335B00B0FBA7
:10622000F3F008BD0248FCE70248FAE700380240F4
:1062300000127A000024F4002DE9F0410D460446D6
:1062400010B90120BDE8F081434B1A6802F00F023B
:106250008A4228D321688F072DD4C80740D43E4BEB
:106260001A6802F00F02AA4265D8226851076BD45F
:10627000130707D5394A2169936823F4604343EA39
:10628000C1039360FFF7AAFF344B354A9B68C3F301
:106290000313D35CD840334B1860334B1868FCF7BA
:1062A00085F80020CEE7CAB21A701B6803F00F030E
:1062B0008B42C6D1CEE7294B11F0040F1EBF9A685E
:1062C00042F4E0529A600E0742BF9A6842F460427C
:1062D0009A609A68A06822F0F00202439A60BCE7D4
:1062E00062681E4B012A1CD11B6813F4003FA8D022
:1062F0001A4EB36823F003031343B360FEF7ECFABE
:1063000041F288380746B368626803F00C03B3EBC8
:10631000820FA4D0FEF7E0FAC01B4045F3D903205A
:1063200090E7911E01291B6802D813F0007FDEE779
:1063300013F0020FDBE7EAB21A701B6803F00F03D9
:10634000AB427FF47EAF90E70449E0688B6823F4AA
:10635000E05303438B608BE7003C0240003802406F
:106360007C5A0208740000207C000020044B054A7F
:106370009B68C3F38223D35C034A1068D8407047FC
:1063800000380240745A020874000020044B054A89
:106390009B68C3F34233D35C034A1068D84070470C
:1063A00000380240745A0208740000200F23036072
:1063B0000B4B9A6802F0030242609A6802F0F00206
:1063C00082609A6802F4E052C2609B68DB0803F4C2
:1063D000E0530361034B1B6803F00F030B6070472E
:1063E00000380240003C0240036813F0430FF7B549
:1063F000044640F08880236813F00C0F45D08C4B86
:106400008C4D00221A67FEF767FA06462B68990042
:1064100000F1CB8021684A0715D5D4E90403D5F8EB
:1064200088201B0602F0E04243EA80131343C5F8BC
:106430008830D5F88C30226A23F4F853013A43EAC5
:106440000223C5F88C300B0714D57A4AA369D2F819
:10645000881020691B0701F0706143EA80130B4329
:10646000C2F88830D2F88C30616A23F440330B4391
:10647000C2F88C306E4B6F4E01221A67FEF72CFA71
:10648000054633689F0040F197802368980634D50D
:1064900000230193674B684D1A6C42F080521A64D6
:1064A0001B6C03F080530193019B2B6843F48073B2
:1064B0002B60FEF711FA06462B68D80540F1838061
:1064C0005C4DA26A2B6F13F4407340F08380A36A83
:1064D00003F44072B2F5407F564A40F09E809168C6
:1064E00023F0704021F4F81120F4407001439160D2
:1064F000116FC3F30B030B4313672368DB0600F133
:10650000908000204FE04A4B4A4E00229A66FEF7E8
:10651000E3F9054633681F013FD42168C80741BF2E
:10652000D4E901231B0743EA8213C6F884308A07A3
:1065300015D5404AE368D2F8840065681B0600F070
:10654000E04043EA85130343C2F88430D2F88C005C
:10655000E36920F01F00013B0343C2F88C304B0677
:106560000AD5E36862681B0643EA8213A26843EA1D
:106570000273304AC2F884302D4B2E4E01229A66A7
:10658000FEF7AAF9054633681F013FF534AFFEF761
:10659000A3F9401B0228F6D904E0FEF79DF9401B41
:1065A0000228B7D9032003B0F0BDFEF795F9801B90
:1065B00002287FF62BAFF5E7FEF78EF9401B022885
:1065C0007FF65FAFEEE7FEF787F9801B02287FF6C4
:1065D00073AFE7E702F4407293423FF478AF2B6F5A
:1065E000134A0121C2F8401E23F440730021C2F86F
:1065F000401E2B672B6FD9077FF569AFFEF76CF94B
:1066000041F2883706462B6F9A073FF560AFFEF7D9
:1066100063F9801BB842F6D9C4E7916821F4F811F8
:1066200065E7064B94F82C20C3F8E02169E700BF2A
:10663000000047420038024000700040001047420E
:1066400038B50D460446C8B190F82C3003F0FF026F
:106650001BB980F82D20FBF73DFE022384F82C3077
:10666000211D206800F043FE62682068294600F082
:1066700074FE012384F82C30002038BD0120FCE793
:1066800070B590F82C30022B05460E46D8B212D0C9
:1066900000F0FB04012C0FD1022385F82C30286870
:1066A00000F091FE3368022B06BF052385F82C30DD
:1066B00085F82C40002070BD0120FCE738B590F82B
:1066C0002C30022B0446D8B20DD094F82C30012B7C
:1066D000DDB209D10223206884F82C3000F097FE47
:1066E00084F82C50002038BD0120FCE72DE9F34749
:1066F0001F46894690460446FEF7EEF80A9D3D4443
:106700002D1AFEF7E9F8264B1E68C6F3CB366E430A
:10671000824601962268936839EA03030CBF01237D
:106720000023434501D100202EE07B1CF3D0FEF76F
:10673000D3F8A0EB0A00A84229D323685A6822F0B4
:10674000E0025A606268B2F5827F0AD1A268B2F5AF
:10675000004F02D0B2F5806F03D11A6822F04002D8
:106760001A60A26AB2F5005F07D11A6822F40052DB
:106770001A601A6842F400521A60012384F85130FA
:10678000002384F85030032002B0BDE8F087019B5D
:106790001BB1019B013B0193BCE71D46BAE700BF5B
:1067A00074000020F0B585B00B4600920E461746E7
:1067B000022101220446FFF799FF054628B1636DC7
:1067C00043F020036365032515E0124B1868124B54
:1067D000B0FBF3F04FF47A73584363680390B3F55A
:1067E000827F0BD1009733462A4680212046FFF74F
:1067F0007DFF0028E3D1284605B0F0BD039B002BA8
:10680000F9D0039B013B039323689B681B06F5D4D7
:10681000F1E700BF7400002000366E0137B50B466B
:106820004168B1F5827F044608D000920121002220
:10683000FFF75CFFD0B9002003B030BD8168B1F52F
:10684000004F02D0B1F5806F07D125682868B1F5F7
:10685000806F20F04000286004D000928021002248
:106860002046E5E7009201210022F9E7636D43F03D
:10687000200363650320DFE710B50446002855D0E8
:10688000436A002B4ED14268B2F5827F00D0C361CB
:106890000023A36294F8513003F0FF0223B984F877
:1068A00050202046FBF7AAFC2168A068A2690223B9
:1068B00084F851300B6823F040030B60636800F4E8
:1068C000044003F482730343E06800F40060034370
:1068D000206900F002000343606900F001000343F7
:1068E00002F400700343E06900F038000343206ABB
:1068F00000F080000343A06A00F4005003430B60E3
:10690000636A120C03F0100302F004021A434A6097
:10691000CB6923F40063CB6100200123606584F818
:10692000513010BD0023C0E90433B1E70120F8E77E
:106930002DE9F74304461F460D469046FDF7CCFF70
:1069400094F85130012B8146D8B240F09F80002D41
:1069500074D0B8F1000F71D094F85030012B00F0D2
:106960009580032384F8513000236365C4E9103314
:10697000A4F83680A363A387E387A368266884F816
:106980005000B3F5004F2563A4F8348007D1336875
:1069900023F040033360336843F48043336033684B
:1069A000E2685B065EBF336843F040033360B2F5D4
:1069B000006F636845D113B1B8F1010F07D135F805
:1069C000023BF3602563E38E013B9BB2E386E38EDB
:1069D0009BB2D3B94A4639462046FFF7E3FE00286A
:1069E00051D1A36833B901932368DA6801929B6897
:1069F0000193019B012384F85130606D0023C01A7C
:106A000084F8503018BF012018E022689368980776
:106A100005D5236B33F8021BD1602363D3E7FDF761
:106A20005BFFA0EB0900B842D1D3791CCFD0012382
:106A300084F85130002384F85030032003B0BDE8BF
:106A4000F08313B1B8F1010F08D12B783373236BA6
:106A500001332363E38E013B9BB2E386E38E9BB25B
:106A6000002BB7D023689A68920703D5226B12785F
:106A70001A73ECE7FDF730FFA0EB0900B842EDD345
:106A80007B1CEBD0D3E720236365AAE70220D5E780
:106A90002DE9F74304460D4691461E46DDF8288051
:106AA000FDF71AFF94F851306268012B0746D9B2FE
:106AB0000AD0B2F5827F40F0E580A368002B40F059
:106AC000E180042940F0DE80002D4BD0B9F1000FA9
:106AD00048D0002E46D094F85030012B00F0D280E0
:106AE000012384F8503094F85130C4F83890042BC6
:106AF0001CBF052384F8513000236365C4E91033BB
:106B00002368E687E6861968A687490658BF19688C
:106B1000256358BF41F04001A68658BF1960E1685F
:106B2000B1F5006F55D10AB1012E07D135F8022B0E
:106B3000DA60E38E2563013B9BB2E3860125E38E99
:106B40009BB28BB9E38F9BB273B93A46414620465C
:106B5000FFF728FE002800F08180202363650023D2
:106B600084F85030012031E021688B689A070DD5F8
:106B7000E38E9BB253B145B1236B33F8022BCA604D
:106B80002363E38E013B9BB2E38600258A6812F003
:106B900001020CD0E38F9BB24BB1A36BC96823F801
:106BA000021BA363E38F013B9BB2E3871546FDF70E
:106BB00093FEC01B4045C2D3B8F1FF3FBFD00123B5
:106BC00084F85130002384F85030032003B0BDE82E
:106BD000F0830AB1012E08D12A781A73236B01338E
:106BE0002363E38E013B9BB2E38601252DE02268FF
:106BF00093689B070ED5E38E9BB25BB14DB1236BBF
:106C00001B781373236B01332363E38E013B9BB229
:106C1000E38600252268916811F001010DD0E38F11
:106C20009BB253B1A36BD2681A70A36B0133A363F9
:106C3000E38F013B9BB2E3870D46FDF74DFEC01B82
:106C4000404502D3B8F1FF3FB9D1E38E9BB2002B90
:106C5000CDD1E38F9BB2002BC9D176E7A36833B9BE
:106C600001932368DA6801929B680193019B0123D9
:106C700084F85130606D0023C01A84F8503018BF7A
:106C80000120A3E70220A1E72DE9F7431E4690F873
:106C90005130012B044689461746DDB204D0022547
:106CA000284603B0BDE8F0830029F9D0002AF7D0C8
:106CB0004368B3F5827F0BD183684BB9042380F816
:106CC0005130134600960A46FFF7E2FE0546E7E715
:106CD000FDF702FE94F85030012B8046DFD0A26809
:106CE000C4F838900123002584F85030B2F5004FE5
:106CF0004FF0040384F85130C4E9105565652368EA
:106D0000E787A7872563A586E58607D11A6822F05D
:106D100040021A601A6822F480421A601A68550606
:106D20005EBF1A6842F040021A60E368F3B1E38F75
:106D30009BB2FBB123689A68D2073CD5DA68A36B93
:106D400023F8022BA363E38F013B9BB2E387EEE7BB
:106D500023689A68D0071ED5A26B1B7B1370A36BA8
:106D60000133A363E38F013B9BB2E387E38F9BB2C5
:106D7000002BEDD1424631462046FFF74FFD18BBB0
:106D8000012384F85130656D0023ED1A84F85030EA
:106D900018BF012584E7FDF79FFDA0EB0800B04276
:106DA000E4D3711CE2D0012384F85130002384F82D
:106DB0005030032574E7FDF78FFDA0EB0800B042CB
:106DC000B5D3731CB3D0EEE720236365D8E77047D3
:106DD00090F83D30012B30D1022380F83D3003681C
:106DE000DA6842F00102DA60154A93421AD0B3F130
:106DF000804F17D0A2F57C42934213D002F58062F7
:106E000093420FD002F5806293420BD002F5784294
:106E1000934207D002F57052934203D0A2F5943208
:106E2000934204D19A6802F00702062A03D01A6836
:106E300042F001021A60002070470120704700BF35
:106E4000000001407047704770477047036870B595
:106E5000DD681E69B10704460DD5AA070BD56FF092
:106E600002021A61012202779B699B0769D0FFF732
:106E7000EAFF00232377710710D56A070ED5236830
:106E80006FF004021A61022222779B6913F4407F9B
:106E900020465CD0FFF7D7FF0023237733070FD5B9
:106EA00028070DD523686FF008021A6104222277A3
:106EB000DB699907204650D0FFF7C5FF00232377F1
:106EC000F20610D5EB060ED523686FF010021A619A
:106ED00008222277DB6913F4407F204643D0FFF776
:106EE000B2FF00232377F00708D5E90706D523680A
:106EF0006FF001021A612046FAF7B2FF320608D598
:106F00002B0606D523686FF080021A61204600F038
:106F1000B2F8700608D5690606D523686FF04002FE
:106F20001A612046FFF791FFB20622D5AB0620D5A5
:106F300023686FF0200220461A61BDE8704000F01F
:106F400099B8FFF77FFF2046FFF77EFF91E7FFF735
:106F500079FF2046FFF778FF9EE7FFF773FF204693
:106F6000FFF772FFAAE7FFF76DFF2046FFF76CFF00
:106F7000B7E770BD274A0368904212D0B0F1804F46
:106F80000FD0A2F57C4290420BD002F58062904275
:106F900007D002F58062904203D002F57842904219
:106FA00008D14A6823F070031343CA6823F440737E
:106FB000134316E0184A9042F7D002F580629042DF
:106FC000F3D002F580629042EFD0A2F59832904261
:106FD000EBD002F580629042E7D002F580629042E9
:106FE000E3D04A6923F0800313438A68C2620A68C7
:106FF0008262084A904203D002F58062904201D139
:107000000A690263026842F00402026001224261DE
:1070100003607047000001400040014010B5044685
:1070200030B390F83D3003F0FF021BB980F83C20EC
:10703000FFF7CDFE0223206884F83D30211DFFF7C5
:1070400099FF012384F84630002084F83E3084F80C
:107050003F3084F8403084F8413084F8423084F87E
:10706000433084F8443084F8453084F83D3010BD16
:107070000120FCE770477047026802F10C0353E8F7
:10708000003F23F490730C3242E80031026800297B
:10709000F2D102F1140353E8003F23F0010302F19F
:1070A000140C4CE800310029F3D1036B012B0BD1F8
:1070B00002F10C0353E8003F23F0100302F10C0C23
:1070C0004CE800310029F3D1202380F8423000231E
:1070D000036370470268C16838B5136923F44053ED
:1070E0000B431361054683680069D16803436869EF
:1070F0000343E86921F4164121F00C0103430B43DB
:10710000D3605369A96923F440730B4353611F4B48
:107110009A4203D003F580639A4224D1FFF736F9EF
:10712000EA691921B2F5004FD5E90043A0FB01013E
:107130001CD1DA184FF0000545EB0503F9F700F90B
:107140006422B0FBF2F102FB1103DB003233B3FB2C
:10715000F2F303F007025B0002EB011203F4F87391
:107160001344A36038BDFFF701F9D9E79A009B0FDC
:10717000F9F7E6F86422B0FBF2F102FB11031B0100
:107180003233B3FBF2F303EB0113EAE700100140E3
:10719000F7B505460C4617461E462A68136834EABA
:1071A000030301D1002021E0701CF7D0FDF794FB10
:1071B000C01B86421CD3DEB12B68DA685107ECD5C0
:1071C000802CEAD0402CE8D01A681207E5D50024BC
:1071D00001941A6801925B6801932846019BFFF7AE
:1071E0004BFF08236B6485F84040012003B0F0BDDD
:1071F0000320FBE710B5044648B390F8413003F094
:10720000FF021BB980F84020FBF72EF822682423E8
:1072100084F84130D36823F40053D3602046FFF74D
:1072200059FF23681A6922F490421A615A6922F0C0
:107230002A025A61DA6842F40052DA600020202300
:10724000606484F8413084F84230606310BD0120EE
:10725000FCE72DE9F843984690F84130202B04468E
:107260000E4617463FD100293FD0002A3DD02123AA
:107270000025456480F84130FDF72EFBA368A78404
:10728000B3F5805F8146E78403D123690BB93546A6
:107290001E46E38C9BB253B943464A4640212046E2
:1072A000FFF776FF202350B984F841300AE04346C7
:1072B0004A4680212046FFF76BFF28B1202384F83F
:1072C00041300320BDE8F88322684EB935F8023B0F
:1072D000C3F308035360E18C013989B2E184D8E734
:1072E00016F8013BF6E70220ECE70120EAE72DE97A
:1072F000F041D1E90738D1E9012CD1E90376D1E990
:107300000554D1F824E0096843EA080381B943EA47
:107310000E03134343EA0C033B43016833432B43FF
:1073200023436FF30E010B4303600020BDE8F0819F
:10733000016843EA0E0321F4F8410B43036042EA7B
:107340000C0341683B4333432B4321F4FF42234367
:1073500022F07F0213434360E7E7CB6803F1FF3C71
:107360004B69F0B54C688F680E698D690968013BFF
:107370001B05013C013F013E013D24013F02360453
:107380002D06013943EA0C335AB90B432343826873
:107390003B4333432B4302F070421343836000208E
:1073A000F0BD826822F4700222F4704213438360BD
:1073B00044EA0703C2680B4333432B4302F0704295
:1073C0001343C360EBE770B5044615460269D1E983
:1073D00000300343C8686FF3150243EA40231343A8
:1073E0008A68013A43EA42132361FDF775FA0646BB
:1073F000A06910F0200003D06B1CF9D00DB9032058
:1074000070BDFDF769FA801BA842F1D9F7E743691F
:107410006FF34D0343EA410343610020704708B511
:107420004FF0E0231B6901F0F1FD012803D0BDE816
:10743000084000F0DFBB08BDEFF305832BB9064B16
:10744000186828B901221A6070476FF0050070476C
:107450004FF0FF30704700BFF432002010B5EFF35B
:1074600005845CB9084B1A68012A0AD1074AD47707
:1074700002221A6001F048FB204610BD6FF00500A3
:10748000FBE74FF0FF30F8E7F432002000ED00E0BA
:10749000F0B587B0144600220B460592EFF3058243
:1074A000FAB9F0B154B3A56925B1691E372902D9DB
:1074B000002017E018256268D207F9D466699EB1EA
:1074C000B208D4E9027C216887B1BCF15F0F08D90A
:1074D000246934B12EB1CDE90147009501F0ADFA30
:1074E0000590059807B0F0BD8022EAE7BCF1000FD7
:1074F000F7D12469002CF4D10C4601E01825802234
:1075000005A9CDE9005192B2214601F0CEFA012839
:107510001CBF00230593E4E708B5EFF3058222B909
:1075200008B101F04FFC002008BD6FF00500FBE73B
:10753000F7B504460E461546EFF3058242B938B159
:10754000884205D355B1D5E902372BB14F2F22D848
:107550000024204603B0F0BD002FF9D1012C0CD03F
:107560002046314600F07EFD04460028F0D085B963
:107570002946204601F09CF8EBE703220021012078
:1075800000F027FD0EE01A4600F04AFD04460028F0
:10759000DED02D68ECE70128F5D1032100911146DA
:1075A00000F0C9FC04460028D2D0002EDFD0002312
:1075B0001A46194600F074FD0128D8D0204601F083
:1075C000A1F8C5E713B50C4628B3EFF30583CBB19B
:1075D00009BB01AA019101F01EF8012803D06FF048
:1075E000020002B010BD019B0BB90020F9E74FF07B
:1075F000E0234FF08052C3F8042DBFF34F8FBFF349
:107600006F8FF2E700F04AFF0128EED0002CE6D0A1
:107610006FF00100E5E76FF00300E2E707B518B38C
:10762000EFF30583CBB1002301A9019300F047FEDE
:10763000012804D06FF0020003B05DF804FB019B49
:107640004BB14FF0E0234FF08052C3F8042DBFF34D
:107650004F8FBFF36F8F0020EEE71A46194600F0F8
:107660001FFD0128F7D0E5E76FF00300E4E7F7B569
:1076700005460E461446EFF305871FB10025284640
:1076800003B0F0BD0028F9D00029F7D0DAB1D2E973
:10769000023283B14F2AF1D92269002AEED06669FD
:1076A0004D43AE42EAD3009700F045FC0546002862
:1076B000E4D0246811E0002AE0D12369002BDDD159
:1076C0006369002BDAD128460022314600F081FCA4
:1076D00005460028D2D0002CEBD12146284600F0E8
:1076E000E7FFCCE773B51C46EFF30586DEB138B390
:1076F00031B32BBB01AA019300F084FD012803D014
:107700006FF0020002B070BD019B0BB90020F9E7D9
:107710004FF0E0234FF08052C3F8042DBFF34F8F9A
:10772000BFF36F8FF2E758B151B13346224600F0F4
:10773000B7FC0128EAD0002CE2D06FF00100E1E7AD
:107740006FF00300DEE737B51C46EFF30583DBB1CE
:1077500030B329B324BB01AA019400F05CFF0128D7
:1077600003D06FF0020003B030BD019B0BB90020C5
:10777000F9E74FF0E0234FF08052C3F8042DBFF338
:107780004F8FBFF36F8FF2E750B149B1224600F03F
:10779000E7FD0128EBD0002CE3D06FF00100E2E719
:1077A0006FF00300DFE70000034B0360034B0B6047
:1077B00080231360704700BF943200209430002073
:1077C000034B0360034B0B604FF4807313607047EF
:1077D00034300020342C002010B5104B1A461B68A2
:1077E0008342FBD354681119884201BF4168104697
:1077F00009195160446801198B420CD10849096884
:107800008B4203D05968214441601968016090425D
:1078100018BF106010BD1946F8E700BF10330020F4
:107820000C3300202DE9F041044601F0B3F9424940
:10783000424D0B680BBB424A56071FBFD01D20F0BC
:10784000070002F58032131A0CBF4FF48033024652
:1078500013443C4E083B23F0070300207060326065
:10786000C3E90000981AC2E900300B60364B18607B
:10787000364B18604FF000432B602E68264255D1DE
:10788000002C46D004F1080360071CBF23F0070357
:107890000833002B4AD02D4F3C689C4246D3294ADE
:1078A00015686868984204D2D5F800C0BCF1000F92
:1078B00015D10968A94239D02968D2F80080116031
:1078C000C21A102A12D9E81841070BD04FF0500302
:1078D00083F31188BFF36F8FBFF34F8FFEE72A4604
:1078E0006546DEE742606B60FFF776FF6A6816491F
:1078F000A41A1643164A08683C6000232B601368DC
:107900006E60844203F1010338BF0C60136008F11C
:10791000080401F0E3F963070AD04FF0500383F342
:107920001188BFF36F8FBFF34F8FFEE70024F0E79E
:107930002046BDE8F08100BF0C330020F832002063
:1079400018330020103300200433002008330020B7
:107950000033002010B5044690B31A4A50F8043C96
:107960001268134208D14FF0500383F31188BFF31C
:107970006F8FBFF34F8FFEE750F8081C41B14FF0F7
:10798000500383F31188BFF36F8FBFF34F8FFEE770
:1079900023EA020340F8043C01F0FCF80A4A54F8D8
:1079A000043C1168A4F108000B441360FFF714FFB6
:1079B000064A1368BDE810400133136001F08EB928
:1079C00010BD00BFF832002008330020FC32002038
:1079D00000F108034FF0FF32C0E902234360036166
:1079E00000230360704700230361704743684B60C6
:1079F0009A688A6051609960036808610133036086
:107A0000704730B50C68631C0AD103695A684A6034
:107A100091608B605960036808610133036030BD79
:107A200000F10802134652681568A542FAD9EDE73D
:107A3000D0E9011203698A6051605968814208BF28
:107A40005A60002202611A68013A1A601868704789
:107A500008480068006880F308884FF0000080F351
:107A6000148862B661B6BFF34F8FBFF36F8F00DF2C
:107A700000BF000008ED00E0DFF80C00016841F4F1
:107A8000700101607047000088ED00E082B00023C3
:107A900001930D4B1B68013308D04FF0500383F363
:107AA0001188BFF36F8FBFF34F8FFEE74FF0500386
:107AB00083F31188BFF36F8FBFF34F8F019B002BB0
:107AC000FCD002B0704700BF800000204FF08073F0
:107AD00040F8043C074B40F80C3C21F001016FF0EA
:107AE000020340F8081C40F8202C40F8243C44389D
:107AF000704700BF8D7A0008000000000000000001
:107B0000074B19680868B0E8F04F80F30988BFF3A5
:107B10006F8F4FF0000080F311887047AFF3008043
:107B2000583801204FF0500383F31188BFF36F8F53
:107B3000BFF34F8F0A4A13680133012B13600ED134
:107B40004FF0E023D3F8043DDBB243B14FF05003D4
:107B500083F31188BFF36F8FBFF34F8FFEE770473A
:107B600080000020084A136843B94FF0500383F3A4
:107B70001188BFF36F8FBFF34F8FFEE7013B136098
:107B80000BB983F3118870478000002000000000CB
:107B9000EFF30980BFF36F8F154B1A681EF0100FBB
:107BA00008BF20ED108A20E9F04F10602DE9090090
:107BB0004FF0500080F31188BFF34F8FBFF36F8FEA
:107BC00001F024F94FF0000080F3118809BC196816
:107BD0000868B0E8F04F1EF0100F08BFB0EC108A34
:107BE00080F30988BFF36F8F704700BFAFF3008049
:107BF0005838012008B54FF0500383F31188BFF3C4
:107C00006F8FBFF34F8F00F0D3FF28B14FF0E02309
:107C10004FF08052C3F8042D002383F3118808BD70
:107C20004FF0E022002313619361054B4FF47A710A
:107C30001B68B3FBF1F3013B5361072313617047EA
:107C4000740000204FF0E02337B5D3F8001D384A08
:107C5000914208D14FF0500383F31188BFF36F8F27
:107C6000BFF34F8FFEE7D3F8002D324B9A4208D175
:107C70004FF0500383F31188BFF36F8FBFF34F8F23
:107C8000FEE72D4B1A78D2B20192FF221A701B78B0
:107C90002A4ADBB28DF803309DF8033003F050031D
:107CA0001370274A072313609DF803101368090611
:107CB0000AD4032B11D04FF0500383F31188BFF384
:107CC0006F8FBFF34F8FFEE7013B13609DF80330CA
:107CD0005B00DBB28DF80330E6E74FF440731360CE
:107CE000019B154A4FF0E024DBB21370D4F8203D1D
:107CF00043F47003C4F8203DD4F8203D43F07043B2
:107D0000C4F8203DFFF78CFF0E4B00251D60FFF7E8
:107D1000B3FED4F8343F43F04043C4F8343FFFF798
:107D200097FE01F073F8FFF7B1FE284603B030BDAF
:107D300071C20F4170C20F4100E400E01C3301200A
:107D40001833012080000020EFF305830F2B0ED99C
:107D5000114A9B5C114A12789A4208D94FF050039D
:107D600083F31188BFF36F8FBFF34F8FFEE74FF0A0
:107D7000E0230B4AD3F80C3D126803F4E06393420E
:107D800008D94FF0500383F31188BFF36F8FBFF30F
:107D90004F8FFEE7704700BFF0E300E01C33012087
:107DA0001833012010B50446FFF7BCFEA46BFFF7A3
:107DB000D9FEB4FA84F0400910BD70B51646026CC5
:107DC000856B044642B906689EB9806801F06CF97B
:107DD000A6600135A56370BD6EB940681BF053FC09
:107DE0006368226C1344A2686360934224BF2368D3
:107DF00063600020EDE7C0681BF045FC226CE3687F
:107E000051429B1A2268E36093423EBFA3685B180D
:107E1000E360022EEDD10DB1013DEAE72846D8E737
:107E2000034610B41A6C08466AB1DC6899681444B9
:107E30008C4228BF1968DC6028BFD960D9685DF81A
:107E4000044B1BF020BC5DF8044B704770B5044632
:107E5000FFF768FE94F8455004F124066DB2002D3A
:107E600001DD636AB3B9FF2384F84530FFF77AFE7A
:107E7000FFF758FE94F8445004F110066DB2002D3F
:107E800001DD23697BB9FF2384F84430BDE87040ED
:107E9000FFF768BE304601F02BF808B101F0B0F8EA
:107EA000013D6DB2DBE7304601F022F808B101F088
:107EB000A7F8013D6DB2E2E738B50D46044640B97A
:107EC0004FF0500383F31188BFF36F8FBFF34F8FD1
:107ED000FEE7FFF727FED4E90F31226862604B43CB
:107EE000D0185B1A1A44A060FF230020A063E26050
:107EF00084F8443084F84530A5B9236973B104F19E
:107F0000100000F0F5FF48B14FF0E0234FF0805231
:107F1000C3F8042DBFF34F8FBFF36F8FFFF722FE1F
:107F2000012038BD04F11000FFF752FD04F12400D8
:107F3000FFF74EFDF2E737B50D461C4640B94FF04E
:107F4000500383F31188BFF36F8FBFF34F8FFEE7AA
:107F500043B94FF0500383F31188BFF36F8FBFF322
:107F60004F8FFEE74AB191B94FF0500383F3118868
:107F7000BFF36F8FBFF34F8FFEE741B14FF0500358
:107F800083F31188BFF36F8FBFF34F8FFEE750234A
:107F90000193019B502B08D04FF0500383F31188BD
:107FA000BFF36F8FBFF34F8FFEE70121002D08BF96
:107FB0002246C4E90F0584F8461022602046019B42
:107FC000FFF77AFF9DF8183084F84C30204603B054
:107FD00030BDF8B50D461746064640B94FF0500380
:107FE00083F31188BFF36F8FBFF34F8FFEE74843D2
:107FF0005030FFF717FC044670B1002380F846307C
:1080000065B100F15003C4E90F65236001212046EA
:10801000FFF752FF84F84C702046F8BD0346F2E7A4
:1080200013B513460C4640B94FF0500383F3118843
:10803000BFF36F8FBFF34F8FFEE7884208D24FF038
:10804000500383F31188BFF36F8FBFF34F8FFEE7A9
:108050000222009200221146FFF76DFF00B18463F7
:1080600002B010BD10B50C4640B94FF0500383F379
:108070001188BFF36F8FBFF34F8FFEE7884208D29E
:108080004FF0500383F31188BFF36F8FBFF34F8F0F
:10809000FEE702220021FFF79CFF00B1846310BDC0
:1080A0002DE9FF410F4601921E46044640B94FF0AC
:1080B000500383F31188BFF36F8FBFF34F8FFEE739
:1080C00051B9036C43B14FF0500383F31188BFF3F0
:1080D0006F8FBFF34F8FFEE7022E0BD1E36B012BA7
:1080E00008D04FF0500383F31188BFF36F8FBFF3B5
:1080F0004F8FFEE700F08AFF054620B300254FF0C2
:108100000008FFF70FFDA26BE36B9A4227D23246BD
:1081100039462046FFF751FE636A1BB104F1240083
:1081200000F0E6FE48B14FF0E0234FF08052C3F874
:10813000042DBFF34F8FBFF36F8FFFF713FD0120A7
:1081400004B0BDE8F081019B002BD8D04FF0500364
:1081500083F31188BFF36F8FBFF34F8FFEE7022EBB
:10816000D5D0019B1BB9FFF7FDFC0020E8E715B94E
:1081700002A800F0FDFEFFF7F5FC00F00BFDFFF795
:10818000D1FC94F84430FF2B08BF84F8448094F865
:108190004530FF2B08BF84F84580FFF7E3FC01A9B9
:1081A00002A800F0F1FE38BBFFF7BCFCA26BE36B4A
:1081B0009A420ED1FFF7D6FC019904F1100000F0AD
:1081C0005FFE2046FFF742FE00F088FD48B1012522
:1081D00097E7FFF7C7FC2046FFF738FE00F07EFD6B
:1081E000F5E74FF0E0234FF08052C3F8042DBFF3C2
:1081F0004F8FBFF36F8FEAE72046FFF727FE00F0AF
:108200006DFDB2E72DE9F843894617461E46044640
:1082100040B94FF0500383F31188BFF36F8FBFF362
:108220004F8FFEE751B9036C43B14FF0500383F316
:108230001188BFF36F8FBFF34F8FFEE7022E0BD174
:10824000E36B012B08D04FF0500383F31188BFF389
:108250006F8FBFF34F8FFEE7FFF776FDEFF31188C7
:108260004FF0500383F31188BFF36F8FBFF34F8F2D
:10827000A26BE36B9A4201D3022E1ED194F84550B3
:10828000A36B6DB2324649462046FFF796FD6B1C44
:108290000ED1636A3BB104F1240000F029FE10B155
:1082A0000FB101233B60012088F31188BDE8F883FA
:1082B00001356DB284F84550F5E70020F4E770B55C
:1082C0000D46044640B94FF0500383F31188BFF3C5
:1082D0006F8FBFF34F8FFEE7036C43B14FF0500336
:1082E00083F31188BFF36F8FBFF34F8FFEE70368EF
:1082F00053B9836843B14FF0500383F31188BFF340
:108300006F8FBFF34F8FFEE7FFF71EFDEFF3118670
:108310004FF0500383F31188BFF36F8FBFF34F8F7C
:10832000A26BE36B934219D994F845100132FF29EF
:108330004BB2A2630DD1636A3BB104F1240000F09B
:10834000D7FD10B10DB101232B60012086F31188F8
:1083500070BD01335BB284F84530F6E70020F5E7E5
:108360002DE9FF410E460192044640B94FF05003FB
:1083700083F31188BFF36F8FBFF34F8FFEE751B9BF
:10838000036C43B14FF0500383F31188BFF36F8F39
:10839000BFF34F8FFEE700F039FE054618B3002506
:1083A0004FF00008FFF7BEFBA76B47B331462046EE
:1083B000013FFFF735FDA763236973B104F1100096
:1083C00000F096FD48B14FF0E0234FF08052C3F823
:1083D000042DBFF34F8FBFF36F8FFFF7C3FB012057
:1083E00004B0BDE8F081019B002BD9D04FF05003C1
:1083F00083F31188BFF36F8FBFF34F8FFEE7019BAD
:108400001BB9FFF7AFFB0020EAE715B902A800F09F
:10841000AFFDFFF7A7FB00F0BDFBFFF783FB94F870
:108420004430FF2B08BF84F8448094F84530FF2B7C
:1084300008BF84F84580FFF795FB01A902A800F06A
:10844000A3FD00BB2046FFF7ADFCB0B1019904F1DC
:10845000240000F015FD2046FFF7F8FC00F03EFC7C
:1084600048B94FF0E0234FF08052C3F8042DBFF31A
:108470004F8FBFF36F8F012594E72046FFF7E6FC8F
:1084800000F02CFCF7E72046FFF7E0FC00F026FCAC
:108490002046FFF787FC0028EDD0B4E7F0B585B0A3
:1084A0000446019140B94FF0500383F31188BFF3A4
:1084B0006F8FBFF34F8FFEE7056C45B14FF0500350
:1084C00083F31188BFF36F8FBFF34F8FFEE700F088
:1084D0009DFD064620B32E460027FFF723FBA36B26
:1084E00053B3013BA363236813B900F06DFEA06092
:1084F000236973B104F1100000F0FAFC48B14FF0A9
:10850000E0234FF08052C3F8042DBFF34F8FBFF329
:108510006F8FFFF727FB012005B0F0BD3546DBE785
:10852000019B002BFAD04FF0500383F31188BFF367
:108530006F8FBFF34F8FFEE7019B53B9002D66D0BD
:108540004FF0500383F31188BFF36F8FBFF34F8F4A
:10855000FEE716B902A800F00BFDFFF703FB00F0E1
:1085600019FBFFF7DFFA94F84430FF2B08BF84F8BB
:10857000447094F84530FF2B08BF84F84570FFF72E
:10858000F1FA01A902A800F0FFFC50BB2046FFF75A
:1085900009FC00B323683BB9FFF7C4FAA06800F0F8
:1085A00045FD0546FFF7DEFA019904F1240000F0CD
:1085B00067FC2046FFF74AFC00F090FB48B94FF0FB
:1085C000E0234FF08052C3F8042DBFF34F8FBFF369
:1085D0006F8F012681E72046FFF738FC00F07EFB15
:1085E000F7E72046FFF732FC00F078FB2046FFF764
:1085F000D9FB0028EDD065B1FFF794FA616A19B193
:10860000236B1968C1F13801A06800F08FFDFFF7F6
:10861000A9FA002080E72DE9F843894690460446F0
:1086200040B94FF0500383F31188BFF36F8FBFF34E
:108630004F8FFEE751B9036C43B14FF0500383F302
:108640001188BFF36F8FBFF34F8FFEE7FFF77CFBFF
:10865000EFF311874FF0500383F31188BFF36F8F4F
:10866000BFF34F8FA56B0DB394F84460494676B2C3
:108670002046FFF7D5FB013D731CA56311D123698B
:1086800053B104F1100000F033FC28B1B8F1000F31
:1086900002D00123C8F80030012087F31188BDE81B
:1086A000F883013676B284F84460F5E72846F4E7AB
:1086B00030B5074A002352F8335002EBC3041DB90A
:1086C00042F83310606030BD0133082BF3D1FAE774
:1086D0002033012010B5094A002352F8331081429B
:1086E0004FEAC30406D1064A002142F8331022445F
:1086F000516010BD0133082BEFD1FAE7243301207C
:108700002033012010B540B94FF0500383F3118896
:10871000BFF36F8FBFF34F8FFEE7FFF7DBFF90F8DC
:1087200046301BB9BDE81040FFF714B910BD70B555
:1087300004460D461646FFF7F5F994F84430FF2B32
:1087400004BF002384F8443094F84530FF2B04BF65
:10875000002384F84530FFF705FAA36B2BB93246A6
:10876000294604F1240000F0A5FB2046BDE8704036
:10877000FFF76CBB2DE9F0410446FFF7D3F9304B0E
:10878000304E1A68304F01321A603568002D4BD1D7
:1087900034601B68012B1FD1B84640460135FFF7F6
:1087A00017F9382D08F11408F7D1DFF8C480274DE8
:1087B0004046FFF70DF92846FFF70AF92448FFF76E
:1087C00007F92448FFF704F92348FFF701F9234B81
:1087D000C3F80080224B1D60224A136801331360E6
:1087E000214A63641168E36A14208B4200FB037022
:1087F00004F1040188BF1360FFF7F8F8FFF7B2F93E
:108800001A4B1B6873B13368DA6AE36A9A4209D279
:108810004FF0E0234FF08052C3F8042DBFF34F8F89
:10882000BFF36F8FBDE8F081104B1A68E36A002A2E
:10883000D2D13268D26A9A4298BF3460CCE700BF86
:108840008433012058380120F8330120D03301202F
:10885000B4330120A033012088330120CC33012020
:10886000C8330120683301207C3301207833012094
:10887000E4330120F8B5154B154D1C6806462868F1
:1088800004300F46FFF7D4F8731C07D137B12968BD
:108890001048BDE8F8400431FFF7A8B82B68A419C8
:1088A0005C6007D30C4B18682968BDE8F8400431B8
:1088B000FFF7A7B8094B186829680431FFF7A1F83A
:1088C000074B1A68A24288BF1C60F8BD80330120A4
:1088D0005838012088330120C8330120CC330120CF
:1088E00064330120064A13681968064B19B94FF022
:1088F000FF321A6070471268D268D2685268F8E78F
:10890000CC3301206433012010B590F85D3004466B
:108910003BB9006BFFF71EF82046BDE81040FFF79B
:1089200019B8012BF9D0022B08D04FF0500383F374
:108930001188BFF36F8FBFF34F8FFEE710BD0000AC
:1089400080B5134C134F144D236873B9134B1B6838
:10895000012BF8D94FF0E0234FF08052C3F8042DDB
:10896000BFF34F8FBFF36F8FEDE7FFF7DBF8FB68C7
:10897000DE68301DFFF75CF82B68013B2B60236835
:10898000013B2360FFF7EEF83046FFF7BDFFDBE762
:108990009C330120A033012084330120F8330120CF
:1089A0002DE9F047DDE909949600324607460D4669
:1089B000206BA52198461AF096FD236B043E1E44B9
:1089C00026F00706B5B36B1E04F133020F3513F81A
:1089D000011F02F8011F09B1AB42F8D1002384F84E
:1089E0004330089D372D28BF37254FF0000AE56238
:1089F000E564201DC4F850A0FEF7F5FFC5F1380569
:108A000004F11800FEF7EFFFC4F858A02461A56137
:108A10006462C4F854A084F85CA0424639463046EB
:108A2000FFF754F82060B9F1000F01D0C9F80040F9
:108A3000BDE8F08784F83450D3E770B586B0DDE93F
:108A40000B5445B94FF0500383F31188BFF36F8F78
:108A5000BFF34F8FFEE744B94FF0500383F3118803
:108A6000BFF36F8FBFF34F8FFEE760260596059E1D
:108A7000602E08D04FF0500383F31188BFF36F8F3F
:108A8000BFF34F8FFEE72563022584F85D5004ADE8
:108A900001950A9D02940095059EFFF781FF2046EF
:108AA000FFF768FE049806B070BD2DE9F043074655
:108AB00085B09000884616469946FEF7B3FE0546F7
:108AC00020B94FF0FF3005B0BDE8F0836020FEF71D
:108AD000A9FE044698B1002380F85D300D9B056324
:108AE00001930C9B0290009332464B464146384618
:108AF000FFF756FF2046FFF73DFE0120E3E728463B
:108B0000FEF728FFDDE7000010B588B0002407AAB3
:108B100006A905A8CDE90544FEF746FE059B02938C
:108B2000069B079A16491748CDE900432346FFF7ED
:108B300084FF18B300F0A6FB012814D14FF05003B6
:108B400083F31188BFF36F8FBFF34F8F0E4B4FF03E
:108B5000FF321A600D4B18600D4B1C6008B0BDE869
:108B60001040FFF76FB8013008D14FF0500383F386
:108B70001188BFF36F8FBFF34F8FFEE708B010BDB2
:108B8000965102084189000864330120783301209E
:108B900080330120024A136801331360704700BF1D
:108BA00060330120014B1868704700BF80330120FB
:108BB0003F4B1B682DE9F74F002B72D13D4B1C68D2
:108BC00001341C60BCB93C4B1A68126842B14FF0CA
:108BD000500383F31188BFF36F8FBFF34F8FFEE70E
:108BE000364A1968106818601160354A13680133F5
:108BF0001360FFF777FE334D334E2B68334F9C42A3
:108C00004FF0000B12D23A68D26A14214A43B2588C
:108C1000022A2F4A126828BF4FF0010B002A18BF02
:108C20004FF0010B584603B0BDE8F08FDFF8889095
:108C3000DFF8A4A0D9F8002012681AB94FF0FF326B
:108C40002A60E0E7D9F80020D268D2F80C80D8F882
:108C500004108C4201D22960D5E708F104031846BC
:108C60000193FEF7E5FED8F8281019B108F11800B5
:108C7000FEF7DEFED8F82C00DAF800101423884244
:108C800088BFCAF80000019903FB0060FEF7AEFE42
:108C90003868D8F82C10C26A914228BF4FF0010BF7
:108CA000C8E70C4A1368013313604FF0000BB9E7B3
:108CB0006033012080330120CC330120C8330120F0
:108CC0006C33012064330120F8330120583801202F
:108CD00070330120743301207C3301202DE9F041F1
:108CE000304C236843B94FF0500383F31188BFF32E
:108CF0006F8FBFF34F8FFEE7FEF714FF2368013B32
:108D0000236024682CB10024FEF72CFF2046BDE828
:108D1000F081254B1B68002BF5D0244D244EDFF845
:108D2000A0801DE0EB68DC68271D04F11800FEF749
:108D30007FFE3846FEF77CFEE36A326814209342D9
:108D400000FB0380394688BF3360FEF74FFE194BA6
:108D5000E26A1B68DB6A9A4202D3174B01221A604F
:108D60002B68002BDED10CB1FFF7BCFD134D2C6836
:108D700044B1114E0127FFF71BFF00B13760013CE2
:108D8000F9D12C600C4B1B68002BBCD04FF0E023BA
:108D90004FF08052C3F8042DBFF34F8FBFF36F8F96
:108DA0000124B1E76033012084330120B433012072
:108DB0007C330120583801207033012074330120A6
:108DC000F833012008B550B94FF0E0234FF080523E
:108DD000C3F8042DBFF34F8FBFF36F8F08BD0A4B4D
:108DE000196841B14FF0500383F31188BFF36F8FBF
:108DF000BFF34F8FFEE7FFF7CDFEFFF73BFDFFF719
:108E00006DFF0028E0D0E9E760330120174B1A68B6
:108E1000174B70B512B101221A6070BD154D1A6062
:108E20002A681549142606FB02F3C818CC588CB1E1
:108E300044680833646844600B449C4204BF636820
:108E40004360142303FB02114B68D9680B4B196074
:108E50002A60E2E742B94FF0500383F31188BFF371
:108E60006F8FBFF34F8FFEE7013ADCE760330120DD
:108E7000703301207C330120F83301205838012061
:108E800010B50C4640B94FF0500383F31188BFF37F
:108E90006F8FBFF34F8FFEE7054B19681831FEF750
:108EA000B0FD20460121BDE81040FFF7E3BC00BF44
:108EB0005838012038B50D46144640B94FF05003DC
:108EC00083F31188BFF36F8FBFF34F8FFEE7074B1C
:108ED00019681831FEF78AFD002C21460CBF284680
:108EE0004FF0FF30BDE83840FFF7C4BC58380120D0
:108EF00038B5C368DC6844B94FF0500383F3118878
:108F0000BFF36F8FBFF34F8FFEE704F118052846BC
:108F1000FEF78EFD104B1B68DBB9251D2846FEF7BA
:108F200087FD0E4AE36A11688B4288BF13600C4AC2
:108F30001420294600FB0320FEF758FD094BE26A86
:108F40001B68DB6A9A4283BF074B01201860002030
:108F500038BD06482946EFE7603301207C33012005
:108F6000F83301205838012070330120B433012038
:108F7000034B1B680360034B1B684360704700BFD3
:108F80006C3301208033012070B50C46054640B992
:108F90004FF0500383F31188BFF36F8FBFF34F8FF0
:108FA000FEE741B94FF0500383F31188BFF36F8F91
:108FB000BFF34F8FFEE7FEF7B5FD0F4B196823682F
:108FC0005A1C10D00D482E6800686A68864201D08D
:108FD0008A420FD9881A83420AD95B1A1344236044
:108FE0002846FFF7C5FF0024FEF7BCFD204670BDF4
:108FF000002323600124F7E7803301206C33012034
:10900000014B01221A60704770330120054B1B6829
:1090100033B1054B1868B0FA80F040094000704742
:10902000012070477833012060330120F8B50446F1
:1090300038B31A4DC36A2A68D26A934226D282692B
:10904000174E002AA1BF2A68D26AC2F13802826193
:10905000142202FB036342699A4213D1071D38466A
:10906000FEF7E6FC2B680F4ADB6A1168E362142006
:109070008B4200FB0360394688BF1360FEF7B6FCE5
:109080000120F8BD2B68DB6AC362F9E72B68C06C6E
:10909000DB6A98422CBF00200120F2E758380120FB
:1090A000F83301207C33012038B508B9002038BDE1
:1090B0001B4B1C68844208D04FF0500383F3118887
:1090C000BFF36F8FBFF34F8FFEE7236D43B94FF0B0
:1090D000500383F31188BFF36F8FBFF34F8FFEE709
:1090E000E16AE26C013B91422365DFD0002BDDD1C8
:1090F000251D2846FEF79CFCE36CE362C3F13802B1
:10910000A261084A11688B4288BF1360064A142086
:1091100000FB03202946FEF769FC0120C7E700BFDA
:10912000583801207C330120F833012070B5044603
:10913000002841D0026D42B94FF0500383F31188EB
:10914000BFF36F8FBFF34F8FFEE7C36C994238BFF9
:109150001946C36A8B422FD0012A2DD1174A1268B3
:10916000824208D14FF0500383F31188BFF36F8F11
:10917000BFF34F8FFEE78269114DC162002A4FF0A5
:10918000140202FB03534269A4BFC1F1380181619B
:109190009A4211D1061D3046FEF74AFC094AE36A9D
:1091A000116814208B4200FB03503146BDE870402B
:1091B00088BF1360FEF71ABC70BD00BF583801208D
:1091C000F83301207C330120044B1A681AB1196866
:1091D0000A6D01320A651868704700BF58380120CF
:1091E000914208B5416000610AD8D21A83699A4257
:1091F0000DD2084B011D1868FEF703FC002008BDC6
:109200009A4201D2994202D2034B011DF3E7012099
:10921000F5E700BF583901205C390120F7B5114C42
:10922000FEF780FC2568BDB90F4F104E3846FEF79B
:10923000CFFB3046FEF7CCFB0D4B0E4A1F600E4BAA
:1092400010211E600A200D4B0095FEF774FE206071
:1092500010B10B49FFF72CFA03B0BDE8F040FEF760
:1092600081BC00BF543901207439012060390120CC
:109270005C390120AC380120583901205C380120CC
:109280009B51020810B588B0FFF7C8FF124B1B684E
:10929000B3B1002407AA06A905A8CDE90544FEF745
:1092A0008FFA059B0293069B019302230093079A72
:1092B0000A490B482346FFF7C0FB0A4B186040B928
:1092C0004FF0500383F31188BFF36F8FBFF34F8FBD
:1092D000FEE7012008B010BD54390120A05102085A
:1092E000E5930008503901207FB5164604461A461A
:1092F00040B94FF0500383F31188BFF36F8FBFF372
:109300004F8FFEE70D4D286880B10529CDE9001685
:1093100002940DDCFFF77AFE0023022808BF089AAA
:10932000286818BF1A466946FEF7BAFE04B070BD39
:1093300000236946FEF766FFF8E700BF54390120B5
:109340002DE9F347DFF898800646FFF72BFCD8F8A5
:1093500000308342054609D91F4F3B681A686AB935
:109360001E4A116839601360012300E0002328467B
:109370003360C8F8005002B0BDE8F087DB68DC68F5
:10938000D3F8009004F1040A5046FEF751FB236A1B
:109390002046984794F828305B07DED5A3694B44F4
:1093A000994506D23868636024615146FEF729FB6F
:1093B000D3E7002300934A4619462046FFF794FF5F
:1093C0000028CAD14FF0500383F31188BFF36F8F89
:1093D000BFF34F8FFEE700BF5C39012058390120F1
:1093E0004C3901202DE9F0436E4D6F4E89B02B684A
:1093F000D3F80080B8F1000F35D0DB68D3F80080D7
:109400000024FFF7C7FB04A8FFF79AFF049B8146DF
:10941000002B69D1002C4CD1404550D3FFF75EFCA6
:109420002B68DB68DF68381DFEF702FB97F82830F1
:1094300058071AD5B96943464A4641443846FFF7AA
:10944000CFFEB0B100942346424621463846FFF78E
:109450004BFF70B94FF0500383F31188BFF36F8F48
:10946000BFF34F8FFEE70124CBE723F0010387F81A
:1094700028303B6A384698473068002204A9FEF736
:109480006FFF0028B3D0049B0698002B2FDB069CAF
:109490006369002B32D103A8FFF752FF049B0246F9
:1094A000092BE9D8DFE803F02E2E2E575E762E2EFC
:1094B000575E3E4B1B681C68B4FA84F4640930683C
:1094C0002246A8EB0901FFF732F9FFF707FC002855
:1094D000D2D14FF0E0234FF08052C3F8042DBFF3F8
:1094E0004F8FBFF36F8FC7E7FFF7F8FBC4E7059B0C
:1094F00007999847049B002BBEDBC8E7201DFEF7A9
:1095000097FAC8E794F82830A16943F0010384F87A
:109510002830059B20461944FFF762FE0028ABD097
:10952000236A2046984794F828305907A4D5A269A1
:10953000059900230A44009319462046FFF7D4FEFC
:10954000002899D14FF0500383F31188BFF36F8F38
:10955000BFF34F8FFEE794F8283023F0010384F81F
:10956000283089E794F8283043F0010384F8283044
:109570000599A16141B94FF0500383F31188BFF3FE
:109580006F8FBFF34F8FFEE7034601442046FFF77E
:1095900027FE71E794F828309A07DED42046FEF7BC
:1095A000D9F969E75C390120543901205839012083
:1095B0008088704770B5036805460C465B6A0021D9
:1095C00098472B6806461B6A28469847A41BA4B2F6
:1095D000B4FBF0F070BD00238380704710B50368C2
:1095E00081885B6A04469847A3880133A38010BD35
:1095F00003685B6A18477047024A02600022828053
:10960000704700BF9C5A0208836A00202BB120B922
:109610005A1A504250419B69F8E77047002348614D
:109620008B61836A13B98162704713469A69002A75
:10963000FBD1996170470022836A23B199698162E5
:10964000C3E90522F8E770470023836270470022D0
:10965000028042808280C280704770B5846A0D4665
:1096600016463CB1236820465B6D32462946984732
:10967000A469F6E770BD38B5846A0D4634B12B682D
:1096800021469B6828469847A469F7E738BD70478C
:1096900010B52C21044618F0C1FD204610BD836A88
:1096A0009BB18B4209D19A6900215961826202B94A
:1096B00070479961704713463AB19A698A42FAD164
:1096C0008A699A610023C1E90533704710B4836A3F
:1096D00004462BB903685DF8044B1B6E114618470E
:1096E00041B99361826254615DF8044B704703464F
:1096F0000028F9D099429869F9D190618A61F2E71E
:109700002DE9F0411F4690F824300D46164603B16E
:109710003860846A14B394F82530EBB1B4F90410BE
:109720008D4219DB238989B20B441BB29D4213DAA7
:10973000B4F9062096420FDB638992B213441BB240
:109740009E4209DA2368B21A691AD3F8248012B249
:109750003B4609B22046C047A469DBE7BDE8F0817B
:109760002DE9F04F6E4CA1B024682A9D94F84990E1
:10977000039300242C802B9D2C801C600646CDE991
:109780000112FFF7BDFFB9F1030F40F3C28031466C
:109790000CA807F055F9BDF930300693BDF9323009
:1097A0000793039BD3F800A0BAF1000F00F0B48038
:1097B000514610A807F044F9019B069ABDF94410E0
:1097C0009D18BDF94030079A022091FBF0F1194431
:1097D0006D1A029BBDF942101344BDF9462092FB5D
:1097E000F0F20A449B1A5B4305FB05354D4F0FCF42
:1097F00010AC0FC40FCF0FC40FCF0FC497E80F00EA
:10980000B9F10C0F84E80F004FF00303C8BF98466E
:10981000CDF800904FF00004DCBF09F1FF3292FB5D
:10982000F3F8631C10AA04F00104089302EB44143B
:10983000009B93FBF8F39BB204344FF0000B0493AE
:10984000049A54F8043C13FB02F3019A9BB2991852
:109850000593B6F9043009B299424DDB32891344BD
:109860001BB2994248DA049B276817FB03F7029B57
:10987000BFB2FA18B6F9063012B29A423CDB7089D0
:1098800003441BB29A4237DA00230B9330460BABEA
:10989000FFF736FF0B9A7AB352452DD011460EA82A
:1098A000099207F0CDF8069ABDF93800019BBDF981
:1098B0003C10BDF93EC013444FF0020E91FBFEF187
:1098C0000144581A079A029BBDF93A109CFBFEFC12
:1098D00013448C44A3EB0C035B4300FB0033AB420B
:1098E000099A08D203980B9901602A990598088073
:1098F0002B991D460F8092460BF1010BBBF1040F13
:1099000004F108049CD1009B089C4B4444450093FF
:1099100087D121B0BDE8F08F4FF0FF3566E700BF7B
:10992000943901207C4402082DE9F043B1F900701C
:109930008C88B0F900903C44A4B20FFA84F8C14579
:109940002FDA82884A4492B20FFA82FE774528DAEB
:10995000B1F90250CB88B0F902602B441BB29E4291
:109960001FDAC38833449BB20FFA83FC654518DACB
:109970004F45B8BF4F46B542B8BF3546F045D8BF92
:109980002246D21B82804A88C98807800A4492B244
:1099900011B28C45A8BF13465B1BC3804580BDE850
:1099A000F0830023038043808380C380F7E7B0F90E
:1099B0000430002B06DDB0F906000028CCBF0020E3
:1099C00001207047012070472DE9F04100238D6A86
:1099D0000380044643808380C380002D40D0281D2F
:1099E000FFF7E5FF88B92046FFF7E1FFB5F904204E
:1099F000B5F90630B5F908E0B5F90AC038B12280EA
:109A00006380A4F804E0A4F806C0AD69E5E7B4F902
:109A10000000B4F90210B4F8048090420746A8BFD1
:109A200017467244B4F806E0278099420E46404437
:109A3000A8BF1E467144634400B212B209B21BB201
:109A40009042ACBFC7EB0002C7EB02029942ACBF29
:109A5000C6EB0103C6EB03036680A280E380D4E774
:109A60002046BDE8F0812DE9F34190F8253083B31D
:109A7000846A74B3B1F90050B1F90260B1F90470AD
:109A8000B1F9068094F8253003B36846211DADF87E
:109A90000050ADF80260ADF80470ADF80680FFF735
:109AA00043FF6846FFF783FF80B9BDF80030A28806
:109AB0009B1AADF80030E288BDF802309B1AADF871
:109AC0000230236869469B6820469847A469002CA9
:109AD000D8D102B0BDE8F08173B590F825300D46BD
:109AE000164623B3846A14B394F82530EBB1286882
:109AF00069686B4603C36846211DFFF715FF68467A
:109B0000FFF755FF88B9BDF80030A2889B1AADF861
:109B10000030E288BDF802309B1AADF802302368AD
:109B20003246DB6D694620469847A469DBE702B000
:109B300070BD13B50368D3F8B4400023CDE90033FA
:109B40006B46A04702B010BD012380F84B3080F86F
:109B50006D307047012380F84B3080F86D307047CE
:109B6000436801225A72406803681B6918474068BD
:109B700003689B68184730B58BB004689DF858504F
:109B800009959DF8545008959DF850500795BDF8DB
:109B90004C5006959DF8485005959DF84450049505
:109BA000BDF840500395BDF83C500295BDF83850C3
:109BB000CDE900351346246C0022A0470BB030BD20
:109BC000044B1B7823B190F86E0080F001007047C1
:109BD000012070479239012010B50446406803689F
:109BE0009B68984794F86D3013B1012384F86E3068
:109BF00010BD10B50446F6F7A7FFF6F7AFFE606894
:109C00000368DB689847E06803689B6898472368A7
:109C100020469B6FBDE81040184700007FB50368E1
:109C2000624DD3F8C03004469847002800F09E806B
:109C300094F84830022B02D00120F6F70DFE94F87C
:109C40006A3084F86B3094F87930002684F86A60C2
:109C500084F84B6033B123682046D3F8D43098475A
:109C600084F8796094F84A30626883F00103537293
:109C700001262E7005F06EFC03685B6B984794F824
:109C80006B300BB984F86B6005F064FC03685B69AA
:109C90009847E06D03681B69984794F86B3094F817
:109CA0006C20013BDBB284F86B300AB1002BEBD1A6
:109CB0003F4A94F96810137801335BB299421370EC
:109CC00010DCE06800231370036803AADB6802A9B4
:109CD00098472368002859D0D3F8CC30DDE9021228
:109CE00020469847606900238DF8073058B1036813
:109CF0000DF10701DB68984728B1E06D9DF807106A
:109D00000368DB68984704F11C0017F067FC94F8BF
:109D100070300BB3206903681B699847636F064670
:109D200003B96067636F234AF31A934214D9206919
:109D300003689B699847636F6422F31AB3FBF2F3DD
:109D4000B0FBF3F0002826DC84F869202069036862
:109D50000021DB699847666723682046D3F8E03026
:109D6000984705F0F7FB03689B6B984723682046EC
:109D7000D3F8C430984794F84830022B02D0012021
:109D8000F6F794FD00232B7004B070BDD3F8D030EB
:109D900020469847A6E76328CBBF0023C0F16400A4
:109DA00084F8693084F86900D0E700BF9839012051
:109DB0009939012000E1F50510B50446F6F7F4FEE7
:109DC000636800229A7210BDC1651C3017F004BC94
:109DD00030B587B0044604A8CDE9041205F0A2F915
:109DE000049BADF80C3006A9059B21F80A3D03A899
:109DF00005F0EAF994F86F10BDF80C20BDF80E30AC
:109E000004F11C0089B1B4F864500093B4F86010F8
:109E100013462A4617F0F0FB28B1BDF90C30236633
:109E2000BDF90E30636607B030BD17F025FC012385
:109E300084F86F30F1E710B5002B46D081EA0200BC
:109E4000C40708D50B44013A8B423ED912F8010FE2
:109E500001F8010BF8E7D00742BF12F8010B01F837
:109E6000010B03F1FF33012B11D981EA0204A4078E
:109E7000104622D023F001040C448C42024604D93F
:109E8000128821F8022B0230F7E703F0010323F0D8
:109E9000030008448842144604D9246841F8044B5E
:109EA0000432F7E703F003030B44013A8B420CD969
:109EB00012F8010F01F8010BF8E79007E7D032F82C
:109EC000020B21F8020B023BE1E7012010BD10B5A7
:109ED00090F86F30044653B1B0F86430B0F86020A9
:109EE00001211C3017F0C8FB002384F86F3010BD2F
:109EF0002DE9F04385B004AD0446002045F8040D7B
:109F0000A06906680195BDF83050009535689946FE
:109F10000F469046A847104D0646A5F80090F8F762
:109F2000A7FE0368DB6A984728B101280BD03046AA
:109F300005B0BDE8F0832B8808FB0372039BA3EBFD
:109F40004203E363F3E72A88039B08FB027202EBF8
:109F500042029A1AE263EAE78E390120F8B5154BFE
:109F600090F87D401B88C56B93FBF4F40F460646C2
:109F7000F8F77EFE0368DB6A984701280BD003D30D
:109F8000022810D0F563F8BD0B4B19887C434C4375
:109F9000A5EB4405F6E7084B19887C434C4304EBDA
:109FA00044042D1BEEE7044B19887C434C43A5EB7E
:109FB0008405E7E7903901208E390120F0B58BB098
:109FC000174604460E461D46F8F752FE0368DB6A44
:109FD00098479DF854300790CDE908030D4B22684F
:109FE0001B8806939DF8503005939DF84C300493E0
:109FF000BDF848300393BDF844300293BDF84030BB
:10A00000CDE900533146156C3B4600222046A84757
:10A010000BB0F0BD8E3901202DE9F043984603685E
:10A020001D6C154B8BB01746B3F800900E460446D6
:10A03000F8F71EFE0368DB6A98479DF85830CDE9B3
:10A0400008030223CDE90693012305939DF85430BC
:10A050000493BDF850300393BDF84C300293BDF823
:10A0600048300022CDE9008331463B462046A847D0
:10A070000BB0BDE8F08300BF8E3901202DE9F0431D
:10A0800098460368DD6D114B87B0B3F800900E461B
:10A0900017460446F8F7ECFD0368DB6A98479DF81D
:10A0A0004430CDF80C90CDE904039DF84030029384
:10A0B000BDF83C300193BDF8383000933A46434632
:10A0C00031462046A84707B0BDE8F0838E3901200D
:10A0D0002DE9F04F04468FB010460D4691461E46BE
:10A0E00008F06AFF002800F09D802368DFF898B12F
:10A0F000DB6ADFF898A1614F204698472368204625
:10A100001B6B9847BBF8003001930DF13808BAF883
:10A11000003002933B8828F81C9D0393584B05930D
:10A120001A880492404608F0DBFF3880404609F068
:10A130000BF8059B80B21880524B1B78002B74D112
:10A140003B88ABF80030AAF800004846D4E90F87F6
:10A1500008F032FFC4E90F00002211462846B5F985
:10A160000490B5F906A0F8F71EFF012395F825B075
:10A1700085F82530B6F90430002B5CDDB6F90630E1
:10A18000002B58DD2A460AAB52F8040F516803C36E
:10A1900031460AA8FFF7C8FB384BB3F90020ADF8E9
:10A1A000342000210AAA364B0C9192E80300B3F93F
:10A1B0000030ADF8363008AB83E8030018460CA930
:10A1C000FFF7B2FBE36C002B3CD1002084F8580071
:10A1D00000262A686B696E610593926808A9284673
:10A1E0009047059B6B61524684F858604946284663
:10A1F00085F825B0F8F7D7FE234B019A1A80234B38
:10A20000029A1A801D4B039A1A801D4B049A1A80D9
:10A21000C4E90F8723682046DB6A984723682046F5
:10A220001B6B98470FB0BDE8F08F3B88ABF8000080
:10A23000AAF8003089E72A460AAB52F8040F5168A1
:10A2400003C3A9E707A809F0C1F80646E06C036854
:10A25000DB6A98478642B8D1F8F70AFD03680646DC
:10A260005B6B059307A809F0B1F8059B01463046E2
:10A27000984780F00100C0B2A8E700BF88390120EC
:10A280008A3901208C3901208E3901209039012032
:10A2900010B5074B1B7804463BB103685B6B9847CE
:10A2A000E36B834201D1206C10BDE06BFCE700BF83
:10A2B000923901202DE9F0418AB01D464FF48063A8
:10A2C000CDE90131BDF84030ADF81830BDF844306B
:10A2D000ADF81A300024BDF84830BDF84C60ADF838
:10A2E0001C309046074604948DF82040FFF7D0FFBD
:10A2F00006FB058500EB450578680595ADF81E6001
:10A300008DF822408DF821408DF823408DF82440AF
:10A31000036801A95B6898470AB0BDE8F0812DE9A0
:10A32000F0438BB000241D464FF4006388469146ED
:10A33000BDF8506004940746CDE90134FFF7A8FF4B
:10A3400006FB0595BDF84830ADF8183000EB450523
:10A35000BDF84C3078680595ADF81A30ADF81C4062
:10A36000ADF81E60CDF81080ADF820408DF8224089
:10A370008DF823408DF82440036801A95B68984755
:10A380000BB0BDE8F08300002DE9F0418AB098469B
:10A390009DF85C509DF854C0BDF858709DF8604021
:10A3A00000230B2D064604939DF8500038D18023DE
:10A3B000CDE90131BDF84430ADF81830BDF8483072
:10A3C000ADF81A308DF82000BDF84C30ADF81C30D7
:10A3D00030460392FFF75CFF0B2C98BF1B4BBDF878
:10A3E000402098BF195DADF81E7088BF002102FBA8
:10A3F0000783C91001FB03009DF8643005908DF8B8
:10A40000233070688DF8215000238DF822408DF89C
:10A410002430036801A95B6898470AB0BDE8F08161
:10A42000022D09D1FF2805D1BCF1000F14BF402334
:10A430002023BDE74023BBE7FF2805D1BCF1000F77
:10A4400014BF04230123B3E70423B1E7585B0208D8
:10A450002DE9F04F8BB01D469DF858909DF8606037
:10A46000BDF85CA0B9F1FF0F14BF0823022300243C
:10A47000CDE901348846934604940746FFF708FF68
:10A480000B2E98BF154B9DF8642098BF9C5DBDF8BE
:10A490005030ADF8183005FB0AB5BDF85430ADF8B2
:10A4A0001A30E41004FB0504002378680594ADF825
:10A4B0001C30ADF81EA0CDF810808DF820908DF8DE
:10A4C00023208DF824308DF821608DF822600368F8
:10A4D00001A95B6898470BB0BDE8F08F585B020894
:10A4E0002DE9F0411E460A4B0F461D889046F8F7AD
:10A4F000BFFB0368DB6A98470B289ABF054B1C5CBF
:10A50000002408FB0570E41004FB0060BDE8F08146
:10A510008E390120585B0208F0B58BB01F46BDF89C
:10A520005430CDE90131BDF84030ADF81830BDF8F8
:10A530004430ADF81A30BDF84830ADF81C30002575
:10A540009DF850308DF82030044616460495FFF7EC
:10A550009FFE3A46314603462046FFF7C1FF0E4BA9
:10A5600005901B88ADF81E30F8F782FB0368DB6AA4
:10A570009847139B8DF822008DF8210004936068A2
:10A580009DF858308DF823308DF82450036801A9C8
:10A590005B6898470BB0F0BD8E390120F0B58DB0E7
:10A5A0006B4683E80600002306930368BDF800604D
:10A5B0005B6BBDF8027001250395044698473A4647
:10A5C000314603462046FFF78BFF636C0793BDF8C7
:10A5D0000430ADF82030BDF80630ADF822300F4B16
:10A5E00004901B88ADF82430ADF82630F8F740FB16
:10A5F0000368DB6A9847FF238DF829008DF82A004D
:10A6000060688DF828308DF82B508DF82C50036839
:10A6100003A95B689847606C0DB0F0BD8E390120CE
:10A620002DE9F0418CB01E466D46002385E80600FA
:10A6300006930368BDF800705B6BBDF802800125CE
:10A640000395044698474246394603462046FFF79D
:10A6500047FFBDF80430ADF82030BDF80630ADF846
:10A660002230114B04901B88ADF82430129BADF8BA
:10A6700026300796F8F7FCFA0368DB6A9847FF2351
:10A680008DF829008DF82A0060688DF828308DF843
:10A690002B508DF82C50036803A95B68984730460F
:10A6A0000CB0BDE8F08100BF8E390120F0B585B057
:10A6B00002AC84E806000546BDF80860BDF80A70E3
:10A6C000FFF7E6FD3A46034631462846FFF708FF06
:10A6D000054A2B68128800921E6F94E80600034614
:10A6E0002846B04705B0F0BD8E39012070B590F80E
:10A6F0006E3004469BB10220F6F702F9002384F87D
:10A700006E3084F86D3023682046D3F8C850FFF7C8
:10A71000BFFD2B4601462046BDE87040184770BD7E
:10A7200038B590F87B308B4204460D4606D003685E
:10A7300029B9D3F8D830984784F87B5038BDD3F87E
:10A74000DC30F8E710B50C4B1B78044653B990F891
:10A7500048303BB9406800F02BF918B16268537A71
:10A76000002BFCD0F6F718FA20460021FFF7D8FF9F
:10A770002046FFF78DFD10BD9239012070B50446CB
:10A78000036819B9DB6ABDE870401847002290F8E9
:10A790007B6080F87B20DB6A98476368012105466F
:10A7A0009972204684F87B60FFF7BAFF284670BD97
:10A7B000D0E90320131A584258417047D0E90323C7
:10A7C0009B1A002BDCBF82689B18012BCCBF00209A
:10A7D0000120704702694368242000FB0230704763
:10A7E00003681B69184770B501230372044640686B
:10A7F00003689B6998470368402B05460CD010D826
:10A80000042B1DD004D8012B06D0022B2CD070BDF8
:10A81000082B1DD0202BFAD123682046DB6B9847EC
:10A8200013E0B3F5007FF7D004D8802BF4D0B3F554
:10A83000807FF0E7B3F5806FEED0B3F5006FE5E70A
:10A840002368017F9B6B2046984723681B6B06E0BB
:10A850002368017F9B6B2046984723685B6B2946E2
:10A860002046BDE87040184723682046DB6B9847B8
:10A87000F3E7704770477047D0E90332D21A002AD5
:10A8800010B5DCBF84681219012A16DD4268242441
:10A8900004FB032301F1200251F8044B43F8044B5D
:10A8A0009142F9D10A781A70C3688268BFF35B8F4E
:10A8B00001339A42D8BF9B1AC36010BD03698268F6
:10A8C000BFF35B8F01339A42D8BF9B1A0361704775
:10A8D00070B504460E46606803685B6898470028B8
:10A8E000F9D10D4D28680368D3F880309847F6F702
:10A8F00061F928680121FFF713FF6068036831469A
:10A900009B68984723682046DB6A98472868036855
:10A91000BDE87040DB6F18479439012008B5F6F7A1
:10A920003BF9BDE80840F6F73FB910B514210446DD
:10A9300017F074FC204610BD10B50446406803684B
:10A940001B68984748B9637A3BB1237A2BB92368CF
:10A9500020465B6ABDE81040184710BD70B504463C
:10A96000406803681B689847054630B9237A23B1CD
:10A97000606803685B6998472572606803681B68B4
:10A98000984728B9236820465B6ABDE8704018479D
:10A99000BDE87040F6F716B910B5044C826000228D
:10A9A000C0E90041C0E9032210BD00BF6C5B020892
:10A9B000406803681B6818472DE9F048204F9DF850
:10A9C000185080FB0101A0FB07BC07FB01CC0BFB6F
:10A9D0000CF7ABFB0B011C4601EB470100FB0CF332
:10A9E0000BFB0133A0FB0B011646194412A3D3E95C
:10A9F0000023F5F755FCF72E90B29EBF02F0070238
:10AA0000B618F6B2FB2C9EBFC0F3C103E418E4B243
:10AA1000F72D9CBFC0F342102D180A484FEAC4041A
:10AA200000EA062004F4FC6498BFEDB2044344EA53
:10AA3000D50080B2BDE8F088778D7A7900000000FB
:10AA4000A74BEC0000F8FFFF2DE9F04F2DED028B36
:10AA500001EB420487B0417CBDF94890BDF94C60E0
:10AA60009DF850A00546002900F09A80B0F9082012
:10AA700090ED087AC0684A4525DBB5EEC07AF1EE64
:10AA800010FA40F6FC72C8BF0022825800212D7CCB
:10AA90004FEA1228500908F4784E00F4FC60C2F323
:10AAA000C40C04EB4607002D44D0BAF1FF0F41D18E
:10AAB00061BB4EEA00004CEA0005BC4280F0178200
:10AAC00024F8025BF9E7B5F90A704F4508DCB5EEEA
:10AAD000C07AF1EE10FA40F6FC72D8BF0022D4E73B
:10AAE000A9EB020207EE902AF8EEE77AB5EEC07AFB
:10AAF00067EE877AF1EE10FAFDEEE77A17EE902A0C
:10AB0000D8BF02F2FF3292008258C0E7D5B25FFA96
:10AB100088F8C2F3074A1E46BC4280F0E8813046FE
:10AB20000095434652464946FFF746FF013624F852
:10AB3000020BF1E7120E02FB0AF2531C03EB222276
:10AB4000121202FB0CF502FB0EF15043DFF8B0C30A
:10AB5000D24302F0FF02FF26BC4280F0C881B4F865
:10AB600000E00EEA0C030EF4FC6802FB031302FB88
:10AB7000080893FBF6F398FBF6F803EA0C0308F4D5
:10AB8000FC680EF01F0E43EA080302FB0E5E9EFBFC
:10AB9000F6FE0EF01F0E43EA0E0324F8023BDBE73D
:10ABA000827C002A4FD0B0F9082007EE902AF8EEF8
:10ABB000E77A07EE103AF8EEC76A1F46F4EEE76A46
:10ABC000F1EE10FA00F29580B7EE007A37EE877A50
:10ABD00040F6FC7137EE667A06EE906AF8EEE66AA9
:10ABE000EA6895F810C0B4EEE67AF1EE10FA4ABFC2
:10ABF000BDEEC77A02968DED027A95ED087AB5EE34
:10AC0000C07AF1EE10FAC8BF0021525802994FEAFB
:10AC1000122B04EB4101500903910BF4784B00F423
:10AC2000FC60C2F3C401BCF1000F24D0BAF1FF0FE5
:10AC300021D14BEA000B41EA0B01039A944255D211
:10AC400024F8021BF9E707EE109AD0ED067AD0ED52
:10AC5000056AB8EEC77A37EE677AC7EE267A90EDC6
:10AC6000087AB5EEC07AF1EE10FA44BF90ED077A9B
:10AC700077EEC77A9DE7120E02FB0AF202F1010C91
:10AC80000CEB222212125043514302FB0BFBDFF864
:10AC900070820490D243059102F0FF024FF0FF0E44
:10ACA00003998C4222D2208800F4FC610F4604995B
:10ACB00000EA080C02FB0CBC02FB07119CFBFEFC2B
:10ACC00091FBFEF10CEA080C01F4FC614CEA010175
:10ACD00000F01F0C059802FB0C0C9CFBFEFC0CF01A
:10ACE0001F0C41EA0C0124F8021BD9E7029A1A440E
:10ACF00017461E4436B2BE4240F3F98095ED077AFE
:10AD000006EE907A37EE877AF8EEE66AB4EEE67AE7
:10AD1000F1EE10FA40F3B58006EE106AB8EEC66A9E
:10AD20009FED758A2B7CB4EEC67AF1EE10FAD8BF8F
:10AD3000BDEEC77A9FED716AD8BF17EE108A95ED08
:10AD4000087AB5EEC07AC8BFB04676EEE77AF1EE83
:10AD500010FAA8EB0707D8BFB0EE468A04EB470706
:10AD6000A7EE278ADBB1BAF1FF0F18D1BC4262D23D
:10AD7000FDEEC87AEB6817EE900A53F82020D3B2A4
:10AD800000934946C2F30723C2F30742FFF714FEBC
:10AD900024F8020BD5ED087A38EE278AE6E7DFF8CB
:10ADA00060B14FF0FF09BC4245D2FDEEC87AEB68B6
:10ADB000B4F800E017EE902A53F82220130E03FB9C
:10ADC0000AF3581C00EB232000126FEA000C5FFA14
:10ADD0008CFC0BEA12210EEA0B030CFB03F389B285
:10ADE00000FB013191FBF9F101EA0B0302935309D6
:10ADF00003F4FC6319460EF4FC630CFB03F300FB45
:10AE000001330EF01F0E029993FBF9F3C2F3C40253
:10AE100003F4FC630CFB0EFC194300FB02C090FB27
:10AE2000F9F000F01F00014324F8021BD5ED087A69
:10AE300038EE278AB7E7464559DDD5ED087AEA6846
:10AE4000297CF5EEC07AF1EE10FA40F6FC73D8BF1B
:10AE50000023A6EB0806D258100A530904EB460655
:10AE600000F4784003F4FC63C2F3C40759B1BAF1AB
:10AE7000FF0F08D118433843B44238D224F8020BEC
:10AE8000FAE7B846D9E7120E02FB0AF14A1C02EBB8
:10AE90002122121202FB07F550435343DFF860C032
:10AEA000D24302F0FF02FF27B44220D2B4F800E000
:10AEB0000EEA0C010EF4FC6802FB010102FB0838EB
:10AEC00091FBF7F198FBF7F801EA0C0108F4FC6834
:10AED0000EF01F0E41EA080102FB0E5E9EFBF7FE1C
:10AEE0000EF01F0E41EA0E0124F8021BDCE707B04A
:10AEF000BDEC028BBDE8F08F00000000FEFF7F4438
:10AF000000F8FFFF7047704710B52421044617F082
:10AF100085F9204610BD0000064BC1604A0903EACE
:10AF2000112302F4FC621343C1F3C40119430182EB
:10AF3000704700BF00F8FFFFA0F10800ECE700BF7A
:10AF400008B5054B18680368D3F8AC309847431E22
:10AF50005842584108BD00BF943901207047083855
:10AF6000704730B401EB4204BDF90C50028A0292E2
:10AF70009DF81030C2682946204630BCF5F7EABF7C
:10AF8000F5F7DCBF10B51421044617F047F9204649
:10AF900010BDA0F10800F5E70023C38403854385B5
:10AFA0008385806910B103681B691847704780ED7D
:10AFB0000C0A704738B50B0E83770368DB6B0446C9
:10AFC0000D469847036829469B68984723682046A2
:10AFD0001B6C9847A06138BD4177704730B50D466E
:10AFE00000F134040FCD0FC40FCD0FC42B682360C4
:10AFF00030BD38B50446031D0868496803C31368AB
:10B00000C4F826305368C4F82A300025A56104F13D
:10B01000340006F007F8FF236377A3774FF07E53E1
:10B020002363012384F8243084F8255038BD0000C0
:10B030002DE9F0432DED0A8B70EE417A87B0F5EEE5
:10B04000407AF1EE10FA0546F0EE409AB0EE60AAB2
:10B05000B0EE419AF0EE618AB0EE42CAF0EE62CAFA
:10B060009DF86060199F026812D170EEE17AF5EEEA
:10B07000407AF1EE10FA0BD101F180410139926A68
:10B0800053F8211007B0BDEC0A8BBDE8F043104720
:10B09000FF23AB77936BDFF8C4922846984705F1FE
:10B0A0003408B5F90830C380F0EE4A0AB0EE690AF8
:10B0B0000446404606F065F84046B0EE40BAF0EE71
:10B0C00060BA8DED000ACDED010AB0EE490AF0EE4E
:10B0D000680A06F056F8B4EE40BAF1EE10FAF4EE53
:10B0E00060BA0CBF01230023F1EE10FAB4EE40BAAF
:10B0F00063740CBF01230023F1EE10FAB0EE408A16
:10B10000F0EE60AA8DED020ACDED030AA37430D0F3
:10B11000F4EE60BAF1EE10FA2BD039EE699A78EEBF
:10B12000CA8A89EE0C7A4046C8EEAC7AF0EE4A0A3A
:10B13000B0EE690AA7EECC0AECEE870A06F021F819
:10B1400099F80030CDED050A70EEEB0A012B8DED7C
:10B15000040A30EE4B0A02BFF1EE607AF0EE400ACC
:10B16000B0EE670AB5EE400AF1EE10FA34D10123D1
:10B17000A37499F80020637C012A40F0A380002B7F
:10B1800072D03AEEEB7ADFED736AC6EE877AF4EEB0
:10B19000EABAC4ED087AFDEEEA7AF1EE10FA17EE9B
:10B1A000903AFDEEEB7A1AB217EE903A1BB247BF17
:10B1B0002381628122816381B4F90A30B4F90820C5
:10B1C0009B1A07EE903AF8EEE77A00236374C4ED19
:10B1D000077A0123A3743FE080EE807AB5EE407ACF
:10B1E000F1EE10FA84ED057A02D101236374C0E711
:10B1F000012B03BFB4F9062007EE902AF8EEE77A98
:10B20000F0EE6B7A0ABF77EECB7AEBEE477AEBEE95
:10B21000C77A012B38EE4B8A7AEEEBAAC4ED067A98
:10B2200002BFF1EE487AB0EE6A8AF0EE67AACAEE83
:10B23000877A9FED497A38EE678AC7EE087AB5EECD
:10B24000C08AF1EE10FA84ED078AC4ED087A03D5BE
:10B25000B1EE488A84ED078AE7602674AC6107B0D6
:10B26000BDEC0A8BBDE8F083A37C002BF4D0B4F9CD
:10B270000630DFED386A00EE103AB8EEC00A30EE64
:10B28000488A30EE4B0A38EE407AB4EEC08AC6EEF9
:10B29000877AF1EE10FAC4ED087AFDEEC87A17EE5F
:10B2A000903AFDEEC07A1AB217EE903A1BB2CCBFBC
:10B2B000238163814FF001036374CCBF62812281DB
:10B2C000002387E7DBB13AEEEB7ADFED226AC6EEC8
:10B2D000877AF4EEEABAC4ED087AFDEEEA7AF1EE86
:10B2E00010FA17EE903AFDEEEB7A1AB217EE903A9A
:10B2F0001BB247BF2381628122816381ACE7A37CBB
:10B30000002BA9D038EE4B7ADFED126AC6EE877AB1
:10B31000B4EEC8BAC4ED087AFDEEC87AF1EE10FAC0
:10B3200017EE903AFDEECB7A1AB217EE903A1BB2B6
:10B3300047BF2381628122816381B4F90A30B4F965
:10B3400008209B1A07EE903AF8EEE77AC4ED077AE8
:10B3500082E700BFFEFF7F44000080448C3901205B
:10B3600010B500212DED028BF0EE628A0446B0EE9E
:10B37000428A16F0C3FCF0EE687AFEEEED7A23689E
:10B3800017EE902AF0EE487ABDEC028BFEEEED7AD5
:10B3900020469B6817EE901ABDE81040184710B57C
:10B3A00000212DED028BF0EE638A0446B0EE438A55
:10B3B00016F066FDF0EE687AFEEEED7A236817EE81
:10B3C000902AF0EE487ABDEC028BFEEEED7A204634
:10B3D0009B6817EE901ABDE81040184713B5044655
:10B3E000406F05F0CEFEF0EE607AFEEEED7A20467C
:10B3F00017EE902AF0EE407AFEEEED7A17EE901AF4
:10B4000002B0BDE8104016F0D3BB13B50446406F40
:10B4100005F0B7FEF0EE607AFEEEED7A204617EE0C
:10B42000902AF0EE407AFEEEED7A17EE901A02B016
:10B43000BDE8104016F009BCF0B5DDE9050C0024AC
:10B44000079F634426464FF0010E63452DD013F845
:10B45000015D062DF9D80EFA05F515F0660F0DD130
:10B4600015F0100F17D12D07EFD501381EB907EBD6
:10B4700080052D680D606CB90126E6E726B907EB5B
:10B48000800353F8083C0B6024B907EB800050F8A8
:10B49000043C1360F0BD01381CB907EB800424683C
:10B4A0001460002EF6D10124CFE70EB900230B6003
:10B4B000002CEFD10023ECE738B504462DED0A8BC4
:10B4C0000D46F0EE40BAB0EE60CAF0EE41AAB0EE22
:10B4D00061BAB0EE429AF0EE629AB6EE00AA7BEE46
:10B4E000298A3AEE898A68EE8A8A28EE0A8A3CEE30
:10B4F000680A7BEEC87A20EE000AA7EEA70A16F0CB
:10B50000B7FEB5EE400AF1EE10FA2ED179EE6A7A66
:10B5100039EECB7AB0EE6A8AF0EE4B8AA7EE8A8AD1
:10B52000E7EE0A8AA7EE0A8AE7EECA8A022D2FDC26
:10B530000135F0EE4B1AB0EE6A1A2946F0EE682A91
:10B54000B0EE482AF0EE4C0AB0EE6B0A2046FFF748
:10B55000B3FFF0EE680AB0EE480A2046FFF755FF49
:10B56000B0EE68BAF0EE48AAB9E7D4ED1F7A38EE2B
:10B570006B8A78EECC8A28EE277A68EEA77A87EE77
:10B58000008AC7EE808A3BEE888A7CEE288ACDE767
:10B59000F0EE680AB0EE480A2046FFF736FFBDEC31
:10B5A0000A8B38BD10B52DED0A8B90F88430022B34
:10B5B0000446B0EE40CAB0EE609AF0EE419AF0EE6A
:10B5C000618AB0EE42BAF0EE62BAB0EE43AAF0EE93
:10B5D00063AAB0EE448AF0EE64CA2CD1F0EE620A9F
:10B5E000B0EE420AFFF711FF79EECB9A7AEEECCA81
:10B5F00078EEEB8A3AEE488A69EEAC9A28EE888AB1
:10B60000F4EEC89AF1EE10FA0FDB0121F0EE6A2A8F
:10B61000B0EE4A2AF0EE6B1AB0EE4B1AF0EE490A81
:10B62000B0EE4C0A2046FFF747FFF0EE6A0AB0EE94
:10B630004A0A204635E0012B38D131EEE24A33EE9A
:10B64000486A71EE427A73EEE46A26EE447AA7EE17
:10B65000A67AB5EE407AF1EE10FA27D028EE638A8A
:10B6600061EEC28AA4EE838AE1EE228A68EE677AEE
:10B6700028EE448AE6EE287AA6EEA88A87EE870AA4
:10B68000C8EE070A3CEE40CA39EE609AD0ED207A47
:10B6900029EE099AACEE0C9AF4EEC97AF1EE10FAA2
:10B6A00004DBFFF7B2FEBDEC0A8B10BDF0EE6B0AB7
:10B6B000B0EE4B0A2046FFF7A8FEB6E710B52DED19
:10B6C0000C8B90F885300446B0EE409AF0EE609A0C
:10B6D000F0EE41AAB0EE61BA33B9FFF796FEF0EE94
:10B6E0004B0AB0EE6A0A15E071EE408A31EEE08A4C
:10B6F000F6EE007A022B68EEA78A28EE278A0FD191
:10B7000070EEE80A30EE080AFFF77FFE7BEE680A6B
:10B710003AEE880A2046FFF778FEBDEC0C8B10BD90
:10B72000FFF773FEDFED4D7ADFED4DBA9FED4DCAA9
:10B73000DFED4DCA9FED4DDAF0EE690AB0EE490A31
:10B74000E8EE270A2046A8EEA70AB1EE68AAEAEEBC
:10B750002B0AA8EE2B0AFFF758FEDFED457AF0EE34
:10B76000690AB0EE490AE8EE270A2046A8EEA70AC1
:10B77000EAEE0C0AA8EE0C0AFFF747FEDFED3D7A71
:10B78000F0EE690AB0EE490AE8EE270A2046A8EE74
:10B79000A70AEAEE2C0AA8EE2C0AFFF736FEDFED28
:10B7A000367AF0EE690AB0EE490AE8EE270A20463A
:10B7B000A8EEA70AEAEE0D0AA8EE0D0AFFF725FE8D
:10B7C00079EE880A39EE280A70EEE80A30EE080AA7
:10B7D0002046FFF71AFEDFED297AF0EE690AB0EE97
:10B7E000490AE8EE270A2046A8EEA70AEAEE0D0A63
:10B7F000A8EE0D0AFFF709FEDFED217AF0EE690AE7
:10B80000B0EE490AE8EE270A2046A8EEA70AEAEEBB
:10B810002C0AA8EE2C0AFFF7F8FDDFED1A7AF0EEFD
:10B82000690AB0EE490AE8EE270A2046A8EEA70A00
:10B83000EAEE0C0AA8EE0C0AFFF7E7FDDFED127A3C
:10B84000F0EE690AB0EE490AE8EE270A2046A8EEB3
:10B85000A70AEAEE2B0AA8EE2B0A3EE70AD7233DF9
:10B86000295C8F3E9A99193FCDCC4C3F8FC2753FD2
:10B87000CDCC4C3ECDCCCC3EEC51383F0AD7A33F8B
:10B88000CDCCCC3F6666E63F48E1FA3F70B52DED82
:10B89000068B90ED238A90ED229A30EEC88A30EE26
:10B8A000499AF0EE40AA28EE080A0446A9EE090AD1
:10B8B000B0EE60AA16F0DCFCB5EEC00AF1EE10FAAC
:10B8C00036DDD4ED1F7AD4ED230A94F87850C0EE1B
:10B8D000276A002684F8796094ED220AC8EE268A49
:10B8E00089EE268A70EE289A30EEC89A78EEAA8AF7
:10B8F0003AEE488AFDB1C4ED249A84ED259AC4ED50
:10B90000268A84ED278AF0EE490AB0EE690A2046BD
:10B91000FFF764FD84F87860C4ED289A84ED299AD5
:10B92000C4ED2A8A84ED2B8AC4ED22AA84ED23AAD1
:10B93000BDEC068B70BD94F87A3094ED2A2AD4EDD4
:10B940002B2A6BB1F0EE491AB0EE691AF0EE620ADA
:10B95000B0EE420A2046FFF7B1FE84F87A50DBE7EA
:10B96000F0EE484AB0EE684AF0EE493AB0EE693A75
:10B97000D4ED291A94ED281A2046FFF713FECBE7E1
:10B9800007EE902A07EE101AF8EEE70AB8EEC70A9B
:10B99000DFED037A60EEA70A20EE270AFFF776BFF5
:10B9A0000000003D38B52DED028B90F8795004462B
:10B9B0001DB3D0ED1F7A90ED238A90ED220A78EE28
:10B9C000678A38EE278AF0EE680AFFF707FD94EDE4
:10B9D000221AF0EE481AB0EE410AF0EE680A20464C
:10B9E000FFF76CFE94ED221AF0EE681AF0EE480AAA
:10B9F000B0EE410A2046FFF761FEBDEC028B2846FF
:10BA000038BD10B52DED028B0446B0EE408AF0EE45
:10BA1000608AFFF7C7FFD0B92046D4ED274A94EDDE
:10BA2000264AD4ED253A94ED243AD4ED2B2A94ED10
:10BA30002A2AD4ED291A94ED281AF0EE680AB0EEFD
:10BA4000480AFFF7AFFD0120BDEC028B10BD0020BE
:10BA5000FAE7D0ED251A90ED241AD0ED2B0A90EDDF
:10BA60002A0AFFF72BBE00002DE9F04F89B01C46D3
:10BA70000DF120089DF850300493159E0591002388
:10BA8000DDE91297069348F8043D049B86F87A3066
:10BA900082461546059B9D426DD9013D19F805303A
:10BAA000062BF7D801A252F823F000BFCBBA00084A
:10BAB00095BA0008C9BA0008EDBA0008EDBA000846
:10BAC000F1BA000831BB0008023C5046CDE90197AD
:10BAD00000942B46424606A9FFF7AEFCDDED070AAF
:10BAE0009DED060A3046FFF7D1FED3E7013CECE7B7
:10BAF000A4F1040B023C07EB84045046CDE9019706
:10BB0000CDF800B02B46424606A9FFF795FCDDEDC7
:10BB1000072A9DED062A54ED011A14ED021AD4ED00
:10BB2000010A94ED000A3046FFF71AFC5C46B1E7C3
:10BB3000A4F1060B023C07EB84045046CDE90197C3
:10BB4000CDF800B02B46424606A9FFF775FCDDEDA7
:10BB5000073A9DED063A54ED032A14ED042A54EDFC
:10BB6000011A14ED021AD4ED010A94ED000A3046D0
:10BB7000FFF715FCDAE7049B13B13046FFF769FFC6
:10BB800009B0BDE8F08F00BFF0EE607AFEEEED7A0E
:10BB9000036817EE902AF0EE407AFEEEED7A9B688D
:10BBA00017EE901A1847000010B5044B044640F8F1
:10BBB000143B01F051F9204610BD00BFDC620208C1
:10BBC0002DE9F04F2DED048BD0ED0C7AB5B0F5EEEC
:10BBD000C07AF1EE10FA05468B4606921E464FF0EB
:10BBE000000440F24E81FF230093021D8169439BB4
:10BBF0009FEDA59A08A815F08FFED5ED0C7AA34B02
:10BC0000D5ED086A0893F5EEC07AF1EE10FAB6EEBB
:10BC1000007A48BFF1EE677A67EE877A05F1340360
:10BC200001222593002326EEA77A8DF898308DF80F
:10BC300099208DF89A308DF864306A7FAB7FCDED16
:10BC4000277A5A4327EE267A531C03EB122367EE1A
:10BC5000277A4FF0000895F8240095F825102A94CB
:10BC6000C3F307232B942C942D942E942F9430946B
:10BC7000319432943394CDED287A8DF8A4008DF868
:10BC8000A5108DF8A630F0EE499AB0EE498AF0EE94
:10BC9000498A4446C14608AF4FF0010A069B4B450E
:10BCA00000F0CC8009F1010305931BF80930062B45
:10BCB00039D8DFE803F0043B606F7C81A000C14508
:10BCC0002BD9F0EE490AB0EE690A3846FFF7DEFDDF
:10BCD0003846FFF767FE8146F8B9F0EE490AB0EE44
:10BCE000690A3846FFF78DFE2846CDE90297CDE96F
:10BCF00000B62346059ACDED2A9A41468DED2B9A42
:10BD00008DF898A08DF899A0FFF7AEFEF0EE490AE5
:10BD1000B0EE690A3846FFF774FEDDF81480B0EE25
:10BD2000498AF0EE698ADDF81490B7E7C1450DD96C
:10BD30003846FFF737FE48B9CDE902A7CDE900B68E
:10BD400023464A4641462846FFF78EFE06EB84030B
:10BD5000D3ED008A93ED018ACDED2A8A8DED2B8AF1
:10BD60008DF898A08DF899A00234C846B0EE489A94
:10BD7000F0EE689AD7E706EB8403D3ED008A93EDE3
:10BD8000018AB0EE680AF0EE480A3846FFF77EFDF9
:10BD90000234C8E706EB8403D3ED008AF0EE480ACC
:10BDA000B0EE680A3846FFF771FD0134BBE706EBD9
:10BDB000840393ED008AF1E7A30003F1080203F185
:10BDC0000C0932443344B14492ED002AD9ED002AE3
:10BDD000D3ED011A93ED001A0792F0EE480AB0EE87
:10BDE000680A3846FFF7BCFA079A99ED008AD2ED47
:10BDF000008A043497E7A30003F1100203F1140949
:10BE000032443344B14492ED003AD9ED003AD3EDD7
:10BE1000032A93ED022AD3ED011A93ED001A07923B
:10BE2000F0EE480AB0EE680A3846FFF7B8FA079A0B
:10BE300099ED008AD2ED008A063474E7069B4345EB
:10BE400008AF0FD93846FFF7ADFD58B90123CDE94A
:10BE500001630397CDF800B02346069A4146284671
:10BE6000FFF702FE9DF8A610384615F0E9FD0446DE
:10BE70003846FFF799FE204635B0BDEC048BBDE88F
:10BE8000F08F0124F7E700BF00000000E85B020824
:10BE900010B50446FFF788FE2046B02116F0BEF923
:10BEA000204610BD2DE9F0472DED068BAAB098462F
:10BEB000FF2307460093894692468169399B9FED8F
:10BEC000828A021D0DA815F027FD3B7FDFED7E0A5B
:10BED0005A1E534207F134055341B0EE600A28461A
:10BEE0008DF8783005F04DF9CA44B0EE409AF0EE86
:10BEF000609AF0EE488A0024CA4500F0CD8019F817
:10BF0000013B062BF8D8DFE803F004082A3F53581A
:10BF10008A000DA815F072FDEEE708EB8403D3ED5F
:10BF2000008A93ED018AB0EE680AF0EE480A2846CE
:10BF300005F027F9F0EE607AFEEEED7A0DA817EE27
:10BF4000902AF0EE407AFEEEED7AB0EE409A17EECF
:10BF5000901AF0EE609A15F02BFE0234CCE708EB55
:10BF60008403D3ED008A93ED018AB0EE680AF0EE07
:10BF7000480A284605F005F90DA8B0EE409AF0EE03
:10BF8000609AFFF701FEE8E708EB8403D3ED008A2F
:10BF9000F0EE480AB0EE680A284605F0F2F80DA85F
:10BFA000B0EE409AF0EE609A0134FFF7EDFDA3E7A2
:10BFB00008EB840393ED008AEAE7A31C08EB8303F4
:10BFC00053ED010A13ED020AD3ED008A93ED018AC5
:10BFD000284605F0D6F828468DED090ACDED0A0A67
:10BFE000B0EE680AF0EE480A05F0CBF8DDED0A1A6B
:10BFF0009DED091AF0EE602AB0EE402AB0EE40AA9C
:10C00000F0EE60AAB0EE490AF0EE690A0DA8FFF75B
:10C01000A7F90434F0EE6A9AB0EE4A9A6CE7261D4E
:10C0200008EB860656ED030A16ED040AD6ED008AE3
:10C0300096ED018A284605F0A4F828468DED070AFA
:10C04000CDED080A16ED020A56ED010A05F099F841
:10C0500028468DED090ACDED0A0AB0EE680AF0EE29
:10C06000480A05F08EF8DDED0A2A9DED092ADDED7E
:10C07000081A9DED071AF0EE603AB0EE403AB0EEC5
:10C0800040AAF0EE60AAB0EE490AF0EE690A0DA8E7
:10C09000FFF785F90634BDE77B7FB97F59434B1C19
:10C0A00003EB1121C1F307210DA815F0C9FC074BC3
:10C0B0000D93044612A800F0CFFE20462AB0BDEC36
:10C0C000068BBDE8F08700BF00000000DC620208BC
:10C0D00010B4047F1CB15DF8044BFFF7E3BE5DF8BC
:10C0E000044BFFF76DBD00002DE9F04F914602466D
:10C0F000054652F8260F85B088465168DDF838B0FD
:10C100009A4602AB03C3BDF90C30002B02AF08DD29
:10C11000BDF90E40002C04DD2E4A127822B1012A0E
:10C120002DD005B0BDE8F08FBDF80A301C44A4B294
:10C1300026B2BDF90A30B342F3DACDE900B753466F
:10C140004A4641462846FFF7C3FF40B9BDF90E30C5
:10C15000012B04D001335B10ADF80E30EDE7BDF8D4
:10C160000E20BDF80A3013449BB21A4412B2964214
:10C17000ADF80A30DDDAE31AADF80E30D9E7BDF8D4
:10C1800008401C44A4B226B2BDF90830B342C8DA54
:10C19000CDE900B753464A4641462846FFF798FF87
:10C1A00040B9BDF90C30012B04D001335B10ADF860
:10C1B0000C30EDE7BDF80C20BDF8083013449BB2FD
:10C1C0001A4412B29642ADF80830DDDAE31AADF83F
:10C1D0000C30D9E78C3901207FB503680D46044641
:10C1E00001469B6E02A89847286869686B4603C39E
:10C1F00068461946FDF798FBA06A88B10368211DBF
:10C20000DB68984760B1BDF90430002B08DDBDF94B
:10C210000650002D04DD2B4A12781AB1012A29D0CC
:10C2200004B070BDBDF802301D44ADB22EB2BDF9F0
:10C230000230B342F4DA23686946DB6E2046984741
:10C2400040B9BDF90630012B04D001335B10ADF8C5
:10C250000630F0E7BDF80620BDF8023013449BB26B
:10C260001A4412B29642ADF80230E0DAEB1AADF899
:10C270000630DCE7BDF800501D44ADB22EB2BDF96A
:10C280000030B342CCDA23686946DB6E204698471B
:10C2900040B9BDF90430012B04D001335B10ADF877
:10C2A0000430F0E7BDF80420BDF8003013449BB221
:10C2B0001A4412B29642ADF80030E0DAEB1AADF84B
:10C2C0000430DCE78C3901201FB5036804460146C1
:10C2D0009B6E684698470021B4F90820B4F90A30EB
:10C2E0000291684602A9ADF80C20ADF80E30FDF7BA
:10C2F0001BFB236869461B692046984704B010BDA4
:10C30000012180F825100B4901600022FF21828065
:10C31000C280028142818281C28102824282C0E95E
:10C320000522C2610284428480F8242080F826100D
:10C3300082627047485C020800207047074B828D7C
:10C340001B88934281BF064B1B6803EB420358785E
:10C350008CBF00F003000020704700BFF0390120BF
:10C36000EC390120704700002DE9F041104B818D20
:10C370001B888B42044618D903689D6F0D4B1868C3
:10C38000F7F780FB23680646DB6F20469847236853
:10C390000746D3F88030204698473A460346314650
:10C3A0002046AC46BDE8F04160470020BDE8F08182
:10C3B000F0390120F83901202DE9F743174B818D21
:10C3C0001B888B42044626D9154B1B6803EB4102A0
:10C3D00013F81100134B55781B6853F8206033682D
:10C3E000DF69114B1868F7F74DFB23688046DB6F58
:10C3F0002046984723688146D3F8803020469847E6
:10C40000C5F3810500904B46424629463046B84761
:10C4100003B0BDE8F0830020FAE700BFF039012047
:10C42000EC390120F4390120F83901200EB42DE94E
:10C43000F0472F4B1A88838D9A429DB0044654D9F9
:10C44000DFF8B090DFF8B08026AA0292D9F8002079
:10C4500012F81320D8F8003053F822502B682846E1
:10C460009B6B984707B2064603A805F084FA2B6831
:10C470002846DB6C98472B6882461B6D28469847F8
:10C4800053460090029A259903A805F0CFFAA28D91
:10C49000D9F8003094F837C0258913F8120003EB5F
:10C4A0004201A5EB0C054A78D8F8003094F8391011
:10C4B0002DB2009553F82030C2F3810203A802F098
:10C4C000B7FBB4F93420B918002903B20BDD013BE6
:10C4D00013FB02F316FB00331FB238461DB0BDE854
:10C4E000F04703B07047002BF7DC0027F5E700BFEB
:10C4F000F0390120EC390120F43901202DE9F04F09
:10C50000BC4B0C461B88898D8B42A9B0804609D84C
:10C5100000234FF0FF32C0E900328360404629B06B
:10C52000BDE8F08FB44E336813F81120B34B1B688D
:10C5300053F82250B24B1868F7F7A4FA2B688146DB
:10C540009B6B28469847A78E03B207440493BBB25F
:10C55000039394F8393082460FA8002B40F0A68050
:10C5600005F009FA2B682846DB6C98472B680646CD
:10C570001B6D2846984723680746DB6F204698477F
:10C5800023688346D3F88030204698473B46CDE960
:10C5900000B0494632460FA805F05DFA94F83830ED
:10C5A000DFF854B213F0FD0F4FF000060CBFB4F9E2
:10C5B0000A90B4F908903746A28DDBF8003003EBFF
:10C5C000420329465B7847F6FF72C3F381030FA845
:10C5D00002F035F8039B8642B8BF06460137A9EB47
:10C5E00003090FA836B2BFB20FFA89F905F0EAF9CC
:10C5F00018B92B7A4B44002BDEDC039B049A95F888
:10C60000099013FB07F7A38EFF1ABFB23BB29A4201
:10C61000A8BF574694F8383013F0FD0F236808BFC1
:10C62000B4F908A0DB6E18BFB4F90AA020469847F9
:10C630004F441FFA87F901280FFA89F7B3B200F0C7
:10C64000E180022894F8376000F0E280EA7A2D7BDE
:10C6500036B2B61A2A44134494F838201FFA86FAE0
:10C660009BB2022A0FFA8AFB1EB200F0D580032A81
:10C6700000F0DD80012A40F0E58025893346A5EBF6
:10C6800009093E465D461F460FFA89FB5C4BA18DAA
:10C690001868F7F7F7F9A8F800B0A8F80250A8F85A
:10C6A0000460A8F80670C8F8080037E705F063F9D9
:10C6B0002B682846DB6C98472B6807461B6D28467D
:10C6C000984723688346DB6F204698472268059089
:10C6D000D2F8802020469047059B01903A46494673
:10C6E00000930FA85B4605F0B6F994F83830B4F91A
:10C6F0000890A18D94F8390013F0FD0FB4F90A30B9
:10C700000ABF4A461A46994694F83730D21A336817
:10C71000B4F9346003EB41030FAF59780797002356
:10C72000C1F38101ADF818308DF820108DF821008B
:10C730000995ADF82820ADF82A90ADF82C60ADF839
:10C740002E30ADF83030ADF83230ADF83430ADF8D1
:10C750003630ADF838308DF83A3050B32B68284673
:10C760005B699847074620B3099803683946DB6838
:10C7700098470646E8B1437B827A5B0003F48073F6
:10C780001343ADF838309DF82130062B11D10998AC
:10C79000036832465B6C39469847737B5B0003F451
:10C7A0008072B37A13431844BDF838301844ADF89A
:10C7B00038000026374606A802F036F9BDF83600E4
:10C7C000039B8642A9EB0309BDF81830B8BF0646A3
:10C7D000013736B2BFB20FFA89F9002B3FF40DAF23
:10C7E0009DF83A30002B7FF408AF2B7A4B44002B96
:10C7F000E1DC02E7F0390120EC390120F4390120B5
:10C80000F8390120AAEB0606022096FBF0F61DE798
:10C810001E44AAEB060619E72589ED1AA5EB0A05C1
:10C820000FFA85FB6589A5EB09052DB22EE7658911
:10C83000ED1AA5EB0A0533462DB23E464FF0000B2C
:10C840001F4623E7002521E710B54821044615F0CF
:10C85000E5FC204610BD000013B590F836300446C4
:10C86000FBB1164B818D1B888B421AD9B0F9083069
:10C87000002B16DDB0F90A30002B12DD104B1868C2
:10C88000F7F700F9B4F942302268002B06DBB4F95F
:10C890004030002B02DB636C984204D05369204681
:10C8A000984702B010BD04F13C0103C96B4683E810
:10C8B00003001269194620469047F2E7F03901203B
:10C8C000F83901202DE9F041444B828D1B889342B9
:10C8D0008EB004467ED90868414D496805AB03C354
:10C8E00011462868F7F7CEF8B4F94230002B11DB77
:10C8F000B4F94030002B0DDB636C98420AD104F18F
:10C900003C0292E8030009AB83E80300194605A83E
:10C91000FDF70AF8BDF91830002B5BDDBDF91A30C0
:10C92000002B57DD2F4FA28D3B6813F812202E4BA2
:10C930001B6853F82260002E4CD0236894F8368090
:10C94000DB6E20469847A28D3B68B4F934C094F85A
:10C9500038E094F83770216B03EB420394F83920E8
:10C960005B780996C3F381038DF829301F4B8DF84E
:10C9700028001B688DF82AE00B91ADF830C08DF8C7
:10C9800032808DF833708DF8342093F858200AB136
:10C99000DE6C06B99E6807AF2146384604F050F8B1
:10C9A000A18D2868F7F76EF823680546DB6F2046EF
:10C9B000984723688046D3F8803020469847CDE9D1
:10C9C000028009AB0093019505AB97E8060030465D
:10C9D000F7F70AF80EB0BDE8F08100BFF03901208A
:10C9E000F8390120EC390120F43901209439012073
:10C9F00038B50E4B828D1B889A42044614D20368C8
:10CA00005B6F9847236805461B6F2046984794F84C
:10CA100038302DB213F0FD0F014606BF02462946FD
:10CA20002A462046F6F7B6FC38BD00BFF039012093
:10CA300030B58B888385B0F9083085B0044623B9BA
:10CA4000B0F90A300BB9FFF7D3FF23686D462146D2
:10CA50002846D3F88430984795E807003C3484E8AA
:10CA6000070005B030BD00238380C380038043806E
:10CA700091F82630FF2B01BF0B8983804B89C3803F
:10CA80007047000037B50446086849686B4603C321
:10CA900023686946DB6A20469847084B1B6893F871
:10CAA00058200AB1D86C00B998680368A26A1D6A58
:10CAB00094F826306946A84703B030BD9439012068
:10CAC000704710B52C21044615F0A8FB204610BD78
:10CAD00090F826202AB190F8252012B103685B69EE
:10CAE0001847704790F82C007047704770B50B8856
:10CAF000C3850546138825F8303F0446284606F0CE
:10CB0000EFFA0646284606F01FFB23680546314625
:10CB100020469B6B9847236829462046DB6BBDE87F
:10CB20007040184710B53421044615F077FB2046B5
:10CB300010BD10B50446806A50B10368DB689847A1
:10CB400030B1A06A036821469B68BDE810401847D1
:10CB500010BD10B591F83230FF2B044606D00023EB
:10CB6000038043808380C380204610BD91F82C3021
:10CB70001BB1303106F01CFBF6E72E31FAE700005E
:10CB80002DE9F04190F82C308AB004468846002BFD
:10CB900066D0038EADF8143005A806F0A1FA07465A
:10CBA00005A806F0D1FAB8F90060B8F804203244BC
:10CBB00092B200230FFA82FC9C45069352DDB742E5
:10CBC00050DDB8F90250B8F806302B449BB219B2C8
:10CBD000002947DDA84245DD6745B8BFBAB28842A3
:10CBE00026EAE67625EAE575B8BF83B2921B5B1BA1
:10CBF000ADF81C20ADF81E30ADF81860ADF81A5035
:10CC0000BDF814204FF6FF739A4226D0BDF91C30B0
:10CC1000002B22DDBDF91E30002B1EDD0023CDE9E7
:10CC20000833236808A9DB6A204698470F4B1B6826
:10CC300093F858200AB1D86C00B998680168BDF91A
:10CC40002230BDF920200125029594F8324001944C
:10CC500006AC00948C6805A9A0470AB0BDE8F08135
:10CC6000C38D97E700230793CAE700BF94390120DB
:10CC700090F832202AB190F8252012B103685B6940
:10CC8000184770472DE9F0432F4B828D1B88934244
:10CC90008DB004460F4654D92C4B196801EB420362
:10CCA00011F812102A4A126852F82110002948D0AF
:10CCB0005A7894F839308DF82C30264B90F836504D
:10CCC000B0F934C090F838E0266B90F8370007913F
:10CCD000C2F30108C2F381028DF821201A688DF891
:10CCE000208092F858308DF822E00996ADF828C0DF
:10CCF0008DF82A508DF82B000BB1D56C05B99568CD
:10CD000005AE2146304603F09BFE134BA18D1868FB
:10CD1000F6F7B8FE23688046DB6F20469847236805
:10CD20008146D3F8803020469847CDE9029007AB82
:10CD30000093CDF804803B4696E806002846F6F7B7
:10CD400053FE0DB0BDE8F083F0390120EC3901202D
:10CD5000F439012094390120F8390120704770B569
:10CD60000B88C384044608460D4606F0B9F906460A
:10CD7000284606F0E9F923680546314620469B6BB4
:10CD80009847236829462046DB6BBDE8704018476A
:10CD900010B52C21044615F041FA204610BD10B5FF
:10CDA00091F82830FF2B044606D0002303804380EF
:10CDB0008380C380204610BD263106F0F9F9F9E7DB
:10CDC00090F828202AB190F8252012B103685B69F9
:10CDD000184770472DE9F041044688B054F8263BC7
:10CDE0000025DB6A0F46CDE9045504A9064698479D
:10CDF000204606F075F98046204606F0A5F906950E
:10CE000006ADADF81E0039462846ADF81C80FCF78B
:10CE10008BFDBDF91C30002B19DDBDF91E30002B38
:10CE200015DD0C4B1B6893F858200AB1D86C00B97B
:10CE300098680168BDF91230BDF9102001270297EA
:10CE400096F82860CDE900568D682146A84708B0BD
:10CE5000BDE8F08194390120704710B530210446B7
:10CE600015F0DCF9204610BD10B5044600F082FE36
:10CE7000E06000F085FEE3682361C008002247F609
:10CE8000FF7101386060A260198059809A80DA8051
:10CE9000636A23F0010343F00203636210BD0000E4
:10CEA00010B50A4B03600023C0E90133C0E9033326
:10CEB000C0E90533C0E9073343626FF0004304461D
:10CEC000C0E90A33FFF7D0FF204610BD985E020884
:10CED0002DE9F04F93B056111C9C059304F01F05EB
:10CEE0005311049565110393AE424FEA6413069300
:10CEF00002F01F0340F0F880049C059AA3424FEA19
:10CF0000621E026925D1B2F900309E4503D1B2F903
:10CF100002309E4235D0D18893880B4310D0B2F9AD
:10CF20000230002B0CDBC16A8B4209DAD0E9011315
:10CF30008B4238BF083203F1010338BF02618360BE
:10CF40000369039AA3F800E05A8000229A80DA80ED
:10CF500017E0059CB2F80480B2F806A004F01F04A4
:10CF60004E110294049C764501F01F0CA4EB0304BF
:10CF70000AD1029B9C44A04404FB0CA4A2F80480A8
:10CF8000D48013B0BDE8F08F059D691A5BBFCCF16A
:10CF900020056C430025202544BF04FB0CF44942C6
:10CFA0000195019F94FBF1F501FB154454BF4FF02F
:10CFB00001094FF0FF39002CB8BF05F1FF35BC4423
:10CFC000A84405FB0CACA2F80480A2F806C0D0F877
:10CFD00010C0BCF80680BCF80420B8BF641858EA3A
:10CFE00002024E4411D0BCF90280B8F1000F0CDBF4
:10CFF000C26A904509DAD0E9012890453CBF0CF19E
:10D000000802026108F101028260D0F810C0BDF987
:10D010000C20ACF800600027B645ACF80220ACF854
:10D020000470ACF806702B444DD0049FFF1A3D44A9
:10D030006D0195FBF1F801FB1855002DB8BF08F103
:10D04000FF3808F10107B8BF6D18641A03974FF055
:10D05000000AD0F810C0641958BF039FBCF804B090
:10D0600048BF4746BB44ACF804B0BCF806B00BEB75
:10D07000471BACF806B0D0F810C03B44BCF806B073
:10D08000BCF8047058BF641A5BEA07074E4411D01D
:10D09000BCF902B0BBF1000F0CDBC76ABB4509DA73
:10D0A000D0E9017BBB453CBF0CF1080707610BF1E0
:10D0B000010787600769B6453E807A80A7F804A01B
:10D0C000A7F806A0C5D1049AD31A02699188D68818
:10D0D00019449180029901F1200C0199ACEB010CEB
:10D0E00003FB0C63D3804CE7059DA21AA5EB010559
:10D0F0000895029240F12881039A002AFFF641AF79
:10D10000029A52420292069A42EAE2724FF0FF34C9
:10D1100006922A460B945A430024029D0194029CD5
:10D1200092FBF4F405FB1422002A0792BCBF5219AB
:10D130000792019A0569B8BF04F1FF3404EB0109B5
:10D140009A424FEA691640F01281B5F900309E42CA
:10D1500004D1B5F90230039A9A421BD0EA88AB8811
:10D16000134310D0B5F90220002A0CDBC36A9A429F
:10D1700009DAD0E901329A4238BF083502F10102DA
:10D1800038BF056182600369039A5A8000221E80BD
:10D190009A80DA800B9B039A01691A44B1F9003036
:10D1A000B34203D1B1F902309A421AD0CC888B88AD
:10D1B000234310D0B1F90240002C0CDBC36A9C421F
:10D1C00009DAD0E901349C4238BF083104F1010486
:10D1D00038BF01618460036900211E805A809980F4
:10D1E000D980069B934200F08280089B029C0299A2
:10D1F0005B0193FBF1F104FB1133002B03910893C6
:10D2000004DA4B1E0393089B23440893079B02995F
:10D210005B1A0793019BC3F120030E930E99019BA8
:10D220005B1A4F460A930026DDE907315B1858BFA9
:10D23000029907935DBF5B1A0793039B039958BF3D
:10D24000591C8944002A4FEA691A2EDBC36A9342AB
:10D250002BDD019C0569A0460E9CB5F904C0B5F90B
:10D2600006E0A04540F04F81B5F90010514503D1CB
:10D27000B5F90210914218D05CEA0E010FD0B5F951
:10D28000021000290BDB8B4209DDD0E90131994204
:10D2900038BF083501F1010138BF056181600369BC
:10D2A000A3F800A05A809E80DE800B9B01691A447F
:10D2B000CC888B88234310D0B1F90240002C0CDBC2
:10D2C000C36A9C4209DAD0E901349C4238BF083174
:10D2D00004F1010438BF016184600369A3F800A070
:10D2E0005A809E80DE80069B93424F469CD1019BD4
:10D2F0000769C3F12006059B4FEA631E049B9E420B
:10D3000040F0CC81B7F900309E4504D1B7F9023026
:10D310009A423FF436AEF988BB880B4310D0B7F978
:10D320000230002B0CDBC16A8B4209DAD0E9011311
:10D330008B4238BF083703F1010338BF07618360B0
:10D340000369A3F800E0FFE5C26A039CA242FFF66E
:10D3500018AE069CA242B8BF0132089CB8BF069224
:10D36000C3F12002624301240B942024D5E609F086
:10D370001F024FEA61180C92019AB5F804E0B5F863
:10D3800006A0B04501F01F01A2EB030208D10C9BDF
:10D390001944964402FB01A1A5F804E0E980F9E6EE
:10D3A000002CC0F2A9800127C1F1200C0A9702FBD2
:10D3B0000CF22027099792FBF4FC099F04FB1C2226
:10D3C000002AB8BF0CF1FF3C39440CFB01A1E980F5
:10D3D000E6440A99A5F804E008EB01050169B1F8F3
:10D3E0000680B1F804E0B8BF121958EA0E0710D051
:10D3F000B1F902E0BEF1000F0BDBC76ABE4508DAE7
:10D40000D0E9017EBE453CBF083101610EF101014A
:10D4100081600169BDF90C800D804FF0000EAE42B5
:10D42000A1F80280A1F804E0A1F806E0634454D01A
:10D430000199C91A6144490191FBF4FE04FB1E11D4
:10D440000029B8BF0EF1FF3E0EF10107B8BF091960
:10D45000121B0D97D0F810A00A9FBAF804B052180A
:10D4600054BFDDF834C0F446E344AAF804B0BAF877
:10D4700006B00BEB4C1BAAF806B06344D0F810C002
:10D48000BCF806B0BCF804A058BF121B3D445BEAD0
:10D490000A0714D0BCF902A0BAF1000F0FDBC76A6B
:10D4A000BA450CDAD0E9017ABA4538BF0CF1080C5C
:10D4B0000AF1010A38BFC0F810C0C0F808A0D0F8BF
:10D4C00010C04FF00007AE42ACF80050ACF802803C
:10D4D000ACF80470ACF80670BCD10469019A0C99E0
:10D4E000D31AA2881A44A280099A2031891AE288A4
:10D4F00003FB0123E3804DE64FF0FF370A974A43D1
:10D500006442002756E74FEA671809F01F03D04529
:10D5100007F01F070F931FFA8CFC1FFA8EFE0AD12B
:10D520000A9B9C440F9BA5F804C01F440A9B03FB65
:10D5300007E7EF80B9E60029C0F2A8800A9CC7F18E
:10D540002003634301240D9420240C9493FBF1F4F5
:10D5500001FB143B0C9BBBF1000FB8BF04F1FF347F
:10D560001F4404FB07E7A444A5F804C0EF80D0F8EB
:10D5700010C00D9BBCF806E0BCF80470B8BF8B442B
:10D5800008EB03055EEA070311D0BCF902E0BEF127
:10D59000000F0CDBC76ABE4509DAD0E9017EBE4543
:10D5A0003CBF0CF1080707610EF1010787600769AE
:10D5B00013B210937B800E9B3D805545BE80FE804C
:10D5C00004EB030C51D0019BA3EB0C073C4464011A
:10D5D00094FBF1F801FB1844002CB8BF08F1FF38A8
:10D5E000ABEB010308F10107B8BF64180993119769
:10D5F000099BD0F810E01B1958BF119FBEF804B06A
:10D60000099348BF4746BB44AEF804B0BEF806B025
:10D610000BEB471BAEF806B0D0F810E0BC440D9FF2
:10D62000BEF806B03D44BEF804705CBF5B1A0993B7
:10D630005BEA070311D0BEF902B0BBF1000F0CDBAF
:10D64000C76ABB4509DAD0E9017BBB453CBF0EF197
:10D65000080707610BF1010787600769109B3D8090
:10D6600055457B80BE80FE80C2D1019B0F9FA3EBFE
:10D670000C0C03699988614499800C9920377F1AB2
:10D68000D9880CFB071CA3F806C00EE60A9B4FF0D6
:10D69000FF340D947B434942002456E70599B7F8BF
:10D6A0000480B7F806A001F01F014FEA691B029140
:10D6B0000499F34509F01F0CA1EB060408D1029B65
:10D6C0009C44A04404FB0CA4A7F80480FC8058E40C
:10D6D0000599B1EB09015BBFCCF120056C43002536
:10D6E000202544BF04FB0CF449420195019B94FBA7
:10D6F000F1F501FB154454BF4FF001094FF0FF391C
:10D70000002CB8BF05F1FF359C44A84405FB0CACC8
:10D71000A7F80480A7F806C0D0F810C0BCF80680AF
:10D72000BCF80470B8BF641858EA07070BEB09038C
:10D7300011D0BCF90280B8F1000F0CDBC76AB84504
:10D7400009DAD0E90178B8453CBF0CF10807076158
:10D7500008F10107876007694FF0000C12B29E457F
:10D760003B807A80A7F804C0A7F806C02E444DD0AD
:10D77000049FBF1B3D446D0195FBF1F801FB18555B
:10D780006545B8BF08F1FF3808F10107B8BF6D184B
:10D79000641A03974FF0000AD0F810C0641958BFFC
:10D7A000039FBCF804B048BF4746BB44ACF804B084
:10D7B000BCF806B00BEB471BACF806B0D0F810C0B5
:10D7C0003E44BCF806B0BCF8047058BF641A5BEA6B
:10D7D00007074B4411D0BCF902B0BBF1000F0CDBC2
:10D7E000C76ABB4509DAD0E9017BBB453CBF0CF1F8
:10D7F000080707610BF10107876007699E453B80B9
:10D800007A80A7F804A0A7F806A0C5D1049B9E1BA8
:10D8100003699A8832449A80029A02F1200C019A94
:10D82000ACEB020CDA8806FB0C26DE80FFF7A9BB06
:10D83000436A9B07F7B50E46154611D5D0E9051288
:10D8400086EA010785EA02033B4309D03346009587
:10D85000FFF73EFB436AC0E9056543F001034362FD
:10D8600003B0F0BDF8B5436A15469A0704460E4664
:10D8700001D4FFF7F9FA636ADB0704D5D4E907128C
:10D880002046FFF7D5FF2369B3F9002070119042BD
:10D890004FEA651103D1B3F9022091421AD0DF8813
:10D8A0009A883A4310D0B3F90220002A0CDBE76AC9
:10D8B000BA4209DAD4E90172BA4238BF083302F138
:10D8C000010238BF2361A2602369002218805980B9
:10D8D0009A80DA806661C4E906562562F8BD2DE9B2
:10D8E000F047D0B06C4600EBC10127460D1A482D19
:10D8F00000F1080340F3D5802D1100EBC502B0F90B
:10D9000000901668B0F9028006605668B0F906C04B
:10D91000B0F904E0466020F83590A2F80280A2F841
:10D9200004E0A2F806C031F9065CB0F90AC065450A
:10D93000A1F1080206DB19D1B0F9086031F9085CE1
:10D94000AE4213DD0E46B0F9089056F8085DB0F906
:10D950000C80B0F90EE01D6075685D6021F8089CD0
:10D9600021F806CC21F8048C21F802ECB0F9026011
:10D97000B0F90A50AE4206DB16D1B0F900C0B0F9DA
:10D980000850AC4510DA1D68B0F9008005605D688C
:10D99000B0F904E0B0F906C0A0F8088045604681FF
:10D9A000A0F80CE0A0F80EC031F9065CB0F902C096
:10D9B000654506DB19D131F9086CB0F90050AE426B
:10D9C00013DA0E46B0F9009056F8085D0560B0F91C
:10D9D0000480B0F906E07568456021F8089C21F8DC
:10D9E00006CC21F8048C21F802EC0833B0F902C00F
:10D9F000B3F902E0E645F8DB05D1B3F90060B0F910
:10DA00000050AE42F1DB1546083AB2F90260B44567
:10DA1000F9DB05D1B0F90080B2F90060B045F2DB66
:10DA20009342A5F1080616D8D6F800C0B3F900A0B5
:10DA3000C3F800C0B3F90490B3F90680D6F804C067
:10DA4000C3F804C025F808AC25F806EC25F8049CBA
:10DA500025F8028CC9E7D6F800E0B0F900A0C0F8BC
:10DA600000E0B0F90490B0F90680D6F804E0C0F800
:10DA700004E025F808AC25F806CC25F8049C25F828
:10DA8000028CCD1A161AED10B5EBE60FB5BFC4E93E
:10DA90000002C4E900310A4603460834184611461C
:10DAA00024E7994228D9A3F11002B2F912C0B2F9C1
:10DAB0000A50AC4506DB1DD1B2F91060B2F908502E
:10DAC000AE4217DA1546B2F9109055F8086F166194
:10DAD0006E68B2F91480B2F916E0A2F80890A84274
:10DAE0005661A2F80AC0A2F80C80A2F80EE0A2F1DA
:10DAF0000802DAD10833D4E7BC4203D954E9020161
:10DB0000083CF3E650B0BDE8F08710B5436ADA0789
:10DB1000044607D5D0E90712FFF78AFE436A23F0CF
:10DB200001034362636A9B0721D52369D9889A88D8
:10DB30000A4310D0B3F90220002A0CDBE16A8A42C2
:10DB400009DAD4E90112914288BF083302F10102D7
:10DB500088BF2361A260A16829B16368994202D895
:10DB6000E068FFF7BCFE636A23F002036362E068CB
:10DB700010BD0000014B1868704700BF9C390120A0
:10DB8000014B1868704700BFA039012010B5036829
:10DB9000DB6A0C469847031B5842584110BD0000F1
:10DBA000014B1960704700BFA43901202DE9F04FE7
:10DBB0009646054614460E461F46BEE80F0097B02F
:10DBC0000DF11C0CACE80F00DEF80030CCF8003092
:10DBD00004F1140EBEE80F000DF1300CACE80F009C
:10DBE000DEF80030CCF8003004F1280EBEE80F005B
:10DBF0000DF1440CACE80F009DF88C90BDF890A09E
:10DC0000BDF88880DEF80030CCF80030219A2B680F
:10DC10000192CDE9039A209A0092CDF80880D3F8BA
:10DC20003CB007AA3B4631462846D847A646BEE840
:10DC30000F000DF11C0CACE80F00DEF80030CCF842
:10DC4000003004F1280EBEE80F000DF1300CACE8F6
:10DC50000F003C34DEF80030CCF800300FCC0DF172
:10DC6000440CACE80F002368CCF800302B68CDE9F9
:10DC7000039A219A0192209A0092CDF80880DC6BD9
:10DC800007AA3B4631462846A04717B0BDE8F08FAB
:10DC90002DE9F04F8DB088461699D3F800C00F6873
:10DCA000BDF8704092ED094AD2ED0B4AD3ED076AF8
:10DCB0001899DDF864A0B1F90090BAF90010D3ED1D
:10DCC0000A1A93ED0D2AA7EB0C07BC42A8BF3C46ED
:10DCD00007EE904AB8EEE75AD2ED0D7A25EE044AE7
:10DCE00065EE244A25EE275AF7EE007A87EEA67AEB
:10DCF00009EB0C0E714571EEA40A32EE051A36EEF0
:10DD0000840A61EE871A22EE072A40F38D80A1EB88
:10DD10000E0696FBF4F507EE105AB8EEC77A002D02
:10DD200004FB1566A7EE040AE7EE240AA7EE051A1F
:10DD300013DD70EE446A70EEE41AF5EE406AF1EE1F
:10DD400010FA18BF87EEA67A31EE452A08BFB0EE6A
:10DD5000677A61EE871A22EE072A05FB04F2BF1AE2
:10DD60009444BAF80420114409EB0C023A4409B275
:10DD70008A42C4BFA1EB0902A2EB0C07002F50DDC1
:10DD800097FBF4F104FB11720AB901392246C7EE80
:10DD9000803A40680B90D0F800A0179808909DF842
:10DDA0006CB01898CDF824B0B0F902B05B690B984C
:10DDB0005B44F0EE426A60EEA32A21EE233A72EE53
:10DDC000E17AFEEEC86AFEEEC87A079317EE907A03
:10DDD00073EE427AB0EE617AFEEEC87A16EE903AB1
:10DDE00097FBF4F717EE90CABEEEC87A9CFBF4FCE2
:10DDF0000CFB0633029317EE103AB64404FB05E51C
:10DE0000CDE9037C07FB0637CDE90585CDE9004761
:10DE10000029CCBFA1469146A9EB0603DAF80840D9
:10DE2000A0470DB0BDE8F08F00252E4699E7000011
:10DE30002DE9F04FDBB01D46BDF898310A939DF8EF
:10DE40009C310B93BDF8A031109303680F915F6C68
:10DE5000099014462946DDE90A23DDF894B1B84754
:10DE6000099B5860002800F0A1832B6814936B680D
:10DE70001593C44B94ED027A1978D5E90223F2EE9A
:10DE8000047A0029B4EEE77A16BF19461146134604
:10DE9000F1EE10FA1691CDE9173240F2878394ED36
:10DEA000077AB4EEE77AF1EE10FA40F27F8394ED50
:10DEB0000C7AB4EEE77AF1EE10FA40F2778322683A
:10DEC000B14B9A42C0F27283B04963698A4200F34F
:10DED0006D8303F51C33AE48FF33834200F2668343
:10DEE000A36AAC4D03F51C33FF33AB4200F25E83F3
:10DEF000626802F51C33FF33834200F25783A16945
:10DF000001F51C33FF33834200F25083E36A03F5CB
:10DF10001C30FF30A84200F249838A4280F210810F
:10DF20009A4200F31981994280F21D81022501274E
:10DF3000A946B8464FF0000A214649A804F08CFAD9
:10DF40002246534649A9CDF8009019A804F0B4FB25
:10DF50002246534649A9CDF8008029A804F0ACFB1D
:10DF60004346224649A9CDF8009039A804F0A4FB05
:10DF7000AF42B5BF002301230E930E930F9B93E88E
:10DF8000030012AFB9BF29AD19AC19AD29AC87E8B0
:10DF9000030028B9804B18680368DB6A984738602B
:10DFA000649BBBF80600B3F902300C930C996369CB
:10DFB0002F9A0B44BBF90210084400B283420D9023
:10DFC00080F2DD808B4208DA002A06DDCB1A9A4205
:10DFD000C0F2E480002B00F3E28067690C9B3B44B5
:10DFE0001F460D9BDF1B9742A8BF17460DF1500837
:10DFF000002F40F36681649B2968B3F90020BBF9C8
:10E0000000302068114499421ADDBBF804100B441B
:10E0100002441BB29A4213DC099B109A1B680692B9
:10E020000B9A05920A9A0095CDE903B2649A099871
:10E03000CDE9018212A9D3F8489049AA2346C847DE
:10E04000D4E900231A44636994ED0A7AD4ED0B7A7B
:10E05000D4ED0E6AA16894ED086A22600133636111
:10E06000A36937EE277A013BD4ED0D7AA3612369CA
:10E0700084ED0A7A77EEA67AD4ED076AC4ED0D7ABC
:10E080000B44E168236176EE866A8B42C4ED076A31
:10E0900015DB94ED096A76EE266A0132C4ED076A53
:10E0A000D4ED0C6A226036EE877A5B1A84ED0A7A28
:10E0B00094ED0F7A236177EE277AC4ED0D7AD5E9D6
:10E0C00000231A446B6995ED0A7AD5ED0B7AD5EDEC
:10E0D0000E6AA96895ED086A2A6001336B61AB6925
:10E0E00037EE277A013BD5ED0D7AAB612B6985EDD3
:10E0F0000A7A77EEA67AD5ED076AC5ED0D7A0B445C
:10E10000E9682B6176EE866A8B42C5ED076A15DBFE
:10E1100095ED096A76EE266A0132C5ED076AD5EDFE
:10E120000C6A2A6036EE877A5B1A85ED0A7A95EDDD
:10E130000F7A2B6177EE277AC5ED0D7A013F57E70D
:10E14000994213DC9A4214DA02250327A9464FF0BC
:10E1500000084FF0010AEFE601250027A946B8465E
:10E160004FF0020AE8E601250227E1E60025012733
:10E17000F4E7022703254FF00009B846E9E7134604
:10E1800028E700BF8C390120018FFDFF00710200DC
:10E19000FFE10400FEE104009439012013462B99AD
:10E1A0001191DDE9290ADDE92C812E9FDDED344A4C
:10E1B0009DED337A9DED374ADDED367ADDED313A6E
:10E1C000DDED306A9DED325ADDED355A9DED386A50
:10E1D0009E469C464FF00009BCF1000F47D103EB6F
:10E1E000070CD71AB9F1000F09D0CDE92EC7299035
:10E1F0008DED337ACDED367ACDED306A2D911B99C8
:10E200001191DDE9190ADDE91EC7DDE91C91DDED9B
:10E21000244ADDED236A9DED274A9DED267ADDED4A
:10E22000213ADDED207A9DED225ADDED255A9DED56
:10E23000286A4FF00008BEF1000F31D0119E314422
:10E240004945504476EEA46A37EE047A77EEA37A15
:10E2500008DB77EE857A76EEA56A37EE067A01302E
:10E26000A1EB09010EF1FF3E4FF00108E3E7119E1B
:10E2700031444145504437EE247A77EE847A76EE85
:10E28000A36A08DB76EE856A37EE257A77EE867A22
:10E290000130A1EB08010CF1FF3C4FF001099BE7B5
:10E2A0009C44FF1AB8F1000F09D0CDE91EC71990A0
:10E2B000CDED236A8DED267ACDED207A1D91D21A0F
:10E2C0008BE60E9B3F9A002B00F0D18019AD39AC44
:10E2D000649BBBF80600B3F902300C930C99636998
:10E2E0000B44BBF90210084400B283420D9080F247
:10E2F000C1808B4208DA002A06DDCB1A9A42C0F2AE
:10E30000BB80002B00F3B98067690C9B3B441F4620
:10E310000D9BDF1B9742A8BF17460DF15008002F39
:10E3200040F33C81649B2968B3F90020BBF90030BD
:10E330002068114499421ADDBBF804100B440244D2
:10E340001BB29A4213DC099B109A1B6806920B9A27
:10E3500005920A9A0095CDE903B2649A0998CDE92D
:10E36000018212A9D3F8489049AA2346C847D4E9A4
:10E3700000231A44636994ED0A7AD4ED0B7AD4ED44
:10E380000E6AA16894ED086A226001336361A36993
:10E3900037EE277A013BD4ED0D7AA361236984ED32
:10E3A0000A7A77EEA67AD4ED076AC4ED0D7A0B44AB
:10E3B000E168236176EE866A8B42C4ED076A15DB5D
:10E3C00094ED096A76EE266A0132C4ED076AD4ED4F
:10E3D0000C6A226036EE877A5B1A84ED0A7A94ED35
:10E3E0000F7A236177EE277AC4ED0D7AD5E9002301
:10E3F0001A446B6995ED0A7AD5ED0B7AD5ED0E6A64
:10E40000A96895ED086A2A6001336B61AB6937EE44
:10E41000277A013BD5ED0D7AAB612B6985ED0A7A40
:10E4200077EEA67AD5ED076AC5ED0D7A0B44E9685B
:10E430002B6176EE866A8B42C5ED076A15DB95ED9A
:10E44000096A76EE266A0132C5ED076AD5ED0C6AD7
:10E450002A6036EE877A5B1A85ED0A7A95ED0F7A97
:10E460002B6177EE277AC5ED0D7A013F57E739AD7D
:10E4700019AC2DE7134644E71346DDE9390A3B9E04
:10E48000DDF8F8C09DED437ADDED444ADDED467AD6
:10E490009DED474ADDED406ADDED413A3D99DDF8FD
:10E4A000F0809DED425ADDED455A9DED486A0E968D
:10E4B0009E461F464FF00009002F46D19C44D71AB4
:10E4C000B9F1000F09D0CDE93EC739903D91CDEDAE
:10E4D000406A8DED437ACDED467A1B990E91DDE9C8
:10E4E000190ADDE91EC7DDE91C91DDED244ADDEDE9
:10E4F000236A9DED274A9DED267ADDED213ADDED7B
:10E50000207A9DED225ADDED255A9DED286A4FF0C7
:10E510000008BEF1000F30D00E9E314449455044F2
:10E5200076EEA46A37EE047A77EEA37A08DB77EE0C
:10E53000857A76EEA56A37EE067A0130A1EB0901FD
:10E540000EF1FF3E4FF00108E3E70E9E31444145D6
:10E55000504437EE247A77EE847A76EEA36A08DBAD
:10E5600076EE856A37EE257A77EE867A0130A1EB72
:10E570000801013F4FF001099EE79C44FF1AB8F1E2
:10E58000000F09D0CDE91EC71990CDED236A8DED9E
:10E59000267ACDED207A1D91D21AB5E60F9B1B6825
:10E5A00023B9044B186803681B6B98475BB0BDE840
:10E5B000F08F00BF9439012070B504469DF81C60AF
:10E5C0000598616000259DF810106382BDF9183030
:10E5D000258021726672E0602282A382E582258313
:10E5E0006583A583E583258484F822502EB30368D0
:10E5F0005B699847064600B3E06803683146DB680C
:10E6000098470546C8B1437B827A5B0003F4807368
:10E6100013432384637A062B0FD1E06803682A46EC
:10E620005B6C314698476B7B5B0003F48072AB7A7E
:10E6300013431844238C18442084204670BD2DE9D0
:10E64000F04F002485B08146884692469B46274677
:10E650002546264654452ADA002303934FF6FF63E6
:10E660009D4204D042F20B039D4218BF2F4603ABDC
:10E6700042465946484603F005FD0546B8B10A280A
:10E6800015D0039A8AB1507B937A9588400000F4A4
:10E69000807003430193D8F8003039465B6C4046E4
:10E6A0009847019B18440644B6B20134D2E730467D
:10E6B00005B0BDE8F08F022A30B511D0032A1CD076
:10E6C000012A0CD18B880188B0F904204488048089
:10E6D0005B1A9B1AB0F9061043808180C28030BD5E
:10E6E000CB8842889B1AC2889B1A8A8801884380FB
:10E6F000521A8188521A0280F1E7CB884188B0F91A
:10E700000620B0F90050B0F9044045805B1A9B1A0E
:10E7100003808280C480E2E72DE9F04F9FB00F9222
:10E720001293299A299B2A9D12889B880E90134444
:10E73000286817911BB2119303689DF8ACB05B6D0C
:10E740009DF8B84098472B6813901A7BDB7A159296
:10E750001693BDF9A060002C67D02B7C2D9A062B58
:10E7600014BF0123022313444FF000091093CDF886
:10E7700034904C46CDF830900D9B109A934280F225
:10E780008B800023CDE91C338DF86F304FF6FF638B
:10E790009C4206D00C9B42F20B02944218BF2346C7
:10E7A0000C930D9B2D992A688B4240DB1368104611
:10E7B0005B6998470446286803681DAA9F6821463C
:10E7C0000DF16F03B8471C904FF6FF639C4200F0B9
:10E7D000EA8042F20B039C4200F0E580002C00F03E
:10E7E0000C810A2C5ED01C9A6AB39488BBF1000F8E
:10E7F0003AD092F80D904FEA490909F4807392F8E3
:10E800000A90BBF1010F49EA030933D10C9BA6EB37
:10E810000906002B4DD1159A09EB06031344299ADA
:10E82000B2F9002093424EDA36E02D9B9CE70DF1C1
:10E830006F0301931DAB009359461CAB2C9803F05A
:10E840006AFC0446C0E7286803681B6998474FF6CE
:10E85000FF63984200F0A78042F20B03984200F059
:10E86000A280BBF1000F00D14E441C9A002AC0D1F7
:10E87000914698E00C9B002B00F0C180BBF1000F8B
:10E8800017D128680C9903685B6C98470644169B5F
:10E89000119AF31A934216DD002C00F0AE800A2C78
:10E8A00040F09C800A24B4FA84F040091FB0BDE80F
:10E8B000F08F28680C9903685B6C9847BBF1010FD7
:10E8C000A6EB0006A7D01C98299B90F90910B3F974
:10E8D0000080437B5B0103F48072837931441343EE
:10E8E0000B4443455FDB119B99425CDA286803685F
:10E8F000B045C8BFA8EB06081B6BCCBF1FFA88F851
:10E900004FF0000898471C9A537BD90001F4807798
:10E91000117A39435F06129F44BFA1F5007109B215
:10E92000C7197F1A2999BFB2B1F902100FFA87FAF5
:10E9300051453CDD1B01D07903F4807303439A44B5
:10E94000514530DCCF1B3FB28A461992139A1D9B6A
:10E950002868002A2DD118930E9B1968CB6C01688A
:10E960001493096C8847A9790B91A97B0A919DF8AA
:10E970006F100991A968189B0693BFB2CDE9028771
:10E98000299B0493B044CDE907010FFA88F3009363
:10E99000199A0F9B0592CDF804A01A6817995B6825
:10E9A0000E98149FB8470D9B01330D93E4E60027A2
:10E9B000CBE70E9AD2F808C0129ADCF80010CDE925
:10E9C0000462AA790392AA7B0292AA68CDE90002A6
:10E9D000299A8F680F996046B847E4E70D9D2D9BF3
:10E9E00001359D42BFF65FAF59462C98F4F7B8FF4A
:10E9F000044610B10A28F2D154E7002453E7BBF1D2
:10EA0000000F3FF444AF5EE730B5C48A458B4383C3
:10EA10002C44E41AC482838B048B22440C44591A7C
:10EA2000C2830483818330BD2DE9F04F0446478AB9
:10EA3000C068036885B09B6B9847B4F91460637A2B
:10EA400006EB4006B74203F1FF33ACBF4FF00009BD
:10EA50004FF00109052B04D8DFE803F054080E47F6
:10EA60004C4C0025A9462E462F460DE0B742B4BFB8
:10EA7000002601260025F7E7B7424D464FF0000972
:10EA8000B4BF002601264F464FF00008A4F81680B8
:10EA9000A4F81880CDF80480002303932388202B4A
:10EAA00034D042F20B015A1AD2F1000A4AEB020AA0
:10EAB0004FF6FF62934209D08B42019A18BF1A4663
:10EAC00001920CBF4FF0010A4FF0000A03ABE2685D
:10EAD000217A606803F0D6FA2080D8B9A28B00238F
:10EAE00011462046FFF790FF6EE00025A9462E460E
:10EAF0000127C9E7B7424FF00005B4BF002701273F
:10EB00002E46C1E70025A9460126ADE701934FF047
:10EB1000010ADBE7638B0A2803F101036383DDD07D
:10EB2000039A62BB4FF6FF63984203D042F20B0395
:10EB30009842B1D12388A18B202B03D042F20B0045
:10EB4000834231D1BAF1000F0ABF884650460120F6
:10EB50000A44238BB4F810C092B2A2831344B9F1D3
:10EB6000000F02D1002D42D000B3218C19448C45F6
:10EB700037DAE18A002934D063458DDD1DE09388C2
:10EB8000238092F80DB001994FEA4B0B0BF4807083
:10EB900092F80AB04BEA000BE06803685B6C984798
:10EBA0000BEB000292B2C5E70020D1E763457FF787
:10EBB00073AFE38A002B3FF46FAF012384F8223058
:10EBC000228CE38B1344E383E06803689B6B9847D4
:10EBD000B4F914301844638A181A608205B0BDE88D
:10EBE000F08F002311462046FFF70EFF54E76345E0
:10EBF00014DD17B101230A4672E7002E3FF44CAF33
:10EC000000287FF449AFBAF1000F02D00123424639
:10EC100067E7E38A002B3FF43FAFD5E700287FF496
:10EC20003BAFBAF1000F3FF437AF01234246DAE7BA
:10EC3000F0B505468FB017461C460E46D1B11B688D
:10EC400020469B6B9847404200B2CDE901400396B5
:10EC500000974FF6FF73BDF85020294605A8FFF72F
:10EC6000ABFC012405A8FFF7DFFEBDF8143063B14B
:10EC70000134F7E703F0D4FA01240A28284608BF34
:10EC8000013403F0CDFA0028F7D1A0B20FB0F0BDE7
:10EC90002DE9F04FE3B01C466C9B83468846002B61
:10ECA00000F012812368002B00F00E81A37B002B63
:10ECB00000F00A8110685168B8F90420ADF83420DA
:10ECC0000AAD2B4603C30021B8F906300C91A27996
:10ECD000ADF836300CA92846FFF7EDFC0CA9084624
:10ECE000A279FFF7E8FC17A802F045FE2068036848
:10ECF000DB6C98470646206803681B6D98473346CF
:10ED00006D9A6C99009017A802F090FE206894F814
:10ED100004A003689B6B9847B4F90C60236807460E
:10ED2000064430A893F8099002F025FE237C7BB1BD
:10ED300020680368DB6C9847099020680268126DB0
:10ED40009047099B00906D9A6C9930A802F06EFE76
:10ED5000BDF83410E27BBDF836308A1A217C03916D
:10ED6000B4F90C100291216801916179009192B27D
:10ED700030A90EA8FFF720FC002E5BDC17AF4FF088
:10ED80000009237C002B00F0B1800EA8FFF74CFE99
:10ED9000BAF1000F00F0A580237C09936422394664
:10EDA00049A814F070FC099B002B00F0A780BDF966
:10EDB00056302279012A40F08A80BDF93400C01A09
:10EDC000022390FBF3F000B2237C002B00F08B8039
:10EDD000BDF84E209DF85A10BDF93230CDE905211D
:10EDE000BDF83020104400B20090CDE90397CDE982
:10EDF0000154424600215846FFF78EFC002863D19B
:10EE0000BDF83230BDF83610B2B213448A1AADF8EC
:10EE100036209DF85A201BB2ADF83230002A53D16B
:10EE200022686988127A9B1AEA880A4412B29342CD
:10EE3000A7DD49E0237C4F44C3B14FF6FF79BDF90C
:10EE40003230B5F902203B44934297DA0EA8FFF71F
:10EE5000EBFDBDF84E30013B9BB24B45099321D0F1
:10EE6000617917A8F4F77CFD099BF4E71FFA86F98E
:10EE7000BDF93230B5F902203B449342BFF67EAF74
:10EE800017A803F0CDF9F8B10A28F1D1BDF8323056
:10EE90004B44ADF83230BDF83630A3EB0903ADF882
:10EEA0003630E5E7BDF83220B3B21A44ADF832206F
:10EEB000BDF83620D31AADF83630BDF838301BB166
:10EEC0009DF85A30002BBAD063B0BDE8F08F022A0B
:10EED00005D1E27BBDF83400801AC01A73E7002028
:10EEE00072E7E07B70E747F6FF7273E7BAF1000F55
:10EEF000F7D06422394649A814F0C5FB002347F631
:10EF0000FF72216849A8FFF79AFB03B251E7032B70
:10EF100018D8DFE803F002060D13B0F900205018EE
:10EF2000704703888088184400B2801A01387047FF
:10EF300003888088184400B2401AF7E7B0F900004F
:10EF40001044704700207047032B17D8DFE803F008
:10EF500002060910B0F9021050187047B0F90220EB
:10EF6000FAE74388C088184400B2801A0138704715
:10EF70004388C088184400B2401AF7E70020704761
:10EF8000014B00221A607047A43901200346C8B122
:10EF9000020C1204A2B90304102013F07F4F04BF27
:10EFA0001B02083013F0704F04BF1B01043013F034
:10EFB000404F04BF9B000230002B04DB0130704740
:10EFC0000020EAE7202070472DE9F04F87B00D467A
:10EFD00016469846DDE91047014620B11AB11F2DAB
:10EFE00001D81F2B04D90020386007B0BDE8F08F8E
:10EFF0007DB943B10246CDE900472B464146304634
:10F00000FFF7E2FFF1E74FF0FF333B606FF00040A6
:10F01000EBE732FA05FA06D14643B6FBF4F004FBFF
:10F0200010663E60E1E70122AA40013A164000FA6C
:10F0300005FB3046BBFBF4F90AFB09F30393FFF72A
:10F04000A5FF2B460A46CDE9004701463046FFF7AB
:10F05000BBFF04FB19B90646484605EB0801FFF75C
:10F0600095FF05ABCDE900434A4603465046FFF7FE
:10F07000ABFF3968059A039B1144B1FBF4F2D31836
:10F080001E4404FB121430443C60AEE72DE9F0430B
:10F0900085B0B0F100090C9C1D46BFBF23685B42E0
:10F0A000C9F100092360B4BF4FF0FF360126002AE2
:10F0B000174604DA23685B42574276422360002DEC
:10F0C0003846BABF6D424FF0FF384FF00108FFF7E6
:10F0D0005DFF03ABCDE900533A4603464846FFF7D0
:10F0E00073FF2368039A46451A4492FBF5F31844CC
:10F0F00018BF404205FB1323721C236005D1002B6F
:10F10000C3F100020BDB226006E0012E04D1002BCC
:10F1100002DA2B440138236005B0BDE8F0830138E2
:10F12000521BF0E72DE9FF411C4C0768A369054617
:10F130002BB94068C5E9007004B0BDE8F081A26851
:10F14000206804AE4FF0020893FBF8F10A4446F839
:10F15000042DE16900963A46FFF798FFA3696A68B3
:10F16000216A009607466068FFF790FF6269A3690D
:10F1700093FBF8F842440392616A2A6800960744B8
:10F18000E068FFF783FF00968046A3696A68A16A7A
:10F190002069FFF77BFF4044CCE700BFA83901207E
:10F1A000074B1B78012B09D1B1F90030B0F90020D1
:10F1B0000380044B1B88013B9B1A0B80704700BFE8
:10F1C0008C3901208839012010B5074B1B78012BA1
:10F1D00008D1064B0C881B88B0F90020013B1B1B93
:10F1E00003800A8010BD00BF8C39012088390120BE
:10F1F00010B50A4B1B78012B0ED1B0F906104388CD
:10F20000B0F900404480CA18054B1B889B1A038044
:10F21000B0F90430C380818010BD00BF8C3901205B
:10F2200088390120084B1B78012B0CD10388B0F9D9
:10F230000410428802805A18044B1B889B1A438092
:10F24000C3888380C18070478C39012088390120B0
:10F2500010B5074B1B78012B08D1B1F90030B0F97C
:10F26000004003809388013B1B1B0B8010BD00BF37
:10F270008C39012010B50A4B1B78012B0A460DD1A1
:10F28000818803880B440146013B21F8023BFFF7CC
:10F29000DFFFB0F90430C2888280C38010BD00BF98
:10F2A0008C390120064BB3F90020064BA0F834211D
:10F2B000B3F90030A0F836310021C0F830117047A2
:10F2C000883901208A390120034B186810B103687E
:10F2D0009B691847704700BFD8390120704700006C
:10F2E00007B5094BB3F90020084BADF80420B3F97A
:10F2F0000030ADF806300368002100919B6C694630
:10F30000984703B05DF804FB883901208A39012051
:10F31000094BB3F90020094B82B0B3F90030ADF8C6
:10F3200004200021ADF806300091036802AA12E91A
:10F3300006001B6C02B01847883901208A39012069
:10F34000034B186810B10368DB691847704700BFAA
:10F35000D8390120034B186810B103681B6A18479D
:10F36000704700BFD83901200023A0F8EC30704767
:10F37000034B186810B103689B6A1847704700BFB9
:10F38000D8390120704710B54FF49E71044612F031
:10F3900045FF204610BD10B5B1F900408A88B0F98C
:10F3A0000030224412B2934215DA828813441BB211
:10F3B0009C4210DAB1F90230C988B0F90220194430
:10F3C00009B28A4207DAC088104400B28342ACBF57
:10F3D0000020012010BD0020FCE7B0F90030002B18
:10F3E00010B504DA84882344838000230380B0F9B5
:10F3F0000040B0F90430091B8B42B0F90230C8BF9D
:10F400008180002B04DAC1880B44C3800023438031
:10F41000B0F90210B0F90630521A9342C8BFC28048
:10F4200010BD000010B5104BB3F900200F4B0C4677
:10F430002046B3F90010FFF7D0FF0D4B186890B1CC
:10F44000036821469B6898470A4B186818B10368FF
:10F4500021469B689847084B186803682146DB697A
:10F46000BDE81040184710BD8A39012088390120B5
:10F47000D8390120D439012094390120F8B5064645
:10F4800008460F46FAF793FAE8B9B7F90050B6F90B
:10F490000040A54217DBB7F90220B6F902309A42C4
:10F4A00011DBB9880D44B1880C442DB224B2A542B9
:10F4B00009DCF8881044F288134400B21BB2984269
:10F4C000CCBF00200120F8BDF8B5044608460D4623
:10F4D000FAF76DFA78B92046FAF769FAB5F90060DB
:10F4E00050B12680B5F902306380B5F90430A380AD
:10F4F000B5F90630E380F8BDB4F90010B5F9022083
:10F50000B4F90230B5F804C0ED88B1420F46A8BF87
:10F510003746934218466644A8BF1046B4F804C064
:10F5200027802A44E588608061442B4436B209B2C2
:10F5300012B21BB28E42ACBFC7EB0601C7EB010192
:10F540009A42ACBFC0EB0202C0EB0302A180E28092
:10F55000D1E70000014B1868704700BFE83901206F
:10F56000F8B5104B1B780546D3B10F4B0F4F1C88D5
:10F5700000F1EE06B5F82E31A3420ED93B6893F8A0
:10F5800058200AB1D86C00B99868036806EBC4012A
:10F59000DB6901349847A4B2ECE70023A5F82E31CB
:10F5A000F8BD00BF92390120840000209439012069
:10F5B00010B50023A0F8A430B0F88030A0F8A63031
:10F5C0000446B4F8A430B4F8A6209A420ED9E21842
:10F5D00092F8842022B154F8230003681B6D9847E9
:10F5E000B4F8A4300133A4F8A430EAE710BD002336
:10F5F000A0F8803000F18402A43002F8013B82427E
:10F60000FBD1704770B50B4C054620680E4610B113
:10F6100003685B699847281DFFF7E9FF2660336898
:10F620003046DB6898472B6828465B6CBDE8704025
:10F63000184700BFD83901200023B0F880C0B0F8C7
:10F64000A410F0B51A461C461D469C451ADDC61886
:10F6500096F884606EB19A4208D01FFA82FE50F884
:10F66000237040F82E70871887F8846001320133C8
:10F67000EBE7B0F8A6609942A8BF01359E42C8BF2B
:10F680000134F4E7B0F8A630491B1B1BA0F8A41006
:10F69000A0F8A630B0F88030934203DD013BA0F81B
:10F6A0008030F7E7F0BD000070B5164D04462868BD
:10F6B00040B1037A33B984F8383103689B68BDE8F8
:10F6C0007040184794F838310F4E73B968B1037A17
:10F6D0005BB1306810B103681B69984728680368FC
:10F6E000DB689847012384F8383104342046FFF75B
:10F6F0005FFF2046FFF7A0FF306810B103685B6A28
:10F70000DDE770BDDC390120D8390120034600F166
:10F71000400100221A805A809A80DA8008338B4296
:10F72000F8D1A0F840207047F8B506461C4B46F8C3
:10F73000043B04460025A8220021304613F0D3FEE6
:10F74000A4F8845004F1AC00FFF7E0FF04F1EE00F0
:10F75000FFF7DCFFA4F83051A4F83251A4F834517B
:10F76000A4F8365184F838510E490F480F4F11F064
:10F77000C1FE0F4B58B11D800E4A002313600E4A84
:10F780003B6030461360FFF732FF2046F8BD4FF470
:10F79000806202201A80386001F040FFECE700BF71
:10F7A000A85E0208CDB5E8B5C2A507F4D839012096
:10F7B00084000020E8390120DC390120B0F8403015
:10F7C000013B9BB28B4210B5A0F8403008D900EB4A
:10F7D000C30300EBC1041A6840F831205A68626024
:10F7E00010BD00002DE9F04F924B8FB00AAC84E8B9
:10F7F0000600B3F90020904B8346B3F90010204671
:10F80000FFF7EBFD2046FAF7D2F8002870D18B4BBA
:10F810001B6893F84830022B6AD00394BBF8EC4085
:10F820000BF1AC030BEBC405A43501935CB1294685
:10F830000398FFF723FE013C18B1A1B20198FFF72E
:10F84000BDFF083DF2E7BBF8ECA0CDF810A00AF12F
:10F85000FF3302934FEACA0303F1A40406935C4406
:10F8600000252646CDF814A02F46059B002B73D00B
:10F8700003993046FFF78FFD50B3BDF928E0B6F984
:10F8800000C0BDF92A80B6F90290E64533DBBDF829
:10F890002C20B3887244634412B21BB29A422ADC11
:10F8A000F388BDF82E101FFA89F213449BB2C845A5
:10F8B0001FFA88FC0FFA83FE0FDBA3EB0C03C91AB7
:10F8C00009B20029ADF82E1012DDADF82AE0054688
:10F8D000059B013B0593083EC7E7614409B27145AA
:10F8E00038DCA2EB0C0212B2ADF82E20002AEEDCBE
:10F8F0000FB0BDE8F08FC8452CDBF3889944BDF804
:10F900002E3098440FFA89F90FFA88F8C14521DBA7
:10F91000B388BDF82C101FFA8CF213449BB2E64555
:10F920001FFA8EF80FFA83F90ADBA3EB0803C91A52
:10F9300009B20029ADF82C10DADDADF82890C6E741
:10F94000414409B2494505DCA2EB080212B2ADF808
:10F950002C20CBE70746BBE7002D81D1002F00F01C
:10F96000DF81BDF92860BDF92A70BDF82EA0B3B2C1
:10F970000593059ABDF82C301344BAB292449BB259
:10F980001FFA8AFA0FFA83F80FFA8AF9CDE90723EA
:10F99000049B002B54D003992046FFF7FCFCDDE9C3
:10F9A0000723C0B1B4F900E0B4F90210764522DCB7
:10F9B000B4F804C0F4440FFA8CFCE0451BDB8F4222
:10F9C0001FFA81FCE1880DDCAAEB0C0CA1EB0C0109
:10F9D000A4F80290E1802846049901390491083C7A
:10F9E0000546D3E7614409B24945F5DCA2EB0C0CAE
:10F9F000A4F806C0EFE78F42EEDCB4F806C061441D
:10FA000009B28945E8DB76451FFA8EFCA18807DC40
:10FA1000A3EB0C0CA1EB0C01A4F80080A180DAE7A9
:10FA2000614409B28845D7DB0599A1EB0C0CA4F819
:10FA300004C0D0E78A390120883901209439012097
:10FA4000002D00F06D81069B5B441C46029B013338
:10FA500000F0668104F1A40529460398FFF70EFD26
:10FA600020B1BDF808100198FFF7A8FE03992846B9
:10FA7000FFF791FC002800F09C80B4F9A490B4F941
:10FA8000A830BDF9280009931FFA89F101EB030C96
:10FA90001FFA8CFABDF82CC0BDF92AE0B4F9A620F3
:10FAA00083B203EB0C05ADB20595BDF91450049576
:10FAB0004845BBF8EC5040F399805B1A9BB29645E1
:10FAC0000FFA8AF01EB22EDD029FBDF82E400BEB1E
:10FAD000C708049F3F1AB8F8B2001FFA8EFE92B210
:10FAE000AEEB0201A644024489B20FFA8EFE12B2B6
:10FAF0000DB2AEEB02026F437243974209DBB8F8D6
:10FB0000AC20A8F8B250ADF828209C44ADF82CC029
:10FB100084E62144B8F8AE30A8F8B060ADF82E10F5
:10FB2000ADF82A307AE6049FB84227DA0299BDF888
:10FB30002E500BEBC10405EB0E011FFA81F8B4F84F
:10FB4000B2101144A1EB080189B20FFA88F9A2EBB7
:10FB50000E020FFA81F83F1A724308FB07F7BA4208
:10FB600006DCA4F8AE90A4F8B280B4F8AC20CAE7E2
:10FB7000A4F8B0602944ADF82E104FE60598AAEB22
:10FB8000000080B2062D0FFA80FE17D8049BA4F85F
:10FB9000A4306B1CB4F9AA10A4F8A8E0ABF8EC30C0
:10FBA000019B019803EBC50320F835905A809E8095
:10FBB000D980029B013B0293083C47E7029AB64575
:10FBC0004FEAC2020DDB9C441FFA8CFC5A44ADF88C
:10FBD0002CC08C44ADF82890A2F8ACC0A2F8B0E0DC
:10FBE0001CE65A448444A2F8B0608FE7BDF82E604A
:10FBF0001FFA8EF101EB060893B21FFA88F80693FC
:10FC00000FFA88F30793069FB4F8AA303B449BB2DF
:10FC10009645089324DA0599A3EB0803AAEB01049F
:10FC2000A4B29BB225B219B2A2EB0E02A9EB00005E
:10FC30006A4348438242029A4FEAC2025A4406DCAF
:10FC4000079BA2F8B210A2F8AE30A4445EE7049974
:10FC5000A2F8B050A2F8AC103344ADF82E30DDE578
:10FC6000069F049BC91B0FFA8AF789B29F420FFABD
:10FC700081FE23DD059ABDF92030079DAAEB020223
:10FC800092B2A5EB030A14B2A9EB0000029B0EFB93
:10FC900000F004FB0AFADB0050455B4403DBA3F8E9
:10FCA000B2E0944432E7049AA3F8AC20A3F8B04041
:10FCB000B3F8AE30ADF82A3031445CE7089BA3EBD3
:10FCC00008039BB2062D18B213D8079BA4F8A630E0
:10FCD0006B1CA4F8AA00ABF8EC30019B019903EB74
:10FCE000C50321F835905A80099A9A80A3F806E056
:10FCF0005FE7029C70454FEAC4040DDB3144069B6C
:10FD0000ADF82A2089B25C44ADF82E101944A4F84D
:10FD1000AE10A4F8B20081E55C44A4F8B2E09BE721
:10FD2000BBF8EC40651EADB20BEBC4044FF6FF769A
:10FD3000B54244D0BDF92A20B4F9A600BDF9281077
:10FD4000B4F9A47082421FD1BDF92EC0B4F9AA3013
:10FD50009C4519D1B4F8A830BDF82C20D81900B2B0
:10FD6000884209D1ADF828701344ADF82C302946EB
:10FD70000198FFF723FD03E0114409B2B942F3D023
:10FD8000013DADB2083CD3E7B942F9D1BDF92C1021
:10FD9000B4F9A8309942F3D1B4F8AA30BDF82E10C6
:10FDA0001F183FB2BA4205D1ADF82A000B44ADF896
:10FDB0002E30DCE70A4412B29042E1D1F6E7BBF8FC
:10FDC000EC60072E4FEAC60412D8751CABF8EC5055
:10FDD000019DBDF92800BDF92A10BDF92C20BDF9FF
:10FDE0002E3025F836002C446180A280E3807FE528
:10FDF0000BF1AC03013E5C446FF0004A4FF0FF375B
:10FE000000250593B4F9A8300293721EB4F9AA3004
:10FE10000493914604F1A403B9F1FF3F14BF05997F
:10FE2000DDF80CE01868079218BF01EBC90E0DF160
:10FE3000300CBEF80610BEF80480069318FB01F8DB
:10FE40005968ACE8030071460CA8FFF73DFBBDF80C
:10FE50003610BDF83400049B029A10FB01F002FB3F
:10FE60000388A0EB08014FF0080C90FBFCF08842DF
:10FE700020DC5145DDE9063203DAD9B18A464F4626
:10FE8000354609F1FF3919F1020FC5D11646013285
:10FE9000A4F10804B6D1019BACB2ED0058197B1C4B
:10FEA0000BD101460398FFF70FFB21460198FFF79E
:10FEB00085FCB3E44F463546EDE7019BFF00D919B9
:10FEC000FFF702FB039B03CB5F445D44C7F8AC0024
:10FED000C7F8B01055F8AC0F039B696803C3E4E79B
:10FEE0002DE9F04F00F59876A1B004463046F9F7B9
:10FEF0005EFD054648B9236896E806001B6C20465F
:10FF00009847C4F83051C4F83451B4F8EC30002BA1
:10FF100049D1B14B1B6893F84870BB1E5F425F41EB
:10FF2000AE4B1B68002B40D0AD4D2846F9F73FFD86
:10FF30000646002839D12846FFF75AF92368296870
:10FF40001B6C6A68204698472E806E80AE80EE80DB
:10FF50000FAFA44E3846FFF7D9FB3588B4F8ECC094
:10FF60002B4604F1AC00634524D2BDF87C10072970
:10FF700016D800EBC30230F93390B2F902A0B2F9FF
:10FF80000480B2F906E04A1CADF87C2007EBC10200
:10FF900027F83190A2F802A0A2F80480A2F806E0A7
:10FFA00001339BB2DFE70127BAE7002FD0D121B0A0
:10FFB000BDE8F08FB4F82E31AB420CD904EBC50389
:10FFC0002268D3F8EE10176CD3F8F22020460135E2
:10FFD000B847ADB2EEE7804D286890F84830012B65
:10FFE00040F03B81804A33881278B4F8EC00012A53
:10FFF00014D004EBC302AE324FF00009834202F189
:020000040801F1
:10000000080280F2828032F8041C32F8087C3944FD
:1000100009B28945B8BF89460133EFE7734F3A8883
:100020009346834208DA04EBC3010133B1F9AC1003
:100030008B45A8BF8B46F4E700230F2ADFF8B09169
:10004000ADF82C208CBF4FEAD2084FF00108ADF874
:100050002E30ADF83030ADF83230BDF92C30286894
:100060005B4540F3C7800368B7F800A0D3F8A83019
:100070009847BDF92CC02B68AAEB000080B2ACEB0E
:10008000080E704593F87C1093F86A2005DD5845FA
:1000900003DD01B992B3584606E00029FBD1002ADE
:1000A000F9D15845B8BF5846B9F90030ADF82C0021
:1000B0000022ACEB0000B6F800A0ADF82E20ADF8A1
:1000C0003000ADF83230B4F8EC305345C5DD04EB08
:1000D000CA020DAB52F8AC0F516803C30DA80BA9AF
:1000E000F9F722FC0DA8F9F762FC20B923680DA9E5
:1000F0009B6C204698470AF1010AE4E71A6801213F
:10010000D2F8A42018469047A7E7394BDFF8DC80E7
:100110001F880023CDE90B330F2F8CBFFF08012769
:10012000BDF83230BDF82E20286813441BB24B4571
:1001300060DA0368D3F8A8309847BDF82EE0BDF820
:1001400032302A6873441BB203EB070E704592F8F5
:100150007CC092F86A100DDA48450BDABCF1000F4A
:1001600038D1002936D113680121D3F8A4301046C4
:100170009847D5E7BCF1000F2CD159BB4845A8BF23
:100180004846B8F90020B6F800A0ADF82E3000219E
:10019000C01AADF82C10ADF83020ADF83200B4F82C
:1001A000EC305345BCDD04EBCA020DAB52F8AC0F8A
:1001B000516803C30DA80BA9F9F7B6FB0DA8F9F711
:1001C000F6FB20B923680DA99B6C204698470AF1DD
:1001D000010AE4E74846D4E794390120D4390120E4
:1001E000E0390120840000208C3901208839012069
:1001F0008A390120286803685B6A9847A54B1B78F9
:10020000002B3FF4D4AE0023A4F82E31A24BBDF84E
:100210007C601B880FA804F1EE05B342BFF4C7AEA3
:10022000B4F82E11072915D800EBC30230F933803A
:10023000B2F902E0B2F904C0B2F906704A1CA4F89F
:100240002E2105EBC10225F83180A2F802E0A2F8C8
:1002500004C0D78001339BB2DFE7022B40F0D1808E
:10026000B0F880300893B0F87E300793036890F8B8
:100270007DB0D3F8A8309847884B1B880293884BF1
:100280001E88884B1B780BF1FF37012B1CBF029B8C
:100290000296BFB20FFA87F882464FF0000018BFEF
:1002A0001E46F0F7D9FA96FBFBFB0BFB08F8C2459C
:1002B0000CDA286803680A21D3F89C30984728682C
:1002C0000368D3F8A83098478246F0E70020F0F79B
:1002D000EDFA1FFA8BF317FB03F70493BBB20593F8
:1002E0004FF000087309704F06934546B54285D01C
:1002F00038680368D3F8A83098478245814607D903
:10030000B8F1000F07D038680368D3F8B83074E745
:10031000B8F1000F03D04D45F5D34FF00108049A12
:1003200095FBFBF30393013313FB02F399B2B8F18E
:10033000000F4ED009EB0B03B342A8BF334607981A
:100340009BB28B4294BFC5EB0302C5EB0102824214
:10035000A8BF024608981FFA82FA824505D215FA0C
:1003600082F0864201D0994240D201200992F0F7F2
:1003700073FA3868BDF90C100368D3F898309847C1
:10038000484B099A1B78BDF90810012B12B24FF0A7
:10039000000022D1731BA3EB0A03ADF83430ADF893
:1003A0003600ADF83820ADF83A1023680DA99B6CE3
:1003B000204698473868039B5942036809B2D3F82E
:1003C0009830984755440120ADB2F0F76FFACA460D
:1003D0008CE7059BA9EB0303B1E7ADF83400ADF85A
:1003E0003650ADF83810ADF83A20DEE738680368CB
:1003F0009B6A9847386806990368D3F89C309847F9
:10040000E5E7032B40F03081264BB0F982901B7852
:10041000012B04F1AC0A00F093803288B4F8EC10A0
:10042000013292B200293FF4E9AEB4F8B250B4F808
:10043000AE301D442DB294464FF000081FFA8CF3E5
:1004400099424FEAC80740F2BA80274404EBCC0E29
:10045000B7F9AE30BEF9AE00834240F39C80BEF8DF
:10046000B25005442DB29D42A8BF1D46E0460CF196
:10047000010CE3E70AD1B7F9B200BEF9B210624548
:10048000B8BF62468842B8BF984682E08A42B8BF89
:100490000A467EE092390120840000208A3901203A
:1004A000883901208C39012094390120E1190DABE4
:1004B00051F8AC0F496803C3BDF93830BDF83410AA
:1004C0004B45B8BFBDF93420ADF834200B449B1A1E
:1004D0000DA8ADF83830FEF7A5FE0DA8F9F767FABC
:1004E00070BBBDF93AC02868BDF83830D0F800E0DC
:1004F000BDF83620BDF83410CC45D4BF1FFA8CFCB3
:100500001FFA89FCCDF800C0DEF894B0D8478346C6
:10051000ADF83A000DA8FEF76BFE2368274420468D
:100520009B6C0DA99847B7F8B000A0EB0B0000B288
:10053000A7F8B00020B91FFA88F15046FFF73EF93E
:10054000B4F8ECB0BBF1000F3FF458AE3388B4F907
:10055000AC2001339BB24FF0000899B28B454FEAB3
:10056000C807A3D9274404EBC30EB7F8B010B7F8F7
:10057000AC00BEF9ACC00844BEF8B010614400B293
:1005800009B28842BFF676AF844562469846B8BF46
:1005900002460133E1E70ED1BEF9B000BEF8B2E089
:1005A000B7F9B07073441BB29D42A8BF1D46874285
:1005B000B8BFE0465BE78542A8BF054657E70AEBB0
:1005C00007002744CDE90221B7F9B2B0CB45BEBF41
:1005D000B7F8AE505D442DB2F9F7E9F9DDE9022133
:1005E00000287FF41FAFB7F9AE20ADF83A002B48D2
:1005F000B7F9AC10B7F9B0300068ADF83410AD1AE7
:100600004D45ADF83620ADF83830A8BF4D46D0F88E
:1006100000C0ADB21FFA8BFB5D4594BF0095CDF8CD
:1006200000B092B2DCF894509BB289B2A84723681C
:10063000ADF83A009B6C0DA920469847BDF83A10DA
:10064000B7F8B230B7F8AE205B1A0A441BB2A7F86D
:10065000AE20A7F8B230002B7FF4DFAE1FFA88F18E
:100660005046FFF7ABF8D8E63588B4F8EC30AB422B
:100670007FF6C4AD04EBC5020DAB52F8AC0F516868
:1006800003C30DA8F9F793F920B923680DA99B6C52
:10069000204698470135ADB2E7E700BF9439012005
:1006A000034B00221A805A809A80DA80704700BF7C
:1006B000E03901202DE9F04F06469DB003A814460D
:1006C0008A461D4601F057F933683046DB6C98477F
:1006D000336807461B6D304698472A4600902146EE
:1006E0003B4603A801F0A2F900252C46A946A846DE
:1006F00042F20B0B002302934FF6FF639C4202D0A1
:100700005C4518BF254602AB3246514603A801F0AE
:10071000B9FC044608B10A280AD1C14538BFC14610
:100720004FF00008002CE5D148461DB0BDE8F08F21
:10073000029A002ADED0577B336894885B6C7F0076
:1007400007F48070977A2946074330469847384423
:1007500080441FFA88F8E5E708B50368DB68984726
:1007600028B1437B807A5B0003F48073184308BD93
:100770000EB4F0B59EB023AB054653F8044B03937B
:1007800005A801F0F8F82B682846DB6C98472B6821
:1007900006461B6D2846984733461EAE21460090FC
:1007A000039A002405A801F041F946F8684D2A464D
:1007B0003346214605A801F065FCF0B10A2818D09F
:1007C000049FB7B1787B3B7AEA88C10001F480715D
:1007D0001943430644BFA1F5007319B20001FB7928
:1007E00000F48070034313445B1A1BB29C42B8BFF1
:1007F0001C4633462A460021DCE7A0B21EB0BDE805
:10080000F04003B07047437A8088184480B2704744
:1008100003681B6B18470EB470B59DB021AB04463E
:1008200053F8045B029303A801F0A5F8236820465F
:10083000DB6C9847236806461B6D20469847334675
:100840000090029A294603A801F0F0F803A801F0ED
:10085000E7FC0124A3B240B10A2808BF013303A872
:1008600008BF1CB201F0DCFCF4E718461DB0BDE87F
:10087000704003B070470EB4F0B59EB023AB044691
:1008800053F8045B039305A801F075F8236820462C
:10089000DB6C9847236806461B6D20469847334615
:1008A00029460090039A05A81EAD01F0BFF800216B
:1008B00045F8681D22462B4605A801F0E3FB47F6E4
:1008C000FF76D8B10A2812D0049880B1477BE2881D
:1008D000FB0003F48071037A0B43790644BFA3F550
:1008E00000731BB2D31A1BB29E42A8BF1E462B46F2
:1008F0002246002105A801F0C5FBE2E730461EB004
:10090000BDE8F04003B0704713B50368B0F90810B4
:10091000B0F90A20ADF8041000240094ADF80620C8
:100920001B696946984702B010BD38B50B680C4684
:10093000DB680546984723682046DB6A29469847C6
:10094000284638BD10B40A88848822440A80C488A6
:100950004A8822444A80406920B103685DF8044B0C
:10096000DB6A18475DF8044B704770B582880B88C6
:1009700013440B80C2884B880C4613444B800546B9
:10098000011D2046F8F7D0FFB4F90430002B0BDD31
:10099000B4F90630002B07DD686928B103682146E9
:1009A0009B6ABDE87040184770BD000070B5828832
:1009B0000B8813440B80C2884B880C4613444B8031
:1009C0000546011D2046F8F7AFFFB4F90430002BAF
:1009D00019DDB4F90630002B15DD686928B103680C
:1009E00021461B69BDE870401847074B1B6804335C
:1009F0009D4208D1FEF7AEFD0368216862681B6C5A
:100A0000BDE87040184770BDD839012070B5044664
:100A100016460D4601B992B1236820469B69984756
:100A2000E288A18832442944204612B209B2F2F782
:100A3000BAFA236820469B69BDE87040184770BD2C
:100A400010B5044608460023238063800368B0F98C
:100A50000A20B1F90810A180E280DB6A214698479C
:100A6000204610BD704710B51C21044611F0D6FB7E
:100A7000204610BD044A02600022C0E90122C0E9FC
:100A80000322C0E905227047FC5E02082DE9F04F01
:100A9000044687B0458BB2F800C00591E168039227
:100AA000681C01EB85011CF00105B3F900200295DB
:100AB00080B27DD007EE902AF8EEE76A6083C1ED40
:100AC000006AB3F90220618B07EE102AE268B8EEE3
:100AD000C77A4FF0000E481C02EB810206EE10EAC6
:100AE000608382ED007A218BA2680125481C208357
:100AF00055540022043307EE902A0093AA46134669
:100B000011462E460192F6EE005AB4F81880059868
:100B1000D4F808B008F10107A842BFB20BEB0809EE
:100B200040F3DB804CFA06F909F001095FFA89F31A
:100B30000493009BB3F90010B3F90230B9F1000F30
:100B40007DD005EE101AF8EEC54A05EE103A27835F
:100B5000B8EEC55ABAF1000F50D04FF002000BF8B2
:100B60000800B4F81A80E76808F1010907EB880764
:100B7000A4F81A90C7ED004AB4F81A80E76808F1A3
:100B8000010907EB8807A4F81A9087ED005A01368F
:100B9000102E06D1019E03980136019630F816C03A
:100BA00000260098DDF810A0043001350090ACE775
:100BB00006EE102AB3F90420B3F902E016EE105A3B
:100BC0002A4406EE902AB3F906206083F8EEE66A1E
:100BD000F6EE007A724407EE102A66EEA76AB8EEC7
:100BE000C77AC1ED006A618BE26827EE277A481C5C
:100BF00002EB8102608382ED007A74E74FF005001A
:100C00000BF80800B4F81A80E768B8EEE74A08F174
:100C1000010907EB8807A4F81A9087ED004A04EE53
:100C2000102AB4F81A80E768B8EEC44A08F101093E
:100C300007EB8807A4F81A9087ED004A91E7BAF10C
:100C4000000F46D14FF0050027830BF80800B4F8D9
:100C50001A80E768B8EEE75A08F1010907EB880740
:100C600017EE900AA4F81A9087ED005A05EE102AA4
:100C7000B4F81A80E7680844B8EEC55A07EE900A3F
:100C800008F1010907EB8807A4F81A90F8EEE77A53
:100C900087ED005AB4F81A80E76867EEA57A08F184
:100CA000010907EB88071A44A4F81A90C7ED007AE7
:100CB00007EE902AF8EEE77AB4F81A80E76867EE54
:100CC000A57A08F1010907EB8807A4F81A90C7ED87
:100CD000007A1A4607EE901A59E7BAF1000F45D08C
:100CE00005EE901AF8EEE55AF4EE665AF1EE10FAB7
:100CF00008D105EE903AF8EEE55AF4EE475AF1EED7
:100D000010FA33D0029B2783B3B1022389F8003055
:100D1000628BE368511C03EB82036183C3ED006ABD
:100D2000628BE368511C03EB8203618383ED007ADD
:100D3000009807B0BDE8F08F052389F80030628B7A
:100D4000E368B8EEC66A511C03EB8203618307EEC9
:100D500090EA83ED006A628BE368F8EEE77A511C53
:100D600003EB82036183C3ED007AD1E705EE902A9D
:100D7000029927830523B8EEE75AF8EEE55A89F879
:100D8000003081B1628BE368511C03EB8203618305
:100D900083ED005A628BE368511C03EB820361838D
:100DA000C3ED005AB4E7658BE1686E1C01EB850169
:100DB000668381ED005A658BE1686E1C01EB85014D
:100DC0006683C1ED005A658BE1686E1C01EB8501FD
:100DD00017EE900A16EE105A284407EE900AF8EE25
:100DE000E77AF6EE005A67EEA57A72446683C1EDA3
:100DF000007A07EE902AF8EEE77A618BE56867EEF5
:100E0000A57A4E1C05EB81016683C1ED007A228B29
:100E1000A168551C25838B5491E700002DE9F0470C
:100E20008EB00446884615469946169E9DF864A0E5
:100E30001A9FF0F7A3FB6060B9F1000F00F0E880A3
:100E4000002800F0E58005A800F0F9F83368304686
:100E50009B6D984705A8F0EE400A00F0F4F8606832
:100E6000BAF1030F3BD8DFE80AF00210719F036864
:100E70002A469B6841469847DDED1B7AF8EEE70A63
:100E800007EE907AB8EEE70A26E0B5F90620B8F842
:100E900004306988ADF810209B1A5B1AADF80C304D
:100EA0002B88ADF80E30AB88ADF81230036803AA7A
:100EB0009B68414698479FED580A05A800F0E8F85E
:100EC000B8F904301B9A07EE907A9B1A00EE103A9C
:100ED000F8EEE70AB8EEC00A05A800F027F9606846
:100EE000036805A95B6B984760681799036841F030
:100EF0007F419B6A984760689DF860100368DB6AD1
:100F00009847606803680121DB6800259847B9F8B5
:100F10000070A56104F1100304F1080204F114014A
:100F200004F10C0009F10206F2F7CEFDAF4260DDDC
:100F3000318801F10F03B21CC3F3071302EB430323
:100F40002046FFF7A3FD01350646EFE7B5F904207B
:100F5000B8F804302988ADF810209B1A5B1AADF858
:100F60000C30B5F90610B8F806306D88ADF81210DF
:100F70005B1A5B1BADF80E30036803AA9B68414601
:100F800098479FED260A05A800F082F8B8F90630C8
:100F90001B9A9B1A00EE903AB8F90430DB1B00EE66
:100FA000103AF8EEE00A95E76B88ADF80C30B5F929
:100FB0000420B8F806302988ADF812209B1A5B1A75
:100FC000ADF80E30EB88ADF81030036803AA9B68CB
:100FD000414698479FED120A05A800F059F8B8F964
:100FE0000630DDED1B7ADB1B00EE903AF8EEE00AEE
:100FF00048E76068228B036800210191618B0091B2
:101000001D6AD4E90213A84760680368DB69984742
:101010000EB0BDE8F08700BF0000B44200003443CA
:101020000000874300234FF07E52026043608360DC
:10103000C360026143618361C3610262704708B5A6
:10104000FFF7F0FF08BDD0ED007A67EE807AC0EDC3
:10105000007AD0ED017A67EE807AC0ED017AD0EDAA
:10106000027A27EE800AD0ED037A80ED020A67EE5D
:10107000A07AC0ED037AD0ED047A67EEA07AC0EDD5
:10108000047AD0ED057A67EEA00AC0ED050A704734
:1010900010B5DFED247A20EE270ADFED237A2DED5F
:1010A000028BC0EE278A0446B0EE680A11F0FEF803
:1010B000B0EE408AB0EE680A11F03CF9D4ED036A54
:1010C000D4ED004A94ED047A94ED015AD4ED025A1D
:1010D00060EE667A66EE886AE8EE247AE0EE246ACC
:1010E000C4ED007A60EE477A27EE087AE8EE057ADA
:1010F000A0EE057AC4ED017AD4ED057AC4ED036A59
:1011000020EE676A67EE887AA8EE256ABDEC028B4E
:10111000E0EE257A84ED026A84ED047AC4ED057A66
:1011200010BD00BFDB0F49400000344390ED066A5C
:10113000D0ED007AD0ED076A90ED087AE6EE007AFD
:10114000C0ED007AD0ED017AE6EE807AC0ED017A4A
:10115000D0ED027AE7EE007AC0ED027AD0ED037AA4
:10116000E6EE207AC0ED037AD0ED047AE6EEA07ABE
:10117000C0ED047AD0ED057AE7EE207AC0ED057A6D
:101180007047D0ED016AD0ED047A90ED037A60EEFD
:10119000A77A60EEA60AD0ED006AE7EE007A84B086
:1011A000E6EE800A90ED057A90ED020A30EE800AB4
:1011B00077EE870A04B0704730B58380BDF80C30F5
:1011C000C3809DF8103003729DF814309DF81850BC
:1011D0004372837A416165F306039DF81C500283D4
:1011E00065F3C71383729DF82030C3729DF82430D5
:1011F0000373BDF82830C381BDF82C300382014B46
:10120000036030BD105F0208F0B54469BCB3A38829
:10121000028BCB1A02F1FF3231D493420CDD0E2344
:1012200003FB02439B885B1AD31A9A4227DB002BED
:10123000BCBF022392FBF3F300250E2695421EDC71
:1012400006FB03408788B9421AD00DD25A1E954238
:1012500015DC30F80A3C5B1AD31A9A420FDB9D4228
:10126000ECDD53195B10E9E75D1CAA4207DB438AFA
:10127000CB1A2B449D4202DC9A42DFDAF1E70020D0
:10128000F0BDF8B5044617461E4611B9002528469C
:10129000F8BD0A29FAD04FF6FF629142F6D042F229
:1012A0000B029142F2D0FFF7AFFF054650B9236819
:1012B00020461B69984701462046FFF7A5FF0546D3
:1012C0000028E3D023682946DB6D20469847386024
:1012D00023682046DB6B98473070D8E700207047C2
:1012E0000120704702207047704770477047704771
:1012F00010B50C21044610F091FF204610BD10B52A
:101300001021044610F08AFF204610BD10B50C21B4
:10131000044610F083FF204610BD10B53C21044662
:1013200010F07CFF204610BD30B50D46016B87B034
:10133000044601B301A8FFF783FB2A89BDF80430F6
:101340002879B5F906108DF81000D21AA38E206BFB
:10135000ADF812101A446B89BDF80650ADF8142090
:101360005B1BE58E2B44054D0395ADF816300368E5
:1013700003A99B6C984707B030BD00BFA05F02086F
:101380002DE9F041036B8AB004460D4613B10B7989
:10139000002B44D004F10408414603A8FFF750FB9A
:1013A0002B79BDF90C70BDF90E6083B92A89E988E3
:1013B00004F13603921BC91B019304F1340300931B
:1013C00012B204F1300309B24046F8F7C9F9216BB3
:1013D00029B305A8FFF734FBBDF814202B79206B47
:1013E0008DF82030BF1AEA881744A28E1744BDF842
:1013F0001620ADF82270B61A2A891644E28E1644D9
:10140000ADF82460074A07920026ADF8266003680D
:1014100007A95B6C98472B790BB1C4E90C660AB03D
:10142000BDE8F081785F02082DE9F0410C46016BC0
:1014300088B0054600296DD06846FFF701FBA98EEC
:10144000E388BDF90080BDF902700B441BB243452F
:1014500031DBBDF804C0C4440FFA8CFC63452ADAC2
:10146000EA8E2689164436B2BE4224DBBDF8060059
:10147000384400B286421EDA6389194409B24145F4
:1014800008DB614506DAA3891A4412B2BA4201DBCD
:10149000824210DB214B049302238DF81430286B19
:1014A0000023ADF81630ADF81830ADF81A300368E7
:1014B00004A95B6C9847291D02A8FFF7C1FABDF883
:1014C0000830E0882179B5F834C02289EE8E8DF895
:1014D0001410A3EB0808BDF80A30DF1BBBB21FFADB
:1014E00088F86789A489404460441A44B844234476
:1014F000ADF8160033443244E044094C286B0494A0
:10150000ADF81820ADF81A80ADF81C30036804A9B6
:10151000DB6C984708B0BDE8F08100BF785F020837
:101520008C5F020837B5044634F90C2F013212D112
:101530000368B0F90810B0F90A20ADF804100025CE
:1015400000956D462946ADF806209B6A984795E8B8
:10155000030084E80300204603B030BD13B5B0F9A2
:1015600020300133044609D101466846FFF768FA86
:10157000BDF800302384BDF802306384B4F9200044
:1015800002B010BD13B5B0F922300133044609D1C1
:1015900001466846FFF754FABDF800302384BDF8D1
:1015A00002306384B4F9220002B010BD70B5054664
:1015B000164B45F8043B0023038143818381C3819B
:1015C000038243828382C382C0E906330362838439
:1015D000C38480F828300E4A4363C0E90B330D4BB7
:1015E0004260B3F90060936B0B4A0446012180F816
:1015F000291080F83810B2F900102846984763681F
:101600002846DB6B31469847204670BDB45F020820
:10161000D05A02088A3901208839012007B5094BC0
:10162000B3F90020084BADF80420B3F90030ADF851
:1016300006300368002100919B686946984703B013
:101640005DF804FB883901208A3901202DE9F04F2B
:10165000B1F90430002B89B080460C4615460EDDEA
:10166000B1F90630002B0ADD2846FFF75BFF214663
:10167000FDF791FEEB6928B91D46002BF4D109B0A6
:10168000BDE8F08F04AE002B00F0B5802B68294632
:10169000DB6802A898472846FFF760FFBDF808708E
:1016A00007442846FFF76EFFBDF80A30BDF90C204D
:1016B000ADF8142018442146BDF90E30ADF81200E3
:1016C0003FB23046ADF81630ADF81070F8F72CF98F
:1016D0002846FFF727FF024696E8030006AB83E89B
:1016E000030011461846F8F71FF9BDF91830B4F990
:1016F0000010BDF91AA0BDF91CB0BDF91E909942A9
:101700000BD1B4F90220524507D1B4F904205A454F
:1017100003D1B4F906204A456DD0BBF1000F65DD59
:10172000B9F1000F62DDB4F902201FFA8AF05245C8
:10173000009012DA0193009BB4F90400ADF8122076
:101740009A1AADF81010ADF81400ADF81620EA6939
:1017500031464046FFF77AFF019BB4F900209A42D8
:101760009FB20DDAADF81020BA1AADF812A0ADF89C
:101770001420ADF81690EA6931464046FFF766FF3F
:101780002288A3885F4413449BB2BFB23AB219B215
:1017900091420DDDDB1BADF81020ADF812A0ADF8C5
:1017A0001430ADF81690EA6931464046FFF74EFF17
:1017B000E28863881344009A4A449BB21FFA82F974
:1017C0000FFA89F219B28A4215DAB4F90410B4F9A1
:1017D0000000ADF81410A3EB0903ADF81000ADF84C
:1017E0001220ADF81630EA69314601E0EA69214677
:1017F0004046FFF72BFF2846FFF794FE616802463C
:101800002068334603C311463046F8F78DF8BDF91A
:101810001430002B7FF733AFBDF91630002B7FF764
:101820002EAF2846FFF79AFEBDF81030181AADF813
:1018300010002846FFF7A6FEBDF81230181AADF8C2
:1018400012002B6831469B682846984717E770B509
:101850000C4686B0061D00233146054602A80193BA
:10186000FFF7EEF8BDF808302288BDF80A10B4F989
:101870000400ADF81400D21A6388ADF810205B1A8A
:10188000B4F90610ADF8161001AA04A93046ADF857
:101890001230F8F721F9019A1AB121462846FFF7CC
:1018A000D5FE06B070BD30B50246044652F8080FAA
:1018B00085B00D4651686B4603C329466846F8F764
:1018C00033F894F838302BB169462046FFF7BFFF54
:1018D00005B030BD0434214602A8FFF7B1F8BDF8C9
:1018E0000030BDF808209B1AADF80030BDF80A2082
:1018F000BDF8023069469B1A2046ADF80230F8F771
:10190000B2F8E5E70A680B469269011D18461047D0
:10191000984200D213B90A4410B2704707EE900AF9
:10192000F8EE676A07EE903AF8EEE77A86EEA77A65
:10193000F7EE006A37EE667A07EE902A67EE075AEE
:10194000B8EEE76AE5EE876A07EE901AF8EEE77AF6
:10195000B6EE007AE6EE267AF5EEC07AF1EE10FAEF
:10196000CCBF77EE877A77EEC77AFDEEE77A17EE8F
:10197000903A18B2704738B5002502230446C0E9F2
:101980000055037445610576C5830584C5860587C2
:10199000C587A0F84050C0E911550E2229464C30A9
:1019A00011F0A1FD01232046A4F85A50A4F85C5080
:1019B000A4F85E5084F8603084F86150F2F712F8B1
:1019C000204638BDC38E00EB4300408CB0FA80F057
:1019D0004009704730B500250124436813B90368F6
:1019E00013B34360037E43B143692BB11A881AB124
:1019F0009A1C4261188830BD05764368198899B1F0
:101A00009A1C02294260F5D1037C012BE5D85A1CAF
:101A10000233027450F823304361002BDDD01B8861
:101A2000002BDAD00476D8E70020E4E730B4016078
:101A3000002141601568856052684364029BC26062
:101A400001744161017601870184A0F8401083642C
:101A500030BCF1F7C7BF08B410B585B007AC54F877
:101A6000043B0093134622460394FFF7DFFF05B0C3
:101A7000BDE8104001B07047F0B505460846E9B131
:101A800005F14C040B4601F1080722461868596815
:101A9000264603C60833BB423446F7D11868306087
:101AA0009B88B38095F859305B0103F4807195F8F9
:101AB00052300B435B4285F855301046F0BD38B5C7
:101AC0000C4611681046CD681946A847002808BF83
:101AD000204638BD2DE9F0418C460546144642B9F2
:101AE000A5F85A20A5F85C20A5F85E202046BDE8A0
:101AF000F081507B9388060106F48072E6796FF4DA
:101B0000636116435A1891B21D29B7B27ED80122DB
:101B10008A408A490A424FEAE6062DD112F4607FD4
:101B200074D005F14C02234604F1080E14461868DF
:101B300059689446ACE80300083373456246F6D111
:101B40001868CCF800009B88ACF80430B5F85C103D
:101B500095F85900B3B2CA1A92B285F85420D2103F
:101B600020F0600002F060020243CF1B85F859208C
:101B7000FB1AA5F85C30B9E705F14C02234604F1E5
:101B800008081446186859689646AEE803000833FA
:101B900043457246F6D11868CEF800009B88AEF82F
:101BA0000430EB8E05EB4303598C40F633639942C6
:101BB00011D1DCF800306046DB689847417BCB00F0
:101BC00003F48072037A13434A0644BFA3F50073FB
:101BD0001BB2A5F85A30B5F85A3095F859203B4455
:101BE00033449BB2A5F85A3085F85430DB1022F00C
:101BF000600203F06003134385F8593095F85E20C6
:101C000095F855309B1A85F855306FE723F004029C
:101C100040F61B618A4203D040F61D62934237D1E1
:101C200005F14C06224604F1080834461068516854
:101C3000B646AEE80300083242457646F6D1106853
:101C4000CEF800009288AEF80420013B9BB26246B9
:101C500021462846FFF733FF417BCB0003F4807217
:101C6000037A480643EA020344BFA3F500731BB29C
:101C7000A5F85A3095F8593095F856205B0003F4D2
:101C8000807313435A1102EB9303A5F85E3046E0CC
:101C9000C20002F48071227A0A43410644BFA2F5D1
:101CA000007212B2A5F85A2040F6096123F0100222
:101CB0008A4203D040F6136293423DD105F14C02B3
:101CC00004F10808964620686168164603C6083481
:101CD00044453246F7D120683060A188B18095F83C
:101CE0005960760006F4807295F85660164340F607
:101CF000136293421ABF03F1FF339BB240F60C63A9
:101D00006246714628467446FFF7D9FE437B827AC5
:101D10005B0003F480731343F61AA5F85E60617BE1
:101D2000CB0003F48072237A13434A0644BFA3F521
:101D300000731BB2DB1B1CE70023A6E77900C03F42
:101D40002DE9F043044642B94FF40043A0F85A305D
:101D5000A0F85C30A4F85E3047E0517B93880D0119
:101D600005F48070D5790543042DCCBF4FEA950E5C
:101D70004FF0010EB3F5DD6F00F2AB8040F2E7608B
:101D8000834216D240F25B60834259D840F25760DA
:101D900083420ED2B3F5CA6F4AD240F24E608342FC
:101DA00007D240F21A6083422AD021D8B3F5C26F1D
:101DB0005BD3B4F95A3013F5004F40F0D080B4F93A
:101DC0005C0010F5004F40F0CA80CB0003F4807037
:101DD000137A490643EA000344BFA3F500731BB21C
:101DE000A4F85A305D1BA4F85C501046BDE8F0839F
:101DF00040F24B60834238D340F24C608342D8D9E2
:101E0000B4F95A00B4F95C3010F5004F40F0F2809C
:101E100013F5004F40F0EE80CB0003F48070137A8E
:101E20004E0643EA000344BFA3F500731BB2D9E793
:101E300040F254608342E3D8B3F5CA6FE0D9B8E703
:101E400040F274608342B4D02DD840F25E60834289
:101E500004D840F25D608342D2D3AAE740F25F60CB
:101E60008342CDD0B3F5CE6FA3D0CB0003F4807006
:101E7000137A490643EA000344BFA3F500731BB27B
:101E80005D1BA4F85A30A4F85C50537B5B0103F44B
:101E9000807193790B435B00052193FBF1F392F979
:101EA00009100B4456E740F2E260834209D840F241
:101EB000DF608342BFF47DAFA3F2D663052BD4D895
:101EC00077E740F2E36083429AD040F2E4608342D5
:101ED000CAE7B3F50F6F2BD240F6ED0083428FD2E5
:101EE00040F6E500834216D840F6E4008342BFF492
:101EF00060AF40F2EC6083420AD840F2EB6083426C
:101F0000BFF457AF40F2EA6083423FF479AFACE7E9
:101F100040F2ED60F8E740F6E800834202D840F670
:101F2000E70098E740F6E90083427FF442AF67E7B5
:101F300040F6F60083423FF463AF02D840F6F20069
:101F4000F2E740F6FA00834205D840F6F9008342F2
:101F5000FFF42FAF54E740F6FE008342AFE704F1F1
:101F60004C0C174602F10808664638687968E64660
:101F7000AEE8030008374745F446F6D13868CEF896
:101F80000000B988AEF80410B4F95E0010F5004FF7
:101F900009D0517B9279490101F480711143A0EB82
:101FA000510084F8550013F5004FADB20DD02B440D
:101FB0009BB294F8592084F85430DB1022F0600270
:101FC00003F06003134384F8593094F85910CB00A0
:101FD00003F4807294F854304F0643EA020344BF7E
:101FE000A3F500731BB2A4F85A305B1BA4F85C3055
:101FF0003246FAE604F14C0C174602F1080966462F
:1020000038687968E046A8E8030008374F45C446B9
:10201000F6D13868C8F80000B988A8F80410B4F9F7
:102020005E0010F5004F09D0517B9279490101F40F
:1020300080711143A0EB510084F8550013F5004F57
:102040000ED0A3EB0E0394F859209BB284F85430C1
:10205000DB1003F0600322F06002134384F8593070
:1020600094F85910CB0003F4807294F85430480669
:1020700043EA020344BFA3F500731BB25D1BA4F83F
:102080005C50B5E72DE9F0411E46C38E00EB4303DB
:1020900004461746B3F82280F1F762FC054618B9EA
:1020A00030602846BDE8F0813B680146DB68384671
:1020B0009847A8F5C063B3F5407F0246306013D25D
:1020C000434639462046FFF73BFE3060336843B154
:1020D0005A7B9B7A520002F4807213430CBF012397
:1020E000002384F86130DCE7A5F560639BB27F2BA9
:1020F00004D839462046FFF7EDFCE6E794F8613056
:10210000002BE3D040F602139D42DFD1014620466A
:10211000FFF7B2FCD9E72DE9F8431E46C38E00EB6A
:10212000430304461746B3F82280F1F719FC05462D
:1021300018B930602846BDE8F8833B680146D3F8FB
:1021400008903846DDE90823C847A8F5C063B3F511
:10215000407F0246306013D2434639462046FFF79F
:10216000EFFD3060336843B15A7B9B7A520002F432
:10217000807213430CBF0123002384F86130D9E738
:10218000A5F560639BB27F2B04D839462046FFF744
:10219000A1FCE6E794F86130002BE3D040F602138F
:1021A0009D42DFD101462046FFF766FCD9E710B516
:1021B0000446B4F84010238FF1B10A2B2FD0E28FE0
:1021C00004EB42000139408FA4F84010511C89B241
:1021D000012984BF02F1FF32E28703F10102228765
:1021E000E28E98BFE18713449BB2092B88BF0A3B5C
:1021F00004EB43035884DCE7238F0A2B0FD02046DF
:10220000FFF7E8FB238F5A1C2287E28E13449BB210
:10221000092B88BF0A3B04EB43035884ECE710BD4D
:1022200038B5C38E00EB43020446558C028F013A49
:1022300002875A1C92B2092A86BF093BC386C2860E
:10224000FFF7B5FF238C012B9CBF01332384E38B65
:102250000BB90223E383E38B013B9BB2E38304EBE3
:1022600043042846658338BD8A422DE9F047C78E6E
:1022700031D9058FB0F84080B0F83EC0EE19541A3D
:10228000013E1FFA84FEB4B2A4EB0E091FFA89F9CD
:10229000092C264688BFA4F10A06BCF1000F08BF2E
:1022A0004FF0020C00EB46060CF1FF3C1FFA8CFCD1
:1022B000013CB6F822A0A4B200EB4C064C45A6F8AF
:1022C0003AA0E5D1A5EB0E050EEB08040587A0F8B2
:1022D0004040A0F83EC0048F641A394489B20929ED
:1022E00088BF0A390487C1860A258AB1018F013A5D
:1022F00092B2013133F812400187C18E01B9C5860F
:10230000C18E013989B2C18600EB41014C84ECE7F2
:10231000BDE8F047FFF74BBF70B50025954211D0DF
:10232000C48B31F8026B1444013C641BA4B2012C31
:1023300088BF023C00EB4404648BB44217D10135E2
:10234000ADB2EBE7BDF8102000241344A2B29A42CC
:102350000FDAC68E31F81450324492B2092A88BF7F
:102360000A3A00EB42020134528CAA42EED000201D
:1023700070BD0120FCE72DE9F74F054616468C1C81
:1023800009884FEA113A34F81A30B34224D1C1F324
:102390000329C1F3031801F00F07CDF800804B4665
:1023A000524621462846FFF7B7FF834668B10AEB3D
:1023B0000901414404EB41033A4649462846FFF7E8
:1023C00053FF584603B0BDE8F08F07EB0A014944BC
:1023D000414404EB4101D2E74FF0000BF1E770B547
:1023E0001088984217D8481E32F82000984212D31D
:1023F00000248C420FD260184010850032F8206013
:10240000B34202D9013084B2F3E701D281B2F0E7DE
:102410002A44508870BD0020FCE72DE9F041456C4E
:102420006F8804467F080B26013E13D0E38E04EB31
:1024300043032A46B3F82280394643462046FFF735
:10244000CEFF38B105EB400142462046FFF793FF2F
:102450000028E9D1BDE8F08170B54A698D6A4B6802
:10246000CE6A541B00F006819B1B03D063431022ED
:1024700093FBF2F30C688A69651B00F0FD80921BE8
:1024800003D06A43102492FBF4F29B1A07EE903AB1
:102490009FED884AF8EEE77AB7EE007A67EE847A25
:1024A0000A4687EE273A034600F10C04B1EE436A70
:1024B000D2ED027AC7EE276A1432E3EC016A52EDDC
:1024C000027A67EEA67A9C42C3ED027A52ED017A57
:1024D00067EEA67AC3ED057AEAD1CA6A8B69D0EDB8
:1024E000024AD0ED003AD0ED016A90ED055A90ED28
:1024F000032AD0ED045A90ED071AD0ED062A9B1A54
:1025000007EE903A4B689B1A07EE103AF8EEE77A1E
:1025100076EEE46A67EE847A73EEE44AB8EEC77A40
:1025200064EEE77A27EE047A75EEC55AE6EE877A0E
:1025300032EE455A67EE837AC0ED097A8C6A4A69B1
:10254000131B07EE103AB8EEC77A0B6827EE047A31
:102550001B1B64EEC74A07EE103AB8EEC77A27EEA7
:10256000047AE6EE874A64EE864AC0ED0A4ACA6AF1
:102570008B699B1A06EE903A4B689B1A07EE103A4D
:10258000F8EEE66AB8EEC77A66EE846A27EE047A59
:1025900065EE666AE5EE876A66EE836AC0ED0B6AF1
:1025A0008C6A4A69131B07EE103AB8EEC77A0B68BB
:1025B00027EE047A1B1B25EE475A07EE103AB8EEB9
:1025C000C77A27EE047AA5EE875AD0ED085A25EE91
:1025D000065A31EE651A80ED0C5ACA6A8B699B1A4D
:1025E00007EE103A4B689B1A01EE903AB8EEC77AA4
:1025F00072EEE55A27EE047AF8EEE11A25EEC77A74
:1026000061EE841AA1EE217A27EE037A80ED0D7A2D
:102610008C6A4A69131B03EE103AB8EEC33A0B6892
:1026200023EE043A1B1B65EEC35A03EE103AB8EED4
:10263000C33A23EE044AE1EE045A25EE866A62EEBE
:10264000675A80ED0E6AE3EEA65AF5EEC05AF1EE37
:1026500010FA13DD4FF4004362EEE77AC363E3EE52
:10266000877AF5EEC07AF1EE10FA15DD4FF40043EB
:10267000036470BD2346FDE62A4606E702D547F609
:10268000FF73E9E722EE642AA3EE852AB5EEC02A9D
:10269000F1EE10FADEDAF2E702D547F6FF73E7E76C
:1026A00062EEE44AE3EE864AF5EEC04AF1EE10FA35
:1026B000DCDAF2E70000803D2DE9F04714275F43A4
:1026C00002EB070CDCF8045015F10F0E00F1A280AC
:1026D0004FEA2E1E089CC0F814E01426664302EB55
:1026E0000608D8F8045015F10F0400F19F8024115A
:1026F000A4EB0E048461002C00F08A80DCF80490C6
:10270000D8F804409559A4EB0908D459A5EB040A5C
:102710004FEA0A150EFB05FE0AFB19EE08FB04E45E
:102720004FEA0816013CA41900F18C8094FBF6FED8
:10273000C0F800E006FB1E440461002DC0F2958045
:1027400095FBF6F4446006FB14558560C660DCF822
:1027500004404569D259DFED4D6A91ED0A6AC4EB38
:10276000051407EE104A0468C2EB041207EE902A23
:10277000B8EEC77AF8EEE77A01EB830327EE267A04
:1027800067EEA67AD3ED006AE6EE076A91ED096A74
:10279000E6EE276AC0ED076AD0ED016AD1ED095A6D
:1027A00091ED0A6AF8EEE66AA6EEA56A80ED086A7F
:1027B0004A6A4262D1ED0C5A93ED036AA5EE876A2C
:1027C000D1ED0B5AA5EEA76A80ED0A6AD1ED0B5A3E
:1027D00091ED0C6AA6EEA56A80ED0B6ACA6A0263E7
:1027E00093ED066AD1ED0E5AA5EE876AB0EE467AF1
:1027F00091ED0D6AA6EE277A80ED0D7A91ED0D7AB6
:10280000D1ED0E7AE6EE877AC0ED0E7A4B6BC3639C
:10281000BDE8F087C5F1010515F00F0518BF0125CA
:1028200010249EFBF4FEAEEB050E53E7C5F1010547
:1028300015F00F0518BF01254FF0100994FBF9F4AE
:10284000641B55E7644294FBF6FECEF1000806FBDC
:102850001E44C0F800800461002C3FF46EAF6FEAA4
:102860000E0EC0F800E0341B66E76D4295FBF6F4EF
:10287000C4F1000E06FB1455C0F804E08560002D7D
:102880003FF464AFE4434460751B5EE70000803DA5
:10289000024648B1002398B2013302EB430131F8FC
:1028A000021C0029F7D17047704730B5044659B172
:1028B00048B1002398B2824205D9CD5C24F8135068
:1028C0000133002DF6D130BD0846FCE7F0B58BB0E2
:1028D0008C4600218DF8241004461F2601AF94FB7E
:1028E000F3FE03FB1E4484EAE475A5EBE475ECB249
:1028F000092DD4BF30345734E4B2BC557446711E30
:1029000074B9002805DA0AAB19442D2301F8243CD8
:10291000B11E013139446046FFF7C7FF0BB0F0BD6F
:102920000E46DCE7F0B58BB08C4600218DF8241004
:1029300001AE1F21B0FBF3F703FB1705ECB2092D25
:10294000D4BF30345734E4B28C5538464C1E2FB9BE
:1029500031446046FFF7A9FF0BB0F0BD2146E9E71F
:102960002DE9F04F914685B0026801928846834672
:102970009DF84010039110461C469DF84830029384
:10298000FFF786FFB8F1000F0CBF844600F1010C81
:10299000B9F1690F9DF838600F9F139DDDF854A0C1
:1029A00003991FFA8CFCDDE9012341D034D8B9F139
:1029B000630F59D0B9F1640F3AD0B9F1580F34D040
:1029C0000024BDF85020013A69B111998C4509DA0B
:1029D000A1EB0C0189B233B9002E51D000284FD0A1
:1029E0000C44A4B200212B68934207DAB8F1000F1F
:1029F00004D02AF813802B6801332B603027002C79
:102A00004ED02E68013CB242A4B249DD2AF81670BD
:102A10002B6801332B60F2E7B9F1730F1DD0B9F1C8
:102A2000780F02D0B9F16F0FC9E784464FF0000864
:102A3000002CC6D047B9012806D11488302C02BF1B
:102A40000232CBF800203846BC4514DABFB2A7EBFF
:102A50000C04A4B2BC460026B3E784466CB1B8426D
:102A600000DDB8B2002403E04FF0010C0024604602
:102A70002646A046A5E70024EDE72646A046A0E7A7
:102A80000029B0D020272E680029ACD00139964209
:102A900089B2A7DA2AF816702B6801332B60F2E7A7
:102AA00088B12B6801389A4280B20CDDDBF8003027
:102AB0009C1CCBF800401C882B682AF813402B681C
:102AC00001332B60ECE7202651B12868013982429E
:102AD00089B205DD2AF810602B6801332B60F3E71B
:102AE00005B0BDE8F08F2DE9F043DDE9078CDDE9A5
:102AF00009E6DDE90B75002414801C7088F800409D
:102B00008CF800408EF800403C700468A4B1248822
:102B10004FF0010914B32B2C01D0202C10D11480BC
:102B200004680CB1023404600C680CB101340C6010
:102B300004687CB12488EDE70C687CB12478E7E771
:102B40002D2C02D183F80090EAE7232C07D188F8D6
:102B50000090E5E70C680CB12478DBE70024A4F1D1
:102B60003003092B01D92A2C22D10123302C8EF8D5
:102B700000300DD18CF8003003680BB102330360D4
:102B80000B680BB101330B600368002B2FD01C883E
:102B90002A2C35D14FF0FF33336003680BB1023379
:102BA00003600B680BB101330B6003681BB31C8817
:102BB0002E2C1AD101233B7003680BB10233036042
:102BC0000B680BB101330B600368002B36D01B88F8
:102BD0002A2B37D14FF0FF332B6003680BB1023340
:102BE00003600B680BB101330B60BDE8F0830C6828
:102BF00034B12478CCE70B68002BF6D01C78D7E7EB
:102C0000002333600A22A4F1300C1FFA8CF3092B45
:102C1000CED8336802FB03C3336003680BB10233C1
:102C200003600B680BB101330B6003680BB11C88A8
:102C3000E9E70C68002CE6D02478E4E70B680BB1D8
:102C40001B78C5E700222A600A24303B9EB2092E79
:102C50002A6813D804FB02332B6003680BB10233DC
:102C600003600B680BB101330B6003680BB11B8869
:102C7000EBE70B68002BE8D01B78E6E7062AA8BF35
:102C800006222A60B1E72DE9F04FA3B000260DF12E
:102C9000440907468846CDE9083231464222484673
:102CA0002C9C0D9610F01FFC5FB108F1FF3A099AB9
:102CB0000D9B52B112880AB19A452EDC002227F8EA
:102CC0001320384623B0BDE8F08F089A002AF5D0CB
:102CD0001278F0E7002DEAD02A7842B1252A01D0F7
:102CE0009A4508DCBBF1000F21D1002DDFD02A78F6
:102CF0004FF0000B1DE0BBF1000F78D0BBF80020B7
:102D000027F81320BBF1000F02D00BF10202099249
:102D10000DB10135089501330D93DDE9085B0D9B7D
:102D2000BBF1000FD6D0BBF80020002AD6D1BBF8EB
:102D30000020002ABBD09A45B9DDADF832608DF88D
:102D40002D608DF82E608DF82F608DF830600E9616
:102D50008DF831600F96BBF1000F02D00BF102032A
:102D600009930DB16B1C08930FAB05930DF1310363
:102D700004930EAB03930CAB02930DF12F0301935D
:102D80000DF12E0300930DF132020DF12D0308A970
:102D900009A8FFF7A8FE0E9B002BBEBF236823EAFD
:102DA000E3730E930F9BB8BF0434002BB8BF2368A6
:102DB000DDE90821BEBF23EAE3730F930434D9B1E0
:102DC0000B88692B1FD02FD8582B1CD018D8252B37
:102DD00034D0CDE9085B0D9BBBF1000F00F0B8804B
:102DE000BBF8005027F8135001330D9329E00DB1C3
:102DF0002A7885E72A4683E7002AEAD01378E0E7B5
:102E0000633B012BE5D8CDF8409029B30B88692BA3
:102E100063D025D8632B38D0642B5ED0582B7BD061
:102E2000ADF84460254636E0732BECD002D86F2B0A
:102E3000CFD1E8E7752BE6D0782BF9E70D9A27F884
:102E40001230099B0BB102330993089B002B3FF40E
:102E50002EAF013308932AE7002AE1D01378D6E792
:102E6000732B36D007D86F2BDAD10D9A251DA8EB1E
:102E7000020208234AE0752B43D0782BD0D10D9A5B
:102E8000251DA8EB0202102340E02368ADF8443072
:102E9000251DADF84660099BBDF83210002B52D0BD
:102EA0001A889DF831300DA805909DF82D000490EA
:102EB0000E9803909DF8300002900F9801909DF8B5
:102EC0002F000090CDE9068710A8FFF749FD2C469A
:102ED000B7E72368251D1093DDE70D9A2068A8EB5E
:102EE00002020A2392B24946FFF7F0FCBDF84430D3
:102EF0002D2B04F10405CED1ADF83230109B0233F6
:102F0000E9E70D9A251DA8EB02020A2392B2494671
:102F10002068FFF707FDBEE70D9A2068A8EB0202C4
:102F200092B210234946FFF7FDFC251D0DF1420228
:102F300032F8023F002BAED0A3F161011929F7D876
:102F4000203B1380F4E7089A002AAAD01278A8E759
:102F5000002D3FF447AF2D7844E707B500931346A3
:102F60000022FFF790FE03B05DF804FB0CB407B538
:102F700004AB53F8042B0193FFF7EFFF03B05DF8A8
:102F800004EB02B070470000014B1860704700BFAF
:102F9000FC390120064B1A88824207D8054B1B8852
:102FA00013449842ACBF00200120704700207047B6
:102FB0001C3A0120203A012008B50146FFF7EAFF3C
:102FC00018B1024B1B6853F8210008BD003A0120DC
:102FD000F0B5244C2368002B42D0234A234D11889E
:102FE000B5F800C0224861444A1C22F001028F005B
:102FF0001204DE19120C07EB420706601D4EDA19A7
:1030000032600E2202FB0CF2033222F003023A4439
:10301000194F13443B60194F00233B80184F3F6802
:10302000BA1A184F3A60184A9C4613804FF6FF7739
:103030008B420DD12D88306800230E249D420FD97C
:1030400004FB03020133117B6FF345111173F5E7A4
:10305000226842F823C0026822F813700133E7E7C0
:10306000F0BD00BF003A01201C3A0120203A0120A7
:10307000143A0120043A01200C3A01201E3A0120A2
:10308000083A0120183A0120103A0120064B1B682B
:1030900043B939B1054B1A80054B1960054B1860CF
:1030A000FFF796BF704700BF0C3A0120203A01207D
:1030B000083A0120003A012070B4074C2668054602
:1030C0001046039A36B92560044C218070BC19461D
:1030D000FFF7DCBF70BC7047243A01201C3A012086
:1030E000124A03881288934207D2114A12681421A7
:1030F00001FB0323B3F9080070470E490988114406
:103100008B4204DA9B1A0C4A0E211268F0E74FF644
:10311000FE72934208D1094B1B781BB9084BB3F9D7
:1031200000007047074BFAE7002070471C3A012067
:10313000243A0120203A0120043A01208C39012050
:103140008E39012090390120124A03881288934257
:1031500007D2114A1268142101FB0323B3F90A00B4
:1031600070470E49098811448B4204DA9B1A0C4AB5
:103170000E211268F0E74FF6FE72934208D1094B18
:103180001B781BB9084BB3F900007047074BFAE7EF
:10319000002070471C3A0120243A0120203A0120E7
:1031A000043A01208C390120903901208E39012008
:1031B00030B5224A0B881288934213D2204A1268F3
:1031C000142101FB03231A8AB3F90C40B3F90E1042
:1031D0005B8A0480C2F30C02C3F30C03418082803B
:1031E000C38024E01749098811448B4210DA9B1AE6
:1031F0000E225343144A1168CA18CD5EB2F9024038
:10320000B2F90410B2F90630058044808180E7E706
:103210004FF6FE7293420BD10C4BB3F900100C4BDE
:103220008180B3F90020C28000230380438030BD39
:103230000023038043808380D2E700BF1C3A012033
:10324000243A0120203A0120043A01208839012043
:103250008A390120174A03881288934213D2164AEA
:103260001268142101FB03231A8A1989C2F30C0284
:103270008A421DDB588AC0F30C005B899842ACBFC0
:103280000020012070470D49098811448B420DDA56
:103290009B1A0B4A12680E2101FB0323B3F9041099
:1032A0001A89914204DBB3F90600E6E70020704773
:1032B000012070471C3A0120243A0120203A0120C5
:1032C000043A0120124A038811888B420BD2114A1A
:1032D000126812B152F82300C0B90F4A11681422C3
:1032E0005343C85870470D4A12880A44934204DA7F
:1032F000084A126852F8230070474FF6FE72934254
:1033000003D1074B1B68586C70470020704700BF03
:103310001C3A0120003A0120243A0120203A0120E1
:1033200094390120244B02881888824221D2234BF1
:103330001968142303FB0213586800283AD0204967
:103340000968002936D051F82210002932D01A8994
:10335000588950435A7CDB7C5209C3F3421343EA39
:10336000C2030B2B18BF4000033020F003000844B9
:103370007047144B1B8803449A421ADA124B1B689D
:10338000101A0E2101FB0030037B03F01F030B2BEF
:103390000BD1038940895843094B1968033020F049
:1033A000030351F82200184470470D2B01D10D3052
:1033B00070470020704700BF1C3A0120243A0120CA
:1033C000003A0120203A0120043A012010B51F4B99
:1033D00002881B889A421AD21D4B1B68142101FBDC
:1033E00002314B7C5809CB7C1A49C3F3421309685C
:1033F00043EAC003D8B249B151F8222032B10E2BB2
:1034000021D00F281DD0102808BF022010BD12495E
:10341000098819448A4209DAD31A104A12680E211F
:1034200001FB0323187B00F01F00EFE74FF6FE734C
:103430009A4208D1EFF71CFC0368BDE81040DB6A34
:1034400018470120E2E70020E0E700BF1C3A012016
:10345000243A0120003A0120203A0120043A0120B8
:103460001020704700207047024B1888400080B23F
:10347000704700BF8E390120FF2B5ED00B2A58D039
:103480000ED8032A4DD004D8012A4CD04DD9C36B95
:1034900031E0092A4DD04AD8082A48D000232AE032
:1034A0002F2A2CD011D82D2A18D031D82C2AF5D17A
:1034B0004A6813785278002AF0D1012B1DD0002BD6
:1034C0002DD0022BEAD1C36815E0312A04D032D3C3
:1034D000322A30D0332AE1D1436F0CE04A681378A6
:1034E0005278002ADAD1012B04D00FD3022BD5D188
:1034F000436900E0436A18467047C369FBE74B68BD
:103500001A785B78002BC9D1002AF4D1436BF2E71B
:103510004B681A785B78002BC0D1002AEBD1C36AC4
:10352000E9E7C36CE7E7436DE5E7436CE3E7C36DA9
:10353000E1E7436EDFE7C36EDDE70B2A59D00ED813
:10354000032A50D004D8012A4FD050D9036CD2E7B7
:10355000092A4ED001D8082AA0D1036ECBE72F2A22
:103560002DD011D82D2A18D033D82C2A96D14A68BC
:1035700013785278002A91D1012B1ED0002B30D025
:10358000022B8BD10369B6E7312A04D033D3322A18
:1035900031D0332A82D1836FADE74A6813785278ED
:1035A000002A7FF47BAF012B05D010D3022B7FF4D0
:1035B00075AF83699FE7836A9DE7036A9BE74B6862
:1035C0001A785B78002B7FF469AF002A93D1836B64
:1035D00091E74B681A785B78002B7FF45FAF002A85
:1035E00089D1036B87E7036D85E7836D83E7836C80
:1035F00081E7836E7FE7036F7DE72DE9F04F87B0AA
:10360000159805929DF864200292DDE91624019137
:103610004168DDF860E001FB0424026802EB440429
:10362000DEF800200392DEF8042004320492029AAD
:10363000D643F6B2019A002A03DC059A002A40F329
:103640002981119ABEF908C0BEF90C7002F500413B
:10365000129A02F50042002B0EDD081405D46045D5
:1036600003DA101401D4B84207DB1398014414980C
:10367000013B02440234EEE771D0139D581E05FB56
:1036800000152D145FD465455DDA149D05FB0020FF
:10369000001458D4B84256DABDF808B09946A2468C
:1036A000B9F1000F57DDBEF9087003984FEA224CBC
:1036B0000D1407FB0C0009F1FF39405D049D35F83E
:1036C0001000BAF800502F124FEA202C07F0F8072C
:1036D00017FB06F74FEAE5080CF0F80CED000CFBC1
:1036E0000B7C08F0FC08C710EDB2C00018FB06F810
:1036F00015FB06F507F0FC07C0B21FFA8CFC07FBB0
:103700000B8700FB0B5080B2BFB20CF1010505EB3B
:103710001C2C07F10108451C05EB102508EB1728A8
:1037200013980CF4784CC5F3C4254FEA581845EAB1
:103730000C0C08F4FC68014414984CEA080C2AF8B4
:1037400002CB0244ACE7BDF808A04FF0000803EB41
:103750000800002841DC23EAE37304EB4304019BE7
:10376000002B40F3978030EE040AB7EE007AC7EEE4
:10377000007A109B70EEA40A31EE051A20EEA77AAB
:10378000F0EE626A61EE277AFEEEC86A77EE622A90
:10379000CDED116AFEEEC82AF0EE436A37EEC33A69
:1037A00012EE902ABEEEC83A92FBF3F313EE102A03
:1037B0001393109B92FBF3F31493019B059AFEEE77
:1037C000C86A013B0193CDED126A109BB0EE673AD7
:1037D00008BF1346F0EE472A2CE70F1453D4DEF847
:1037E0000850BD424FDD5FEA224C4CD4DEF80C009D
:1037F000604548DD03982DB20CFB0505E85D049D8E
:1038000035F810006FF0010505FB08FB4FEA202C8E
:1038100034F80B502F1207F0F80717FB06F74FEAA2
:10382000E5090CF0F80CED000CFB0A7C09F0FC0932
:10383000C710EDB2C00019FB06F915FB06F507F03D
:10384000FC07C0B21FFA8CFC07FB0A9700FB0A506A
:10385000BFB280B20CF1010505EB1C2C07F1010988
:10386000451C05EB102509EB17290CF4784CC5F322
:10387000C4254FEA591945EA0C0C09F4FC694CEAD5
:10388000090C24F80BC013980144149808F1FF3870
:1038900002445CE707B0BDE8F08F2DE9F04F85B03A
:1038A0009346139E169D70680091DDE9142400FB79
:1038B0000424326802EB44042A6801926A68DDE954
:1038C00011EC04320292F7EE006A009A002A03DC3F
:1038D000BBF1000F40F3A0800F9AB5F90890B5F93D
:1038E0000C8002F50040109A02F50042002B0CDD1E
:1038F000061405D44E4503DA161401D4464505DBFB
:1039000070446244013B0234F0E70FD05E1E0EFBB0
:1039100006073F1441D504EB430698460396B8F1D9
:10392000000F59DC23EAE37304EB4304009B002BF4
:1039300072DD30EE040A70EEA40AC6EE807A0E9BA9
:1039400031EE051A20EEA77AB0EE626A61EE277AB0
:10395000BEEEC86A77EE622A8DED0F6AFEEEC82AC7
:10396000B0EE436A37EEC33A12EE902ABEEEC83A82
:1039700092FBF3FE13EE102A92FBF3FC009BBEEECB
:10398000C86A013B00938DED106A0E9BB0EE673A5A
:1039900008BF5B46F0EE472A97E74F45BBDA0CFBC2
:1039A00006263614B7D44645B5DA1E46A046002E84
:1039B000B8DDB5F908A0019917144FEA20490AFBB0
:1039C0000717029917F8097031F8177028F8027B69
:1039D00070446244013EEAE75FEA204917D4AE68CA
:1039E0004E4514DD5FEA224A11D4EF6857450EDDDB
:1039F000019F36B20AFB0676029F16F809606FF047
:103A0000010137F8167001FB08F603998F537044D3
:103A1000624408F1FF3882E705B0BDE8F08F2DE978
:103A2000F04F87B0159C05929DF864200392DDE964
:103A3000162002916168DDF860C001FB0020226859
:103A400002EB40020092DCF800200492DCF8042033
:103A500004320192039AD543EDB2029A002A03DCA4
:103A6000059A002A40F32C81119ABCF908E0BCF9B0
:103A70000C7002F50041129A02F50042002B10DD95
:103A80000C1405D4744503DA141401D4BC4209DBC8
:103A9000139C00982144149C02302244013B009066
:103AA000ECE771D0139E5C1E06FB041636145DD441
:103AB00076455BDA149E06FB0424241456D4BC42DB
:103AC00054DADDF80090BDF80CA09846B8F1000F6C
:103AD00054DDBCF908700498141407FB04040E1498
:103AE000019814F806E0B9F800400EEB4E0E00EB1A
:103AF0000E0B27129BF802609BF801B010F80EE045
:103B0000139816FB0AF607F0F80707FB0567E6109F
:103B1000E400E4B21BFB0AFB14FB05F406F0FC0610
:103B2000BFB206FB05B60EFB0A4EB6B21FFA8EFEFA
:103B30007C1C04EB172706F1010B0EF1010404EBCA
:103B40001E240BEB162B07F47847C4F3C4244FEA6A
:103B50005B1B27430BF4FC6B0144149847EA0B07EB
:103B600029F8027B024408F1FF38AFE7BDF80C905A
:103B70004FF0000E03EB0E04002C43DC009A23EA06
:103B8000E37302EB43030093029B002B40F3988006
:103B900030EE040AB7EE007AC7EE007A109B70EEA2
:103BA000A40A31EE051A20EEA77AF0EE626A61EE01
:103BB000277AFEEEC86A77EE622ACDED116AFEEE34
:103BC000C82AF0EE436A37EEC33A12EE902ABEEEF0
:103BD000C83A92FBF3F313EE102A1393109B92FB57
:103BE000F3F31493029B059AFEEEC86A013B02931D
:103BF000CDED126A109BB0EE673A08BF1346F0EEA7
:103C0000472A2AE70F1454D4DCF80860BE4250DD7E
:103C10005FEA22484DD4DCF80C40444549DD049C61
:103C200036B208FB06466FF0010016F80780019CCB
:103C300000FB0EFA08EB4808009804EB080B30F87C
:103C40000A409BF8026001989BF801B010F80880C8
:103C50000098271216FB09F607F0F80707FB05671F
:103C6000E610E400E4B21BFB09FB14FB05F406F0CC
:103C7000FC06BFB206FB05B608FB0948B6B21FFA40
:103C800088F87C1C04EB172706F1010B08F10104EE
:103C900004EB18240BEB162B07F47847C4F3C42469
:103CA0004FEA5B1B27430BF4FC6B47EA0B0720F83A
:103CB0000A701398014414980EF1FF3E024459E72C
:103CC00007B0BDE8F08F00002DE9F04F85B0F7EEAA
:103CD000006A139E0392DDE914247068169DDDF8D6
:103CE00044C06F68019100FB0424326802EB440475
:103CF0002A6802920437019A002A03DC039A002AF8
:103D000040F3CC800F9AB5F90890B5F90C8002F514
:103D10000040109A02F50042002B0DDD061405D478
:103D20004E4503DA161401D4464506DB129E604464
:103D30003244013B0234EFE70FD05E1E0CFB060E4F
:103D40005FEA2E4E43D5984604EB430AB8F1000FC4
:103D500071DC23EAE37304EB4304019B002B40F383
:103D60009D8030EE040A70EEA40AC6EE807A0E9BA7
:103D700031EE051A20EEA77AB0EE626A61EE277A7C
:103D8000BEEEC86A77EE622A8DED0F6AFEEEC82A93
:103D9000B0EE436A37EEC33A12EE902ABEEEC83A4E
:103DA00092FBF3FC13EE102A92FBF3F31293019BA8
:103DB000039ABEEEC86A013B01938DED106A0E9B1B
:103DC000B0EE673A08BF1346F0EE472A93E7CE45B8
:103DD000B9DA129901FB06263614B4D44645B2DA94
:103DE0009846A246B8F1000FB3DDB5F908900299E4
:103DF000161409FB06164FEA204E2A4916F80EE063
:103E00000EEB4E0E07EB0E0B60449BF801609BF827
:103E10000290F60001EA092906F4FC6649EA060662
:103E200017F80E90129946EAD9062AF8026B0A444E
:103E300008F1FF38D6E75FEA204929D4AE684E453D
:103E400026DD5FEA224B23D4E968594520DD02993B
:103E50000FFA86FE0BFB0E1E6FF001011EF809E043
:103E60000EEB4E0E07EB0E0601FB08F996F802B0BA
:103E70007678A1F2FE71F60001EA0B2B06F4FC66DF
:103E80004BEA060617F80EB046EADB062AF8096088
:103E9000129960440A4408F1FF3857E705B0BDE8BD
:103EA000F08F00BF00F8FFFF2DE9F04F87B08B4681
:103EB000159804929DF864200592DDE91624416866
:103EC000DDF860C001FB0424026802EB4404DCF866
:103ED00000200192DCF8042004320292F7EE006A1E
:103EE000BBF1000F03DC049A002A40F33881119AD9
:103EF000BCF90870BCF90C6002F50040129A02F59A
:103F00000041002B0EDD021405D4BA4203DA0A1474
:103F100001D4B24207DB139A1044149A013B1144B6
:103F20000234EEE719D0139D5A1E05FB02052D142D
:103F300009D4BD4207DA149D05FB0212121402D403
:103F4000B242C0F2AC804FF0000E03EB0E02002A2A
:103F50003EDC23EAE37304EB4304BBF1000F40F3C0
:103F6000FE8030EE040A70EEA40AC6EE807A109B42
:103F7000BBF1010B31EE051A20EEA77AB0EE626AB2
:103F800061EE277ABEEEC86A77EE622A8DED116A7D
:103F9000FEEEC82AB0EE436A37EEC33A12EE902A1C
:103FA000BEEEC83A92FBF3F313EE102ABEEEC86AD7
:103FB0001393109B92FBF3F3049A14938DED126A02
:103FC000109BB0EE673A08BF1346F0EE472A87E72A
:103FD00006145DD4DCF80850B54259DD0F1457D4EF
:103FE000DCF80C20BA4253DD019A2DB207FB0525FF
:103FF000AA5D029D55F822502E0E49D06FF00102A5
:1040000002FB0EF2039234F80280059A5643721CAA
:1040100002EB262212121FFA82F94FEA2827C5F373
:104020000746D243D2B216FB09F607F0F80707FBA2
:104030000267C5F3072A4FEAE806EDB24FEAC8085F
:104040005FFA88F815FB09F508FB0255BFB21AFBA9
:1040500009FAADB206F0FC0606FB02A67A1C05F1D1
:10406000010A02EB17270AEB152AB6B2CAF3C42AD3
:1040700007F478474AEA070706F1010A0AEB162A0D
:104080004FEA5A1A0AF4FC6A039A47EA0A07A75247
:10409000139A1044149A0EF1FF3E114455E74FF065
:1040A0000008A3EB0802002A7FF753AFBCF90860B1
:1040B000019F0A14051406FB0272525D029D55F819
:1040C00022502E0E44D0059A34F818E05643721C44
:1040D00002EB262212121FFA82F94FEA2E27C5F3AD
:1040E0000746D243D2B216FB09F607F0F80707FBE2
:1040F0000267C5F3072A4FEAEE06EDB24FEACE0E8D
:104100005FFA8EFE15FB09F50EFB0255BFB21AFBD6
:1041100009FAADB206F0FC0606FB02A67A1C05F110
:10412000010A02EB17270AEB152AB6B2CAF3C42A12
:1041300007F478474AEA070706F1010A0AEB162A4C
:104140004FEA5A1A0AF4FC6A47EA0A0724F8187078
:10415000139A1044149A08F101081144A1E707B01A
:10416000BDE8F08F2DE9F04F85B08B461398039290
:10417000DDE914244168DDF858E001FB04240268FD
:1041800002EB4404DEF800200092DEF80420043242
:104190000192F7EE006ABBF1000F03DC039A002ADC
:1041A00040F353810F9ABEF90870BEF90C6002F516
:1041B0000041109A02F50042002B0EDD081405D4D0
:1041C000B84203DA101401D4B04207DB119801445D
:1041D0001298013B02440234EEE717D0119D581E9D
:1041E00005FB00152D1409D4BD4207DA129D05FB0D
:1041F0000020001402D4B042C0F2BC8000269819FE
:1042000000283EDC23EAE37304EB4304BBF1000F18
:1042100040F31B8130EE040A70EEA40AC6EE807AE9
:104220000E9BBBF1010B31EE051A20EEA77AB0EE22
:10423000626A61EE277ABEEEC86A77EE622A8DED79
:104240000F6AFEEEC82AB0EE436A37EEC33A12EEAA
:10425000902ABEEEC83A92FBF3F313EE102ABEEE9C
:10426000C86A11930E9B92FBF3F3039A12938DEDA0
:10427000106A0E9BB0EE673A08BF1346F0EE472A6D
:1042800089E70F1426D4DEF80850BD4222DD5FEA2C
:10429000224C1FD4DEF80C0060451BDD00982DB2C7
:1042A0000CFB0505E85D019D55F82000070EFF2F6A
:1042B00016D16FF0010505FB06F7A5F2FE7505EABC
:1042C000102C450905F4FC654CEA0505C0F3C40053
:1042D0000543E553119801441298013E02448EE7CC
:1042E000FDB2002FF6D06FF0010777431FFA85F972
:1042F00034F8078002974FEA282CC0F30747ED43B4
:10430000EDB217FB09F70CF0F80C0CFB057CC0F3C1
:10431000072A4FEAE807C0B24FEAC8085FFA88F8F0
:1043200010FB09F008FB050080B21FFA8CFC1AFB99
:1043300009FA07F0FC0707FB05A700F1010A0CF1D9
:1043400001050AEB102A05EB1C2CBFB2CAF3C42AE4
:104350000CF4784C4AEA0C0C07F1010A0AEB172A14
:104360004FEA5A1A0AF4FC6A02984CEA0A0C24F83A
:1043700000C0AFE74FF00008A3EB080000287FF76C
:1043800041AFBEF90860009F10140D1406FB0070C9
:10439000405D019D55F820502E0EFF2E12D12C4865
:1043A00000EA1526680900F4FC603043C5F3C40533
:1043B000284324F8180011980144129808F10108C4
:1043C0000244D9E7F0B2002EF5D034F818C01FFA35
:1043D00080F94FEA2C27C5F30746C043C0B216FB4D
:1043E00009F607F0F80707FB0067C5F3072A4FEA4D
:1043F000EC06EDB24FEACC0C5FFA8CFC15FB09F52C
:104400000CFB0055BFB21AFB09FAADB206F0FC0670
:1044100006FB00A6781C05F1010A00EB17270AEB42
:10442000152AB6B2CAF3C42A07F478474AEA07073E
:1044300006F1010A0AEB162A4FEA5A1A0AF4FC6A34
:1044400047EA0A0724F81870B5E705B0BDE8F08F11
:1044500000F8FFFF2DE9F04F87B08B46159C0492C2
:104460009DF864200592DDE916206168DDF860E0C2
:1044700001FB0020226802EB4000DEF800200192E0
:10448000DEF804200292F7EE006ABBF1000F03DCB5
:10449000049A002A40F34281119ABEF90870BEF9CD
:1044A0000C6002F50041129A02F50042002B0EDD6D
:1044B0000C1405D4BC4203DA141401D4B44207DB53
:1044C000139C2144149C013B22440230EEE719D096
:1044D000139D5C1E05FB04152D1409D4BD4207DA9B
:1044E000149D05FB0424241402D4B442C0F2B1800C
:1044F0004FF0000803EB0804002C3EDC23EAE373D2
:1045000000EB4300BBF1000F40F3088130EE040ADA
:1045100070EEA40AC6EE807A109BBBF1010B31EE5F
:10452000051A20EEA77AB0EE626A61EE277ABEEE37
:10453000C86A77EE622A8DED116AFEEEC82AB0EEE7
:10454000436A37EEC33A12EE902ABEEEC83A92FBA7
:10455000F3F313EE102ABEEEC86A1393109B92FB7E
:10456000F3F3049A14938DED126A109BB0EE673A40
:1045700008BF1346F0EE472A87E70E1462D4DEF830
:104580000850B5425EDD17145CD4DEF80C40BC4226
:1045900058DD2DB207FB0565029C665D002E51D0EB
:1045A000019C34F815906FF0010404FB08F40394A7
:1045B000055B059C6643741C04EB16242412A7B209
:1045C0002E12E443E4B24FEA292C06F0F80616FB5B
:1045D00004F64FEAE50A0CF0F80CED000CFB076C52
:1045E000EDB24FEAE9064FEAC90915FB04F55FFA97
:1045F00089F90AF0FC0A09FB07551AFB04FA1FFAAD
:104600008CFCADB206F0FC0606FB07A60CF101041B
:1046100005F1010A04EB1C2C0AEB152AB6B2CAF309
:10462000C42A0CF4784C4AEA0C0C06F1010A0AEB95
:10463000162A4FEA5A1A0AF4FC6A039C4CEA0A0C3E
:1046400020F804C0139C2144149C08F1FF38224434
:1046500050E74FF00009A3EB0904002C7FF74EAFA1
:10466000BEF908600D14141406FB0454029D2E5D5F
:10467000002E4CD0019D35F81480059C30F819505F
:104680006643741C04EB16242412A7B22E12E443D2
:10469000E4B24FEA282C06F0F80616FB04F64FEABF
:1046A000E50A0CF0F80CED000CFB076CEDB24FEADC
:1046B000E8064FEAC80815FB04F55FFA88F80AF027
:1046C000FC0A08FB07551AFB04FA1FFA8CFCADB272
:1046D00006F0FC0606FB07A60CF1010405F1010A31
:1046E00004EB1C2C0AEB152AB6B2CAF3C42A0CF44C
:1046F000784C4AEA0C0C06F1010A0AEB162A4FEA3A
:104700005A1A0AF4FC6A4CEA0A0C20F819C0139CE5
:104710002144149C09F1010922449CE707B0BDE83B
:10472000F08F2DE9F04F85B08B46139C0392DDE9A5
:1047300014206168DDF8588001FB0020226802EB3C
:104740004000D8F800200092D8F804200192F7EE3B
:10475000006ABBF1000F03DC039A002A40F3468194
:104760000F9AB8F90870B8F90C6002F50041109A78
:1047700002F50042002B0EDD0C1405D4BC4203DA16
:10478000141401D4B44207DB119C2144129C013B58
:1047900022440230EEE717D0119D5C1E05FB041584
:1047A0002D1409D4BD4207DA129D05FB04242414FC
:1047B00002D4B442C0F2B38000269C19002C3EDC27
:1047C00023EAE37300EB4300BBF1000F40F30E81DB
:1047D00030EE040A70EEA40AC6EE807A0E9BBBF19E
:1047E000010B31EE051A20EEA77AB0EE626A61EE97
:1047F000277ABEEEC86A77EE622A8DED0F6AFEEE6A
:10480000C82AB0EE436A37EEC33A12EE902ABEEEE3
:10481000C83A92FBF3F313EE102ABEEEC86A119366
:104820000E9B92FBF3F3039A12938DED106A0E9B8D
:10483000B0EE673A08BF1346F0EE472A89E70F1437
:1048400018D4D8F80850BD4214DD5FEA224C11D4C8
:10485000D8F80C4064450DDD2DB20CFB0575019CAC
:10486000645DFF2C0CD1009C34F815506FF00104EE
:1048700074430553119C2144129C013E22449CE741
:10488000002CF7D0009F37F815906FF001057543A5
:104890000295455B1FFA84FC2F12E443E4B24FEA11
:1048A000292E07F0F80717FB04F74FEAE50A0EF088
:1048B000F80EED000EFB0C7EEDB24FEAE9074FEA71
:1048C000C90915FB04F55FFA89F90AF0FC0A09FB2E
:1048D0000C551AFB04FA1FFA8EFEADB207F0FC0766
:1048E00007FB0CA70EF1010405F1010A04EB1E2ED3
:1048F0000AEB152ABFB2CAF3C42A0EF4784E4AEA6C
:104900000E0E07F1010A0AEB172A4FEA5A1A0AF4A7
:10491000FC6A029C4EEA0A0E20F804E0AAE74FF077
:104920000009A3EB0904002C7FF74AAFB8F908602F
:1049300014140D1406FB0455019C645DFF2C0BD16F
:10494000009C34F8154020F81940119C2144129C19
:1049500009F101092244E4E7002CF6D0009E36F864
:1049600015E030F81950A7B22E12E443E4B24FEA32
:104970002E2C06F0F80616FB04F64FEAE50A0CF0BA
:10498000F80CED000CFB076CEDB24FEAEE064FEAB7
:10499000CE0E15FB04F55FFA8EFE0AF0FC0A0EFB44
:1049A00007551AFB04FA1FFA8CFCADB206F0FC06A0
:1049B00006FB07A60CF1010405F1010A04EB1C2C0F
:1049C0000AEB152AB6B2CAF3C42A0CF4784C4AEAA8
:1049D0000C0C06F1010A0AEB162A4FEA5A1A0AF4DD
:1049E000FC6A4CEA0A0C20F819C0AEE705B0BDE835
:1049F000F08F2DE9F04F85B0139803929DF85C205D
:104A00000192DDE9142400914168DDF858E001FBD2
:104A10000424026802EB4404DEF800200292019AAA
:104A2000D643F6B2009A002A03DC039A002A40F328
:104A300024810F9ABEF908C0BEF90C7002F500413E
:104A4000109A02F50042002B0EDD081405D46045D3
:104A500003DA101401D4B84207DB1198014412980C
:104A6000013B02440234EEE76ED0119D581E05FB57
:104A700000152D145CD465455ADA129D05FB002003
:104A8000001455D4B84253DABDF804B09946A24692
:104A9000B9F1000F54DDBEF908700D14101407FBB6
:104AA0000050029D35F81000BAF800502F124FEA5E
:104AB000202C07F0F80717FB06F74FEAE5080CF083
:104AC000F80CED000CFB0B7C08F0FC08C710EDB2F5
:104AD000C00018FB06F815FB06F507F0FC07C0B28E
:104AE0001FFA8CFC07FB0B8700FB0B5080B2BFB298
:104AF0000CF1010505EB1C2C07F10108451C05EB29
:104B0000102508EB172811980CF4784CC5F3C42530
:104B10004FEA581845EA0C0C08F4FC680144129856
:104B20004CEA080C2AF802CB024409F1FF39AFE73E
:104B3000BDF804A04FF0000803EB0800002841DC9A
:104B400023EAE37304EB4304009B002B40F39580BE
:104B500030EE040AB7EE007AC7EE007A0E9B70EED4
:104B6000A40A31EE051A20EEA77AF0EE626A61EE31
:104B7000277AFEEEC86A77EE622ACDED0F6AFEEE66
:104B8000C82AF0EE436A37EEC33A12EE902ABEEE20
:104B9000C83A92FBF3F313EE102A11930E9B92FB8B
:104BA000F3F31293009B039AFEEEC86A013B009355
:104BB000CDED106A0E9BB0EE673A08BF1346F0EEDB
:104BC000472A2FE70F1451D4DEF80850BD424DDDBF
:104BD0005FEA224C4AD4DEF80C00604546DD2DB277
:104BE0000CFB0575029830F815006FF0010505FB08
:104BF00008FB4FEA202C34F80B502F1207F0F8076F
:104C000017FB06F74FEAE5090CF0F80CED000CFB7A
:104C10000A7C09F0FC09C710EDB2C00019FB06F9C7
:104C200015FB06F507F0FC07C0B21FFA8CFC07FB6A
:104C30000A9700FB0A50BFB280B20CF1010505EBE8
:104C40001C2C07F10109451C05EB102509EB172960
:104C50000CF4784CC5F3C4254FEA591945EA0C0CFD
:104C600009F4FC694CEA090C24F80BC011980144C2
:104C7000129808F1FF3802445EE705B0BDE8F08FF6
:104C80002DE9F04F85B09346139E169D70680191F3
:104C9000DDE9142400FB04243268DDE911EC02EBA9
:104CA00044042A680292F7EE006A019A002A03DCA3
:104CB000BBF1000F40F39A800F9AB5F90890B5F94F
:104CC0000C8002F50040109A02F50042002B0CDD2A
:104CD000061405D44E4503DA161401D4464505DB07
:104CE00070446244013B0234F0E70FD05E1E0EFBBD
:104CF00006073F1441D504EB430698460396B8F1E6
:104D0000000F56DC23EAE37304EB4304019B002B02
:104D10006CDD30EE040A70EEA40AC6EE807A0E9BBB
:104D200031EE051A20EEA77AB0EE626A61EE277ABC
:104D3000BEEEC86A77EE622A8DED0F6AFEEEC82AD3
:104D4000B0EE436A37EEC33A12EE902ABEEEC83A8E
:104D500092FBF3FE13EE102A92FBF3FC019BBEEED6
:104D6000C86A013B01938DED106A0E9BB0EE673A65
:104D700008BF5B46F0EE472A97E74F45BBDA0CFBCE
:104D800006263614B7D44645B5DA1E46A046002E90
:104D9000B8DDB5F908A0029917144FEA20490AFBBB
:104DA0000797704431F8177028F8027B6244013E7F
:104DB000EDE75FEA204914D4AE684E4511DD5FEAA5
:104DC000224A0ED4EF6857450BDD36B20AFB069631
:104DD000029F6FF0010137F8167001FB08F6039986
:104DE0008F537044624408F1FF3888E705B0BDE88E
:104DF000F08F2DE9F04F87B08B46159803929DF800
:104E000064200492DDE916254168DDF8609001FB1D
:104E10000525026802EB4505D9F800200192F7EE5E
:104E2000006ABBF1000F03DC039A002A40F35981AA
:104E3000119AB9F90870B9F90C6002F50040129A9C
:104E400002F50041002B0EDD021405D4BA4203DA4C
:104E50000A1401D4B24207DB139A1044149A013B9E
:104E600011440235EEE717D0139C5A1E04FB0204CE
:104E7000241409D4BC4207DA149C04FB0212121455
:104E800002D4B242C0F2BF800027DA19002A3EDC09
:104E900023EAE37305EB4305BBF1000F40F32181E7
:104EA00030EE040A70EEA40AC6EE807A109BBBF1C5
:104EB000010B31EE051A20EEA77AB0EE626A61EEC0
:104EC000277ABEEEC86A77EE622A8DED116AFEEE91
:104ED000C82AB0EE436A37EEC33A12EE902ABEEE0D
:104EE000C83A92FBF3F313EE102ABEEEC86A13938E
:104EF000109B92FBF3F3039A14938DED126A109BAF
:104F0000B0EE673A08BF1346F0EE472A89E7061469
:104F10002DD4D9F80840B44229DD5FEA214C26D4CB
:104F2000D9F80C20624522DD24B2019A0CFB0464FE
:104F300052F82440220E1AD0049E7243561C06EBEF
:104F400022221212260AFF2A059616D16FF00102BC
:104F500002FB07FC26F4FF66620902F4FC6226F0FD
:104F600007061643C4F3C404264325F80C60139ABD
:104F70001044149A013F114487E76FF001067E4305
:104F80001FFA82FA35F8068002964FEA282EC4F3FB
:104F9000074CD243D2B21CFB0AFC0EF0F80E0EFBFB
:104FA00002CEE4B24FEAE80C4FEAC8089DF814605C
:104FB0005FFA88F814FB0AF408FB02441FFA8EFE1D
:104FC00016FB0AF6A4B20CF0FC0C0CFB026C0EF102
:104FD0000102661C02EB1E2E06EB14261FFA8CFC47
:104FE000C6F3C4260EF4784E46EA0E0E0CF1010606
:104FF00006EB1C26760906F4FC66029A4EEA060EBB
:1050000025F802E0B3E74FF00008A3EB0802002AFE
:105010007FF73EAFB9F9086004140A1406FB024298
:10502000019C54F82240220E16D0049E7243561C56
:1050300006EB22221212FF2A4FEA142613D162092C
:1050400026F4FF6602F4FC6226F007061643C4F35A
:10505000C404264325F81860139A1044149A08F1E2
:1050600001081144D1E735F818E01FFA82FA4FEA37
:105070002E2CC4F30747D243D2B217FB0AF70CF029
:10508000F80C0CFB027CE4B24FEAEE074FEACE0EBE
:105090005FFA8EFE14FB0AF40EFB0244F6B21FFA0E
:1050A0008CFC16FB0AF6A4B207F0FC0707FB0267AC
:1050B0000CF10102661C02EB1C2C06EB1426BFB29D
:1050C000C6F3C4260CF4784C46EA0C0C7E1C06EBA6
:1050D0001726760906F4FC664CEA060C25F818C07B
:1050E000BAE707B0BDE8F08F2DE9F04F85B08B46E9
:1050F00013980392DDE914244168DDF8588001FB20
:105100000424026802EB4404D8F800200192F7EE70
:10511000006ABBF1000F03DC039A002A40F34F81C1
:105120000F9AB8F90870B8F90C6002F50041109AAE
:1051300002F50042002B0EDD081405D4B84203DA54
:10514000101401D4B04207DB119801441298013BBE
:1051500002440234EEE717D0119D581E05FB0015DE
:105160002D1409D4BD4207DA129D05FB002000145E
:1051700002D4B042C0F2BA800026981900283EDC62
:1051800023EAE37304EB4304BBF1000F40F3178100
:1051900030EE040A70EEA40AC6EE807A0E9BBBF1D4
:1051A000010B31EE051A20EEA77AB0EE626A61EECD
:1051B000277ABEEEC86A77EE622A8DED0F6AFEEEA0
:1051C000C82AB0EE436A37EEC33A12EE902ABEEE1A
:1051D000C83A92FBF3F313EE102ABEEEC86A11939D
:1051E0000E9B92FBF3F3039A12938DED106A0E9BC4
:1051F000B0EE673A08BF1346F0EE472A89E70F146E
:1052000024D4D8F80850BD4220DD5FEA224C1DD4DA
:10521000D8F80C00604519DD2DB20CFB057501981E
:1052200050F82500070EFF2F16D16FF0010505FB82
:1052300006F7A5F2FE7505EA102C450905F4FC6594
:105240004CEA0505C0F3C4000543E5531198014439
:105250001298013E024490E7FDB2002FF6D06FF0A5
:10526000010777431FFA85F934F807E002974FEA00
:105270002E2CC0F30747ED43EDB217FB09F70CF0F6
:10528000F80C0CFB057CC0F3072A4FEAEE07C0B20E
:105290004FEACE0E5FFA8EFE10FB09F00EFB050002
:1052A00080B21FFA8CFC1AFB09FA07F0FC0707FB17
:1052B00005A700F1010A0CF101050AEB102A05EB24
:1052C0001C2CBFB2CAF3C42A0CF4784C4AEA0C0C6A
:1052D00007F1010A0AEB172A4FEA5A1A0AF4FC6A84
:1052E00002984CEA0A0C24F800C0AFE74FF0000E19
:1052F000A3EB0E0000287FF743AFB8F908600D1448
:10530000101406FB0050019D55F820502E0EFF2E64
:1053100012D12C4800EA1526680900F4FC603043DD
:10532000C5F3C405284324F81E00119801441298BF
:105330000EF1010E0244DBE7F0B2002EF5D034F896
:105340001EC01FFA80F94FEA2C27C5F30746C04359
:10535000C0B216FB09F607F0F80707FB0067C5F3B4
:10536000072A4FEAEC06EDB24FEACC0C5FFA8CFC50
:1053700015FB09F50CFB0055BFB21AFB09FAADB2DB
:1053800006F0FC0606FB00A6781C05F1010A00EBFE
:1053900017270AEB152AB6B2CAF3C42A07F47847CE
:1053A0004AEA070706F1010A0AEB162A4FEA5A1AD7
:1053B0000AF4FC6A47EA0A0724F81E70B5E705B04C
:1053C000BDE8F08F00F8FFFF2DE9F04F87B08B4666
:1053D000159803929DF864200492DDE91624416833
:1053E000DDF8609001FB0424026802EB4404D9F864
:1053F0000820013222F001020092D9F80020019227
:10540000F7EE006ABBF1000F03DC039A002A40F3B9
:105410006981119AB9F90870B9F90C6002F5004078
:10542000129A02F50041002B0EDD021405D4BA4297
:1054300003DA0A1401D4B24207DB139A1044149A17
:10544000013B11440234EEE717D0139D5A1E05FBB1
:1054500002052D1409D4BD4207DA149D05FB021282
:10546000121402D4B242C0F2C7800027DA19002A0F
:105470003EDC23EAE37304EB4304BBF1000F40F38B
:10548000318130EE040A70EEA40AC6EE807A109BD9
:10549000BBF1010B31EE051A20EEA77AB0EE626A7D
:1054A00061EE277ABEEEC86A77EE622A8DED116A48
:1054B000FEEEC82AB0EE436A37EEC33A12EE902AE7
:1054C000BEEEC83A92FBF3F313EE102ABEEEC86AA2
:1054D0001393109B92FBF3F3039A14938DED126ACE
:1054E000109BB0EE673A08BF1346F0EE472A89E7F3
:1054F000051435D4D9F80820AA4231DD0E142FD472
:10550000D9F80C20B2422BDD009A06FB02556A083E
:10551000019EB25CEE0754BF02F00F02121102EBC3
:105520000212D2B2E2B1049D6A43551C05EB22225D
:105530006E4D2D6812122E0AFF2A059616D16FF0B5
:10554000010202FB07FC26F4FF666A0902F4FC6212
:1055500026F007061643C5F3C4052E4324F80C6055
:10556000139A1044149A013F11447FE76FF001062B
:105570007E431FFA82FA34F8068002964FEA282EFC
:10558000C5F3074CD243D2B21CFB0AFC0EF0F80E56
:105590000EFB02CEEDB24FEAE80C4FEAC8089DF8C8
:1055A00014605FFA88F815FB0AF508FB02551FFA2C
:1055B0008EFE16FB0AF6ADB20CF0FC0C0CFB026C76
:1055C0000EF101026E1C02EB1E2E06EB15261FFAD1
:1055D0008CFCC6F3C4260EF4784E46EA0E0E0CF18F
:1055E000010606EB1C26760906F4FC66029A4EEAD2
:1055F000060E24F802E0B3E74FF00008A3EB080220
:10560000002A7FF736AF009E02140D1406FB052515
:105610006A08019EB25CED0754BF02F00F0212113E
:1056200002EB0212D2B2C2B1049D6A43551C05EBD3
:1056300022222E4D12122E68FF2A4FEA162513D170
:10564000720925F4FF6502F4FC6225F00705154395
:10565000C6F3C406354324F81850139A1044149A1C
:1056600008F101081144C9E734F818E01FFA82FA7A
:105670004FEA2E2CC6F30747D243D2B217FB0AF7E4
:105680000CF0F80C0CFB027CF6B24FEAEE074FEA86
:10569000CE0E5FFA8EFE16FB0AF60EFB0266EDB228
:1056A0001FFA8CFC15FB0AF5B6B207F0FC0707FBE6
:1056B00002570CF10102751C02EB1C2C05EB1625A0
:1056C000BFB2C5F3C4250CF4784C45EA0C0C7D1C24
:1056D00005EB17256D0905F4FC654CEA050C24F86B
:1056E00018C0BAE707B0BDE8F08F00BFA4390120A9
:1056F0002DE9F04F87B0DFF80C8315980592DDE9AE
:10570000162401914168DDF860B001FB04240268B1
:1057100002EB4404DBF80820013222F0010202927D
:10572000DBF800200392F7EE006A019A002A03DCFE
:10573000059A002A40F36281119ABBF90870BBF9FF
:105740000C6002F50040129A02F50041002B0EDDBC
:10575000021405D4BA4203DA0A1401D4B24207DBB8
:10576000139A1044149A013B11440234EEE717D007
:10577000139D5A1E05FB02052D1409D4BD4207DAFC
:10578000149D05FB0212121402D4B242C0F2C3806F
:1057900000255A19002A3FDC23EAE37304EB430493
:1057A000019B002B40F32A8130EE040A70EEA40A1C
:1057B000C6EE807A109B31EE051A20EEA77AB0EE85
:1057C000626A61EE277ABEEEC86A77EE622A8DEDD4
:1057D000116AFEEEC82AB0EE436A37EEC33A12EE03
:1057E000902ABEEEC83A92FBF3F313EE102A1393FD
:1057F000109B92FBF3F31493019B059ABEEEC86ACB
:10580000013B01938DED126A109BB0EE673A08BF21
:105810001346F0EE472A88E706142CD4DBF808205C
:10582000B24228DD0F1426D4DBF80C20BA4222DD68
:10583000029A07FB02667208039FBA5CF60754BF20
:1058400002F00F02121102EB0212D2B2FF2A18D19B
:10585000D8F800206FF0010606FB05F7A6F2FE76E9
:1058600006EA122C560906F4FC664CEA0606C2F358
:10587000C4021643E653139A1044149A013D11448E
:1058800087E7002AF7D06FF001066E43D8F800C012
:1058900034F806E004961FFA82F94FEA2E27CCF37B
:1058A0000746D243D2B216FB09F607F0F80707FB0A
:1058B0000267CCF3072A4FEAEE065FFA8CFC4FEA48
:1058C000CE0E5FFA8EFE1CFB09FC0EFB02CCBFB2B3
:1058D0001AFB09FA1FFA8CFC06F0FC0606FB02A66E
:1058E0007A1C0CF1010A02EB17270AEB1C2AB6B24C
:1058F000CAF3C42A07F478474AEA070706F1010AFF
:105900000AEB162A4FEA5A1A0AF4FC6A049A47EA82
:105910000A07A752AFE74FF0000EA3EB0E02002AD2
:105920007FF73AAF029E02140D1406FB05256A08A4
:10593000039EB25CED0754BF02F00F02121102EB9E
:105940000212D2B2FF2A15D1D8F80050A2F6FF02F7
:1059500002EA15266A0902F4FC623243C5F3C40563
:105960002A4324F81E20139A1044149A0EF1010EB3
:105970001144D2E7002AF6D0D8F8007034F81EC0DF
:105980001FFA82F94FEA2C26C7F30745D243D2B259
:1059900015FB09F506F0F80606FB0256C7F3072AC1
:1059A0004FEAEC05FFB24FEACC0C5FFA8CFC17FB18
:1059B00009F70CFB0277B6B21AFB09FABFB205F081
:1059C000FC0505FB02A5721C07F1010A02EB162675
:1059D0000AEB172AADB2CAF3C42A06F478464AEA9B
:1059E000060605F1010A0AEB152A4FEA5A1A0AF4CB
:1059F000FC6A46EA0A0624F81E60B4E707B0BDE870
:105A0000F08F00BFA439012070477047704770477E
:105A100070477047704770477047704770477047CE
:105A200070477047704770477047704770477047BE
:105A300070477047704770477047704770477047AE
:105A4000704770477047704770472DE9F04788B03E
:105A500008AC064624F80C3D204688469146FDF7E2
:105A600031FC3368054620469F69FDF739FB8246C5
:105A70002046FDF769FB0095CDE901A04B4606A83D
:105A800042463146B847284608B0BDE8F0870000D6
:105A90002DE9FF47002300933D4B1B78002B37D1A6
:105AA0003C4AB2F90020ADF80420002B32D13A4B29
:105AB000B3F9003008684968ADF8063002AC02ABB3
:105AC00003C369462046F9F7D5FB6846F9F7AAFBF8
:105AD000BDF80830BDF80020304D1344ADF8083053
:105AE000BDF80220BDF80A3028681344ADF80A302A
:105AF0000368DB6B984710F0010F2F460CD0286825
:105B0000036894E806001B6E984704B0BDE8F08770
:105B1000214AC6E71F4BCBE73868BDF90C80036804
:105B2000BDF90E505B6B9847BDF90830BDF80A20EF
:105B3000BDF8046016FB023600EB460638680368C1
:105B4000DB6A9847134ABDF90A401388BDF908106B
:105B500003FB041400EB44045D4304EB45054FEAEA
:105B6000480891463868AC4203680ED2D3F838A092
:105B7000324643462146D047B9F8003004EB43048F
:105B8000BDF9043006EB4306ECE71B6B9847BCE716
:105B90008C3901208E39012090390120943901205F
:105BA0002DE9F04F8BB00F469DF850B09DF8544052
:105BB0001646BBF1000F4AD01068516806AD03C508
:105BC0001868596808AD03C506A8F9F72BFB3146DC
:105BD00008A8F9F74FFBBDF92020BDF92230BDF828
:105BE0001C60BDF92480BDF9265016FB032107EB8C
:105BF0004106BDF818105F4F0A44ADF82020BDF8EB
:105C00001A2038681344ADF822300368DB6B9847DC
:105C1000BBF1FF0FB9461DD1FCB910F0010F1CD02C
:105C2000D9F80000BDF822300168CDF80CB000278B
:105C3000CDE90447BDF81C400294ADB21FFA88F4C8
:105C4000019500948C6CBDF820203146A0470BB024
:105C5000BDE8F08F10F0040FE1E7D9F80000036809
:105C6000DB6A9847444BBDF922401A88BDF92010E1
:105C7000BBF1FF0F02FB041400EB44049A4605FB42
:105C800002F54FEA480759D0CBF1FF0904EB45056F
:105C90001FFA8BF21FFA89F99E46AC4264D204EBDC
:105CA000070A54453DD2218836F8023B08124FEAD4
:105CB000232C00F0F80010FB09F04FEAE10B0CF088
:105CC000F80CC9000CFB020C0BF0FC0BD810C9B28D
:105CD000DB001FFA8CFC1BFB09FB00F0FC00DBB2B5
:105CE00011FB09F100FB02B003FB02130CF1010BE5
:105CF0009BB20BEB1C2C80B20CF4784B03F1010C23
:105D00000CEB132C431C03EB1020CCF3C42C4009E8
:105D10004CEA0B0C00F4FC604CEA000C24F802CBBB
:105D2000BFE7BEF80030A3EB080304EB4304BDF962
:105D30001C30A3EB080306EB4306AEE704EB450576
:105D4000D9F80000AC4203680ED2D3F8388032464E
:105D50003B462146C047BAF8003004EB4304BDF986
:105D60001C3006EB4306EBE7024B186803681B6B1D
:105D700098476CE7943901208E39012010B58C21A9
:105D800004460CF04BFA204610BD10B50421044621
:105D90000CF044FA204610BD10B5042104460CF066
:105DA0003DFA204610BD10B540F6440104460CF003
:105DB00035FA204610BD10B54FF4827104460CF040
:105DC0002DFA204610BD10B5042104460CF026FA29
:105DD000204610BD10B5042104460CF01FFA2046E1
:105DE00010BD10B5042104460CF018FA204610BD71
:105DF00010B5042104460CF011FA204610BD10B570
:105E0000042104460CF00AFA204610BD10B5042106
:105E100004460CF003FA204610BD10B504210446D8
:105E20000CF0FCF9204610BD10B5042104460CF01E
:105E3000F5F9204610BD10B5042104460CF0EEF92A
:105E4000204610BD10B5042104460CF0E7F92046A9
:105E500010BD10B5042104460CF0E0F9204610BD39
:105E600010B5042104460CF0D9F9204610BD10B538
:105E7000042104460CF0D2F9204610BD10B50421CF
:105E800004460CF0CBF9204610BD10B504210446A1
:105E90000CF0C4F9204610BD10B5042104460CF0E6
:105EA000BDF9204610BD10B5042104460CF0B6F92A
:105EB000204610BD10B5042104460CF0AFF9204671
:105EC00010BD10B5042104460CF0A8F9204610BD01
:105ED00010B5042104460CF0A1F9204610BD10B500
:105EE000042104460CF09AF9204610BD10B5042197
:105EF00004460CF093F9204610BD10B50421044669
:105F00000CF08CF9204610BD10B5042104460CF0AD
:105F100085F9204610BD10B5042104460CF07EF929
:105F2000204610BD10B5042104460CF077F9204638
:105F300010BD10B5042104460CF070F9204610BDC8
:105F400010B5042104460CF069F9204610BD00008C
:105F50002DE9F04F8FB016469DF8602005928246DD
:105F60000D46002A00F0B782306871680AAC03C49D
:105F7000186859680CAC03C40AA8F9F753F93146FC
:105F80000CA8F9F777F9BDF92C20B2F5806FD7BFCF
:105F900093B201234FF4806191FBF3F3009305F179
:105FA000080300990693BDF92E300B44013B93FB87
:105FB000F1F30699013B9BB201EB83030793009930
:105FC000BDF9323093FBF1F084B20294029D009C43
:105FD000BDF8301005FB143414FB02F40C44A4B2D9
:105FE000002D6CD06A1E069850F82260079A36BAC7
:105FF0001644BDF82820BDF93650DFF8349311441B
:10600000BDF82A20ADF830101344ADF83230BDF998
:1060100034300193C44B18680368DB6A9847C34B5C
:10602000BDF930201B88BDF9328003FB082800EB46
:1060300048086B4308EB430309930025BDF92C3056
:1060400094FBF3F304930AF104034FF4807229469E
:10605000184608930DF047FA099B434540F23682F3
:10606000032207210B20002C00F031813378DBB2B2
:10607000FE2B26D196F801E096F802C096F803B000
:106080005FFA8EFE5FFA8CFC6EF307056CF30F254A
:106090005FFA8BFB0CEB8C0C6BF3174512FB0BCCF4
:1060A0002B0E11FB0ECC10FB03C303F03F030AEBD6
:1060B0008303013C371DA4B25D603E46D3E7079ED3
:1060C00097E7FF2B27D196F801C0B37896F803E045
:1060D00096F804B05FFA8CFCDBB26CF3070563F34F
:1060E0000F255FFA8EFE03EB830312FB0E335FFA7C
:1060F0008BFB6EF3174511FB0C336BF31F6510FB25
:106100000B3B0BF03F0B0AEB8B0B013C771DA4B252
:10611000CBF80450D1E75FEAA31C06F1010707D1D1
:1061200003F03F030AEB83035D68013CA4B2C4E7BC
:10613000BCF1010F2CD103F0030EAEF1020E05EB02
:10614000CE0E5FFA8EFE03F00C0C6EF30705ACF179
:10615000080C0CEB152C0CF0FF0C6CF30F25C3F3A3
:106160000113C5F30746023B06EBC303DBB20CEB9E
:106170008C0C63F3174512FB03CC2E0E11FB0ECCD7
:1061800010FB06C606F03F060AEB86067560CCE7F4
:10619000BCF1020F03F03F032AD1B71C7678F6B2A8
:1061A00006F00F0C203BACF1080C9C4405EBCC0C2A
:1061B0005FFA8CFC6CF30705C5F3072E0EEB830E1C
:1061C0005FFA8EFE36116EF30F25083E3344C5F399
:1061D000074606EBC303DBB20EEB8E0E63F31745E7
:1061E00012FB03EE2E0E11FB0CEE10FB06E6C9E7C8
:1061F0005E1CA6424EDD361B002E4EDCDDF804B0E0
:106200000024BBF1000F40F322817B1C03933B78F9
:10621000DBB2FE2B60D17978BA78F878C9B261F335
:106220000705D2B23B1D62F30F25C0B2039302EB08
:106230008202032313FB002260F31745072313FB9D
:1062400001212E0E0B2313FB061303F03F030AEB71
:1062500083035D60012637462B0EABEB070BA6EBE5
:10626000070640F0D3808CB14846A100EAF770FEE3
:10627000059B224649464046EAF7B8FE2C4B2D4A7C
:10628000994508BF134608EB4408994608EB4708B0
:106290000024DAE0A61BB4B20FE7019B019AB342D7
:1062A000A8BF33462C0EA2EB030BA6EB03060BD0C4
:1062B000A9F104011A46002A02DC23EAE374A0E7EC
:1062C00041F8045F013AF6E708EB430899E73746DF
:1062D000DDF804B0264694E7FF2B1DD17878BA7814
:1062E000FE787B1DC0B203933B7960F30705D2B201
:1062F000D9B262F30F25F6B2032302EB820213FB3D
:106300000622072313FB002066F317450B2361F3D6
:106310001F6513FB010398E79E110DD103F03F03A6
:106320000AEB83035D6895E7943901208E390120DB
:106330008001002080020020012E4FEA15612BD140
:1063400003F00300023805EBC000C0B203F00C02FA
:1063500060F30705083A02EB152202F0FF0262F330
:106360000F25C3F301139F1EC5F3074303EBC703B8
:10637000DBB2032702EB820217FB0322072763F33A
:10638000174517FB00200B2313FB010101F03F0110
:106390000AEB81014D605EE7022E03F03F032FD12F
:1063A0007878BA1CC0B2039200F00F02203B083A82
:1063B0001A4405EBC202D2B262F30705C5F3072601
:1063C00006EB8306F6B2001166F30F250838034486
:1063D000C5F3074000EBC303DBB2032006EB8606E0
:1063E00010FB0366072063F3174510FB02620B23C3
:1063F00013FB012101F03F010AEB81014D6029E708
:106400005E1CB3455F46A8BF374625E73B19402BC6
:1064100013DD4846A100EAF79BFD4946059B22464D
:106420004046EAF7E3FD2D4B99450CBFDFF8B890E5
:10643000DFF8A89008EB4408002409EB84023B46EF
:10644000013B42F8045BFBD13C44039FD9E65CB1BD
:10645000A1004846EAF77CFD4046059B2246494696
:10646000EAF7C4FD08EB44081D4B019A1B889B1AF0
:1064700008EB4308049B01330493049A009B934266
:106480001DD1029B029ABDF83040BDF828600898E3
:1064900003F1010B069B53F82270079B00253FBABE
:1064A000A41B4FF4807229461F44A4B20DF01BF8C0
:1064B000CDF808B00495EAF741FD3E46CCE5BDF8BD
:1064C0002C40019BE41AA41BA4B2F4E7054B186806
:1064D00003681B6B98470FB0BDE8F08F8001002068
:1064E0008E39012094390120800200202DE9F04FDF
:1064F0008FB01C4605929DF864200091189B019274
:10650000002A00F01581206861680AAA03C2186891
:1065100059680CAA03C20AA8F8F784FE21460CA801
:10652000F8F7A8FEBDF92C60BDF92E50BDF830007B
:10653000B6F5806FDEBFB3B24FF4806292FBF3F327
:10654000BDF93220C8BF012392FBF3F11FFA81FC91
:106550000CFB132414FB06F41D4404446146013D66
:10656000A4B295FBF3F531B1059B009953F82C309B
:106570001BBA19440091BDF82830BDF93480BDF92B
:1065800036601844BDF82A30ADF830001A446A4B22
:10659000ADF8322018680368DB6A98476749BDF98F
:1065A00032200B88BDF930C0099103FB02C200EB19
:1065B00042007343ADB200EB4303AD0006932B1DC5
:1065C0000793019BBDF804100391C3F1FF02002C57
:1065D0000CBFC6464FF0000E002392B21FFA8EFE8B
:1065E00002930492069A824240F29D8063B9009B16
:1065F0001A78930902F03F0202925A1E022A15D815
:10660000009A013200929BB2B4B19C4295BF1C1B10
:10661000E41A1FFA84FAA4B287BF71464FF0000A49
:106620001FFA88F1002453468E46DBE7009A009B50
:1066300002325B780092E7E7022215460799029A38
:1066400015FB02120599734531F802C0019A2BBF60
:10665000A3EB0E0AAEEB0301F146994627BF1FFAE2
:106660008AFA214689B2A246FF2A4FEA490905D192
:106670008144814545D020F802CBFAE7039D4FEADB
:106680002C224FEAEC0B02F0F8024FEACC0C6A43E2
:106690000BF0FC0B5FFA8CFC08920BFB05FB0CFB70
:1066A00005FC814481452CD00288049D049F16126C
:1066B00006F0F80616FB05F6089D2E44D510D2000C
:1066C000D2B212FB07F2B6B205F0FC05624415FB2C
:1066D00007F592B2771C07EB1626571C5D4407EBB3
:1066E0001222ADB2C2F3C42206F4784616436A1CE5
:1066F00002EB15256D0905F4FC652E4320F8026BAD
:10670000D0E773458FD3BDF82C40099B1FFA88F161
:10671000641A1B88A4B2002CA3EB080318BF002145
:1067200000EB43007FE7044B186803681B6B984736
:106730000FB0BDE8F08F00BF943901208E390120E1
:106740002DE9F04F9FB0CDE913129DF8A4200992D6
:106750001D460446289B002A00F0EB8128686968E2
:106760001AAA03C2186859681CAA03C21AA8F8F723
:1067700059FD29461CA8F8F77DFDBDF96C30BDF91F
:106780006E80BDF97660B3F5806FD7BF9AB20122F3
:106790004FF4806191FBF2F202920298BDF97220EF
:1067A00092FBF0F080B2109002990298109D8844FC
:1067B00005FB102515FB03F508F1FF38BDF868301F
:1067C00098FBF1F8BDF870100D441944BDF86A301B
:1067D000ADF870101A44BDF974300493954BADF8C0
:1067E000722018680368DB6A9847934BBDF97210F2
:1067F0001A88BDF97070189302FB017100EB41001B
:10680000564300EB460208F101080A92149ABDF8BB
:1068100024300F931FFA88F802EB880808F104026D
:106820001192099A854BC2F1FF02ADB21592002D6B
:10683000049A4FF0000118BF00221B1B92B20D9169
:10684000199310990D9B11FA83F3149901EB8303AB
:10685000043306930A9B834240F266810299BDF895
:106860006C30B5FBF3F3CB1A9BB21693069B069ED6
:1068700059789B78367812961B0243EA01430699B1
:10688000C9780B4313990136194405964E1C03969B
:106890004978139E0902F35C01F4FF7119438BB22E
:1068A0000C9300234FF0010A07939C46BDF8543027
:1068B00084F80418D34657460E93002D7ED0AF427D
:1068C0006ED20A9B0192ED1B8342ADB202D873E0F7
:1068D000002B5FD1039B5B78CBF1070293405B00F9
:1068E00003F4FF72039B1B7843FA0BF3DBB21343F1
:1068F0000BF101025FFA82FB039ABBF1080F15BF8F
:106900000132023203920392129A9FB208BF4FF0F3
:10691000000BBA4209D384F804380123059AB2F572
:10692000007F0ED39A46002635E0059B9F4218D380
:1069300004EB0A0394F8042883F804280AF10103FD
:106940009BB2059A94F804680C9904EB82021671C4
:106950000AF10106D1805671059A013292B2059270
:10696000E0E704EB87033A465B7903F60406264426
:10697000199901EB060CBCF1000F07DD04EB820254
:1069800092F804C006F801CDD288F1E784F8042813
:106990009BB2C3E70C9F0C97019AB4461F468CE745
:1069A0007B1BBDF8102001920CEB05069BB2B6B222
:1069B00000250A9A82428BD8019A4BE7974232D33C
:1069C000BB1A9BB2089201950999FF2908990CEB13
:1069D000010635D1A0F1020EB6B2B44540F08C806C
:1069E0000899974200EB4100E2D3189A0499128863
:1069F000521A00EB4200079A169901328A42079216
:106A000040F08780BDF87050BDF86870049BED1BA6
:106A1000ADB2002D08BF1A460D9B18BF00220133EE
:106A20000D9392B20DE7D11B8BB2019308972B46C1
:106A3000CAE700BF943901208E390120FBF7FFFF20
:106A4000B6B20B90B445CBD00CF10101A444179120
:106A50009CF80458119931F815500B99B1F800C001
:106A60000E994FEA2C2E0EF0F80E1EFB01FE4FEA97
:106A700025280F9908F0F80808FB01E84FEAEC090F
:106A80000E9909F0FC0919FB01F94FEAE50E0F997F
:106A90000EF0FC0E0EFB019E4FEACC0C0E995FFA35
:106AA0008CFC1CFB01FCED000F99EDB205FB01C550
:106AB0001FFA88F81FFA8EFEADB208F1010C0CEB3C
:106AC00018280EF1010905F1010C0CEB152C09EB4E
:106AD0001E29CCF3C42C08F478484FEA59194CEA23
:106AE00008080B99BDF85CC009F4FC6948EA09087C
:106AF00021F8028B0B91A5E70CF10108A444119930
:106B00009CF8045831F815502EF8025F1FFA88FCE3
:106B100063E7BDF81020BDF86C50AD1AADB2002D82
:106B200018BF0022019244E7034B186803681B6BEF
:106B300098471FB0BDE8F08F943901202DE9F04F40
:106B400093B016469DF8702003900D460192002ADE
:106B500000F00483306871680EAC03C4186859688B
:106B600010AC03C40EA8F8F75DFB314610A8F8F787
:106B700081FBBDF93C20B2F5806FD7BF93B20123F2
:106B80004FF4806191FBF3F3049305F1080304993A
:106B90000893BDF93E300B44013B93FBF1F3089998
:106BA000013B9BB201EB830309930499BDF9423089
:106BB00093FBF1F084B20594DDE90445BDF8401083
:106BC00005FB143919FB02F989441FFA89F9002DD4
:106BD0005DD06A1E089850F822A0099A9AFA8AFA9B
:106BE0009244BDF83820BDF946501144BDF83A2012
:106BF000ADF840101344ADF84230BDF94430029373
:106C0000CB4B18680368DB6A9847CA4BBDF9402034
:106C10001B88BDF9424003FB042400EB44046B4392
:106C200004EB43030D93BDF93C3099FBF3F306935A
:106C3000019BDB43DBB20A93039B0433184680229B
:106C400000210B930CF04FFCBB4B009300234FF043
:106C5000000607930D9BA34240F27B824FF0070E84
:106C6000B9F1000F00F059819AF80050EDB2AA1165
:106C70000AF101070ED1039B05F03F0503EB450523
:106C8000AE8809F1FF391FFA89F9BA46E8E7DDF85D
:106C900024A0A6E7012A29D1C6F3040305F00302C4
:106CA000023B134403F01F03C5F3810263F30406A0
:106CB000023A02EB561202F03F02C5F3011562F3ED
:106CC0004A16023D05EBD62505F01F0502EB8202B0
:106CD000032111FB05221EFB0323039A03F03F034C
:106CE00002EB430365F3CF269E80CAE705F03F051C
:106CF000022AABB236D1012112FB051292443A4668
:106D000052451CD094464FF0030B1CF8021B5278DE
:106D100041EA0221C1F345104FEAD12800EB80007F
:106D200001F01F021BFB08001EFB0200039A00F08B
:106D30003F0002EB40000E4681806246E0E7994545
:106D40000BD2A5EB0905002D07EB490700F30982DB
:106D5000DDF80880012307930CE007EB4507A9EB5A
:106D6000030990E79945FAD2A5EB0905002D1DDC32
:106D7000DDF808804FF0000BB8F1000F40F3A1815F
:106D80003B78DBB29A1107F1010A40F0D780039AF1
:106D900003F03F0302EB43039E88019BFF2B40F06F
:106DA000E981268008F1FF380234BEE0029B029A96
:106DB000AB42A8BF2B46A2EB0308079AED1A002AA4
:106DC0005AD0019AFF2A04EB430349D0BDF804E0EE
:106DD000BDF82890A34240F2A580BC4620881CF84C
:106DE000022B797842EA012212B291B24FEA202AAC
:106DF0000F120AF0F80A1AFB09FA07F0F80707FB66
:106E00000EA74FEAE00AC000C9100AF0FC0AD2003F
:106E1000C0B21AFB09FA10FB09F001F0FC01D2B272
:106E2000BFB201FB0EA102FB0E0289B292B2781C26
:106E300000EB172701F1010A501C00EB12200AEBAE
:106E4000112A07F47847C0F3C4204FEA5A1A0743BF
:106E50000AF4FC6A47EA0A0724F8027B6746B9E7A6
:106E6000A3425FD93A4612F8021B787841EA002122
:106E700024F8021B1746F3E70199FF2904EB4303AB
:106E8000B2B244D0BDF80410BDF828A04FEA2229C0
:106E90004FEAE20E09F0F8090EF0FC0E084609FB75
:106EA00001F90EFB01FED100C9B241439C42BFF47F
:106EB00061AF228810124FEAE20C00F0F800D20015
:106EC00000FB0A90D2B280B20CF0FC0C02FB0A125A
:106ED00092B200F1010B0CFB0AEC1FFA8CFC0BEBDD
:106EE000102B501C00EB12200CF1010202EB1C2CA9
:106EF0000BF4784BC0F3C4204FEA5C1C40EA0B0B48
:106F00000CF4FC6C4BEA0C0B24F802BBCEE79C4261
:106F1000BFF430AF24F8022BF9E7DDF808805746BC
:106F20004D4627E7002316E7BB44574624E700BF3A
:106F3000943901208E39012080010020012A2AD1B4
:106F4000C6F3040103F003020239114401F01F01EA
:106F5000C3F3810061F30406023800EB561000F021
:106F60003F00C3F3011360F34A16023B03EBD62242
:106F700002F01F0300EB8000032263F3CF2612FB15
:106F80000303072212FB0133039A03F03F0302EBD2
:106F900043039E8001E703F03F05A8454746A8BF8D
:106FA0002F46022A54D1019BFF2B1AD00BEB07036B
:106FB000402B16DD4FEA4B0949460098E9F7C8FF18
:106FC0005A46019B00992046E9F7ECFF009B1A46C0
:106FD0006C4B9A420CBF6C4B6A4B00934C444FF085
:106FE000000B52460021A9422CDA94464FF00309C7
:106FF0001CF8023B527843EA0223C3F345104FEAE0
:10700000D32E00EB800003F01F0219FB0E004FF09F
:10701000070E1EFB0200039A00F03F0002EB400047
:10702000B9421E4683800ADA019AFF2A15BF009AE8
:10703000238022F81B30023418BF0BF1010B013101
:107040006246D0E70AEB450AA8EB0708ED1B6CE7A0
:10705000019BFF2BA8EB0708A5EB07051FFA86F994
:1070600027D00BEB0703402B18DD4FEA4B031946E3
:1070700000980C93E9F76CFF5A46019B0099204653
:10708000E9F790FF0C9B1C44009B1A463D4B9A422B
:107090000CBF3D4B3B4B00934FF0000B009B03EBB1
:1070A0004B023B46002B3FF43FAF22F8029B013BD3
:1070B000F8E704EB4707A7427FF637AF24F8029BB7
:1070C000F9E7BBF1000F0CD04FEA4B08414600989E
:1070D000E9F73EFF2046019B00995A46E9F762FF17
:1070E00044442A4B029A1B889B1A04EB4304069BD8
:1070F00001330693069A049B934220D1059B059A7F
:10710000BDF84090BDF838500B9803F10108089B7A
:1071100053F82270099B3FBA802200211F44A9EB3B
:1071200005090CF0E0F900231FFA89F94FF0000679
:10713000CDF814800693E9F701FFBA468AE5BDF859
:107140003C90029BA9EB0309A9EB05051FFA85F901
:10715000F1E70F4B186803681B6B984713B0BDE845
:10716000F08F029B029AAB42A8BF2B46A2EB03080A
:10717000ED1A26E608F1FF381FFA86F900250127E7
:107180006FE700BF80010020800200208E390120BF
:10719000943901202DE9F04F8FB01C4603929DF8E1
:1071A0006420189B02920F46002A00F02881206874
:1071B00061680AAA03C2186859680CAA03C20AA81F
:1071C000F8F730F821460CA8F8F754F8BDF92C6010
:1071D000BDF92E50BDF83000B6F5806FDEBFB3B2FA
:1071E0004FF4806292FBF3F3BDF93220C8BF012354
:1071F00092FBF3F11FFA81FC0CFB132414FB06F441
:107200001D4404446146013DA4B295FBF3F521B150
:10721000039B53F82C301BBA1F44BDF82830BDF92E
:107220003490BDF936601844BDF82A30ADF830000E
:107230001A44744BADF8322018680368DB6A98472B
:10724000714ABDF932101388BDF930C0099203FBB1
:1072500001C100EB41007343ADB200EB4303AD004D
:10726000002C049305F1040305930CBFC8464FF0AE
:10727000000800231FFA88F80193049A824240F222
:10728000B9805BB93A78930902F03F0201925A1E25
:10729000022A8DBF7B7801379BB2023784B19C42B2
:1072A00095BF1C1BE41A1FFA84FAA4B287BFC44618
:1072B0004FF0000A1FFA89FC00245346E046DCE741
:1072C000042215460599019A15FB021203998A5862
:1072D000434527BFA3EB080AC646A8EB030C9E460E
:1072E0004FEA126127BF1FFA8AFAA4461FFA8CFCE4
:1072F000A2464FEA4E0E002966D0FF294FEA122619
:1073000014D1029DFF2D11D1510926F4FF6601F41D
:10731000FC6126F007060E43C2F3C4021643B6B260
:107320008644864551D020F8026BFAE7029D6943F6
:107330004D1C05EB21252D126FEA050BC2F3074109
:10734000ADB2F6B2D2B211FB05F116FB05F612FB97
:1073500005F289B2B6B292B20691079608928644B7
:107360005FFA8BFB864530D002880699161206F02C
:10737000F806D51046EA561606FB0B1605F0FC0576
:107380000799D20045EA951505FB0B15D2B208996D
:1073900042EA5212B6B202FB0B1292B2711C01EB1E
:1073A0001626511C01EB1222ADB2C2F3C42206F420
:1073B000784616436A1C02EB15256D0905F4FC6539
:1073C0002E4320F8026BCDE770444345FFF475AFC0
:1073D000BDF82C40099B1FFA89FCA4EB0C041B8808
:1073E000A4B2002CA3EB090318BF4FF0000C00EB74
:1073F000430062E7034B186803681B6B98470FB0A4
:10740000BDE8F08F943901208E3901202DE9F04F2D
:1074100093B01C4605929DF8742001911C9B02922A
:10742000002A00F02C81206861680EAA03C2186847
:10743000596810AA03C20EA8F7F7F4FE214610A857
:10744000F7F718FFBDF93C60BDF93E50BDF84000AC
:10745000B6F5806FDEBFB3B24FF4806292FBF3F3F8
:10746000BDF94220C8BF012392FBF3F11FFA81FC52
:107470000CFB132414FB06F41D4404446146013D37
:10748000A4B295FBF3F531B1059B019953F82C306B
:107490001BBA19440191BDF83830BDF944B0BDF9AB
:1074A00046601844BDF83A30ADF840001A44754BB8
:1074B000ADF8422018680368DB6A98477249BDF945
:1074C00040C00B88BDF942200D9103FB02C200EBC6
:1074D00042007343ADB200EB4303AD0008932B1D94
:1074E0000993029BBDF808100691DA43002C0CBFEB
:1074F000DC464FF0000C0023D2B21FFA8CFC039341
:107500000792089A824240F2B58063B9019B1A78CB
:10751000930902F03F0203925A1E022A15D8019ADB
:10752000013201929BB2B4B19C4295BF1C1BE41A7C
:107530001FFA84F8A4B287BF66464FF000081FFA0E
:107540008BF600244346B446DBE7019A019B0232E6
:107550005B780192E7E7032215460999039A15FB28
:1075600002120599634501EB0205029929BFA3EBBD
:107570000C08ACEB03061FFA88F8E1462FBF26463D
:10758000B6B29946A046FF294AD0069FA978049032
:1075900079430A91697879430B9105998A5C7A431A
:1075A0000C92CA46BAF1000F3DD0049A079F128888
:1075B0001512BE4605F0F8050A9FD11045EA55158B
:1075C00005FB0E7501F0FC010B9FD20041EA911101
:1075D00001FB0E71D2B20C9F42EA5212ADB202FB15
:1075E0000E7292B205F1010E0EEB152502F1010E9D
:1075F0000EEB122289B2C2F3C42205F4784515437A
:107600004A1C02EB11214909049A01F4FC610D4363
:1076100022F8025B0AF1FF3A04921FFA8AFAC1E7E4
:107620004946864699B9634500EB49008AD3BDF8BF
:107630003C400D9B1FFA8BF6A41B1B88A4B2002CA8
:10764000A3EB0B0318BF002600EB43007AE7AA78F0
:107650000E4F07EA022A6A78D20002F4FC624AEA74
:10766000020295F800A0013942EADA022EF8022B54
:1076700089B2D7E7034B186803681B6B984713B0B0
:10768000BDE8F08F943901208E39012000F8FFFF0A
:107690002DE9F04F9DB0CDE911129DF89C200E927E
:1076A0001C468346269B002A00F0E0812068616822
:1076B00018AA03C2186859681AAA03C218A8F7F7CB
:1076C000B1FD21461AA8F7F7D5FDBDF96430BDF923
:1076D0006640BDF96E60B3F5806FD7BF9AB20122E4
:1076E0004FF4806191FBF2F202920298BDF96A2098
:1076F00092FBF0F080B20F90029902980F9D0C441B
:1077000005FB102515FB03F5013CBDF8603094FB2B
:10771000F1F4BDF868100D441944BDF86230ADF8BD
:1077200068101A44BDF96C300693B34BADF86A206B
:1077300018680368DB6A9847B04BBDF96A101A886D
:10774000BDF96870169302FB0171013400EB41082A
:10775000A4B2564308EB4602A4000A92221DADB221
:107760001392A74B069A002D0CBF11460021002250
:10777000A3EB0B0389B20D9217930F9A0D9B12FA8C
:1077800083F3129A02EB8303043308930A9B434565
:1077900040F26781029ABDF86430B5FBF3F3D31A67
:1077A0009BB21493089B08985A789B7800781090A5
:1077B0001B0243EA0243089AD2781343119A01301C
:1077C0001A440790501C0590527811981202C35C1D
:1077D00002F4FF721A4393B20B930023099301231F
:1077E0000193049300238BF8042803934FF0010EB8
:1077F000002D7CD0AE456BD20A9BA5EB0E05434510
:10780000ADB20C4602D870E0002B5CD1059B049A07
:107810005B780499C2F1070293405B0003F4FF72A6
:10782000059B1B780B410131C9B2082904910599C8
:107830000ABF023101310591DBB20ABF0021059177
:107840000491134310999AB291420AD38BF80438E9
:1078500001230799B1F5007F0FD300210193039114
:1078600032E0079B9A4218D3019B9BF804185B44B3
:1078700083F80418019B01339BB207999BF8040815
:107880000BEB810108710B98C88001980130487199
:107890000799013189B20791DFE70BEB82031146AB
:1078A0005B7903F604005844179E0644002E06DD5B
:1078B0000BEB81010E7900F8016DC988F4E78BF8B4
:1078C00004189BB2C5E70B9A0B9221469E468FE7A0
:1078D000039ABDF818402A44AEEB050392B29BB25E
:1078E000039200250A9A42458ED821464EE78E45DE
:1078F00029BFAEEB0103A1EB0E049BB20C912FBF8D
:107900002C46A4B2CDF830E02B464FF00009039A84
:107910000C984A44484592B274D05A440420054613
:1079200092F80428139815FB0202129880585FEA17
:10793000106A14D0BAF1FF0F4FEA102512D10E9A37
:10794000FF2A0FD1420925F4FF6502F4FC6225F0FD
:1079500007051543C0F3C400054328F8195009F181
:107960000109D4E738F819C04FEAEC0606F0FC022A
:1079700015920E9A02FB0AFA0AF1010202EB2A2280
:107980004FEA2C2712121FFA82FAC0F3074607F0BB
:10799000F8074FEACC0CD243D2B216FB0AF65FFAD4
:1079A0008CFC47EA5717C0B207FB02674CEA5C1C25
:1079B000159E10FB0AF00CFB0200EDB2BFB215FBE6
:1079C0000AF580B246EA961606FB02567A1C451C5A
:1079D00002EB172705EB1025B6B2C5F3C42507F453
:1079E00078472F43751C05EB16256D0905F4FC65DA
:1079F0002F4328F81970B2E7943901208E390120FD
:107A0000FBF7FFFF03920C9A8E4508EB4208FFF448
:107A100068AF169A06991288521A08EB4208099A1A
:107A2000149901328A42099211D1BDF86850BDF80B
:107A30006090069BA5EB0905ADB2002D08BF194665
:107A40000D9B18BF002101330D9389B295E6BDF857
:107A50001840BDF864502D1BADB2002D18BF002496
:107A600040E7044B186803681B6B98471DB0BDE8DE
:107A7000F08F00BF943901202DE9F04F9FB0CDE980
:107A800013129DF8A4200A921D460446289B002A42
:107A900000F0FA81286869681AAA03C21868596850
:107AA0001CAA03C21AA8F7F7BDFB29461CA8F7F7C2
:107AB000E1FBBDF96C30BDF96E60BDF97670B3F5D0
:107AC000806FD7BF9AB201224FF4806191FBF2F22E
:107AD00001920198BDF9722092FBF0F080B21090F3
:107AE00001990198109D0E4405FB102515FB03F527
:107AF000013EBDF8683096FBF1F6BDF870100D44FC
:107B00001944BDF86A30ADF870101A44BDF97430EC
:107B10000493964BADF8722018680368DB6A9847A7
:107B2000934BBDF972101A88BDF970C0189302FB0F
:107B300001C100EB410B57430BEB470201360B929F
:107B4000149A8C4BB6B202EB8606321D06920A9A44
:107B5000D243D2B2ADB21592049A002D0CBF114699
:107B6000002100221B1B89B20D921993109A0D9BC4
:107B700012FA83F3149A02EB8303043307930B9BEB
:107B80005B4540F27C81019ABDF86C30B5FBF3F3A4
:107B9000D31A9BB21693079B07985A789B78007864
:107BA00011901B0243EA0243079AD2781343139AB7
:107BB00001301A440590501C039052781398120219
:107BC000C35C02F4FF721A4393B20C93002384F84F
:107BD000042808931A46BDF828300E934FF0010888
:107BE000BDF85430CDF80880C4460F93002D7CD0EA
:107BF000AC456CD20B9BA5EB0C055B45ADB20846C2
:107C000002D870E0002B5CD1039B029A5B7802994A
:107C1000C2F1070293405B0003F4FF72039B1B78E1
:107C20000B410131C9B20829029103990ABF0231FF
:107C300001310391DBB20ABF00210391029113438A
:107C400011999AB291420AD384F804380123059914
:107C5000B1F5007F0FD300219846009132E0059BDB
:107C60009A4218D304EB080394F8041883F8041814
:107C700008F101039BB2059994F8046804EB8101B3
:107C80000E710C9ECE8008F101064E7105990131EE
:107C900089B20591DFE704EB820311465B7903F6B5
:107CA00004062644199F3744002F06DD04EB8101AA
:107CB0000F7906F8017DC988F4E784F804189BB2AF
:107CC000C5E70C9A0C920146009A9C468EE757191C
:107CD000ACEB0503BAB2BDF8100000929BB20025D0
:107CE0000B9A5A458ED8014649E78C452CBF284649
:107CF0002B460A9D27BF0991ACEB0103A1EB0C00B9
:107D0000CDF824C02CBF9BB280B2FF2D099D02EBA1
:107D10000507BDB200952FD15E46009DAA4240F0F6
:107D20008480099A8C450BEB420BD8D3189A04999E
:107D30001288521A0BEB420B089A169901328A42AA
:107D4000089240F09280BDF87050BDF868C0049B66
:107D5000A5EB0C05ADB2002D08BF19460D9B18BF51
:107D6000002101330D9389B200E700BF943901204F
:107D70008E390120FBF7FFFFD946009DAA42D0D0E3
:107D8000551C2244179592F804E8069A0EEB4E0E05
:107D900072441292129FB9F8002097F802A00E9F29
:107DA00016121AFB07FA06F0F8060F9F46EA561657
:107DB00006FB07A6129F97F801A00E9FD5101AFB8D
:107DC00007FA05F0FC050F9F45EA951505FB07A589
:107DD000069F17F80EE00E9FD2001EFB07FED2B2E0
:107DE0000F9F42EA5212B6B202FB07E292B2ADB264
:107DF00006F1010A0AEB162602F1010E05F1010A4D
:107E00000EEB122E0AEB152A06F47846CEF3C42E9A
:107E10004FEA5A1A4EEA06060AF4FC6A46EA0A06CD
:107E200029F8026BBDF85C20A7E702F1010E22449D
:107E3000069F92F80458069A05EB450502EB050AE1
:107E4000134A9AF8029002EA09299AF80120D2000E
:107E500002F4FC6249EA020217F8059042EAD902EC
:107E600026F8022B1FFA8EF257E7BDF81000BDF876
:107E70006C502D1AADB2002D18BF002030E7054B15
:107E8000186803681B6B98471FB0BDE8F08F00BFF0
:107E900000F8FFFF943901202DE9F04F91B09B4687
:107EA0000DF128081646BDF96C90B3F90020BDF914
:107EB0007070B3F90230ADF8282004460D464046F4
:107EC0005946ADF82A30ADF82C90ADF82E70F1F788
:107ED0002BFD31464046F1F727FD744B1888744B53
:107EE0001988BDF92830002B02B20EB207DABDF8AE
:107EF0002CC06344ADF82C300023ADF82830BDF918
:107F00002830BDF92CC0D21A9445C4BFC21AADF8AE
:107F10002C20BDF92A20002A07DABDF82EC06244C1
:107F2000ADF82E200022ADF82A20BDF92AA0BDF917
:107F30002E20A6EB0A06B242C4BFA1EB0A02ADF89E
:107F40002E205C4A1278A2B9BDF92C6086424046C8
:107F5000039314BF00260126F1F729FD039B60B1AE
:107F6000002323806380A3802046E38011B0BDE816
:107F7000F08FBDF92E608E42E9E7BDF92C20059205
:107F8000BDF92E200692BBF800200E909B1A1BB262
:107F90000393BBF80230ADF83C90AAEB030A0FFA4A
:107FA0008AF30493039BADF83030049BADF8323074
:107FB000059BADF834300EA9069BADF836300CA801
:107FC000ADF83E70F7F756F94046F7F72BF90EA8D3
:107FD000F7F728F9384BBDF93CA01B8807932B68AD
:107FE000DFF8D8B01B6B28469847BDF83250BDF972
:107FF000303081461AFB0533DBF800001A9D05EB93
:10800000430503685B6B98470746DBF80000BDF942
:1080100028100368BDF92A2009910892DB6B984764
:1080200010F0010FDDE9082112D0DBF80000BDF9E6
:108030003420036800921E6F98E806002B46B04774
:10804000039B2380049B6380059BA380069B8BE797
:1080500009FB02F202EB41010F44BDF9363066B173
:10806000079A924509D1DBF80000026809FB03F387
:10807000966B29463A46B047E2E70AFB03F3DFF87E
:108080003CB005EB43084FEA4A064545D8D2DBF839
:108090000000BDF9343002682946D2F838A05B00F0
:1080A0003A46D0474F443544EFE700BF88390120B6
:1080B0008A3901208C3901208E3901209439012020
:1080C000F0B5064687B00C4617461D4633B3084642
:1080D000F1F76DFC10BB206861681C4C04AB03C356
:1080E00004A8F7F79FF820680368DB6B9847FF2D1B
:1080F00016D010F0080F206815D000240168BDF8D4
:108100001230BDF81020CDE90254BDF8164001949C
:10811000BDF8144000944C6E3946A04707B0F0BD3E
:1081200010F0020FE7E70368DB6A9847084B1A88EC
:108130003368CDE9007501465D6A304604ABA84757
:10814000206803681B6B9847E8E700BF943901205B
:108150008E3901202DE9F0479DF82470089E88464D
:1081600014461D46002F00F0A9801846F1F71FFCA9
:10817000002840F0A380B5F90010B5F90230B5F938
:108180000400B5F9065004FB031308EB43016543F3
:10819000FF2FA4EB000201EB45054FEA16284AD059
:1081A000BCB2C7F1FF0CC6F3074E5FFA88F7F3B213
:1081B00040000EFB04FE674363434FEA42081FFA88
:1081C0008CFCA9427AD201EB0009494531D20A88D8
:1081D0001412D61004F0F804D200D2B244EA5414B7
:1081E00014FB0CF442EA5212744412FB0CF2A4B2D7
:1081F00006F0FC061A4492B204F1010A46EA961609
:108200000AEB142416FB0CF602F1010A3E440AEBB9
:108210001222B6B204F47844C2F3C4222243741C7E
:1082200004EB1626760906F4FC66324321F8022B8D
:10823000CBE74144C5E7224F730908EA070703F477
:10824000FC633B43C6F3C4063343E7079BB20BD53D
:1082500040005200A94231D20C18A14202D221F8AA
:10826000023BFAE71144F5E78E0708D066000A469C
:10827000AA4202D213803244FAE702310138C2071F
:108280000BD500F10042013A01EB42026600AA421E
:1082900002D213803244FAE7013878B1401043EA41
:1082A000034380006400A94208D20E180A46B24275
:1082B00002D242F8043BFAE72144F4E7BDE8F08734
:1082C00000F8FF00002212490160C0E90122C0E964
:1082D0000322C0E90522C0E90722C0E90922C0E95A
:1082E0000B22C0E90D22C0E90F22C0E91122C0E92A
:1082F0001322C0E91522C0E91722C0E91922C0E9FA
:108300001B22C0E91D22C0E91F22C0E921227047BB
:10831000846202082DE9F04F0D468DB004460868CE
:108320004968994608AB03C3106851680AAB03C398
:1083300008A8F6F777FF29460AA8F6F79BFFBDF9CC
:108340002820BDF92A30BDF82410634DBDF92C80DA
:108350002868BDF92E6011FB032104EB8104BDF8F0
:1083600020100A44ADF82820BDF822201344ADF8AF
:108370002A300368DB6B9847B9F1FF0F19D110F071
:10838000200F286818D000250168BDF82A30BDF8F4
:108390002820CDE90395BDF824500295B6B21FFA06
:1083A00088F5019600954D6D2146A8470DB0BDE8B2
:1083B000F08F10F0400FE4E70368DB6A9847474905
:1083C000BDF92A200B88BDF9285003FB025200EBAF
:1083D0004200734300EB430307934FEA48030693BD
:1083E0008A46079B984270D2069B214600EB030BFE
:1083F00058455DD251F8044B230E14D0FF2B4FEAA1
:10840000142C12D1B9F1FF0F0FD163092CF4FF6CBA
:1084100003F4FC632CF0070C43EA0C0CC4F3C40413
:108420004CEA040404800230E2E709FB03F3078806
:108430005A1C02EB232212123E1293B2C4F3074ECF
:1084400006F0F806D243D2B2FD101EFB03FEFF0079
:1084500046EA561606FB02E605F0FC05FFB25FFA97
:108460008CFCE4B2B6B21CFB03FC45EA951547EA66
:10847000571714FB03F405FB02C506F1010E07FBB9
:108480000247ADB2BFB20EEB162606F4784E05F1E8
:10849000010C7E1C06EB17260CEB1525C6F3C42633
:1084A0006D0946EA0E0605F4FC652E430680BAE720
:1084B000BAF80030BDF92440A3EB0803A4EB08048C
:1084C00000EB430001EB84048BE7034B186803685F
:1084D0001B6B98476AE700BF943901208E39012051
:1084E0002DE9F0430C4685B0106851686D4603C510
:1084F00018685968164603C56846F6F793FE314674
:1085000002A8F6F7B7FEBDF90820BDF90A30BDF89C
:108510000410284D284E2868BDF90C70BDF90E8056
:1085200011FB032104EB8104BDF800100A44ADF8EF
:108530000820BDF802201344ADF80A300368DB6A56
:1085400098473388BDF90A20BDF90810DFF86CE0C0
:1085500003FB021200EB420008FB03F300EB4303B2
:108560004FEA470C98421DD200EB0C0840450FD251
:1085700054F8041B4FEA51190EEA112209F4FC6960
:1085800042EA0902C1F3C4010A4320F8022BEDE7D5
:108590003288D21B00EB4200BDF90420D21B04EB51
:1085A0008204DFE7286803681B6B984705B0BDE8C5
:1085B000F08300BF943901208E39012000F8FFFFBD
:1085C0002DE9F0470E468EB0044608684968DFF88A
:1085D000D881DFF8D8911D460AAB03C310685168F3
:1085E0000CAB03C30AA8F6F71DFE31460CA8F6F73C
:1085F00041FEBDF93020BDF93230BDF82C10D8F85D
:108600000000BDF93470BDF9366011FB032101EBA8
:1086100041010C44BDF828100A44ADF83020BDF8E3
:108620002A201344ADF832300368DB6B9847FF2DE6
:1086300024D110F0010FD8F8000022D00021D0F88A
:1086400000C0BDF83230BDF83020CDE907114FF041
:10865000010ECDF818E0B9F800E00395CDE9041E4D
:10866000B6B2BDF82C100291BFB201960097DCF8AB
:1086700044502146A8470EB0BDE8F08710F0040F23
:10868000D9E70368DB6A9847B9F80030BDF93220B2
:10869000BDF93010BDF92CC003FB0212ACEB070C86
:1086A00000EB42005E434FEA470EFF2DA3EB0707A6
:1086B00000EB46060CEB4C0C4FEA470749D0EB4366
:1086C0001FFA85F9DBB2B04266D200EB0E0A5045C4
:1086D000214604F103045BD2028814F8011C4FEA1E
:1086E000222808F0F80811FB09F148EA5818D510BB
:1086F00008FB031814F8021C05F0FC0511FB09F136
:1087000045EA951505FB0315D20014F8031CD2B2F7
:1087100011FB09F142EA52121FFA88F802FB031218
:1087200092B208F10101ADB201EB1828511C01EB26
:108730001222691C01EB152508F47848C2F3C42203
:108740006D0942EA080205F4FC652A4320F8022B71
:10875000BDE7144AB0421FD200EB0E05A8422146E5
:1087600004F1030410D214F8023C14F8011CDB00DD
:1087700002EA012103F4FC630B4314F8031C43EAEF
:10878000D10320F8023BE9E7384401EB0C04E1E7B0
:10879000384401EB0C0496E7034B186803681B6B25
:1087A000984768E700F8FFFF943901208E390120CF
:1087B000F0B41646012E1C460D46049A9DF814305E
:1087C0009DF8187012D003D3022E0AD0F0BC704767
:1087D0000568CDE90437ED681346AC462246F0BC87
:1087E000604721462846F0BCFFF794BD2146284645
:1087F000F0BCFFF7E5BE00002DE9F04F814693B0D5
:1088000010689DF870A06D4F884651680EAC03C487
:108810001868596810AC164603C40EA8F6F702FD96
:10882000314610A8F6F726FDBDF94020BDF94230CB
:10883000BDF83C10624EBDF944403068BDF9465069
:1088400011FB03218944BDF838100A44ADF84020DB
:10885000BDF83A201344ADF842300368DB6B98470B
:1088600010F0800F30681DD000220168BDF8403044
:10887000CDE908220B2207923A8806920122CDE91F
:1088800004A2BDF83C200392A4B2BDF8422000929D
:10889000ADB2029501940C6C42464946A04713B014
:1088A000BDE8F08F0368DB6A98473B88BDF942203A
:1088B000BDF9401003FB02125D4300EB420000EBE8
:1088C00045020C92BDF93C20121B0D9262001C1B4C
:1088D00063000A920B934FF0040E0C9B984266D2F1
:1088E0000A9B00EB030B58455CD219F8013B1EFBB9
:1088F00003E358F80320110E12D0FF294FEA122784
:1089000010D1BAF1FF0F0DD1530927F4FF6703F41B
:10891000FC6327F007071F43C2F3C4023A430280F7
:108920000230E0E70AFB01F106884B1C03EB212330
:108930003512F4101B12F60099B2C2F3074C05F081
:10894000F805F6B2DB43D2B2DBB21CFB01FC45EA10
:10895000551546EA561612FB01F205FB03C504F055
:10896000FC04FFB206FB0322ADB217FB01F792B283
:1089700044EA941404FB037405F1010C571C0CEB3E
:10898000152507EB1227A4B2C7F3C42705F47845D1
:108990003D43671C07EB1424640904F4FC6425437D
:1089A0000580BDE70B9B18440D9B994495E7044B4C
:1089B000186803681B6B984771E700BF8E39012068
:1089C000943901202DE9F04F87B080469DF8406032
:1089D0000D461446002E00F0B9801068516802AFB1
:1089E00003C71868596804AF03C702A8F6F71AFC52
:1089F000214604A8F6F73EFCBDF91020BDF912305F
:108A0000BDF80C40BDF9167014FB032108EB0104FE
:108A1000BDF80810BDF914800A44ADF81020BDF867
:108A20000A201344ADF812304A4B18680368DB6A19
:108A30009847494BBDF912101A88BDF910C0FF2E96
:108A400002FB01C100EB410002FB07F205F104014A
:108A50004FEA480A1D465AD0C6F1FF0E00EB42020B
:108A6000B6B21FFA8EFE019382426AD900EB0A0B5E
:108A7000834540D914F8013B058831F813302F1293
:108A80004FEA232C07F0F80717FB0EF74FEAE5092A
:108A90000CF0F80CED000CFB067C09F0FC09DF1073
:108AA000EDB2DB001FFA8CFC19FB0EF907F0FC0796
:108AB000DBB215FB0EF507FB069703FB06530CF123
:108AC00001099BB209EB1C2C0CF4784903F1010C51
:108AD0000CEB132CBFB2CCF3C42C4CEA090C07F1FD
:108AE000010909EB17277F0907F4FC674CEA070C1B
:108AF00020F802CBBCE7019B1B88A3EB080300EB2B
:108B00004300BDF90C30A3EB08031C44ACE700EBB9
:108B10004202824215D900EB0A06864206D914F8B1
:108B2000013B31F8133020F8023BF6E72B88A3EB2A
:108B3000080300EB4300BDF90C30A3EB08031C4411
:108B4000E7E7044B186803681B6B984707B0BDE85C
:108B5000F08F00BF943901208E3901202DE9F04FAC
:108B600091B080469DF868500F461446002D51D0B4
:108B700010685168DFF800920CAE03C61868596897
:108B80000EAE03C60CA8F6F74DFB21460EA8F6F76D
:108B900071FBBDF93820BDF93A30BDF83410D9F871
:108BA0000000BDF93C60BDF93EA011FB032108EBBC
:108BB0000104BDF83010DFF8C4810A44ADF8382054
:108BC000BDF832201344ADF83A300368DB6B9847A8
:108BD00010F0800FD9F800001FD000220168BDF806
:108BE0003830CDE908220B220792B8F8002006920F
:108BF0000122CDE90452BDF8342003921FFA8AF213
:108C00000292B6B2BDF83A20009201960D6C3A4637
:108C10002146A84711B0BDE8F08F0368DB6A98478A
:108C2000B8F80020BDF93A30BDF93810FF2D02FB2D
:108C3000031300EB43004FEA46090AFB02FA62D035
:108C40006FEA050C00EB4A030A93ADB25FFA8CFCA5
:108C5000CDF82C800A9B984280F0858000EB090BB0
:108C6000584546D214F801EB0323042213FB0E2EC1
:108C700007EB0E0A03889AF8028017F80EE0191223
:108C800001F0F80118FB05F841EA5111DA1001FB77
:108C90000C81DB009AF8018002F0FC02DBB218FBC9
:108CA00005F81EFB05FE42EA921243EA531389B20D
:108CB00002FB0C8203FB0CE392B29BB201F10108B0
:108CC00008EB112103F1010E02F101080EEB132E46
:108CD00008EB122801F47841CEF3C42E4FEA58185D
:108CE0004EEA010108F4FC6841EA080120F8021B81
:108CF000B6E70B9B1B889B1B00EB4300BDF9343090
:108D00009B1B1C44A6E71B4900EB4A0A03220425CF
:108D1000504528D200EB090C6045234619D293F840
:108D200000E012FB0E5E07EB0E0B17F80EE09BF84F
:108D300002309BF801B04FEACB0B01EA03230BF49E
:108D4000FC6B43EA0B0343EADE03013420F8023BE9
:108D5000E2E7B8F800309B1B00EB4300BDF934306C
:108D60009B1B1C44D4E7044B186803681B6B984793
:108D700050E700BF00F8FFFF943901208E39012031
:108D8000F0B40C4611469DF814500F784E78012F20
:108D90001A46049B38D01FD3022F4DD1032E4BD837
:108DA000DFE806F00207141704952046F0BCFFF731
:108DB00009BEC06F00283FD00668CDE90435B5680C
:108DC0001346AC460A462146F0BC6047D0F8800006
:108DD000F0E7D0F88400EDE7032E2DD8DFE806F0A9
:108DE00002070E1104952046F0BCFFF705BDC06FC9
:108DF00010B30668CDE90435F568E1E7D0F88000E6
:108E0000F6E7D0F88400F3E7032E15D8DFE806F084
:108E100002070E1104952046F0BCFFF79FBEC06FFD
:108E200050B10668CDE904353569C9E7D0F880004E
:108E3000F6E7D0F88400F3E7F0BC70472DE9F04F77
:108E4000044687B010689DF840A0DFF838920E46BF
:108E5000516802AD03C51868596804AD174603C5CB
:108E600002A8F6F7DFF9394604A8F6F703FABDF9C8
:108E70001020BDF91230BDF80C10BDF91480BDF9F9
:108E8000165011FB032104EB41040E44BDF80810F9
:108E90000A44ADF81020BDF80A201344ADF8123092
:108EA000774B18680368DB6A9847B9F800B0BDF9DA
:108EB0001230BDF910200BFB032300EB4300BAF185
:108EC000FF0F4FEA480305FB0BF5009369D000EB59
:108ED000450B584580F0CC80009BC3180193314668
:108EE000019B98424FD211F8012B002A48D00AFB6F
:108EF00002F2531C03EB12231B1241D00288B4F878
:108F000000C09EB21512DB43DBB24FEA2C2705F0FE
:108F1000F80515FB03F54FEAE20E07F0F807D2005B
:108F200007FB06570EF0FC0E4FEAEC05D2B24FEAF3
:108F3000CC0CBFB21EFB03FE05F0FC055FFA8CFCF7
:108F400012FB03F205FB06E50CFB062C07F1010EF4
:108F50001FFA8CFC0EEB172707F4784E0CF1010773
:108F600007EB1C27ADB2C7F3C42747EA0E0705F18C
:108F7000010E0EEB15256D0905F4FC652F430780E6
:108F800002300234ACE7B9F80030BDF90C60A3EB55
:108F90000803A6EB080604EB460400EB43000E446E
:108FA00097E700EB4505A84262D2009B314600EBF3
:108FB000030B58454ED211F8013B2BB1FF2BB4F8EF
:108FC00000E004D1A0F800E002300234F1E70288AA
:108FD0009FB21612DB43DBB24FEA2E2C06F0F806E6
:108FE00016FB03F64FEAE20A0CF0F80CD2000CFB79
:108FF000076CD2B24FEAEE060AF0FC0A4FEACE0E38
:109000001AFB03FA1FFA8CFC12FB03F306F0FC06B2
:109010005FFA8EFE06FB07A60CF101020EFB07337A
:10902000B6B29BB202EB1C2C0CF4784206F1010A9A
:1090300003F1010C0CEB132C0AEB1626CCF3C42C19
:1090400076094CEA020C06F4FC664CEA060CA0F821
:1090500000C0B9E7B9F80030BDF90C60A3EB080314
:10906000A6EB080604EB460400EB43000E449AE727
:10907000034B186803681B6B984707B0BDE8F08F77
:10908000943901208E3901202DE9F04F89B007462F
:109090009DF84C60129C884692469946002E48D016
:1090A0000846FAF71DF805464046FAF74DF8ADF8C0
:1090B0000E004046ADF808A0ADF80C50ADF80A908F
:1090C000FAF700F905464046FAF72CF98246404681
:1090D000FAF77CF910282CD8DFE810F0CA00BA00A3
:1090E00011002B002B002B002B002B002B002B0042
:1090F0002B00C1002B002B0080012B007301BC4B07
:1091000018680368DB6B9847FF2E01D1830606D5EC
:109110003346224602A92846FFF7FCF809E04046FC
:10912000FAF798F840B9234602AA29463846FFF7CD
:10913000D7F909B0BDE8F08F0DF11809414648464E
:10914000FAF736F899E803000DF1100888E80300F3
:1091500040462146F0F7E8FB4046F0F728FC00289F
:10916000D6D1BDF91230B4F90220934212DD9B1A18
:10917000B4F90000B4F90410ADF81800ADF81A20E5
:10918000ADF81C10ADF81E304A46334602A92846F9
:10919000FFF7C0F8BDF91030B4F90020934212DD9A
:1091A0009B1ABDF91200BDF91610ADF81820ADF8E4
:1091B0001A00ADF81C30ADF81E10FF234A4602A974
:1091C0002846FFF7A7F8434602AA29463846FFF784
:1091D00087F9A2882388BDF814101344BDF8102025
:1091E0000A449BB292B211B218B2884212DD9B1AA5
:1091F000BDF91600BDF91260ADF81810ADF81C30BD
:10920000ADF81E00FF234A4602A92846ADF81A60B1
:10921000FFF780F8E2886388BDF816101344BDF8A4
:1092200012200A449BB292B211B218B2884280DD79
:109230009B1AB4F90060B4F90400ADF81E30ADF823
:109240001860ADF81A10ADF81C00FF234A4661E71C
:109250003346224602A92846FFF7B2F969E7CDE96D
:10926000004602AB524629463846FFF789FD60E7C3
:109270004046F9F7EFFF48B93B68CDE9006002AA24
:10928000DE68294623463846B04752E70DF11809F3
:1092900041464846F9F78CFF99E803000DF11008A4
:1092A00088E8030040462146F0F73EFB4046F0F7D1
:1092B0007EFB38B10096234602AA51462846FFF7A6
:1092C000BDFD36E73B68CDE9006002AAD3F80CB0DB
:1092D000294643463846D847BDF91230B4F9022032
:1092E000934213DDB4F90000B4F90410ADF818008E
:1092F0009B1AADF81A20ADF81C10ADF81E30009680
:109300004B4602AA51462846FFF798FDBDF910309A
:10931000B4F90020934213DD9B1ABDF91200BDF988
:109320001610ADF81820ADF81A00ADF81C30ADF8E5
:109330001E1000964B4602AA51462846FFF77EFDB6
:10934000A2882388BDF814101344BDF810200A44E5
:109350009BB292B211B218B2884213DD9B1ABDF9CA
:109360001600BDF91270ADF81810ADF81C30ADF84C
:109370001E0000964B4602AA51462846ADF81A70C8
:10938000FFF75CFDE2886388BDF816101344BDF852
:1093900012200A449BB292B211B218B288427FF7EF
:1093A000C8AEB4F90070B4F90400ADF818709B1A97
:1093B000ADF81E30ADF81A10ADF81C0000964B4603
:1093C0007AE7D7F8880000283FF4B3AE0368009628
:1093D000DE68234602AA2946B047AAE6D7F88800E5
:1093E00000283FF4A6AE036800969E68F1E700BF30
:1093F0009439012080B103291CD8DFE801F0021D57
:10940000081F104B1888C0F30E00404270470D4BE8
:109410001888C0F30E00704703290BD801A353F836
:1094200021F000BF399401080F9401083D94010810
:109430000394010800207047012070474FF0FF306F
:10944000704700BF8E39012080B103291CD8DFE8A6
:1094500001F01D021F07104B1888C0F30E00704763
:109460000D4B1888C0F30E004042704703290BD8FB
:1094700001A353F821F000BF57940108919401080B
:10948000619401088D940108002070470120704705
:109490004FF0FF30704700BF8E3901202DE9F04FAB
:1094A00099B00D9114A981E80C00BDF98C300B9393
:1094B000DDE926219DF8A43010939DF8AC30089387
:1094C0009DF8B03009934B7BBDF98840BDF89050B2
:1094D000BDF89460289FDDF8A8909DF8B4A04FEAED
:1094E000431808F4807091F8068058EA000800F0EC
:1094F000CE811B01C87903F4807303430C9300F001
:10950000C68191F909309BB2002D00F02C81ED1A33
:10951000ADB2290402D5641B24B20025B2F90000C3
:109520009188844283B2B8BFED180B441BB20A93F2
:10953000D388528813441BB20F930C9B0E93B8BF71
:109540002C1BB54B0B9A93F800B0BCBFA5B20446D8
:109550005346214614A8F5F7DAFC2146ADF85C0025
:1095600053460B9A14A8F5F7EFFC18A921F8020D41
:1095700017A8F5F715FEBAF1000F40F0F780BBF120
:10958000010F40F0FB80109B002B40F0A8811FFAD8
:1095900088F205B95EB1089806FB02534343314691
:1095A00007EBD30703F007060C9B5B1A0E930BF136
:1095B000FF314B424B41184651460C93FFF71AFFBF
:1095C0000C9B83461846FFF73FFF0F9903460B9805
:1095D000A1EB000A0E998A45A8BF8A46BAF1000F8E
:1095E00040F355810A99641B0C1B4445D4BFC5EB5D
:1095F0000405C5EB0805002D40F349810899521B6D
:109600004A430E920D9A002A40F07581834A0A93CC
:1096100010680268D26A90470A9B089901228A4022
:10962000013A7F49D2B20C880C92BDF95C10BDF9A9
:109630005E2004FB021200EB42024FEA19240A9258
:10964000C9F307421292E2B211925FFA89F21092C4
:10965000744A4FEA591101F4FC6122400A43C9F3EC
:10966000C40942EA09024FEA4B0192B205FB1B3BD7
:109670000F920B463A780B916B43324103EB4B034D
:10968000D2B213931AF1FF3AC0F04981DDF8288075
:10969000A94619F1FF39C0F032810C9B134054D018
:1096A000FF200C9990FBF1F14B43FE2B03DD099950
:1096B000814200F022810999B8F80040129811FB0C
:1096C00003F39BB2591C01EB1323C3F307231FFAC7
:1096D00083FE211210FB0EFB01F0F8011198DB4311
:1096E000DBB241EA511101FB03B14FEAE40C10FB7C
:1096F0000EFBE4001098E4B244EA541410FB0EFE92
:1097000004FB03E40CF0FC0C89B2A4B24CEA9C1CF0
:109710000CFB03BC4B1C04F1010B03EB11210BEB05
:10972000142B1FFA8CFCCBF3C42B01F478414BEAC9
:1097300001010CF1010B0BEB1C2B4FEA5B1B0BF433
:10974000FC6B41EA0B01A8F80010089B1E44B6B25E
:10975000072E98BF1A410B9B89BF7A78D2B2013786
:109760000026984495E71C4424B2D7E6BAF1010FCD
:109770007FF409AFBBF1010F7FF405AF0F9B0B9A8C
:10978000991A0C9B9B1B9942A8BF1946002912915C
:109790007DDD224A119210680368DB6B984710F454
:1097A0008073129906D0089B042B33D1109B003391
:1097B00018BF012382051FFA88FC40F1B980089880
:1097C000082840F0B580002B64D00CF1010C2CF07F
:1097D00001039BB245BB0A9A08EB0400904223DCCC
:1097E000119ABDF85EE01068BDF85C20046806952B
:1097F0004FF480750595099D029389B2CDE900313A
:10980000CDE903954FEA5C0CA46D734606FB0C7121
:10981000A0473CE00023CDE78C390120943901209A
:109820008E39012000F8FF000A9AA4EB050EA2EB86
:109830000E0EC645D4BFC5EB0E0EC5EB080EBEF12D
:10984000000F24D0E8073FF59EAE1EF001007FF424
:109850009AAE119ABDF85E801468BDF85C206D0860
:109860004FEA5C0C06FB0C56256806904FF480709E
:10987000059009980293CDE9039089B21FFA8EF3FF
:1098800001910093AD6D4346B9192046A84719B020
:10989000BDE8F08F284ABDF85EE01068BDF85C2096
:1098A000D0F800A006934FF400730593099BCDF800
:1098B00008C0CDE903930A9B641B1C1B06FB0856DA
:1098C0004445D4BFC5EB0405C5EB080589B2ADB26C
:1098D00001910095DAF858407346B91998E70822C3
:1098E000089B92FBF3F35A1E424492FBF3F212FBE5
:1098F00003F292B24DE60D988FE60F9923E70E9B87
:1099000043B11E44B6B207EBD60706F007063A7815
:109910003241D2B20A99139B19440A91B2E60D9BC7
:10992000002BB4D1044B186803681B6B9847AEE753
:10993000002B7FF44AAF26E69439012038B5154C48
:109940002378BFF35B8FDA0705460BD4204608F077
:1099500067FC38B1204608F06FFC0F4A0F491048E9
:1099600008F057FC0F4C2378BFF35B8FDB070BD459
:10997000204608F055FC38B1204608F05DFC064A48
:1099800009490A4808F045FC054B6B61074BAB6180
:1099900038BD00BF783A012000000020455A010878
:1099A000D00000207C3A0120435A0108D400002056
:1099B00038B5154C2378BFF35B8FDA0705460BD417
:1099C000204608F02DFC38B1204608F035FC0F4A3F
:1099D0000F49104808F01DFC0F4C2378BFF35B8F34
:1099E000DB070BD4204608F01BFC38B1204608F0FA
:1099F00023FC064A09490A4808F00BFC054BEB60BA
:109A0000074B2B6138BD00BF503A012000000020F9
:109A1000495A0108A8000020543A0120475A010879
:109A2000AC00002010B50446FFF788FF2046BDE8D3
:109A30001040FFF7BDBF000038B5154C2378BFF3C9
:109A40005B8FDA0705460BD4204608F0E9FB38B1F6
:109A5000204608F0F1FB0F4A0F49104808F0D9FBE7
:109A60000F4C2378BFF35B8FDB070BD4204608F045
:109A7000D7FB38B1204608F0DFFB064A09490A48FF
:109A800008F0C7FB054B6B62074BAB6238BD00BFEC
:109A9000803A0120000000203D5A0108D800002033
:109AA000843A01203B5A0108DC00002038B5154CEF
:109AB0002378BFF35B8FDA0705460BD4204608F006
:109AC000AFFB38B1204608F0B7FB0F4A0F491048EA
:109AD00008F09FFB0F4C2378BFF35B8FDB070BD4A1
:109AE000204608F09DFB38B1204608F0A5FB064A49
:109AF00009490A4808F08DFB054BEB61074B2B62C7
:109B000038BD00BF583A012000000020415A01082A
:109B1000B00000205C3A01203F5A0108B400002048
:109B200010B50446FFF788FF2046BDE81040FFF758
:109B3000BDBF000038B5154C2378BFF35B8FDA0743
:109B400005460BD4204608F06BFB38B1204608F0E0
:109B500073FB0F4A0F49104808F05BFB0F4C23784A
:109B6000BFF35B8FDB070BD4204608F059FB38B1FD
:109B7000204608F061FB064A09490A4808F049FBFB
:109B8000054B6B63074BAB6338BD00BF903A0120B8
:109B900000000020355A0108E8000020943A012016
:109BA000335A0108EC00002038B5154C2378BFF378
:109BB0005B8FDA0705460BD4204608F031FB38B13D
:109BC000204608F039FB0F4A0F49104808F021FBE6
:109BD0000F4C2378BFF35B8FDB070BD4204608F0D4
:109BE0001FFB38B1204608F027FB064A09490A48FE
:109BF00008F00FFB054BEB62074B2B6338BD00BF32
:109C0000603A012000000020395A0108B800002005
:109C1000643A0120375A0108BC00002010B5044600
:109C2000FFF788FF2046BDE81040FFF7BDBF0000EA
:109C300038B5154C2378BFF35B8FDA0705460BD494
:109C4000204608F0EDFA38B1204608F0F5FA0F4A40
:109C50000F49104808F0DDFA0F4C2378BFF35B8FF3
:109C6000DB070BD4204608F0DBFA38B1204608F0B9
:109C7000E3FA064A09490A4808F0CBFA054B6B6536
:109C8000074BAB6538BD00BF983A012000000020AB
:109C9000255A0108F00000209C3A0120235A0108AF
:109CA000F400002038B5154C2378BFF35B8FDA073A
:109CB00005460BD4204608F0B3FA38B1204608F028
:109CC000BBFA0F4A0F49104808F0A3FA0F4C23784B
:109CD000BFF35B8FDB070BD4204608F0A1FA38B145
:109CE000204608F0A9FA064A09490A4808F091FAFC
:109CF000054BEB64074B2B6538BD00BFA03A012034
:109D000000000020295A0108F8000020A43A012090
:109D1000275A0108FC00002038B5154C2378BFF302
:109D20005B8FDA0705460BD4204608F079FA38B184
:109D3000204608F081FA0F4A0F49104808F069FAE6
:109D40000F4C2378BFF35B8FDB070BD4204608F062
:109D500067FA38B1204608F06FFA064A09490A48FE
:109D600008F057FA054B6B64074BAB6438BD00BF76
:109D7000683A0120000000202D5A0108C000002090
:109D80006C3A01202B5A0108C400002038B5154C4C
:109D90002378BFF35B8FDA0705460BD4204608F023
:109DA0003FFA38B1204608F047FA0F4A0F491048E9
:109DB00008F02FFA0F4C2378BFF35B8FDB070BD42F
:109DC000204608F02DFA38B1204608F035FA064A48
:109DD00009490A4808F01DFA054BEB63074B2B6451
:109DE00038BD00BF883A012000000020315A010828
:109DF000E00000208C3A01202F5A0108E4000020E6
:109E000010B50446FFF714FF2046FFF785FF2046F4
:109E1000FFF748FF2046BDE81040FFF7B7BF00003E
:109E200038B5154C2378BFF35B8FDA0705460BD4A2
:109E3000204608F0F5F938B1204608F0FDF90F4A40
:109E40000F49104808F0E5F90F4C2378BFF35B8FFA
:109E5000DB070BD4204608F0E3F938B1204608F0C0
:109E6000EBF9064A09490A4808F0D3F9054B6B6635
:109E7000074BAB6638BD00BF703A012000000020E0
:109E80001D5A0108C8000020743A01201B5A01081D
:109E9000CC00002038B5154C2378BFF35B8FDA0770
:109EA00005460BD4204608F0BBF938B1204608F02F
:109EB000C3F90F4A0F49104808F0ABF90F4C23784B
:109EC000BFF35B8FDB070BD4204608F0A9F938B14C
:109ED000204608F0B1F9064A09490A4808F099F9FC
:109EE000054BEB65074B2B6638BD00BF483A012098
:109EF00000000020215A0108A00000204C3A012057
:109F00001F5A0108A400002010B50446FFF788FF7F
:109F10002046BDE81040FFF7BDBF000038B5154C26
:109F20002378BFF35B8FDA0705460BD4204608F091
:109F300077F938B1204608F07FF90F4A0F491048E9
:109F400008F067F90F4C2378BFF35B8FDB070BD466
:109F5000204608F065F938B1204608F06DF9064A48
:109F600009490A4808F055F9054B6B67074BAB6781
:109F700038BD00BF403A012000000020155A0108FA
:109F800098000020443A0120135A01089C00002048
:109F900038B5154C2378BFF35B8FDA0705460BD431
:109FA000204608F03DF938B1204608F045F90F4A3F
:109FB0000F49104808F02DF90F4C2378BFF35B8F41
:109FC000DB070BD4204608F02BF938B1204608F007
:109FD00033F9064A09490A4808F01BF9054BEB66B4
:109FE000074B2B6738BD00BF383A01200000002026
:109FF000195A0108900000203C3A0120175A010824
:10A000009400002010B50446FFF788FF2046BDE805
:10A010001040FFF7BDBF10B50446FFF7F3FF204621
:10A02000FFF772FF2046FFF7F9FD2046FFF7FAFC25
:10A030002046FFF775FD2046BDE81040FFF7E0BE63
:10A0400038B50B4C2378BFF35B8FDB0705460BD489
:10A05000204608F0E5F838B1204608F0EDF8054A4A
:10A060000549064808F0D5F8044BEB6738BD00BF3A
:10A070002C3A012000000020115A0108880000201D
:10A0800038B50B4C2378BFF35B8FDB0705460BD449
:10A09000204608F0C5F838B1204608F0CDF8054A4A
:10A0A0000549064808F0B5F8044BC5F8803038BDBE
:10A0B000303A0120000000200F5A01088C000020D7
:10A0C00070B50D4D0D4C2B78BFF35B8F13F0010F66
:10A0D00006460DD1284608F0A3F848B1084B236086
:10A0E000284608F0A9F8074A0749204608F091F8E1
:10A0F000C6F8844070BD00BF343A0120AC3B01205B
:10A1000020600208000000200D5A010810B5044626
:10A11000FFF796FF2046FFF7B3FF2046BDE810404B
:10A12000FFF7CEBF70B50D4D0D4C2B78BFF35B8F95
:10A1300013F0010F06460DD1284608F071F848B11A
:10A14000084B2360284608F077F8074A074920465D
:10A1500008F05FF8C6F8884070BD00BF283A0120BB
:10A16000A83A01203C600208000000200B5A0108B8
:10A170002DE9F04FDDE90B45BDF924E0BDF928B02C
:10A180009DF834909DF838709DF83C60088805FB78
:10A190000E4C002D02EB0C0AC0F2B080AB4540F330
:10A1A000AD80002CC0F2A880A64540F3A58012F82F
:10A1B0000C2033F81280621C00F1A380964540F316
:10A1C000A080B9F1000F00F09C809AF8012033F8CC
:10A1D00012C0013500F19980AB4540F39680002F05
:10A1E00000F09380002CC0F28E80A64540F38B8057
:10A1F0001AF80E2033F81250013400F18980A64578
:10A2000040F38680B9F1000F00F08280D6449EF8BA
:10A21000012033F812304FEA084404F0FC6428F4BB
:10A22000FC6819FB07FE44EA08084FEA0C44CEF329
:10A23000C70EC7F1100204F0FC642CF4FC6C44EA75
:10A240000C0CA2EB0902CEEB49040EEB420204FB1C
:10A250000CF402FB08481A0402F0FC6223F4FC63CD
:10A2600013432A0402F0FC6225F4FC650EFB038311
:10A270002A43CEEB470707FB0232530D520903F482
:10A28000FC6322F4FC621A4393B2B4B20212F643A6
:10A29000F6B21D1202F0F80212FB06F2C71005F02A
:10A2A000F805C00005FB0425C0B2DA10DB00DBB204
:10A2B00007F0FC0710FB06F0ADB203FB040002F050
:10A2C000FC0217FB06F780B26B1C02FB047292B211
:10A2D00003EB1525431C03EB1023501C00EB12224B
:10A2E00005F47845C3F3C42352092B4302F4FC62FE
:10A2F00013430B80BDE8F08F80465CE784468046C0
:10A3000067E7844665E7054676E70346054682E744
:10A31000034680E72DE9F04F99B0DDE923A51592BA
:10A320000993279A9DF8AC300D930C91DDE9281321
:10A3300016905068126800FB031302EB43082A9B37
:10A340001B680B932A9B5E680D9BDB43DBB20436D4
:10A350000A930C9B002B03DC159B002B40F32582FA
:10A360002A9BB3F90810B3F90C20481E571E099B0D
:10A37000002B40F3E3805FEA2A4C4FEA254306D4E2
:10A38000844504DA002B02DBBB42C0F2D8801CF10A
:10A39000010C00F1C9806145C0F2C680013300F1B3
:10A3A000C3809A42C0F2C080DDF824B04746BBF1BA
:10A3B000000F40F3E3802A9A2A9BD2F80CE09B68B6
:10A3C0005FEA2A424FEA254CCAF30330C5F3033152
:10A3D00000F1218103F1FF394A4580F21C81BCF173
:10A3E000000FC0F218810EF1FF39CC4580F21381C5
:10A3F0001BB20CFB03220B9C04EB0209A25C36F897
:10A4000012E0002800F0FE8099F8012036F81220B2
:10A41000119251B109EB030219F8033036F81330E9
:10A420000F93537836F813301293119B129C4FEA16
:10A43000034C0CF0FC6C23F4FC634CEA030C129B01
:10A440001B0410FB01F224F4FC6403F0FC63D21043
:10A450002343C2EB4009534309FB0C334FEA0E4C34
:10A460000CF0FC6C2EF4FC6E4CEA0E0EC1F1100CDC
:10A47000ACEB000C02EB4C0C0CFB0E3C0F9B0A9C53
:10A48000180400F0FC6023F4FC631843C2EB4102A3
:10A4900002FB00C2530D5209388803F4FC6322F416
:10A4A000FC621A4392B20112BDF834304FEA222CFA
:10A4B00001F0F80111FB04F14FEAE00E0CF0F80C8A
:10A4C000C0000CFB031C0EF0FC0ED110C0B2D20079
:10A4D000D2B201F0FC011EFB04FE10FB04F01FFAD7
:10A4E0008CFC01FB03E102FB03039AB20CF10103B4
:10A4F00089B203EB1C2C531C03EB12234A1C02EB06
:10A5000011210CF4784CC3F3C423490943EA0C032A
:10A5100001F4FC610B433B80259B9A44269B023748
:10A520001D440BF1FF3B42E7259B9A44269B1D44AB
:10A53000099B013B099308F1020818E723D0099B06
:10A540002598013B00FB03A000143FF52DAF013916
:10A550008842BFF629AF269901FB03531B143FF530
:10A5600023AF013A9342BFF61FAFDDF824E0BDF8F8
:10A570003490CDF83880BEF1000F6CDC099B23EAE3
:10A58000E37408EB44080C9B002B40F30E8130EE83
:10A59000040AB7EE007AC7EE007A229B70EEA40A96
:10A5A00031EE051A20EEA77AF0EE626A61EE277AA4
:10A5B000FEEEC86A77EE622A16EE90AAFEEEC82A70
:10A5C000F0EE436A37EEC33A12EE902ABEEEC83A76
:10A5D00092FBF3F313EE102A2593229B92FBF3F3E5
:10A5E00026930C9B159A013BFEEEC86A0C93229BA6
:10A5F00008BF134616EE905A0993B0EE673AF0EE94
:10A60000472AA6E600293FF410AF19F8033036F8C0
:10A6100013300F9309E712F101093FF57DAF4B4568
:10A62000FFF67AAF1CF101093FF576AFCE45FFF694
:10A6300073AF0D9C02921BB20FFA8EF2CDE9051496
:10A64000CDE903C0019200930B9A16983346394620
:10A65000FFF78EFD60E72A9B0B9CB3F908304FEAA9
:10A660002A42291403FB01210B9A0A44615CCAF3B4
:10A67000033CC5F3033036F81110BCF1000F00F0B5
:10A680008C80577836F81740139440B1D718D35CB4
:10A6900036F8133010937B7836F813301493139BED
:10A6A000149C1CFB00F21F04D21023F4FC6307F07F
:10A6B000FC671F43C2EB4C031793149B1B0424F449
:10A6C000FC6B03F0FC6343EA0B03179C53434FEA14
:10A6D000014B04FB073721F4FC610BF0FC6343EAF8
:10A6E000010BC0F11001109B0A9CA1EB0C0C02EBBA
:10A6F0004C0C0CFB0B774FEA034C23F4FC6B0CF077
:10A70000FC6CC2EB40024CEA0B0C02FB0C770E9A7D
:10A71000790D7F09128801F4FC6127F4FC670F436F
:10A72000BBB21112181201F0F80111FB04F1D7109D
:10A7300000F0F800D20000FB091007F0FC07D91068
:10A74000D2B2DB0017FB04F712FB04F201F0FC01AC
:10A75000DBB280B201FB097103FB09239BB289B212
:10A76000421C02EB10204F1C5A1C02EB132207EB79
:10A77000112100F47840C2F3C42249090E9B104312
:10A7800001F4FC61084323F8020B0E93259B9A44C5
:10A79000269B0EF1FF3E1D44EDE600283FF47FAFFF
:10A7A000D35C36F81330109379E719B0BDE8F08F19
:10A7B0002DE9F047DDE90A48BDF920E0BDF924A004
:10A7C0009DF830509DF83460088808FB0E47B8F1BA
:10A7D000000F02EB070967DBC24565DD002C61DB7A
:10A7E000A6455FDDD25D33F812C0621C5FD496458A
:10A7F0005DDD002D5BD099F8012033F8127018F15F
:10A80000010858D4C24556DD002E54D0002C50DB30
:10A81000A6454EDD19F80E2033F81220013407D476
:10A82000A64505DD25B1CE449EF8010033F81000A1
:10A830004FEA0C4315FB06F403F0FC634FEA074EA6
:10A840002CF4FC6CC4F3C70443EA0C0C0EF0FC6E51
:10A85000C6F1100327F4FC675B1B4EEA0707C4EB45
:10A86000450504EB43037D4303FB0C5C030403F049
:10A87000FC6320F4FC601843130403F0FC6322F42F
:10A88000FC62134304FB00C0C4EB460606FB030056
:10A89000430D400903F4FC6320F4FC601843088076
:10A8A000BDE8F0878446A0E707468446A7E7074649
:10A8B000A5E70246B2E70246BAE72DE9F04F93B0AA
:10A8C000DDE91D460F92219A08910693DDE92213D6
:10A8D00010905068126800FB031302EB4309249B9D
:10A8E0001B680793249B5F68F7EE006A0437089B98
:10A8F000002B03DC0F9B002B40F3B281249BB3F9A8
:10A900000810B3F90C20481E02F1FF3C069B002BF7
:10A9100040F3A9805FEA244E4FEA264306D48645D9
:10A9200004DA002B02DB6345C0F29E801EF1010EAB
:10A9300000F18F807145C0F28C80013300F1898075
:10A940009A42C0F28680DDF818B0C846BBF1000F0D
:10A9500040F3A680249A249BD2F80CE09B68221432
:10A960004FEA264CC4F30330C6F3033100F1E38011
:10A9700003F1FF3A524580F2DE80BCF1000FC0F2D5
:10A98000DA800EF1FF3AD44580F2D5801BB20CFB81
:10A990000322079D05EB020AAA5C37F812E00028A3
:10A9A00000F0C0809AF8012037F812200B9251B1C4
:10A9B0000AEB03021AF8033037F81330099353787F
:10A9C00037F813300C930B9B0C9D4FEA034C0CF0A3
:10A9D000FC6C23F4FC634CEA030C0C9B1B0410FB83
:10A9E00001F203F0FC6325F4FC65D2102B43C2EBAB
:10A9F000400A53430AFB0C334FEA0E4C0CF0FC6C3C
:10AA00002EF4FC6E4CEA0E0EC1F1100CACEB000CF7
:10AA100002EB4C0C0CFB0E3C099B180400F0FC6094
:10AA200023F4FC631843C2EB410202FB00C2530D46
:10AA3000520903F4FC6322F4FC621A43A8F80020D4
:10AA40001F9B1C44209B08F102081E440BF1FF3B96
:10AA50007CE71F9B1C44209B1E44069B013B0693E6
:10AA600009F1020952E720D0069B1F98013B00FB29
:10AA7000034000143FF567AF01398842BFF663AF6A
:10AA8000209901FB03631B143FF55DAF013A93422C
:10AA9000BFF659AFDDF81880CA46B8F1000F67DC81
:10AAA000069B23EAE37509EB4509089B002B40F35D
:10AAB000D78030EE040A70EEA40AC6EE807A1C9BA2
:10AAC00031EE051A20EEA77AB0EE626A61EE277ABF
:10AAD000BEEEC86A77EE622A16EE104AFEEEC82A6B
:10AAE000B0EE436A37EEC33A12EE902ABEEEC83A91
:10AAF00092FBF3F313EE102A1F931C9B92FBF3F3CC
:10AB00002093089B0F9A013BBEEEC86A08931C9BDA
:10AB100008BF134616EE106A0693B0EE673AF0EEE1
:10AB2000472AE4E600293FF44EAF1AF8033037F81D
:10AB30001330099347E712F1010A81D45345FFF618
:10AB40007FAF1CF1010A3FF57BAFD645FFF678AF2A
:10AB5000CDE9022C1BB20FFA8EF2CDE9040101926D
:10AB60000093079A10983B464146FFF721FE67E79E
:10AB7000249B079DB3F908302214311403FB0121F3
:10AB8000079A0A44695CC4F3033EC6F3033037F8FE
:10AB90001110BEF1000F5CD092F801C037F81C50C4
:10ABA0000D9550B102EB030CD35C37F813300A93C8
:10ABB0009CF8013037F813300E930D9B0E9D1EFB51
:10ABC00000F24FEA034CD21023F4FC630CF0FC6C4F
:10ABD0004CEA030CC2EB4E0311930E9B1B0425F4AD
:10ABE000FC6B03F0FC6343EA0B03119D53434FEAF4
:10ABF000014B05FB0C3C21F4FC610BF0FC6343EAC8
:10AC0000010BC0F110010A9BA1EB0E0E02EB4E0EE0
:10AC10000EFB0BCC4FEA034B23F4FC6E0BF0FC6BEA
:10AC20004BEA0E0EC2EB400202FB0ECC4FEA5C5325
:10AC30004FEA5C1C03F4FC632CF4FC6C43EA0C0C40
:10AC40001F9B2AF802CB1C44209B08F1FF381E44AE
:10AC500023E70028B1D0D35C37F813300A93ACE770
:10AC600013B0BDE8F08F2DE9F04F0D8887B0EF10DD
:10AC70004FEA252A07F0FC07ED000197EDB2029597
:10AC8000019D0391DDE91206BDF940900299BDF9DD
:10AC900044B09DF850409DF854E09DF858800AF06B
:10ACA000F80A2D0245EA0A4506FB09070D43002E66
:10ACB00002EB070C0595C0F2B680B34540F3B380B4
:10ACC0000028C0F2AE80814540F3AB80D75D07EB32
:10ACD00047071F44421C00F1A980914540F3A6801C
:10ACE000002C00F0A3809CF8015005EB45051D44A5
:10ACF000013600F19F80B34540F39C80BEF1000F08
:10AD000000F098800028C0F29380814540F3908045
:10AD10001CF8096006EB46061E44013000F18D80E8
:10AD2000814540F38A80002C00F08780E14499F847
:10AD3000012002EB42021344A4B21FFA8EFE04FB70
:10AD40000EFB2401CBEB0E1EC4F58079A4EB0B04A3
:10AD50001FFA8EF0A2B2AC7897F802C00199A9EB65
:10AD600000091FFA89F9544309FB0C4496F802C004
:10AD700000FB0C4493F802C01FFA88FE6FEA080833
:10AD80005FFA88F80BFB0C4C1AFB08FACCF3072C83
:10AD90000CFB0EAC95F801A07C782D783F7802FB77
:10ADA0000AFA09FB04AA74786A43357800FB04AAFE
:10ADB00009FB07225C781B7800FB05200BFB04A431
:10ADC0000BFB030B029B11FB08FA1FFA8CFC13FB15
:10ADD00008F8CBF3072BC4F3072404FB0EA40CF1F3
:10ADE00001030BFB0E8E1FFA8EFEA4B203EB1C2C8C
:10ADF0000CF4784304F1010A0EF1010C0CEB1E2C4B
:10AE00000AEB1424CCF3C42C64094CEA030C04F4BC
:10AE1000FC64039B4CEA040CA3F800C007B0BDE837
:10AE2000F08F05AF56E705AD2F4661E705AD5FE74B
:10AE300005AE72E705AB1E467EE705AB7CE72DE964
:10AE4000F04F95B012920993239A9DF89C300F937E
:10AE50000E91DDE9241313905068126800FB031370
:10AE600002EB43030A93269B1B680D93269B5C68A9
:10AE70000F9BDB43DBB204340B930E9B002B03DCF4
:10AE8000129B002B40F35582269BB3F90810B3F9AF
:10AE90000C20481E551E099B002B40F3F9801F9E75
:10AEA000209B36144FEA234306D4864204DA002B53
:10AEB00002DBAB42C0F2ED80013600F1DA80B14234
:10AEC000C0F2D780013300F1D4809A42C0F2D18021
:10AED000099B11930A9B0C93119B002B40F3FA8062
:10AEE0002698209B209AC6681F981D14C2F3033130
:10AEF0001F9B269A0014C3F30333926800F13E812E
:10AF0000571EB84280F23A81002DC0F23781771E79
:10AF1000BD4280F2338112B205FB02000D9D15F88F
:10AF200000A00AEB4A0A2E1804EB0A05002B00F0D9
:10AF3000178196F801C00CEB4C0CA444002900F0DA
:10AF40001781B018B25C407802EB420200EB40007F
:10AF5000224420449BB289B203FB01F9C9EB0111E1
:10AF60001B0189B29CF8027095F802B00C9E14F88F
:10AF70000AA0B6F800E0BDF83C60C3F58078A3EB0A
:10AF800009039BB2A8EB01081FFA88F85F4308FB8E
:10AF90000B7792F802B0109301FB0B7790F802B098
:10AFA0000B9B09FB0B774FEA2E2B0BF0F80B1BFBCF
:10AFB00003FBC7F3072707FB06B7109B95F801B003
:10AFC0009CF801509CF800C05D4308FB0B5592F8BB
:10AFD00001B00B9B01FB0B5590F801B009FB0B5521
:10AFE0004FEAEE0B0BF0FC0B1BFB03FB109B03FB70
:10AFF0000CF392F800C008FB0A3301FB0C3390F805
:10B0000000C04FEACE0E09FB0C3C0B9B5FFA8EFE94
:10B01000BFB21EFB03FEC5F30725CCF3072C05FBCF
:10B0200006B57B1C0CFB06E6ADB2B6B203EB1727E8
:10B0300007F4784305F1010B771C07EB16270BEBA0
:10B040001525C7F3C4276D091F4305F4FC650C9B48
:10B050003D431D800C9B219A02330C931F9B13448C
:10B060001F93229A209B13442093119B013B119321
:10B0700032E71F9B219E33441F93229E209B334423
:10B080002093099B013B09930A9B02330A9302E731
:10B0900027D0099B21981F9D013B00FB0350001402
:10B0A0003FF516AF01398842BFF612AF22992098BA
:10B0B00001FB03031B143FF50BAF013A9342BFF6AC
:10B0C00007AF099B1193BDF83CA00A9B0C93119B01
:10B0D000002B70DC099B0A9A23EAE37302EB43031B
:10B0E0000A930E9B002B40F3248130EE040AB7EE46
:10B0F000007AC7EE007A1E9B70EEA40A31EE051AA4
:10B1000020EEA77AF0EE626A61EE277AFEEEC86A58
:10B1100077EE622ACDED1F6AFEEEC82AF0EE436A92
:10B1200037EEC33A12EE902ABEEEC83A92FBF3F322
:10B1300013EE102A21931E9B92FBF3F322930E9B96
:10B14000129A013BFEEEC86A0E931E9BCDED206A5B
:10B1500008BF13460993B0EE673AF0EE472A8CE633
:10B1600049B1B25C02EB420222442846AC46F1E609
:10B1700028462A46EEE628462A46F7E7471C3FF5CA
:10B1800069AFBA42FFF666AF6F1C3FF563AFBE42D0
:10B19000FFF660AF0F9F029036B212B2CDE90517ED
:10B1A000CDE90353009201962346DDE90C12139872
:10B1B000FFF759FD4EE7209A20981F9D1F9BC2F371
:10B1C0000331269AB2F908202D14001402FB005016
:10B1D0000D9D15F80090C3F3033309EB49092E18B0
:10B1E00004EB0905002B00F09680777807EB470702
:10B1F0002744002900F09780B018B25C407802EB39
:10B20000420200EB4000224420449BB289B203FB7F
:10B2100001F80C9E95F802B0B6F800C0BE7814F89C
:10B2200009901B01C8EB011189B2C3F5807EA3EB25
:10B2300008039BB2AEEB010E1FFA8EFE5E430EFBBF
:10B240000B6692F802B0109301FB0B6690F802B007
:10B250000B9B08FB0B664FEA2C2B0BF0F80B1BFB30
:10B2600003FBC6F3072606FB0AB6109B95F801B050
:10B270007D783F785D430EFB0B5592F801B00B9B38
:10B2800001FB0B5590F801B008FB0B554FEAEC0B96
:10B290000BF0FC0B1BFB03FB109B7B4317780EFB97
:10B2A000093301FB073307784FEACC0C08FB07375B
:10B2B0000B9B5FFA8CFC1CFB03FCC5F30725C7F353
:10B2C000072705FB0AB507FB0AC7B6B2ADB2BFB286
:10B2D000731C7A1C05F1010B03EB162602EB1722F7
:10B2E0000BEB1525C2F3C42206F478466D090C9BBE
:10B2F000164305F4FC652E4323F8026B219A0C9348
:10B300001F9B13441F93229A209B13442093119B4D
:10B31000013B1193DBE649B1B25C02EB42022244ED
:10B3200028462F4671E728462A466EE728462A46D1
:10B33000F7E715B0BDE8F08F2DE9F74F0F88BDF99D
:10B3400030E0BDF934909DF840009DF844603C0227
:10B35000DDE90EC504F4780B7C0104F47C44FF00A5
:10B360004BEA0404FFB205FB0ECA2743002D02EB93
:10B370000A0801977EDBA9457CDDBCF1000F77DB75
:10B38000E64575DD12F80A7007EB47071F441CF10C
:10B39000010272D4964570DD00286ED098F8014005
:10B3A00004EB44041C4401356BD4A94569DD002E2F
:10B3B00067D0BCF1000F62DBE64560DD18F80E5087
:10B3C00005EB45051D441CF101025DD496455BDD8E
:10B3D000002859D0C6449EF8012002EB42021344D3
:10B3E00080B2B2B200FB02F60001C6EB0212C0F559
:10B3F0008078801B1FFA82FC82B2A07897F802E066
:10B4000097F800907F78A8EB0C081FFA88F8504353
:10B4100008FB0E0EA8780CFB00E093F802E006FB98
:10B420000E0E0EF4784094F800E002FB0EFE08FBCE
:10B4300009E995F800E00CFB0E9993F800E05B78C1
:10B4400006FB0E9ECEF3C42E4EEA000E60785043EB
:10B450006A7808FB07000CFB020206FB03235B096A
:10B4600003F4FC634EEA03030B8003B0BDE8F08FE6
:10B4700001AF8CE701AC274695E701AC93E701AD3E
:10B48000A1E701AB1D46ABE701ABA9E72DE9F04F02
:10B490008FB0DDE919B50C921D9A0A910693DDE98A
:10B4A0001E130D905068126800FB031302EB430358
:10B4B0000793209B1B680893209B5C6804340A9BBD
:10B4C000002B03DC0C9B002B40F3D681209BB3F9AF
:10B4D0000810B3F90C20481E561E069B002B40F3A3
:10B4E000B7805FEA2B474FEA254306D4874204DA48
:10B4F000002B02DBB342C0F2AC80013700F19D802B
:10B50000B942C0F29A80013300F197809A42C0F2AA
:10B510009480069B0B93079B09930B9B002B40F396
:10B52000B5802098209AC76892685FEA2B404FEA5E
:10B530002546CBF30333C5F3033100F1FB8002F161
:10B54000FF3C604580F2F680002EC0F2F38007F1E8
:10B55000FF3C664580F2EE8012B206FB0200089EB8
:10B560003718305C00EB400804EB080C002B00F0AF
:10B57000D3807E7806EB46062644002900F0D4806E
:10B58000B818BA5C407802EB420200EB400022445B
:10B5900020449BB289B203FB01F9C9EB01111B01E5
:10B5A00089B2B7789CF802A09CF801C0C3F5807EF0
:10B5B000A3EB09039BB2AEEB010E1FFA8EFE5F43B5
:10B5C0000EFB0A7792F802A001FB0A7790F802A01E
:10B5D00009FB0A7A14F8087096F80080767803FB65
:10B5E00008F80EFB0788177801FB0788077809FB26
:10B5F00007870AF4784AC7F3C42747EA0A07734360
:10B6000092F801A00EFB0C3301FB0A3190F801A067
:10B61000099B09FB0A1A4FEA5A1A0AF4FC6A47EA1C
:10B620000A071F80099B023309931B9B9B441C9BA9
:10B630001D440B9B013B0B936FE71B9B9B441C9B87
:10B640001D44069B013B0693079B0233079344E787
:10B6500023D0069B1B98013B00FB03B000143FF571
:10B6600058AF01398842BFF654AF1C9901FB035310
:10B670001B143FF54EAF013A9342BFF64AAF069B0B
:10B680000993079B0B93099B002B70DC069B079A81
:10B6900023EAE37302EB430307930A9B002B40F377
:10B6A000EB8030EE040AB7EE007AC7EE007A189B02
:10B6B00070EEA40A31EE051A20EEA77AF0EE626A67
:10B6C00061EE277AFEEEC86A77EE622A16EE90BA2D
:10B6D000FEEEC82AF0EE436A37EEC33A12EE902A25
:10B6E000BEEEC83A92FBF3F313EE102A1B93189B9D
:10B6F00092FBF3F31C930A9B0C9A013BFEEEC86A83
:10B700000A93189B08BF134616EE905A0693B0EEA4
:10B71000673AF0EE472AD2E649B1BA5C02EB420240
:10B7200022446046664634E76046624631E760463A
:10B730006246F7E710F1010C3FF574AF6245FFF682
:10B7400071AF16F1010C3FF56DAF6745FFF66AAFBB
:10B750003FB212B2CDE90431CDE902060092019761
:10B760002346DDE908210D98FFF7E6FD5AE7209A08
:10B77000B2F908204FEA2B46281402FB0060089E0D
:10B7800016F80080CBF3033308EB4808C5F3033108
:10B79000371804EB080C002B60D07E7806EB4606C9
:10B7A0002644002962D0B818BA5C407802EB420205
:10B7B00000EB4000224420449BB289B203FB01F914
:10B7C000C9EB01111B0189B2B7789CF802A09CF863
:10B7D00001C0C3F5807EA3EB09039BB2AEEB010E63
:10B7E0001FFA8EFE5F430EFB0A7792F802A001FB60
:10B7F0000A7790F802A009FB0A7A14F8087096F804
:10B800000080767803FB08F80EFB0788177801FBA9
:10B810000788077809FB07870AF4784A7343C7F358
:10B82000C427567847EA0A070EFB0C3390F801A0AC
:10B8300001FB063309FB0A3A4FEA5A1A0B9B0AF43A
:10B84000FC6A47EA0A0723F8027B0B931B9B9B4485
:10B850001C9B1D44099B013B099314E749B1BA5C49
:10B8600002EB4202224460466646A5E76046624615
:10B87000A2E760466246F7E70FB0BDE8F08F2DE91A
:10B88000F04F85B0DDE91074BDF938C00291002C8D
:10B8900004FB0C71BDF93C809DF848609DF84C009C
:10B8A00002EB010EC0F22281A04540F31F81002F60
:10B8B000C0F21A81BC4540F31781525C53F8225004
:10B8C0007A1C00F11681944540F31381002E00F09C
:10B8D00012819EF8012053F82210013400F10F81EB
:10B8E000A04540F30C81002800F00C81002FC0F22D
:10B8F0000481BC4540F301811EF80C2053F822401E
:10B90000013700F10281BC4540F3FF80002E00F0BA
:10B91000FE80F4449CF8012053F82220B6B280B295
:10B9200000FB06FECEEB00103601A6EB0E0780B240
:10B93000C6F580734FEA116ABFB21B1A4FEA156B46
:10B940009BB20AFB07F64FEA14690BFB03664FEA4A
:10B95000126800FB09660EFB0866C6F30726009610
:10B96000002E00F0BE8005F0FF1C0BFB0CFC05F464
:10B970007F450BFB05F54FEA1C2B0BF0FF1B0CF171
:10B98000011CDC444FEA1C2C01950CF0FF150395BB
:10B99000019D029E05F5807C0CEB152501F0FF1C36
:10B9A0000AFB0CFC4FEA152B4FEA1C2505F0FF158E
:10B9B0000CF1011C654404F0FF1C04F47F4409FBF6
:10B9C0000CFC09FB04F909F5807404EB192902F059
:10B9D000FF1408FB04F401F47F4102F47F4208FBEA
:10B9E00002F80AFB01FA220A0AF5807102F0FF123E
:10B9F00004F1011401EB1A2A14444FEA1C2108F542
:10BA000080722D0A02EB182805F0FF15039A36887C
:10BA100001F0FF110CF1011C7D436144240A02FB7B
:10BA20000355090A04F0FF1404FB0E5401F0FF1142
:10BA300001FB00414FEA1A2A090A0AF47F4A01F081
:10BA4000FF1407FB0AF74FEA18280BF47F4103FBAA
:10BA500001714FEA192908F47F480EFB081E09F40A
:10BA60007F4100FB01E19DF85000009A87B27A43C4
:10BA7000090A531C01F47F41214303EB12233512C1
:10BA80000A0C6FEA1323DBB212FB07F205F0F8058C
:10BA900005FB0325C1F30724F210C8B2F60014FB1E
:10BAA00007F402F0FC02F6B210FB07F002FB0342BF
:10BAB000ADB206FB030399B294B26B1C03EB1525E0
:10BAC000621C4B1C03EB112302EB142205F4784596
:10BAD000C3F3C423520902F4FC622B431343029ABA
:10BAE000138005B0BDE8F08F0025E9E600210D4682
:10BAF000F3E60021F1E63146EFE6002400E70022FC
:10BB000014460BE70246044608E7002206E73246E1
:10BB100004E72DE9F04F9FB01B9209932D9A9DF8F1
:10BB2000C4301C931991DDE92E131D9050681268E2
:10BB30002A9D00FB031302EB43030C93309B1B680D
:10BB40001293309B5E68BDF870300D930436199BDC
:10BB5000002B03DC1B9B002B40F38883309BB3F945
:10BB60000810B3F90C20481E571E099B002B40F308
:10BB70009581299C5FEA244C4FEA254306D48445ED
:10BB800004DA002B02DBBB42C0F289811CF1010CFC
:10BB900000F177816145C0F27481013300F1718158
:10BBA0009A42C0F26E81099B0C9F1A931A9B002B3C
:10BBB00040F39381299BC3F30332309BD3E9020EF8
:10BBC000299B1B144FEA254CC5F3033100F1D681A4
:10BBD00000F1FF38434580F2D181BCF1000FC0F283
:10BBE000CD810EF1FF38C44580F2C88100B20CFB54
:10BBF0000033129C04EB0308E35C56F823304FEA51
:10BC0000136E002A00F0AF8198F801C056F82C405E
:10BC10000E94240E159479B108EB000C18F800006E
:10BC200056F820000A90000E13909CF8010056F878
:10BC300020000F90000E169092B289B202FB01F91B
:10BC4000C9EB01111201A2EB090889B2C2F5807299
:10BC50001598139C1FFA88F8521A92B208FB00F04C
:10BC600002FB0E0001FB0400169C09FB0400C0F35C
:10BC70000720002800F0FA80BEF1FF0F1BD003F070
:10BC8000FF1A0EFB0AFA03F47F430EFB03FE4FEA92
:10BC90001A2303F0FF130AF1011A0EF5807C5344B6
:10BCA0000CEB1E2C1B0A4FEA1C2C03F0FF130CF4A8
:10BCB0007F4C43EA0C03159CFF2C21D00E9C04F012
:10BCC000FF1B159C04FB0BFB0E9C04F47F4A159C88
:10BCD0004FEA1B2E04FB0AFA0EF0FF1E0BF1011BAC
:10BCE0000AF5807CDE440CEB1A2A4FEA1E2E4FEA3E
:10BCF0001A2A0EF0FF1E0AF47F4A4EEA0A040E9436
:10BD0000139CFF2C21D00A9C04F0FF1B139C04FB06
:10BD10000BFB0A9C04F47F4A139C4FEA1B2E04FB86
:10BD20000AFA0EF0FF1E0BF1011B0AF5807CDE44BF
:10BD30000CEB1A2A4FEA1E2E4FEA1A2A0EF0FF1EAB
:10BD40000AF47F4A4EEA0A040A94169CFF2C21D07A
:10BD50000F9C04F0FF1B169C04FB0BFB0F9C04F4D0
:10BD60007F4A169C4FEA1B2E04FB0AFA0EF0FF1EB8
:10BD70000BF1011B0AF5807CDE440CEB1A2A4FEA1A
:10BD80001E2E4FEA1A2A0EF0FF1E0AF47F4A4EEAD0
:10BD90000A040F940E9C04F0FF1C0A9C03F0FF1E83
:10BDA00008FB0CFC02FB0ECC04F0FF1E0F9C01FBF9
:10BDB0000ECC04F0FF1E0E9C09FB0ECC04F47F4E4B
:10BDC00008FB0EF803F47F4302FB03830A9A0D9CE1
:10BDD00002F47F4A0F9A01FB0A3302F47F410D9A65
:10BDE00009FB013942434FEA1C2C4FEA19293B88D1
:10BDF000501C0CF0FF1C09F47F494CEA090C00EBC5
:10BE0000122019124FEA1C426FEA1020C0B212FB36
:10BE100004F201F0F80101FB0021CCF3072EDA1047
:10BE20005FFA8CFCDB001CFB04FCDBB289B203FB79
:10BE300000C31FFA83FC4B1C03EB112102F0FC0230
:10BE40001EFB04FE0CF1010302FB00E203EB1C23CA
:10BE500092B201F47841C3F3C4230B43511C01EBAC
:10BE60001222520902F4FC6213433B802B9B299A55
:10BE70001A442C9B29921D441A9B013B02371A93AA
:10BE800094E62B9B299C1C442C9B29941D44099BC4
:10BE9000013B09930C9B02330C9366E624D0099B6B
:10BEA0002B98299C013B00FB034000143FF57BAE1F
:10BEB00001398842BFF677AE2C9901FB03531B145E
:10BEC0003FF571AE013A9342BFF66DAEDDF824B096
:10BED000DDF83090BBF1000F70DC099B23EAE374BE
:10BEE0000C9B03EB44030C93199B002B40F3BE8186
:10BEF00030EE040AB7EE007AC7EE007A289B70EEA7
:10BF0000A40A31EE051A20EEA77AF0EE626A61EE1D
:10BF1000277AFEEEC86A77EE622ACDED296AFEEE38
:10BF2000C82AF0EE436A37EEC33A12EE902ABEEE0C
:10BF3000C83A92FBF3F313EE102A2B93289B92FB43
:10BF4000F3F32C93199B1B9A013BFEEEC86A1993DD
:10BF5000289B08BF134616EE905A0993B0EE673A35
:10BF6000F0EE472AF3E500293FF466AE18F800002A
:10BF700056F820000A90000E13905DE613F10108B8
:10BF80003FF574AF4045FFF671AF1CF101083FF576
:10BF90006DAFC645FFF66AAF1C9C029300B20FFA64
:10BFA0008EF3CDE90514CDE903C201930090334629
:10BFB000129A1D983946FFF762FC57E7299B299C86
:10BFC000C3F30332309BB3F9081027142B1401FB81
:10BFD0000373129CE718E35C56F82330C5F3033073
:10BFE0004FEA136C002A00F0378197F801E056F809
:10BFF0002E401094240E179470B107EB010E795C5B
:10C0000056F821100B91090E14919EF8011056F864
:10C0100021101191090E189192B280B202FB00F822
:10C02000C8EB00101201A2EB080E80B2C2F58072BC
:10C030001799149C1FFA8EFE121A92B20EFB01F190
:10C0400002FB0C1100FB0411189C08FB0411C1F346
:10C050000721002900F0F580BCF1FF0F19D003F093
:10C06000FF1A0CFB0AFA03F47F430CFB03FC4FEAB4
:10C070001A2303F0FF130AF1011A0CF580775344D9
:10C0800007EB1C271B0A3F0A03F0FF1307F47F4747
:10C090003B43179CFF2C20D0109C04F0FF17179CEB
:10C0A0006743109C04F47F4A179C4FEA172C04FB4B
:10C0B0000AFA07F101170CF0FF1CBC440AF580775F
:10C0C00007EB1A2A4FEA1C2C4FEA1A2A0CF0FF1C25
:10C0D0000AF47F4A4CEA0A041094149CFF2C20D0E6
:10C0E0000B9C04F0FF17149C67430B9C04F47F4ADD
:10C0F000149C4FEA172C04FB0AFA07F101170CF005
:10C10000FF1CBC440AF5807707EB1A2A4FEA1C2C67
:10C110004FEA1A2A0CF0FF1C0AF47F4A4CEA0A0480
:10C120000B94189CFF2C20D0119C04F0FF17189C36
:10C130006743119C04F47F4A189C4FEA172C04FBB8
:10C140000AFA07F101170CF0FF1CBC440AF58077CE
:10C1500007EB1A2A4FEA1C2C4FEA1A2A0CF0FF1C94
:10C160000AF47F4A4CEA0A041194109C04F0FF1769
:10C170000B9C03F0FF1C0EFB07F702FB0C7704F08F
:10C18000FF1C119C00FB0C7704F0FF1C109C08FBAB
:10C190000C7704F47F4C0EFB0CFE03F47F4302FB90
:10C1A00003E30B9A0D9C02F47F4A119A00FB0A33B9
:10C1B00002F47F4C08FB0C3C0D9BB9F800004B438C
:10C1C0003F0A4FEA1C2C0CF47F4C591C07F0FF1758
:10C1D00047EA0C0701EB132102123B0C6FEA112115
:10C1E000C9B213FB04F302F0F80202FB0132C7F3F9
:10C1F000072CC310FFB2C00092B21CFB04FC03F07A
:10C20000FC03C0B217FB04F703FB01C300FB017082
:10C2100002F1010C80B20CEB122202F4784C421CA9
:10C2200002EB10229BB2C2F3C42242EA0C0203F1D9
:10C23000010C0CEB13235B0903F4FC631A43A9F80C
:10C2400000202B9B299A1A442C9B299209F1020960
:10C250001D440BF1FF3B3DE600283FF4DDAE795C69
:10C2600056F821100B91090E1491D5E61FB0BDE8C8
:10C27000F08F2DE9F04F89B001910198BDF948C0C8
:10C280000088BDF94C809DF858509DF85C4006121E
:10C29000DDE9141706F0F8060296C610C000C0B219
:10C2A00006F0FC060490002F07FB0C10039602EB2F
:10C2B000000EC0F20A81B84540F307810029C0F2A0
:10C2C00002818C4540F3FF80125C53F822004A1C27
:10C2D00000F1FE80944540F3FB80002D00F0FA80D1
:10C2E0009EF8012053F82260013700F1F780B8452D
:10C2F00040F3F480002C00F0F48000290EEB0C02D7
:10C30000C0F2EA808C4540F3E7801EF80C7053F8C9
:10C310002770013100F1E8808C4540F3E580002D65
:10C3200000F0E480527853F822100B0E4FEA106AA6
:10C330000093A4B2ABB200F0FF1503FB04F90AFBB3
:10C3400005F51B01A3EB090EC3F5807200F47F43D2
:10C35000280A00F0FF1005F1011505442D0A0AFB1B
:10C3600003F305F0FF10059003F5807000EB132335
:10C370001B0A4FEA166B069306F0FF130BFB03F341
:10C380001D0A06F47F464FEA17680BFB06F603F119
:10C39000011307F0FF1C05F0FF1507F47F4708FBAA
:10C3A00007F71D4406F5807303EB162607F5807327
:10C3B00003EB172308FB0CFC1B0A07934FEA1C2016
:10C3C0000B0E01F0FF175F430CF1011C00F0FF1092
:10C3D000C9EB041460444FEA172CA4B207F101170B
:10C3E0002D0A01F47F410CF0FF1C1FFA8EFE594309
:10C3F000121B059BBC4405F0FF1592B205FB0EF520
:10C400004FEA1C2C03FB02550CF0FF1C069B01F5A8
:10C410008077360A000A0CFB095500F0FF1007EB85
:10C42000112106F47F4600FB04550EFB06F603F4CB
:10C430007F40090A079B02FB006001F47F4109FB72
:10C44000010003F47F430EFB0BFE04FB030002FB21
:10C450000AE2009B04FB082409FB03496FEA29292F
:10C46000029B049A5FFA89F903FB09F1039B2D0AE9
:10C47000000A03FB09F300F47F4005F0FF150543B4
:10C4800002FB09F9581C4A1C00EB132002EB112196
:10C490002B0A2A0C03EB102302EB1122DB00120201
:10C4A00002F4784203F4FC63134309F1010202EB46
:10C4B000192905EB1925C5F3C4051D43019B1D80F2
:10C4C00009B0BDE8F08F002001E7002630460BE7F9
:10C4D000002609E72E4607E700271AE700210F4646
:10C4E00023E72146274620E700211EE729461CE7CF
:10C4F0002DE9F04F9BB01892299A16910793DDE928
:10C500002A13199050681268269D00FB031302EB52
:10C5100043030A932C9B1B680F932C9B5E68043685
:10C52000169B002B03DC189B002B40F373832C9B82
:10C53000B3F90810B3F90C20481E571E079B002BB7
:10C5400040F39081259C5FEA244C4FEA254306D4B2
:10C55000844504DA002B02DBBB42C0F284811CF16B
:10C56000010C00F172816145C0F26F81013300F16D
:10C570006C819A42C0F26981079B0A9F1793179BAF
:10C58000002B40F38E81259BC3F303322C9BD3E910
:10C59000021E259B1B144FEA254CC5F3033000F106
:10C5A000D18101F1FF38434580F2CC81BCF1000F0D
:10C5B000C0F2C8810EF1FF38C44580F2C38109B2D0
:10C5C0000CFB01330F9C04EB0308E35C56F82330AB
:10C5D0004FEA136E002A00F0AA8198F801C056F8BD
:10C5E0002C400B94240E129478B108EB010C18F82F
:10C5F000011056F821100891090E10919CF80110B5
:10C6000056F821100C91090E139192B280B202FBE0
:10C6100000F9C9EB00101201A2EB090880B2C2F5C3
:10C6200080721299109C1FFA88F8121A92B208FBB5
:10C6300001F102FB0E1100FB0411139C09FB041114
:10C64000C1F30721002900F0F580BEF1FF0F1BD0D8
:10C6500003F0FF1A0EFB0AFA03F47F430EFB03FEFE
:10C660004FEA1A2303F0FF130AF1011A0EF5807C3A
:10C6700053440CEB1E2C1B0A4FEA1C2C03F0FF1337
:10C680000CF47F4C43EA0C03129CFF2C21D00B9C32
:10C6900004F0FF1B129C04FB0BFB0B9C04F47F4A71
:10C6A000129C4FEA1B2E04FB0AFA0EF0FF1E0BF140
:10C6B000011B0AF5807CDE440CEB1A2A4FEA1E2E81
:10C6C0004FEA1A2A0EF0FF1E0AF47F4A4EEA0A04C5
:10C6D0000B94109CFF2C21D0089C04F0FF1B109C95
:10C6E00004FB0BFB089C04F47F4A109C4FEA1B2EB2
:10C6F00004FB0AFA0EF0FF1E0BF1011B0AF5807C09
:10C70000DE440CEB1A2A4FEA1E2E4FEA1A2A0EF0CC
:10C71000FF1E0AF47F4A4EEA0A040894139CFF2C79
:10C7200021D00C9C04F0FF1B139C04FB0BFB0C9C06
:10C7300004F47F4A139C4FEA1B2E04FB0AFA0EF006
:10C74000FF1E0BF1011B0AF5807CDE440CEB1A2A5C
:10C750004FEA1E2E4FEA1A2A0EF0FF1E0AF47F4AF5
:10C760004EEA0A040C940B9C04F0FF1C089C03F096
:10C77000FF1E08FB0CFC02FB0ECC04F0FF1E0C9C01
:10C7800000FB0ECC04F0FF1E0B9C09FB0ECC04F446
:10C790007F4E08FB0EF803F47F4302FB0383089AE5
:10C7A000B7F8008002F47F4A0C9A00FB0A3302F4C7
:10C7B0007F4009FB0039C9434FEA28225FFA81FE16
:10C7C0004FEA1C2C4FEA192902F0F80202FB0EF284
:10C7D0000CF0FF1C09F47F494CEA090C531C03EBD5
:10C7E00012224FEAE8004FEA1C4303EB122300F049
:10C7F000FC00634A00FB0EF0DBB202EA0322431C9A
:10C8000003EB10204FEA1C234FEAC80103EB10236F
:10C81000C9B2DB0001FB0EF103F4FC6313434A1CB5
:10C8200002EB11210CEB112CCCF3C40C4CEA030CE1
:10C83000A7F800C0279B259A1A44289B25921D44DF
:10C84000179B013B0237179399E6279B259C1C44B5
:10C85000289B25941D44079B013B07930A9B0233A9
:10C860000A936BE624D0079B2798259C013B00FB8D
:10C87000034000143FF580AE01398842BFF67CAE1C
:10C88000289901FB03531B143FF576AE013A9342FE
:10C89000BFF672AEDDF81CB0DDF82890BBF1000FDA
:10C8A00070DC079B23EAE3740A9B03EB44030A93BF
:10C8B000169B002B40F3AE8130EE040AB7EE007AEF
:10C8C000C7EE007A249B70EEA40A31EE051A20EE22
:10C8D000A77AF0EE626A61EE277AFEEEC86A77EE1A
:10C8E000622ACDED256AFEEEC82AF0EE436A37EEE5
:10C8F000C33A12EE902ABEEEC83A92FBF3F313EE5F
:10C90000102A2793249B92FBF3F32893169B189AE3
:10C91000013BFEEEC86A1693249B08BF134616EE31
:10C92000905A0793B0EE673AF0EE472AF8E50028F0
:10C930003FF46BAE18F8011056F821100891090E5B
:10C94000109162E613F101083FF574AF4145FFF61F
:10C9500071AF1CF101083FF56DAFC645FFF66AAF38
:10C96000CDE9023C09B20FFA8EF3CDE90420019320
:10C97000009133460F9A19983946FFF77AFC59E728
:10C9800000F8FFFF259B259CC3F303322C9BB3F9D2
:10C99000081027142B1401FB03730F9CE718E35CAA
:10C9A00056F82330C5F303304FEA136C002A00F029
:10C9B000278197F801E056F82E400D94240E149428
:10C9C00070B107EB010E795C56F821100991090E40
:10C9D00011919EF8011056F821100E91090E159133
:10C9E00092B280B202FB00F8C8EB00101201A2EB79
:10C9F000080E80B2C2F58071149A119C1FFA8EFE47
:10CA0000091A89B20EFB02F201FB0C2200FB042280
:10CA1000159C08FB0422C2F30722002A00F0E580DF
:10CA2000BCF1FF0F19D003F0FF1A0CFB0AFA03F454
:10CA30007F430CFB03FC4FEA1A2303F0FF130AF1B8
:10CA4000011A0CF58077534407EB1C271B0A3F0A99
:10CA500003F0FF1307F47F473B43149CFF2C20D0C7
:10CA60000D9C04F0FF17149C67430D9C04F47F4A4F
:10CA7000149C4FEA172C04FB0AFA07F101170CF07B
:10CA8000FF1CBC440AF5807707EB1A2A4FEA1C2CDE
:10CA90004FEA1A2A0CF0FF1C0AF47F4A4CEA0A04F7
:10CAA0000D94119CFF2C20D0099C04F0FF17119CC1
:10CAB0006743099C04F47F4A119C4FEA172C04FB3E
:10CAC0000AFA07F101170CF0FF1CBC440AF5807745
:10CAD00007EB1A2A4FEA1C2C4FEA1A2A0CF0FF1C0B
:10CAE0000AF47F4A4CEA0A040994159CFF2C20D0D2
:10CAF0000E9C04F0FF17159C67430E9C04F47F4ABC
:10CB0000159C4FEA172C04FB0AFA07F101170CF0E9
:10CB1000FF1CBC440AF5807707EB1A2A4FEA1C2C4D
:10CB20004FEA1A2A0CF0FF1C0AF47F4A4CEA0A0466
:10CB30000E940D9C04F0FF17099C03F0FF1C0EFBE4
:10CB400007F701FB0C7704F0FF1C0E9C00FB0C7731
:10CB500004F0FF1C0D9C08FB0C7704F47F4C0EFBCB
:10CB60000CFE03F47F4301FB03E3099901F47F4AC0
:10CB70000E9900FB0A3301F47F4C08FB0C3CB9F81A
:10CB80000030D2431812D2B2D9103F0A4FEA1C2CFF
:10CB900000F0F800DB00504307F0FF170CF47F4C67
:10CBA00001F0FC01DBB247EA0C0751435343421C3E
:10CBB00002EB10203A0C02EB1020184AC0B202EA35
:10CBC00000204A1C02EB11213A0A02EB1121C90094
:10CBD00001F4FC610143581C00EB132007EB102704
:10CBE000C7F3C4000843A9F80000279B259A1A44FC
:10CBF000289B259209F102091D440BF1FF3B4DE6EC
:10CC000000283FF4EDAE795C56F821100991090E29
:10CC10001191E5E61BB0BDE8F08F00BF00F8FFFF03
:10CC20002DE9F04F85B0DDE91070BDF93860039152
:10CC300000FB067402EB44050028BDF93CB09DF8EA
:10CC400048109DF84CE0019503EB0409C0F25081B7
:10CC5000834540F34D81002FC0F24681BE4240F330
:10CC6000438113F804C032F814304FEAEC0223F485
:10CC7000FC65554303F4FC634FF61F040CFB03F201
:10CC800004EA551305F601051D4402F1200303EBE8
:10CC900012231B0A04EA551403F4FC631C437B1C97
:10CCA00000F12B819E4240F32881002900F0288169
:10CCB000019A99F8013055884FEAE30825F4FC629F
:10CCC00008FB02F805F4FC654FF61F0202EA581A49
:10CCD0005D4308F60108D04405F1200A0AEB15254A
:10CCE0002D0A02EA581205F4FC652A43013000F1CE
:10CCF0000D81834540F30A81BEF1000F00F00B81E6
:10CD0000002FC0F20081BE4240F3FD80019819F867
:10CD1000065030F816804FEAE50A28F4FC600AFB5A
:10CD200000FA4FF61F0B08F4FC680BEA5A1005FBDB
:10CD300008F80AF6010A824408F1200000EB1820E6
:10CD4000000A0BEA5A1B00F4FC604BEA000B0137A7
:10CD500000F1E680BE4240F3E380002900F0E3806A
:10CD60000136019819F8067030F816004FEAE70905
:10CD700020F4FC6600F4FC6009FB06F907FB00F8F0
:10CD80004FF61F0000EA591A09F60109D14400EADA
:10CD9000591608F1200000EB1820000A00F4FC608E
:10CDA00030438EB21FFA8EF906FB09F84FEA044AA7
:10CDB000C8EB091936010AF0FC6A24F4FC640196F8
:10CDC0004AEA04041FFA89F64FEA024A11FB0EF9F7
:10CDD000C9F3C70902960AF0FC6A264622F4FC62EF
:10CDE000CEF11004641A4AEA0202C9EB41014FEA8B
:10CDF000004A4A4309EB44040AF0FC6A20F4FC6050
:10CE000004FB06244AEA000009FB00424FEA0B44F7
:10CE100004F0FC642BF4FC6B44EA0B0B019C029EB7
:10CE20000399C4F58074A41B019E08889DF85010D6
:10CE3000A6EB0806B6B2A4B273430CFB0433029C03
:10CE400004FB053508FB0757C9EB4E0E89B20EFBF4
:10CE50000B2EC7F307274F434FEA5E524FEA5E1E81
:10CE600002F4FC627B1C2EF4FC6E42EA0E0E03EB15
:10CE700017271FFA8EF203126FEA1727FFB2151257
:10CE800003F0F80313FB07F305F0F80505FB013584
:10CE9000C310D41003F0FC0313FB07F304F0FC04ED
:10CEA00004FB0134C300D200DBB213FB07F3D2B2A0
:10CEB00002FB0131ADB289B2A4B26B1C03EB1525A4
:10CEC000621C4B1C03EB112302EB142405F4784580
:10CED000C3F3C42364092B4304F4FC64039A23437F
:10CEE000138005B0BDE8F08F4FF0000C6446D6E625
:10CEF00000239C461A461C46F8E600231A46F5E62F
:10CF00000B460A46F2E60025AB4620E700273D46E1
:10CF10003846BB4645E7774675467046F34640E7D8
:10CF2000002738463DE70F4608463AE72DE9F04F1F
:10CF300097B014920893259A9DF8A43012931191FA
:10CF4000DDE9261315905068126800FB031302EB0D
:10CF500043030993289B1B680B93289B5B680C93E6
:10CF6000BDF848300A93119B002B03DC149B002B67
:10CF700040F3CB83289BB3F90810B3F90C20481E6B
:10CF8000551E089B002B40F3A381219E229B361443
:10CF90004FEA234306D4864204DA002B02DBAB427D
:10CFA000C0F29781013600F18481B142C0F28181E3
:10CFB000013300F17E819A42C0F27B81089B099F78
:10CFC00013934FF61F06139B002B40F3A481229B63
:10CFD000219D1814219BC3F30331229BC3F3033C0F
:10CFE000289B2D14D3E9022300F1F88102F1FF3EC2
:10CFF000754580F2F3810028C0F2F08103F1FF3E15
:10D00000704580F2EB810C9B12B200FB02501FFABC
:10D0100081FE03EB000A4FEA0E1513F800909AF810
:10D020000180C5F580739BB2BCF1000F00F0B9819F
:10D030001AF802400D940AEB020B1FFA8CFA0AFB55
:10D040000EFECEEB0A1A1FFA8AFAA5EB0E059BF824
:10D0500001400E94A3EB0A03ADB20D9C9BB208FBFA
:10D0600005F509FB03530AFB04330E9C0EFB043346
:10D07000C3F30723002B00F00F810B9CB9F1FF0FC6
:10D0800004EB400534F8100000F0908120F4FC6EB1
:10D090004FEAE90A00F4FC6009FB00F00AFB0EFE0F
:10D0A00006EA5E1900F1200B0EF6010ECE440BEBE2
:10D0B00010294FEA192906EA5E1E09F4FC694EEAB6
:10D0C0000909B8F1FF0F688819D020F4FC6E4FEA07
:10D0D000E80A00F4FC6008FB00F80AFB0EFE06EA12
:10D0E0005E1008F1200B0EF6010E86440BEB1820A3
:10D0F000000A06EA5E1E00F4FC604EEA00004FEAF9
:10D10000094E4FEA004A0EF0FC6E29F4FC690AF061
:10D11000FC6A20F4FC604EEA09094AEA0000BCF10E
:10D12000000F00F0458102F10042013A52000D9CCF
:10D130000232FF2C05EB020EAA5A18D022F4FC652D
:10D1400002F4FC6204FB02FA4FEAE40808FB05F86B
:10D150000AF1200506EA581205EB1A2508F601081F
:10D1600042442D0A06EA521205F4FC652A430E9C3D
:10D17000BEF80250FF2C1AD025F4FC6E05F4FC65B5
:10D1800004FB05FA4FEAE40808FB0EF80AF1200E4A
:10D1900006EA58150EEB1A2E08F6010845444FEA28
:10D1A0001E2E06EA55150EF4FC6E45EA0E051CFB14
:10D1B00001FE4FEAEE0ECCF11008A8EB01084FEA91
:10D1C000024ACEEB41010EEB48084FEA054B4143C2
:10D1D0000AF0FC6A22F4FC624AEA0202CEEB4C0C32
:10D1E00009FB08110BF0FC6B25F4FC650CFB02112C
:10D1F0004BEA05050EFB051E4FEA5E524FEA5E1E26
:10D2000002F4FC622EF4FC6E42EA0E0E1FFA8EF25D
:10D21000FF2B03D11299FF2900F0DE800A9938888C
:10D220000A9C4B4303F1010C0CEB23236FEA2323ED
:10D230005FFA83FC0312151203F0F80313FB0CF3DF
:10D2400005F0F80505FB0135C310D11003F0FC0310
:10D2500013FB0CF301F0FC0101FB0431C300D2000D
:10D26000DBB2D2B213FB0CF3ADB202FB04339AB2C1
:10D270006B1C89B203EB1525531C03EB12234A1CCC
:10D2800002EB112105F47845C3F3C42349092B436C
:10D2900001F4FC610B433B80219B239A13442193AF
:10D2A000229A249B1A44139B2292013B0237139328
:10D2B00089E6219B239E229C33442193249B1C447A
:10D2C000089B2294013B0893099B0233099358E67B
:10D2D00028D0089B2398219D013B00FB035000149C
:10D2E0003FF56CAE01398842BFF668AE24992298AA
:10D2F00001FB03031B143FF561AE013A9342BFF6F5
:10D300005DAE089BDDF824E013934FF61F06139BD8
:10D31000002B00F38280089B23EAE374099B03EB54
:10D3200044030993119B002B40F3EF8130EE040A74
:10D33000B7EE007AC7EE007A209B70EEA40A31EEB9
:10D34000051A20EEA77AF0EE626A61EE277AFEEE09
:10D35000C86A77EE622ACDED216AFEEEC82AF0EEA9
:10D36000436A37EEC33A12EE902ABEEEC83A92FBF9
:10D37000F3F313EE102A2393209B92FBF3F32493F1
:10D38000119B149A013BFEEEC86A1193209BCDEDD0
:10D39000226A08BF13460893B0EE673AF0EE472AB8
:10D3A000E1E508FB05F509FB035361E6814688E6E4
:10D3B000C1F11002414309FB02194FEA49094FEA42
:10D3C00059524FEA591902F4FC6229F4FC6942EA05
:10D3D00009091FFA89F21BE73A805DE715F1010E92
:10D3E0003FF55AAF7245FFF657AF10F1010E3FF50A
:10D3F00053AF7345FFF650AF129C02951BB212B2A9
:10D40000CDE9030101930092CDE905C4DDE90B23C9
:10D4100039461598FFF704FC3EE7219BC3F303321E
:10D42000229BC3F30335289BB3F90810229B1F14DA
:10D43000219B1B1401FB07370C9B1FFA82FC03EB9B
:10D44000070A4FEA0C1013F807909AF80180C0F50C
:10D4500080739BB2002D00F03D811AF801400F94BB
:10D460000AEB010B1FFA85FA0AFB0CFCCCEB0A1A3B
:10D470001FFA8AFAA0EB0C00A3EB0A0380B208FBA8
:10D4800000F09BB209FB03030F989BF80140109436
:10D490000AFB00330CFB0433C3F30723002B00F01B
:10D4A0000B810B980B9CB9F1FF0F00EB470034F890
:10D4B000177000F0148127F4FC6C4FEAE90A07F4B6
:10D4C000FC6709FB07F70AFB0CFC06EA5C1907F18D
:10D4D000200B0CF6010CCC440BEB17294FEA192951
:10D4E00006EA5C1C09F4FC694CEA0909B8F1FF0F73
:10D4F000478819D027F4FC6C4FEAE80A07F4FC6768
:10D5000008FB07F80AFB0CFC06EA5C1708F1200B85
:10D510000CF6010CBC440BEB18273F0A06EA5C1C16
:10D5200007F4FC674CEA07074FEA094C4FEA074A41
:10D530000CF0FC6C29F4FC690AF0FC6A27F4FC6727
:10D540004CEA09094AEA0707002D00F0CA8001F1F8
:10D55000004101394900023100EB010C415A0F989A
:10D56000FF2819D00F9C21F4FC6001F4FC6104FB3E
:10D5700001FA4FEAE40808FB00F80AF1200006EA85
:10D58000581100EB1A2008F601084144000A06EA87
:10D59000511100F4FC600143109CBCF80200FF2C08
:10D5A0001AD020F4FC6C00F4FC6004FB00FA4FEA93
:10D5B000E40808FB0CF80AF1200C06EA58100CEB02
:10D5C0001A2C08F6010840444FEA1C2C06EA5010B9
:10D5D0000CF4FC6C40EA0C0015FB02FC4FEAEC0C6E
:10D5E000C5F11008A8EB02084FEA014ACCEB420251
:10D5F0007A434FEA004B0CEB48080AF0FC6A21F42E
:10D60000FC6109FB08224AEA0101CCEB45050BF05D
:10D61000FC6B20F4FC6005FB01224BEA00000CFBD4
:10D620000022570D520907F4FC6722F4FC623A43CA
:10D63000FF2B92B202D11299FF2963D00A98BEF84B
:10D6400000100A9C4343581C00EB23236FEA23235A
:10D650000812DBB2151200F0F80010FB03F0CF1037
:10D6600005F0F805C90005FB0405C9B2D010D200C9
:10D6700011FB03F1D2B207F0FC0702FB041217FB07
:10D6800003F7ADB292B200F0FC0000FB04706B1C1B
:10D69000571C03EB152507EB122780B2C7F3C427ED
:10D6A00005F478453D43471C07EB10277F0907F435
:10D6B000FC673D43AEF80050219B239A134421930D
:10D6C000229A249B1A44139B2292013B0EF1020ED4
:10D6D00013931CE608FB00F009FB0303DCE6B946E4
:10D6E00004E7C2F110017A4309FB01294FEA490915
:10D6F0004FEA59504FEA591200F4FC6022F4FC62E0
:10D70000024395E7AEF80020D6E717B0BDE8F08FEA
:10D710002DE9F04F85B0DDE91070BDF93860039157
:10D7200000FB067403EB44050028BDF93CB09DF8EE
:10D7300048109DF84CE0019502EB0409C0F24181CC
:10D74000834540F33E81002FC0F23781BE4240F353
:10D75000348112F804C033F814304FEAEC0223F499
:10D76000FC65554303F4FC634FF61F040CFB03F206
:10D7700004EA551305F601051D4402F1200303EBED
:10D7800012231B0A04EA551403F4FC631C437B1C9C
:10D7900000F11C819E4240F31981002900F019819B
:10D7A000019A99F8013055884FEAE30825F4FC62A4
:10D7B00008FB02F805F4FC654FF61F0202EA581A4E
:10D7C0005D4308F60108D04405F1200A0AEB15254F
:10D7D0002D0A02EA581205F4FC652A43013000F1D3
:10D7E000FE80834540F3FB80BEF1000F00F0FC801B
:10D7F000002FC0F2F180BE4240F3EE80019819F88C
:10D80000065030F816804FEAE50A28F4FC600AFB5F
:10D8100000FA4FF61F0B08F4FC680BEA5A1005FBE0
:10D8200008F80AF6010A824408F1200000EB1820EB
:10D83000000A0BEA5A1B00F4FC604BEA000B0137AC
:10D8400000F1D780BE4240F3D480002900F0D4809C
:10D850000136019819F8067030F816004FEAE7090A
:10D8600020F4FC6600F4FC6009FB06F907FB00F8F5
:10D870004FF61F0000EA591A09F60109D14400EADF
:10D88000591608F1200000EB1820000A00F4FC6093
:10D8900030438EB21FFA8EF906FB09F84FEA044AAC
:10D8A000C8EB091936010AF0FC6A24F4FC640196FD
:10D8B0004AEA04041FFA89F64FEA024A11FB0EF9FC
:10D8C000C9F3C70902960AF0FC6A264622F4FC62F4
:10D8D000CEF11004641A4AEA0202C9EB41014FEA90
:10D8E000004A4A4309EB44040AF0FC6A20F4FC6055
:10D8F00004FB06244AEA000009FB00424FEA0B44FD
:10D9000004F0FC64019803992BF4FC6B44EA0B0BC4
:10D91000029C0988C0F58070001B019CA4EB0806DE
:10D92000B6B280B273430CFB00330298C9EB4E0EC3
:10D9300000FB05350EFB0B2E08FB07574FEA5E5226
:10D940000B124FEA5E1E6FEA2727FFB202F4FC6259
:10D95000C8102EF4FC6E03F0F803C9007B4342EAC2
:10D960000E0EC9B200F0FC001FFA8EF278434F434E
:10D97000591C01EB1321131223F0070303EB1123AE
:10D98000411C01EB1020D11021F0030101EB10210B
:10D990001B02C90001F4FC6103F478430B43791CBA
:10D9A00001EB1727D20002EB1722C2F3C4021A437D
:10D9B000039B1A8005B0BDE8F08F4FF0000C644661
:10D9C000E5E600239C461A461C4607E700231A4654
:10D9D00004E70B460A4601E70025AB462FE7002780
:10D9E0003D463846BB4654E7774675467046F34693
:10D9F0004FE7002738464CE70F46084649E7000046
:10DA00002DE9F04F93B01092219A0E910693DDE923
:10DA1000221311905068126800FB031302EB4303BA
:10DA20000793249B1B680893249B5B6809930E9BB8
:10DA3000002B03DC109B002B40F3B483249BB3F931
:10DA40000810B3F90C20481E551E069B002B40F30E
:10DA500063811D9E1E9B36144FEA234306D48642E3
:10DA600004DA002B02DBAB42C0F25781013600F131
:10DA70004481B142C0F24181013300F13E819A42BA
:10DA8000C0F23B81069B079F0F934FF61F060F9B2B
:10DA9000002B40F364811E9B1D9D18141D9BC3F336
:10DAA00003311E9BC3F3033C249B2D14D3E90223B3
:10DAB00000F1EE8102F1FF3E754580F2E981002818
:10DAC000C0F2E68103F1FF3E704580F2E181099BDF
:10DAD00012B200FB02501FFA81FE03EB000A4FEA6C
:10DAE0000E1513F800909AF80180C5F580739BB26B
:10DAF000BCF1000F00F079811AF802400A940AEB99
:10DB0000020B1FFA8CFA0AFB0EFECEEB0A1A1FFA62
:10DB10008AFAA5EB0E059BF801400B94A3EB0A03D0
:10DB2000ADB20A9C9BB208FB05F509FB03530AFB47
:10DB300004330B9C0EFB0433C3F30723002B00F0CC
:10DB4000CF80089CB9F1FF0F04EB400534F81000BA
:10DB500000F0508120F4FC6E4FEAE90A00F4FC600A
:10DB600009FB00F00AFB0EFE06EA5E1900F1200B2D
:10DB70000EF6010ECE440BEB10294FEA192906EAE6
:10DB80005E1E09F4FC694EEA0909B8F1FF0F6888C6
:10DB900019D020F4FC6E4FEAE80A00F4FC6008FBA0
:10DBA00000F80AFB0EFE06EA5E1008F1200B0EF6E6
:10DBB000010E86440BEB1820000A06EA5E1E00F4F4
:10DBC000FC604EEA00004FEA094E4FEA004A0EF0B0
:10DBD000FC6E29F4FC690AF0FC6A20F4FC604EEA51
:10DBE00009094AEA0000BCF1000F00F0058102F1CA
:10DBF0000042013A52000A9C0232FF2C05EB020E51
:10DC0000AA5A18D022F4FC6502F4FC6204FB02FA62
:10DC10004FEAE40808FB05F80AF1200506EA581265
:10DC200005EB1A2508F6010842442D0A06EA5212AD
:10DC300005F4FC652A430B9CBEF80250FF2C1AD059
:10DC400025F4FC6E05F4FC6504FB05FA4FEAE408D4
:10DC500008FB0EF80AF1200E06EA58150EEB1A2EF4
:10DC600008F6010845444FEA1E2E06EA55150EF443
:10DC7000FC6E45EA0E051CFB01FE4FEAEE0ECCF1F0
:10DC80001008A8EB01084FEA024ACEEB41010EEB67
:10DC900048084FEA054B41430AF0FC6A22F4FC6253
:10DCA0004AEA0202CEEB4C0C09FB08110BF0FC6BAC
:10DCB00025F4FC650CFB02114BEA05050EFB051E65
:10DCC0004FEA5E524FEA5E1E02F4FC622EF4FC6ED6
:10DCD00042EA0E0E1FFA8EF2FF2B40F0A1803A802E
:10DCE0001D9B1F9A13441D931E9A209B1A440F9B41
:10DCF0001E92013B02370F93C9E61D9B1F9E1E9C7F
:10DD000033441D93209B1C44069B1E94013B0693A9
:10DD1000079B0233079398E628D0069B1F981D9D0A
:10DD2000013B00FB035000143FF5ACAE01398842C3
:10DD3000BFF6A8AE20991E9801FB03031B143FF504
:10DD4000A1AE013A9342BFF69DAE069BDDF81CE002
:10DD50000F934FF61F060F9B002B00F3B680069B18
:10DD600023EAE374079B03EB440307930E9B002B0A
:10DD700040F3188230EE040AB7EE007AC7EE007A5C
:10DD80001C9B70EEA40A31EE051A20EEA77AF0EE85
:10DD9000626A61EE277AFEEEC86A77EE622ACDEDFE
:10DDA0001D6AFEEEC82AF0EE436A37EEC33A12EE61
:10DDB000902ABEEEC83A92FBF3F313EE102A1F939B
:10DDC0001C9B92FBF3F320930E9B109A013BFEEEFB
:10DDD000C86A0E931C9BCDED1E6A08BF13460693BE
:10DDE000B0EE673AF0EE472A21E608FB05F509FB9D
:10DDF0000353A1E68146C8E6C1F11002414309FB85
:10DE000002194FEA49094FEA59524FEA591902F4E7
:10DE1000FC6229F4FC6942EA09091FFA89F25BE70E
:10DE2000B7F800C0DB434FEA2C205FFA83FE00F016
:10DE3000F80000FB0EF0411C01EB102011124FEA1C
:10DE4000EC0521F0070101EB102105F0FC05D74896
:10DE500005FB0EF5C9B200EA0120691C01EB15258E
:10DE6000D11021F003014FEACC0301EB1521DBB205
:10DE7000C90003FB0EF301F4FC610143581C00EBE5
:10DE80001323D20002EB1322C2F3C4020A4326E793
:10DE900015F1010E3FF524AF7245FFF621AF10F1E9
:10DEA000010E3FF51DAF7345FFF61AAF1BB212B25C
:10DEB000CDE9041CCDE90250019300923946DDE919
:10DEC00008321198FFF724FC0AE71D9BC3F30332C5
:10DED0001E9BC3F30335249BB3F908101E9B1F142C
:10DEE0001D9B1B1401FB0737099B1FFA82FC03EBE8
:10DEF000070A4FEA0C1013F807909AF80180C0F552
:10DF000080739BB2002D00F0FE801AF801400C9443
:10DF10000AEB010B1FFA85FA0AFB0CFCCCEB0A1A80
:10DF20001FFA8AFAA0EB0C00A3EB0A0380B208FBED
:10DF300000F09BB209FB03030C989BF801400D9481
:10DF40000AFB00330CFB0433C3F30723002B00F060
:10DF5000CC800898089CB9F1FF0F00EB470034F81B
:10DF6000177000F0D58027F4FC6C4FEAE90A07F43B
:10DF7000FC6709FB07F70AFB0CFC06EA5C1907F1D2
:10DF8000200B0CF6010CCC440BEB17294FEA192996
:10DF900006EA5C1C09F4FC694CEA0909B8F1FF0FB8
:10DFA000478819D027F4FC6C4FEAE80A07F4FC67AD
:10DFB00008FB07F80AFB0CFC06EA5C1708F1200BCB
:10DFC0000CF6010CBC440BEB18273F0A06EA5C1C5C
:10DFD00007F4FC674CEA07074FEA094C4FEA074A87
:10DFE0000CF0FC6C29F4FC690AF0FC6A27F4FC676D
:10DFF0004CEA09094AEA0707002D00F08B8001F17D
:10E00000004101394900023100EB010C415A0C98E2
:10E01000FF2819D00C9C21F4FC6001F4FC6104FB86
:10E0200001FA4FEAE40808FB00F80AF1200006EACA
:10E03000581100EB1A2008F601084144000A06EACC
:10E04000511100F4FC6001430D9CBCF80200FF2C50
:10E050001AD020F4FC6C00F4FC6004FB00FA4FEAD8
:10E06000E40808FB0CF80AF1200C06EA58100CEB47
:10E070001A2C08F6010840444FEA1C2C06EA5010FE
:10E080000CF4FC6C40EA0C0015FB02FC4FEAEC0CB3
:10E09000C5F11008A8EB02084FEA014ACCEB420296
:10E0A0007A434FEA004B0CEB48080AF0FC6A21F473
:10E0B000FC6109FB08224AEA0101CCEB45050BF0A3
:10E0C000FC6B20F4FC6005FB01224BEA00000CFB1A
:10E0D0000022570D520907F4FC6722F4FC623A4310
:10E0E000FF2B92B227D1AEF800201D9B1F9A13443C
:10E0F0001D931E9A209B1A440F9B1E92013B0EF10A
:10E10000020E0F9327E608FB00F009FB03031BE751
:10E11000B94643E7C2F110017A4309FB01294FEAEE
:10E1200049094FEA59504FEA591200F4FC6022F4B1
:10E13000FC620243D4E7BEF800701C4CDB4338128B
:10E140005FFA83FC00F0F800FD1000FB0CF005F016
:10E15000FC0505FB0CF1451C05EB1020151225F004
:10E16000070505EB10204D1C05EB1125D11021F002
:10E170000301FB0001EB1521DBB2C0B2C90003FBB8
:10E180000CF301F4FC6104EA00200843591C01EB84
:10E190001323D20002EB1323C3F3C4031843AEF8D6
:10E1A0000000A2E713B0BDE8F08F00BF00F8FFFF4A
:10E1B0002DE9F047DDE9094505FB034C002DBDF9CC
:10E1C00020A09DF82C909DF830709DF83460088850
:10E1D00002EB4C0EC0F2A780AA4540F3A480002CAD
:10E1E000C0F29F80A34240F39C8032F81C80621CE6
:10E1F00000F19C80934240F39980B9F1000F00F048
:10E200009580BEF802C0013500F19480AA4540F324
:10E210009180002F00F08E80002CC0F28980A342F4
:10E2200040F386803EF81350013400F18680A3420B
:10E2300040F38380B9F1000F7FD001333EF81330F3
:10E240004FEA084404F0FC6428F4FC6819FB07FE5C
:10E2500044EA08084FEA0C44CEF3C70EC7F1100297
:10E2600004F0FC642CF4FC6C44EA0C0CA2EB0902F4
:10E27000CEEB49040EEB420204FB0CF402FB08480F
:10E280001A0402F0FC6223F4FC6313432A0402F034
:10E29000FC6225F4FC650EFB03832A43CEEB4707A3
:10E2A00007FB0232530D520903F4FC6322F4FC62B3
:10E2B0001A4393B2B4B20212F643F6B21D1202F040
:10E2C000F80212FB06F2C71005F0F805C00005FBC6
:10E2D0000425C0B2DA10DB00DBB207F0FC0710FB4C
:10E2E00006F0ADB203FB040002F0FC0217FB06F7D8
:10E2F00080B26B1C02FB047292B203EB1525431C27
:10E3000003EB1023501C00EB122205F47845C3F3F5
:10E31000C42352092B4302F4FC6213430B80BDE873
:10E32000F087804663E7844680466CE784466AE768
:10E33000054679E70346054682E7034680E72DE96F
:10E34000F04F93B01D461092219B9DF894200B92A4
:10E35000DDE922270A9159681B68119001FB072704
:10E3600003EB47030793249B1B6809930B9BDDE991
:10E370001D46DB43DBB208930A9B002B03DC109B9A
:10E38000002B40F30382249BB3F90810B3F90C204F
:10E39000481E02F1FF3C002D40F3DA805FEA244E74
:10E3A0004FEA264306D4864504DA002B02DB634598
:10E3B000C0F2CF801EF1010E00F1C1807145C0F2A4
:10E3C000BE80013300F1BB809A42C0F2B880DDF814
:10E3D0001C80A946B9F1000F40F3D880249B21147A
:10E3E0004FEA2640C4F30332C6F3033CD3E902E309
:10E3F00000F111810EF1FF3A514580F20C810028A5
:10E40000C0F2098103F1FF3A504580F204810FFA0E
:10E410008EF300FB0311099800EB410A30F811E07C
:10E42000BAF80210BCF1000F07D05B000AEB030042
:10E430003AF803300C9343880D934FEA0E4012FBD9
:10E440000CF32EF4FC6E4FEA014A00F0FC60DB1086
:10E4500040EA0E000AF0FC6ACCF1100E21F4FC61D7
:10E46000AEEB020E4AEA0101C3EB420251430D9AA0
:10E47000089F03EB4E0E0EFB001E100400F0FC6024
:10E4800022F4FC6210430C9A0C99120403FB00E086
:10E4900002F0FC6221F4FC6E42EA0E02C3EB4C0374
:10E4A00003FB02035A0D5B09B8F8000002F4FC629A
:10E4B00023F4FC6313439BB20112BDF82C204FEAF6
:10E4C000232C01F0F80111FB07F14FEAE00E0CF0EC
:10E4D000F80CC0000CFB021CC0B2D910DB000EF01F
:10E4E000FC0EDBB210FB07F01FFA8CFC03FB0203EF
:10E4F00001F0FC011EFB07FE01FB02E19AB20CF1E8
:10E50000010389B203EB1C2C531C03EB12234A1C9E
:10E5100002EB11210CF4784CC3F3C423490943EAFC
:10E520000C0301F4FC610B43A8F800301F9B1C4452
:10E53000209B08F102081E4409F1FF394AE71F9B9E
:10E540001C44209B1E44079B0233013D079322E796
:10E5500022D01F986B1E00FB034000143FF537AF1D
:10E5600001398842BFF633AF209901FB03631B14C6
:10E570003FF52DAF013A9342BFF629AFDDF81C906D
:10E58000BDF82CA0A846B8F1000F5EDC079B25EA79
:10E59000E57503EB450307930A9B002B40F3F680D8
:10E5A00030EE040AB7EE007AC7EE007A1C9B70EEDC
:10E5B000A40A31EE051A20EEA77AF0EE626A61EE47
:10E5C000277AFEEEC86A77EE622A16EE904AFEEED1
:10E5D000C82AF0EE436A37EEC33A12EE902ABEEE36
:10E5E000C83A92FBF3F313EE102A1F931C9B92FB85
:10E5F000F3F320930A9B109A013BFEEEC86A0A933C
:10E600001C9B16EE906A14BF1D461546B0EE673A85
:10E61000F0EE472AB0E611F1010A87D4D64585DB32
:10E6200010F1010A82D4534580DB0B9F01911BB28C
:10E63000CDE902020093CDE904C70FFA8EF3099ADF
:10E6400011984146FFF7B4FD70E7249B099FB3F989
:10E6500008103014231401FB0030099B37F810C058
:10E6600003EB4003C6F3033EC4F303325888BEF104
:10E67000000F0BD001F1004101394900023103EBD9
:10E68000010B5B5A0E93BBF802300F934FEA0C411B
:10E6900012FB0EF32CF4FC6C4FEA004B01F0FC6112
:10E6A000DB1041EA0C010BF0FC6BCEF1100C20F4F6
:10E6B000FC60ACEB020C4BEA0000C3EB420250439F
:10E6C0000F9A089F03EB4C0C0CFB010C4FEA024B1A
:10E6D00022F4FC610E9A0E980BF0FC6B12044BEACC
:10E6E000010120F4FC6002F0FC6203FB01C1024363
:10E6F000C3EB4E0303FB02124FEA525B520922F4B2
:10E70000FC630BF4FC6BB9F800204BEA03039BB2EB
:10E710001112181201F0F80111FB07F14FEAE20C97
:10E7200000F0F800D20000FB0A100CF0FC0CD9102D
:10E73000D2B2DB001CFB07FC12FB07F201F0FC016C
:10E74000DBB280B201FB0AC103FB0A239BB289B290
:10E75000421C02EB102001F1010C5A1C02EB1322A7
:10E760000CEB112C1F9B00F47840C2F3C4224FEA3B
:10E770005C1C10430CF4FC6C1C44209B40EA0C0015
:10E7800029F8020B1E4408F1FF38FCE613B0BDE87F
:10E79000F08F2DE9F043DDE9084E0EFB0347BEF193
:10E7A000000FBDF91C909DF828509DF82C6008883A
:10E7B00002EB470860DBF1455EDD002C5ADBA3422B
:10E7C00058DD32F817C0621C59D4934257DD002D32
:10E7D00055D0B8F802701EF1010E54D4F14552DD47
:10E7E000002E50D0002C4CDBA3424ADD38F8132019
:10E7F000013405D4A34203DD15B1013338F8130009
:10E800004FEA0C4315FB06F403F0FC634FEA074E96
:10E810002CF4FC6CC4F3C70443EA0C0C0EF0FC6E41
:10E82000C6F1100327F4FC675B1B4EEA0707C4EB35
:10E83000450504EB43037D4303FB0C5C030403F039
:10E84000FC6320F4FC601843130403F0FC6322F41F
:10E85000FC62134304FB00C0C4EB460606FB030046
:10E86000430D400903F4FC6320F4FC601843088066
:10E87000BDE8F0838446A6E707468446ABE7074633
:10E88000A9E70246B4E70246BAE72DE9F04F8FB098
:10E890001D461D9B0C92DDE91E27079159681B68D8
:10E8A0000D9001FB072703EB4707209BDDE9194685
:10E8B000D3F80080079B002B03DC0C9B002B40F35C
:10E8C0008181209BB3F90810B3F90C20481E02F196
:10E8D000FF3C002D40F39B805FEA244E4FEA264325
:10E8E00006D4864504DA002B02DB6345C0F2908033
:10E8F0001EF1010E00F184807145C0F28180013368
:10E900007ED49A427CDBAA46B946BAF1000F40F3A6
:10E910009980209B21144FEA2640C4F30332C6F3AA
:10E92000033CD3E902E300F1D0800EF1FF3B5945EF
:10E9300080F2CB800028C0F2C88003F1FF3B58452D
:10E9400080F2C3800FFA8EFE00FB0E1108EB41002F
:10E9500038F811B04188BCF1000F0BD00EF1004324
:10E96000013B5B00023300EB030EC35A0893BEF871
:10E97000023009934FEA0B4000F0FC602BF4FC6B73
:10E9800040EA0B0012FB0CF34FEA014BDB10CCF119
:10E99000100E0BF0FC6B21F4FC61AEEB020E4BEAA7
:10E9A0000101C3EB42025143099A03EB4E0E0EFBE9
:10E9B000001E100400F0FC6022F4FC621043089A70
:10E9C0000899120403FB00E002F0FC6221F4FC6EE3
:10E9D00042EA0E02C3EB4C0303FB02035A0D5B0930
:10E9E00002F4FC6223F4FC631343A9F800301B9B80
:10E9F0001C441C9B09F102091E440AF1FF3A84E7FA
:10EA00001B9B1C441C9B013D1E44023761E71DD02B
:10EA10001B986B1E00FB034000143FF574AF0139D7
:10EA20008842BFF670AF1C9901FB03631B143FF5CE
:10EA30006AAF013A9342BFF666AFA946BA46B9F14A
:10EA4000000F5ADC25EAE57507EB4507079B002B0D
:10EA500040F3B88030EE040AB7EE007AC7EE007AD1
:10EA6000189B70EEA40A31EE051A20EEA77AF0EE9C
:10EA7000626A61EE277AFEEEC86A77EE622A16EEC7
:10EA8000904AFEEEC82AF0EE436A37EEC33A12EE21
:10EA9000902ABEEEC83A92FBF3F313EE102A1B93B2
:10EAA000189B92FBF3F31C93079B0C9A013BFEEE21
:10EAB000C86A0793189B16EE906A14BF1D46154648
:10EAC000B0EE673AF0EE472AF4E611F1010B8ED46E
:10EAD000DE458CDB10F1010B89D45B4587DB1BB273
:10EAE000CDE90110CDE9032C009342460FFA8EF3D5
:10EAF00049460D98FFF74DFE79E7209BB3F90830A2
:10EB00002014311403FB010108EB4100C6F3033E5E
:10EB100038F811C04188C4F30332BEF1000F0BD0A6
:10EB200003F10043013B5B00023300EB030BC35ACC
:10EB30000A93BBF802300B934FEA0C4012FB0EF322
:10EB40002CF4FC6C4FEA014B00F0FC60DB1040EA57
:10EB50000C000BF0FC6BCEF1100C21F4FC61ACEB63
:10EB6000020C4BEA0101C3EB420251430B9A03EB47
:10EB70004C0C0CFB001C4FEA024B22F4FC600A9A7E
:10EB80000A990BF0FC6B12044BEA000002F0FC62E5
:10EB900021F4FC6B03FB00C042EA0B0BC3EB4E03FA
:10EBA00003FB0B00430D400903F4FC6320F4FC60FD
:10EBB00018431B9B2AF8020B1C441C9B09F1FF39CC
:10EBC0001E443CE70FB0BDE8F08F2DE9F04F85B053
:10EBD000DDE90F740291002C04FB0371BDF938E0EC
:10EBE0009DF844609DF8480002EB810CC0F21B8147
:10EBF000A64540F31881002FC0F21381BB4240F3B9
:10EC0000108152F821507A1C00F11081934240F398
:10EC10000D81002E00F00C81DCF80410013400F1AD
:10EC20000B81A64540F30881002800F00881002FE1
:10EC3000C0F20081BB4240F3FD805CF82340013705
:10EC400000F10081BB4240F3FD80002E00F0FC800B
:10EC500001335CF82320B6B280B200FB06FECEEB97
:10EC600000103601A6EB0E0780B2C6F580734FEA9E
:10EC7000116ABFB21B1A4FEA156B9BB20AFB07F66B
:10EC80004FEA14690BFB03664FEA126800FB096642
:10EC90000EFB0866C6F307260096002E00F0BE8025
:10ECA00005F0FF1C0BFB0CFC05F47F450BFB05F589
:10ECB0004FEA1C2B0BF0FF1B0CF1011CDC444FEA4C
:10ECC0001C2C01950CF0FF150395019D029E05F586
:10ECD000807C0CEB152501F0FF1C0AFB0CFC4FEAB5
:10ECE000152B4FEA1C2505F0FF150CF1011C65449E
:10ECF00004F0FF1C04F47F4409FB0CFC09FB04F93D
:10ED000009F5807404EB192902F0FF1408FB04F4E0
:10ED100001F47F4102F47F4208FB02F80AFB01FA8A
:10ED2000220A0AF5807102F0FF1204F1011401EBCE
:10ED30001A2A14444FEA1C2108F580722D0A02EBAE
:10ED4000182805F0FF15039A368801F0FF110CF121
:10ED5000011C7D436144240A02FB0355090A04F0A7
:10ED6000FF1404FB0E5401F0FF1101FB00414FEAB8
:10ED70001A2A090A0AF47F4A01F0FF1407FB0AF76E
:10ED80004FEA18280BF47F4103FB01714FEA192960
:10ED900008F47F480EFB081E09F47F4100FB01E1E7
:10EDA0009DF84C00009A87B27A43090A531C01F47B
:10EDB0007F41214303EB122335120A0C6FEA132320
:10EDC000DBB212FB07F205F0F80505FB0325C1F3E2
:10EDD0000724F210C8B2F60014FB07F402F0FC029C
:10EDE000F6B210FB07F002FB0342ADB206FB0303D1
:10EDF00099B294B26B1C03EB1525621C4B1C03EB00
:10EE0000112302EB142205F47845C3F3C4235209FD
:10EE100002F4FC622B431343029A138005B0BDE851
:10EE2000F08F0025EFE600210D46F7E60021F5E61C
:10EE30003146F3E6002402E7002214460BE70246BF
:10EE4000044608E7002206E7324604E72DE9F04FC2
:10EE50009DB0DDE92746199207932B9A9DF8BC30A7
:10EE60001A931791DDE92C131B905068126800FB70
:10EE7000031302EB43030A932E9B1B681093BDF808
:10EE800068300B93179B002B03DC199B002B40F37E
:10EE900075832E9BB3F90810B3F90C20481E571E3A
:10EEA000079B002B40F38E815FEA244C4FEA2643F8
:10EEB00006D4844504DA002B02DBBB42C0F2838116
:10EEC0001CF1010C00F173816145C0F270810133C6
:10EED00000F16D819A42C0F26A81079B0A9F1893E4
:10EEE000189B002B40F38C812E9A2E9BD2F80CE0BD
:10EEF0009B6822144FEA264CC4F30330C6F3033157
:10EF000000F1CD8103F1FF38424580F2C881BCF1A8
:10EF1000000FC0F2C4810EF1FF38C44580F2BF81FA
:10EF20001BB20CFB0322109D05EB820855F8222032
:10EF30004FEA126E002800F0A981D8F804500C9511
:10EF40002D0E139581B103F18043013B9B000433E7
:10EF500008EB030C58F8033008931B0E1193DCF8F0
:10EF600004300D931B0E149380B289B200FB01F99B
:10EF7000C9EB01110001A0EB090889B2C0F580734B
:10EF80001398119D1FFA88F85B1A9BB208FB00F0DA
:10EF900003FB0E0001FB0500149D09FB0500C0F3F7
:10EFA0000720002800F0FA80BEF1FF0F1BD002F00E
:10EFB000FF1A0EFB0AFA02F47F420EFB02FE4FEA32
:10EFC0001A2202F0FF120AF1011A0EF5807C524457
:10EFD0000CEB1E2C120A4FEA1C2C02F0FF120CF450
:10EFE0007F4C42EA0C02139DFF2D21D00C9D05F0B1
:10EFF000FF1B139D05FB0BFB0C9D05F47F4A139D26
:10F000004FEA1B2E05FB0AFA0EF0FF1E0BF1011B47
:10F010000AF5807CDE440CEB1A2A4FEA1E2E4FEADA
:10F020001A2A0EF0FF1E0AF47F4A4EEA0A050C95D2
:10F03000119DFF2D21D0089D05F0FF1B119D05FBA3
:10F040000BFB089D05F47F4A119D4FEA1B2E05FB23
:10F050000AFA0EF0FF1E0BF1011B0AF5807CDE445C
:10F060000CEB1A2A4FEA1E2E4FEA1A2A0EF0FF1E48
:10F070000AF47F4A4EEA0A050895149DFF2D21D017
:10F080000D9D05F0FF1B149D05FB0BFB0D9D05F46D
:10F090007F4A149D4FEA1B2E05FB0AFA0EF0FF1E55
:10F0A0000BF1011B0AF5807CDE440CEB1A2A4FEAB7
:10F0B0001E2E4FEA1A2A0EF0FF1E0AF47F4A4EEA6D
:10F0C0000A050D950C9D05F0FF1C089D02F0FF1E22
:10F0D00008FB0CFC03FB0ECC05F0FF1E0D9D01FB95
:10F0E0000ECC05F0FF1E0C9D09FB0ECC05F47F4EE7
:10F0F00008FB0EF802F47F4203FB0282089B0B9D83
:10F1000003F47F4A0D9B01FB0A2203F47F4109FBB4
:10F1100001290B9A3B8842434FEA1C2C4FEA1929DC
:10F12000501C0CF0FF1C09F47F494CEA090C00EB61
:10F13000122019124FEA1C426FEA1020C0B212FBD3
:10F1400005F201F0F80101FB0021CCF3072EDA10E3
:10F150005FFA8CFCDB001CFB05FCDBB289B203FB15
:10F1600000C31FFA83FC4B1C03EB112102F0FC02CD
:10F170001EFB05FE0CF1010302FB00E203EB1C2366
:10F1800092B201F47841C3F3C4230B43511C01EB49
:10F190001222520902F4FC6213433B80299B1C4457
:10F1A0002A9B1E44189B013B0237189398E6299B23
:10F1B0001C442A9B1E44079B013B07930A9B023376
:10F1C0000A936DE623D0079B2998013B00FB03407F
:10F1D00000143FF582AE01398842BFF67EAE2A990F
:10F1E00001FB03631B143FF578AE013A9342BFF66F
:10F1F00074AEDDF81CB0DDF82890BBF1000F6CDCBC
:10F20000079B23EAE3750A9B03EB45030A93179BCD
:10F21000002B40F3B38130EE040AB7EE007AC7EE5C
:10F22000007A269B70EEA40A31EE051A20EEA77A2A
:10F23000F0EE626A61EE277AFEEEC86A77EE622A25
:10F2400016EE904AFEEEC82AF0EE436A37EEC33A55
:10F2500012EE902ABEEEC83A92FBF3F313EE102A98
:10F260002993269B92FBF3F32A93179B199A013B50
:10F27000FEEEC86A1793269B08BF134616EE906AE7
:10F280000793B0EE673AF0EE472AFBE500293FF41A
:10F290006BAE58F8233008931B0E119364E612F1FD
:10F2A00001083FF57BAF4345FFF678AF1CF101083D
:10F2B0003FF574AFC645FFF671AF1A9D01920FFA84
:10F2C0008EF2CDE90415CDE902C000921BB2109A6E
:10F2D0001B983946FFF779FC60E72E9B109DB3F928
:10F2E00008102714331401FB037305EB830755F84B
:10F2F0002330C4F30332C6F303304FEA136C002A01
:10F3000000F033817D680E952D0E159578B101F1D1
:10F31000804101398900043107EB010E79580991C8
:10F32000090E1291DEF804100F91090E169192B297
:10F3300080B202FB00F8C8EB00101201A2EB080E2D
:10F3400080B2C2F580721599129D1FFA8EFE121AB4
:10F3500092B20EFB01F102FB0C1100FB0511169D90
:10F3600008FB0511C1F30721002900F0F580BCF16D
:10F37000FF0F19D003F0FF1A0CFB0AFA03F47F43C6
:10F380000CFB03FC4FEA1A2303F0FF130AF1011AE6
:10F390000CF58077534407EB1C271B0A3F0A03F048
:10F3A000FF1307F47F473B43159DFF2D20D00E9D93
:10F3B00005F0FF17159D6F430E9D05F47F4A159DBF
:10F3C0004FEA172C05FB0AFA07F101170CF0FF1C96
:10F3D000BC440AF5807707EB1A2A4FEA1C2C4FEA47
:10F3E0001A2A0CF0FF1C0AF47F4A4CEA0A050E9513
:10F3F000129DFF2D20D0099D05F0FF17129D6F4330
:10F40000099D05F47F4A129D4FEA172C05FB0AFA65
:10F4100007F101170CF0FF1CBC440AF5807707EBDD
:10F420001A2A4FEA1C2C4FEA1A2A0CF0FF1C0AF485
:10F430007F4A4CEA0A050995169DFF2D20D00F9DA5
:10F4400005F0FF17169D6F430F9D05F47F4A169D2B
:10F450004FEA172C05FB0AFA07F101170CF0FF1C05
:10F46000BC440AF5807707EB1A2A4FEA1C2C4FEAB6
:10F470001A2A0CF0FF1C0AF47F4A4CEA0A050F9581
:10F480000E9D05F0FF17099D03F0FF1C0EFB07F70B
:10F4900002FB0C7705F0FF1C0F9D00FB0C7705F0BD
:10F4A000FF1C0E9D08FB0C7705F47F4C0EFB0CFE39
:10F4B00003F47F4302FB03E3099A0B9D02F47F4AA6
:10F4C0000F9A00FB0A3302F47F4C08FB0C3C0B9BA9
:10F4D000B9F8000059433F0A4FEA1C2C0CF47F4C4A
:10F4E0004B1C07F0FF1747EA0C0703EB1121021230
:10F4F0003B0C6FEA1121C9B213FB05F302F0F802CD
:10F5000002FB0132C7F3072CC310FFB2C000C0B228
:10F5100017FB05F700FB017092B21CFB05FC80B2E3
:10F5200003F0FC0303FB01C3511C00F1010C01EBD0
:10F5300012220CEB102C9BB2CCF3C42C02F47842B8
:10F540004CEA020203F1010C0CEB13235B0903F4F8
:10F55000FC631A43A9F80020299B1C442A9B09F14B
:10F5600002091E440BF1FF3B47E600283FF4DFAEE3
:10F5700057F821100991090E1291D8E61DB0BDE887
:10F58000F08F2DE9F04F85B0DDE90F740291002C6A
:10F5900004FB0371BDF938E09DF844609DF8480014
:10F5A00002EB810CC0F20C81A64540F30981002FCB
:10F5B000C0F20481BB4240F3018152F821507A1C11
:10F5C00000F10181934240F3FE80002E00F0FD80A7
:10F5D000DCF80410013400F1FC80A64540F3F9800A
:10F5E000002800F0F980002F0CEB8302C0F2EF80BE
:10F5F000BB4240F3EC805CF82340013700F1EF8020
:10F60000BB4240F3EC80002E00F0EB805268B6B2B3
:10F6100080B200FB06FECEEB00103601A6EB0E0713
:10F6200080B2C6F580734FEA116ABFB21B1A4FEA67
:10F63000156B9BB207FB0AF64FEA14690BFB0366D6
:10F640004FEA126800FB09660EFB0866C6F3072640
:10F650000096002E00F0AF8005F0FF1C0BFB0CFCA9
:10F6600005F47F450BFB05F54FEA1C2B0BF0FF1B48
:10F670000CF1011CDC444FEA1C2C01950CF0FF1529
:10F680000395019D029E05F5807C0CEB152501F08C
:10F69000FF1C0AFB0CFC4FEA152B4FEA1C2505F05A
:10F6A000FF150CF1011C654404F0FF1C04F47F44B9
:10F6B00009FB0CFC09FB04F909F5807404EB19291A
:10F6C00002F0FF1408FB04F401F47F4102F47F42CE
:10F6D00008FB02F80AFB01FA220A0AF5807102F01F
:10F6E000FF1204F1011401EB1A2A14444FEA1C2101
:10F6F00008F580722D0A02EB182805F0FF15039A11
:10F70000368801F0FF110CF1011C7D436144240A8D
:10F7100002FB0355090A04F0FF1404FB0E5401F028
:10F72000FF1101FB00414FEA1A2A090A0AF47F4A35
:10F7300001F0FF144FEA18280BF47F4107FB0AF78A
:10F7400003FB01714FEA1929009B08F47F480EFB67
:10F75000081E09F47F4100FB01E1DA433312D2B203
:10F76000F010090A03F0F803F600534301F47F4157
:10F7700000F0FC00F6B22143504356435A1C02EB02
:10F7800013220B0C03EB1223421C02EB10200A0A7B
:10F7900002EB10221B02D20002F4FC6203F4784355
:10F7A0001343721C02EB162601EB1621C1F3C401B0
:10F7B0001943029B198005B0BDE8F08F0025FEE6D5
:10F7C00000210D4606E7002104E7314602E7002448
:10F7D00013E7002214461AE70246044617E7002200
:10F7E00015E7324613E700002DE9F04F9BB0DDE945
:10F7F00025461892299A16910793DDE92A13199044
:10F800005068126800FB031302EB43030A932C9B1E
:10F810001B680F93169B002B03DC189B002B40F3F7
:10F8200086832C9BB3F90810B3F90C20481E571E91
:10F83000079B002B40F366815FEA244C4FEA264386
:10F8400006D4844504DA002B02DBBB42C0F25B81A4
:10F850001CF1010C00F14B816145C0F2488101337C
:10F8600000F145819A42C0F24281079B0A9F17939B
:10F87000179B002B40F365812C9A2C9BD2F80CE04F
:10F880009B6822144FEA264CC4F30331C6F30330BD
:10F8900000F1D58103F1FF38424580F2D081BCF1FF
:10F8A000000FC0F2CC810EF1FF38C44580F2C78151
:10F8B0001BB20CFB03220F9D05EB820855F822209A
:10F8C0004FEA126E002900F08281D8F804500B959F
:10F8D0002D0E129580B103F18043013B9B00043350
:10F8E00008EB030C58F8033008931B0E1093DCF858
:10F8F00004300C931B0E139389B280B201FB00F904
:10F90000C9EB00100901A1EB090880B2C1F58071B3
:10F91000129B109D1FFA88F8091A89B208FB03F39D
:10F9200001FB0E3300FB0533139D09FB0533C3F3C5
:10F930000723002B00F0D280BEF1FF0F1BD002F096
:10F94000FF1A0EFB0AFA02F47F420EFB02FE4FEA98
:10F950001A2202F0FF120AF1011A0EF5807C5244BD
:10F960000CEB1E2C120A4FEA1C2C02F0FF120CF4B6
:10F970007F4C42EA0C02129DFF2D21D00B9D05F019
:10F98000FF1B129D05FB0BFB0B9D05F47F4A129D8F
:10F990004FEA1B2E05FB0AFA0EF0FF1E0BF1011BAE
:10F9A0000AF5807CDE440CEB1A2A4FEA1E2E4FEA41
:10F9B0001A2A0EF0FF1E0AF47F4A4EEA0A050B953A
:10F9C000109DFF2D21D0089D05F0FF1B109D05FB0C
:10F9D0000BFB089D05F47F4E109D05FB0EFA4FEAC8
:10F9E0001B2E0EF0FF1E0BF1011B0AF5807CDE447E
:10F9F0000CEB1A2A4FEA1E2E4FEA1A2A0EF0FF1EAF
:10FA00000AF47F4A4EEA0A050895139DFF2D21D07E
:10FA10000C9D05F0FF1B139D05FB0BFB0C9D05F4D6
:10FA20007F4A139D4FEA1B2E05FB0AFA0EF0FF1EBC
:10FA30000BF1011B0AF5807CDE440CEB1A2A4FEA1D
:10FA40001E2E4FEA1A2A0EF0FF1E0AF47F4A4EEAD3
:10FA50000A050C950B9D05F0FF1C089D02F0FF1E8A
:10FA600008FB0CFC01FB0ECC05F0FF1E0C9D00FBFF
:10FA70000ECC05F0FF1E0B9D09FB0ECC05F47F4E4E
:10FA800002F47F4208FB0EF801FB0282089901F4A0
:10FA90007F4A0C9900FB0A2201F47F4009FB0029F0
:10FAA0004FEA1C2C4FEA19290CF0FF1C09F47F497E
:10FAB0004CEA090CFF2B4FEA1C2240F091804FEAE0
:10FAC0005C1322F4FF6203F4FC6322F007021A4382
:10FAD000CCF3C40C4CEA020CA7F800C0279B1C44D2
:10FAE000289B1E44179B013B02371793C0E6279BB8
:10FAF0001C44289B1E44079B013B07930A9B02332F
:10FB00000A9395E624D0079B2798013B00FB03400E
:10FB100000143FF5AAAE01398842BFF6A6AE289977
:10FB200001FB03631B143FF5A0AE013A9342BFF6FD
:10FB30009CAEDDF81CB0DDF82880BBF1000F00F3AF
:10FB40009A80079B23EAE3750A9B03EB45030A931C
:10FB5000169B002B40F3EB8130EE040AB7EE007ADF
:10FB6000C7EE007A249B70EEA40A31EE051A20EE4F
:10FB7000A77AF0EE626A61EE277AFEEEC86A77EE47
:10FB8000622A16EE904AFEEEC82AF0EE436A37EE7D
:10FB9000C33A12EE902ABEEEC83A92FBF3F313EE8C
:10FBA000102A2793249B92FBF3F32893169B189A11
:10FBB000013BFEEEC86A1693249B08BF134616EE5F
:10FBC000906A0793B0EE673AF0EE472A22E60028E3
:10FBD0003FF492AE58F8233008931B0E10938BE637
:10FBE0003988D44DDB434FEA212E5FFA83F80EF0BB
:10FBF000F80E0EFB08FEC810CB0000F0FC000EF162
:10FC0000010101EB1E2E00FB08F04FEA1C4101EB45
:10FC10001E2100F1010E0EEB102002EB1022DBB2D0
:10FC2000C9B2D20003FB08F305EA012102F4FC6229
:10FC30000A43591C01EB13230CEB132C48E712F178
:10FC400001083FF54BAF4345FFF648AF1CF10108F3
:10FC50003FF544AFC645FFF641AFCDE9012C0FFAA1
:10FC60008EF2CDE9031000921BB20F9A1998394613
:10FC7000FFF787FC32E72C9B0F9DB3F90870211426
:10FC8000331407FB03130F9901EB830155F823305D
:10FC9000C4F30332C6F303304FEA136C002A00F0BA
:10FCA00007814D680D952D0E149578B107F18047A9
:10FCB000013FBF00043701EB070EC9590991090E36
:10FCC0001191DEF804100E91090E159192B280B2D6
:10FCD00002FB00F9C9EB00101201A2EB090E80B281
:10FCE000C2F58071149A119D1FFA8EFE091A89B20D
:10FCF0000EFB02F201FB0C2200FB0522159D09FB05
:10FD00000522C2F30722002A00F0C980BCF1FF0FD0
:10FD100019D003F0FF1A0CFB0AFA03F47F430CFB23
:10FD200003FC4FEA1A2303F0FF130AF1011A0CF542
:10FD30008077534407EB1C271B0A3F0A03F0FF138D
:10FD400007F47F473B43149DFF2D20D00D9D05F008
:10FD5000FF17149D6F430D9D05F47F4A149D4FEAD4
:10FD6000172C05FB0AFA07F101170CF0FF1CBC4425
:10FD70000AF5807707EB1A2A4FEA1C2C4FEA1A2A59
:10FD80000CF0FF1C0AF47F4A4CEA0A050D95119D00
:10FD9000FF2D20D0099D05F0FF17119D6F43099D90
:10FDA00005F47F4C119D05FB0CFA4FEA172C0CF063
:10FDB000FF1C07F10117BC440AF5807707EB1A2AEC
:10FDC0004FEA1C2C4FEA1A2A0CF0FF1C0AF47F4A57
:10FDD0004CEA0A050995159DFF2D20D00E9D05F0D2
:10FDE000FF17159D6F430E9D05F47F4A159D4FEA41
:10FDF000172C05FB0AFA07F101170CF0FF1CBC4495
:10FE00000AF5807707EB1A2A4FEA1C2C4FEA1A2AC8
:10FE10000CF0FF1C0AF47F4A4CEA0A050E950D9D72
:10FE200005F0FF17099D03F0FF1C0EFB07F701FB10
:10FE30000C7705F0FF1C0E9D00FB0C7705F0FF1CF6
:10FE40000D9D09FB0C7705F47F4C0EFB0CFE03F4B3
:10FE50007F4301FB03E3099901F47F4A0E9900FBFC
:10FE60000A3301F47F4C09FB0C3C3F0A4FEA1C2C7F
:10FE700007F0FF170CF47F4C47EA0C07FF2A4FEA04
:10FE800017231ED17A0923F4FF6302F4FC6223F0E6
:10FE900007031343C7F3C4071F43A8F80070279B49
:10FEA0001C44289B08F102081E440BF1FF3B44E66A
:10FEB00000283FF40BAF51F827100991090E11915A
:10FEC00004E7B8F80010D2434FEA212C5FFA82FE13
:10FED0000CF0F80C0CFB0EFCC810CA000CF1010170
:10FEE00001EB1C2C390C01EB1C2C00F0FC0011491F
:10FEF00000FB0EF05FFA8CFC01EA0C2CD2B2411C24
:10FF000002FB0EF201EB102003EB1020511CC0008D
:10FF100001EB122200F4FC6007EB12274CEA000C04
:10FF2000C7F3C40747EA0C0CA8F800C0B7E71BB03A
:10FF3000BDE8F08F00F8FFFF2DE9F047DDE90A0585
:10FF4000002DBDF92080BDF924909DF830709DF8FA
:10FF500034C005FB030EC0F28C80A94540F38980B4
:10FF60000028C0F28480804540F381804FEA5E041F
:10FF70001EF0010F165D0CBF06F00F06361106EBE2
:10FF80000616F6B2441C77D4A04575DD002F75D057
:10FF90000EF1010A4FEA5A041AF0010F145D0CBF6A
:10FFA00004F00F04241104EB0414E4B2013569D405
:10FFB000A94567DDBCF1000F67D0002860DB8045F4
:10FFC0005EDD03EB0E094FEA590519F0010F555D8F
:10FFD0000CBF05F00F052D1105EB0515EDB2013035
:10FFE00056D4804554DD002F54D001339E444FEA4F
:10FFF0005E031EF0010FD05C0CBF00F00F0000117B
:020000040802F0
:1000000000EB0010C3B2BAB21FFA8CFC02FB0CF07A
:10001000C0EB0C1C12011FFA8CFCC2F58077121A7F
:10002000A7EB0C0792B2BFB2624306FB07220CFBA0
:10003000052500FB0353C3F30723B3B19DF8382014
:100040005A43531C03EB12232D4A1B121268FF2B39
:100050004FEA122620D12B4B500900F4FC603340AC
:100060001843C2F3C40202430A80BDE8F0870026A9
:1000700088E70024264699E7002497E73C4695E761
:100080000025ACE700231D46BDE763466546BAE799
:100090000023B8E73B46B6E70D889FB22C12C2F3A7
:1000A0000740DB43DBB210FB07F004F0F80404FB6D
:1000B0000304F6B2E810D2B2ED0000F0FC0012FB2F
:1000C00007F216FB07F6EDB2A4B200FB036605FBD0
:1000D00003239AB2631CB0B203EB1424531C03EB4A
:1000E0001223421C02EB102004F47844C3F3C4230F
:1000F0004009234300F4FC6003430B80B5E700BFD5
:10010000A439012000F8FF002DE9F04F97B0DDE998
:10011000214614920993259A9DF8A4300D910F93CE
:10012000DDE9261315905068126800FB031302EBFB
:100130004309289B9B68013323F001030A93289B02
:100140001F680D9B002B03DC149B002B40F3878260
:10015000289BB3F90810B3F90C20481E02F1FF3CAC
:10016000099B002B40F3C4805FEA244E4FEA2643EC
:1001700006D4864504DA002B02DB6345C0F2B98061
:100180001EF1010E00F1AA807145C0F2A780013373
:1001900000F1A4809A42C0F2A180099BBDF928A079
:1001A0000E93C8460E9B002B40F3C380289BD3E9D7
:1001B00002CE23144FEA2640C4F30332C6F30331C0
:1001C00000F14D810CF1FF3B5B4580F24881002836
:1001D000C0F245810EF1FF3B584580F240810A9DF7
:1001E00000FB05335808DD0717F800C054BF0CF0BA
:1001F0000F0C4FEA2C1C0CEB0C1C5FFA8CFC002A39
:1002000000F0DB80581C4FEA500EC00717F80EE0D4
:1002100054BF0EF00F0E4FEA2E1E0EEB0E1E5FFAAD
:100220008EF01090C9B153445808DD07385C54BFB4
:1002300000F00F00001100EB00100133C0B20B9072
:100240005808DD0717F800E054BF0EF00F034FEA1F
:100250002E1303EB0313DBB2119392B289B202FBAC
:1002600001F3C3EB0111120189B2C2F58070109D38
:10027000D21A401A92B26A4380B20CFB002C0B9A3D
:1002800001FB02C1119A03FB0213C3F30723DBB185
:100290000F9A53435A1C02EB1323C64A1B121268CF
:1002A000FF2B4FEA122C40F0998053092CF4FF6C7D
:1002B00003F4FC632CF0070C43EA0C0CC2F3C402F9
:1002C0004CEA0202A8F80020239B1C44249B1E44F5
:1002D0000E9B013B08F102080E9363E7239B1C442D
:1002E000249B1E44099B013B099309F1020937E74E
:1002F00024D0099B2398013B00FB034000143FF5E9
:100300004CAF01398842BFF648AF249901FB036323
:100310001B143FF542AF013A9342BFF63EAFBDF921
:100320002830DDF824B00E93C846BBF1000F00F36F
:10033000B780099B23EAE37509EB45090D9B002B68
:1003400040F38D8130EE040AB7EE007AC7EE007AF2
:10035000209B70EEA40A31EE051A20EEA77AF0EE8B
:10036000626A61EE277AFEEEC86A77EE622A16EEBE
:10037000904AFEEEC82AF0EE436A37EEC33A12EE18
:10038000902ABEEEC83A92FBF3F313EE102A2393A1
:10039000209B92FBF3F324930D9B149A013BFEEEFA
:1003A000C86A0D93209B08BF134616EE906A099306
:1003B000B0EE673AF0EE472AC3E600293FF44DAFAE
:1003C0000AEB03004308C007FB5C54BF03F00F03B4
:1003D0001B1103EB0313DBB20B933EE7B8F800E00D
:1003E0001FFA83FB4FEA2E20C2F30741DB43DBB247
:1003F00011FB0BF100F0F80000FB03105FFA8CFC1E
:100400004FEAEE01D2B24FEACE0E80B201F0FC010B
:100410001CFB0BFC5FFA8EFE12FB0BFB01FB03CCFB
:100420000EFB03BB431C1FFA8CFC1FFA8BFB03EB78
:10043000102000F478430CF101010BF1010000EBF6
:100440001B2001EB1C2CC0F3C4204FEA5C1C18439A
:100450000CF4FC6C40EA0C00A8F8000034E713F13F
:10046000010B3FF531AFDC45FFF62EAF10F1010B6C
:100470003FF52AAFDE45FFF627AF0F9D02930FFA37
:100480008EF301930FFA8CF3CDE90302CDE9051544
:1004900000933A46534641461598FFF74DFD13E742
:1004A0000A9D2214331405FB03235A08DD07BA5CA6
:1004B00054BF02F00F02121102EB0212C4F3033117
:1004C000C6F30330D2B2002976D003F1010E4FEA11
:1004D0005E0C1EF0010F17F80CC00CBF0CF00F0CD7
:1004E0004FEA2C1C0CEB0C1C5FFA8CF5129500B338
:1004F0000E9D2B444FEA530CDD0717F80CC054BF78
:100500000CF00F0C4FEA2C1C01330CEB0C1C5FFAA7
:100510008CF54FEA530C0C9517F80CC0DD0754BF4F
:100520000CF00F0C4FEA2C1C0CEB0C1C5FFA8CF33C
:10053000139389B280B201FB00F3C3EB00100901F1
:1005400080B2C1F5807C129DC91AACEB000C89B257
:1005500069431FFA8CFC02FB0C120C9900FB012072
:10056000139A03FB0203C3F30723D3B10F9A534338
:100570005A1C02EB13230F4A1B121268FF2B4FEA7F
:10058000122C2DD153092CF4FF6C03F4FC632CF0D6
:10059000070C43EA0C0CC2F3C4024CEA0202A8F8AE
:1005A0000020239B1C44249B08F102081E440BF1ED
:1005B000FF3BBAE6A43901200028BAD00E9D2B4497
:1005C0004FEA530CDB0717F80CC054BF0CF00F0CAC
:1005D0004FEA2C1C0CEB0C1C5FFA8CF30C93A8E775
:1005E000B8F800E01FFA83FA4FEA2E20C2F3074161
:1005F000DB43DBB211FB0AF100F0F80000FB031053
:10060000D2B24FEAEE014FEACE0E5FFA8EFE12FB37
:100610000AF20EFB03225FFA8CFC80B201F0FC01AF
:1006200092B21CFB0AFC01FB03CC431C511C03EBE4
:10063000102001EB12211FFA8CFCC1F3C42100F43D
:10064000784008430CF1010101EB1C2C4FEA5C1CC3
:100650000CF4FC6C40EA0C00A8F80000A1E717B00D
:10066000BDE8F08F2DE9F047DDE90A05002DBDF961
:100670002080BDF924909DF830709DF834C005FBB2
:10068000030EC0F2B080A94540F3AD800028C0F24F
:10069000A880804540F3A5804FEA5E041EF0010F5C
:1006A000165D0CBF06F00F06361106EB0616F6B205
:1006B000441C00F19B80A04540F39880002F00F07F
:1006C00097800EF1010A4FEA5A041AF0010F145DE7
:1006D0000CBF04F00F04241104EB0414E4B2013540
:1006E00000F18A80A94540F38780BCF1000F00F03B
:1006F000868000287EDB80457CDD03EB0E094FEA17
:10070000590519F0010F555D0CBF05F00F052D11AE
:1007100005EB0515EDB2013074D4804572DD002F74
:1007200072D001339E444FEA5E031EF0010FD05C8D
:100730000CBF00F00F00001100EB0010C3B2BAB202
:100740001FFA8CFC02FB0CF0C0EB0C1C12011FFA10
:100750008CFCC2F58077121AA7EB0C0792B2BFB2DD
:10076000624306FB07220CFB052500FB0353C3F382
:100770000723A3B3254A0E88156834129AB2C5F32D
:100780000740DB43DBB210FB02F004F0F80404FB8B
:100790000304C5F30727F010EDB2F60017FB02F7CC
:1007A00000F0FC0015FB02F2F6B2A4B200FB0370ED
:1007B00006FB03239AB2631C80B203EB1424531C80
:1007C00003EB1223421C02EB102004F47844C3F321
:1007D000C4234009234300F4FC6003430B80BDE8BD
:1007E000F087002664E70024264678E7002476E7B1
:1007F0003C4674E700258EE700231D469FE76346CD
:1008000065469CE700239AE73B4698E7A439012018
:100810002DE9F04F93B01D460C92219A0791DDE926
:10082000221311905068126800FB031302EB430976
:10083000249B9B68013323F001030693249BDDE98D
:100840001D461F68079B002B03DC0C9B002B40F30D
:100850006782249BB3F90810B3F90C20481E02F1FB
:10086000FF3C002D40F3B8805FEA244E4FEA264358
:1008700006D4864504DA002B02DB6345C0F2AD8066
:100880001EF1010E00F1A0807145C0F29D80013380
:1008900000F19A809A42C0F29780BDF918A009959C
:1008A000C846099B002B40F3B680C4F3033308937A
:1008B000249BD3E902CE23144FEA2640C6F303312A
:1008C00000F13E810CF1FF3B5B4580F2398100284D
:1008D000C0F236810EF1FF3B584580F23181069A15
:1008E00000FB02335808DA0717F800C0089A54BF13
:1008F0000CF00F0C4FEA2C1C0CEB0C1C5FFA8CFC60
:10090000002A00F0CB80581C4FEA500EC00717F8A1
:100910000EE054BF0EF00F0E4FEA2E1E0EEB0E1E11
:100920005FFA8EFECDF834E0B9B153445808DA07C7
:10093000385C54BF00F00F00001100EB0010C0B293
:100940000A90581C4308C207FB5C54BF03F00F0316
:100950001B1103EB0313DBB20E93BDF8202089B209
:1009600002FB01F3C3EB0111120189B2C2F58070E1
:10097000401A1FFA80FED21A0D9892B242430CFB25
:100980000E2C0A9A01FB02C10E9A03FB0213C3F359
:100990000723FF2B40F09380BE4B1A68BE4B5109D2
:1009A00003EA122301F4FC610B43C2F3C4021343B4
:1009B000A8F800301F9B1C44209B1E44099B013B50
:1009C00008F1020809936CE71F9B1C44209B013D22
:1009D0001E4409F1020944E721D01F986B1E00FB59
:1009E000034000143FF559AF01398842BFF655AFB7
:1009F000209901FB03631B143FF54FAF013A93426B
:100A0000BFF64BAFBDF918300893A846CE46B8F1F3
:100A1000000F00F3B58025EAE57509EB4509079B52
:100A2000002B40F37D8130EE040AB7EE007AC7EE6A
:100A3000007A1C9B70EEA40A31EE051A20EEA77A0C
:100A4000F0EE626A61EE277AFEEEC86A77EE622AFD
:100A500016EE904AFEEEC82AF0EE436A37EEC33A2D
:100A600012EE902ABEEEC83A92FBF3F313EE102A70
:100A70001F931C9B92FBF3F32093079B0C9A013B63
:100A8000FEEEC86A07931C9B16EE906A14BF1D46C3
:100A90001546B0EE673AF0EE472AD3E600293FF458
:100AA0005CAF0AEB03004308C007FB5C54BF03F0D4
:100AB0000F031B1103EB0313DBB20A934DE7002B6B
:100AC0003FF478AF734AB8F800C010681FFA83FE8D
:100AD0004FEA2C21C0F30742DB43DBB212FB0EF2DC
:100AE00001F0F80101FB0321C0F3072B4FEAEC02F0
:100AF000C0B24FEACC0C1BFB0EFB89B210FB0EFE02
:100B000002F0FC025FFA8CFC02FB03B2481C0CFBF7
:100B100003E392B29BB200EB112101F4784002F1A1
:100B2000010B591C01EB13210BEB1222C1F3C42161
:100B30005209014302F4FC621143A8F8001039E79E
:100B400013F1010B3FF536AFDC45FFF633AF10F183
:100B5000010B3FF52FAFDE45FFF62CAF089A02934D
:100B60000FFA8EF301930FFA8CF3CDE9030205918E
:100B700000933A46534641461198FFF773FD19E733
:100B800006992214331401FB03235A08D907BA5CCF
:100B900054BF02F00F02121102EB0212C4F3033031
:100BA000C6F3033CD2B2002862D003F1010A4FEA37
:100BB0005A011AF0010F795C0CBF01F00F01091105
:100BC00001EB0111C9B20F91BCF1000F19D00899C6
:100BD0000B44590813F0010F795C0CBF01F00F01B1
:100BE000091101EB0111C9B201330B915908DB075F
:100BF000795C54BF01F00F01091101EB0111C9B279
:100C0000109180B21FFA8CFC00FB0CF3C3EB0C1CA0
:100C100000011FFA8CFCC0F58071A1EB0C011FFADA
:100C200081FAC01A0F9980B248430B9902FB0A025D
:100C30000CFB012C109A03FB02C3C3F30723FF2B09
:100C40002CD1144B1A68144B510903EA122301F4F6
:100C5000FC610B43C2F3C4021343AEF800301F9B88
:100C60001C44209B0EF1020E1E4408F1FF38CEE614
:100C7000BCF1000FC5D008990B445908DB07795C1B
:100C800054BF01F00F01091101EB0111C9B20B9121
:100C9000B7E700BFA439012000F8FFFF002BDED02A
:100CA000214ABEF800C010681FFA83FA4FEA2C21CF
:100CB000C0F30742DB43DBB212FB0AF201F0F8019A
:100CC00001FB0321C0F3072B4FEAEC02C0B24FEA4D
:100CD000CC0C5FFA8CFC10FB0AF00CFB030089B211
:100CE0001BFB0AFB80B202F0FC0202FB03B24B1CAE
:100CF00000F1010B03EB11210BEB102B92B2CBF3A4
:100D0000C42B01F478414BEA010102F1010B0BEB1A
:100D10001222520902F4FC621143AEF800109EE761
:100D200013B0BDE8F08F00BFA439012070B50812E0
:100D30009EB2BDF81050131200F0F80003F0F80353
:100D400013FB05F310FB06F01844CC10D31004F08D
:100D5000FC0403F0FC0313FB05F314FB06F4C900C9
:100D6000D2001C44D2B2CBB212FB05F280B213FB0C
:100D700006F31344421C9BB202EB102000F47842AD
:100D8000581C00EB1320A4B2C0F3C4201043621C13
:100D900002EB1424640904F4FC64204370BD0000D9
:100DA0002DE9F04F8FB01C469DF8647004900D46FD
:100DB0001646189B002F00F0F680206861680AAA8A
:100DC00003C2186859680CAA03C20AA8EEF72AFAE7
:100DD00021460CA8EEF74EFABDF93020BDF936B029
:100DE000BDF9349002F001030693BDF92C3003F0F5
:100DF000010105910598BDF93210034401FB03235D
:100E00004FF0020893FBF8F31D44BDF828301A4454
:100E1000BDF82A30ADF830201944644BADF83210DB
:100E200018680368DB6A9847614ABDF93240138845
:100E3000BDF930A0FF2F03FB04A400EB440406F12E
:100E40000406114603FB0BFB6BD0C7F1FF030393B2
:100E500004EB4B03CDE90732CDF82480079BA34276
:100E600040F29C80069B002B39D02B782288049876
:100E700003F00F0305F1010836F81310039B0093EC
:100E80003B46FFF753FF24F8020B09F1FF3BBBF190
:100E9000010FA24604F1040424DD98F8003034F870
:100EA000042C04981B09ABF1020B36F81310039BBA
:100EB00000933B46FFF73AFF24F8040C18F8013B77
:100EC00034F8022C049803F00F0336F81310039B38
:100ED00000933B46FFF72AFF24F8020CD7E7A84609
:100EE000CB46D4E70ED198F80030BAF80020049829
:100EF0001B0936F81310039B00933B46FFF716FFC0
:100F00002AF8020B089B059A1C88BDF92C30A4EB2B
:100F1000090413440AEB4404099A93FBF2F31D44B9
:100F20009CE704EB4B0BA34538D9069BF3B12B7818
:100F300003F00F036A1C36F81330238009F1FF30E9
:100F400002340128234604F1040412DD13781B093E
:100F5000023836F8133024F8043C12F8013B03F051
:100F60000F0336F8133024F8023CEAE72A464846D5
:100F7000E7E706D112781209023336F8122023F877
:100F8000022C0C88059AA4EB090403EB4404BDF978
:100F90002C30134493FBF8F31D44C4E7034B18684B
:100FA00003681B6B98470FB0BDE8F08F94390120A0
:100FB0008E390120F0B59DF81450FF2D4FEA11270E
:100FC0000CD1FF2B0AD1254B480900F4FC603B40B3
:100FD0001843C1F3C401084380B2F0BD15FB03F50B
:100FE000ABB25D1C05EB13251412C5F307251FFAE0
:100FF00085FCD610D000ED4304F0F804C1F307429D
:10100000EBB2C0B212FB0CF244EA541404FB03240A
:1010100040EA5012C8B206F0FC06FDB210FB0CF01C
:10102000A4B202FB030046EA961615FB0CF506FB7C
:10103000035583B2601CADB200EB1424581C00EBC6
:1010400013206B1C03EB152504F47844C0F3C42073
:101050006D09204305F4FC652843BEE700F8FF0056
:101060002DE9F04F1C468DB00D46169B61689DF82A
:101070005C9080462068164608AA03C21868596822
:101080000AAA03C208A8EEF7CDF821460AA8EEF78F
:10109000F1F8BDF92820BDF92E70BDF92CB002F091
:1010A00001030393BDF9243003F00101029102987A
:1010B000BDF92A10034401FB03234FF0020A93FBFE
:1010C000FAF31D44BDF820301A44ADF82820BDF8CD
:1010D00022303F4A059219441068ADF82A1003687F
:1010E000DB6A98473B4BBDF92A401988BDF928C0F7
:1010F00001FB04C400EB44044F43CDE9063A04EB82
:10110000470204360492049B9C4258D2039B002B56
:1011100034D02B7803F00F036F1C56F823100B0EFE
:1011200006D02288009340464B46FFF743FF2080BD
:1011300002340BF1FF3ABAF1010F22DD3B781B09B3
:1011400056F823100B0E06D02288009340464B46DB
:10115000FFF730FF208017F8013B03F00F0356F82C
:1011600023100B0E06D06288009340464B46FFF7D3
:1011700021FF60800434AAF1020ADCE72F46DA4638
:10118000D9E70DD13B781B0956F823100B0E06D07A
:101190002288009340464B46FFF70CFF2080023424
:1011A000069B029A1B88A3EB0B0304EB4304BDF9D7
:1011B00024301344079A93FBF2F31D44A3E7059BE5
:1011C000186803681B6B98470DB0BDE8F08F00BF2F
:1011D000943901208E39012070B514128D789DF854
:1011E000106004F0F80444EA541415FB03F504FB02
:1011F0000655D0104C780978D20000F0FC00D2B22D
:1012000040EA901014FB03F442EA521211FB03F37C
:1012100000FB064402FB0633ADB29BB2A4B2681CCD
:1012200000EB1525621C581C00EB132002EB142464
:1012300005F47845C0F3C4206409284304F4FC6431
:10124000204370BD2DE9F04F8FB01C469DF86470AF
:10125000189B82460E461546002F00F042812068FA
:1012600061680AAA03C2186859680CAA03C20AA8CE
:10127000EDF7D8FF21460CA8EDF7FCFFBDF93020B3
:10128000BDF936B002F001030693BDF92C3003F02E
:10129000010105910598BDF93210034401FB0323B8
:1012A0004FF0020893FBF8F31E44BDF828301A44AF
:1012B000BDF82A30ADF830201944BDF9343003931D
:1012C000894BADF8321018680368DB6A9847874A83
:1012D000BDF932401388BDF93090FF2F03FB049411
:1012E00000EB440405F10405944603FB0BF371D0B5
:1012F00004EB4303F943CDE90732C9B20491CDF8B9
:101300002480079BA34240F2E780069B002B3DD040
:101310003178049B2288009301F00F0101EB410119
:101320003B4629445046FFF757FF039B24F8020B26
:1013300006F1010803F1FF3BBBF1010FA14604F1E7
:10134000040427DD98F80010049B34F8042C009363
:10135000090901EB41013B4629445046FFF73CFF98
:1013600024F8040C18F8011B049B34F8022C009399
:1013700001F00F0101EB41013B4629445046FFF7C4
:101380002BFFABF1020B24F8020CD5E7B046DDF8D9
:101390000CB0D1E70FD198F80010049BB9F80020E9
:1013A0000093090901EB41013B4629445046FFF7F0
:1013B00013FF29F8020B089B059A1C88039BE41A6B
:1013C000BDF92C3009EB44041344099A93FBF2F362
:1013D0001E4496E7464F04EB4303A3427CD9069A8A
:1013E000002A54D0307800F00F0000EB400005EBED
:1013F000000E285C9EF802209EF801E04FEACE0E17
:101400000EF4FC6E07EA022242EA0E0242EAD00221
:1014100024F8022B039A711C02F1FF3EBEF1010F6A
:10142000204604F1040436DD0878000900EB400092
:1014300005EB000AAEF1020E9AF801209AF802902C
:10144000D20007EA092902F4FC6249EA020215F80F
:10145000009042EAD90224F8042C11F8010B00F0A4
:101460000F0000EB400005EB000A9AF801209AF803
:101470000290D20007EA092902F4FC6249EA02025A
:1014800015F8009042EAD90224F8022CC6E731464A
:10149000DDF80CE0C2E711D10978090901EB41013F
:1014A0006C18695CA2786478E40007EA022204F40C
:1014B000FC64224342EAD10220F8022B039ABCF8D2
:1014C00000400599A41ABDF92C2000EB44040A44FD
:1014D00092FBF8F2164480E7034B186803681B6B15
:1014E00098470FB0BDE8F08F943901208E39012064
:1014F00000F8FFFF30B52D4A136823F00103136095
:101500002B4B1C684FF6F07214404CF24025AC4255
:1015100005D01C684CF270251440AC4225D1254BF7
:101520001B68002B39D1244B1A68C2F30B02B2F5A9
:101530008A6F0DD01A6840F28344C2F30B02A242B4
:1015400006D01B6840F28542C3F30B03934224D1BB
:101550001A4B01221A601A68002AFCD1184B186035
:101560001868431A584258410EE01B6813404DF268
:101570002022934211D1134B1B6840F28642C3F3E1
:101580000B03934201D0002030BD0F4B01221A60A3
:101590001A68002AFCD10D4BE1E70D4B01221A60BD
:1015A0001A68002AFCD10B4BD9E700BF002000E0ED
:1015B00000ED00E0002004E00010005C084C025840
:1015C000004C0258F08F0046084C0246004C024680
:1015D000083002400030024001617047837B4BB10C
:1015E000038901339BB2072B038181BF0023438111
:1015F00083818373704700002DE9FF4198468388FB
:10160000ADF80630A8EB03031BB20446002B1746C7
:10161000184A0092B8BF5B42A28ABDF82850ADF8C4
:101620000A801BB20E469342C188ADF808104FF0F5
:1016300000008DF80400ADF80C5007DC691A09B2FF
:101640000029B8BF494209B28A4210DA206903680A
:1016500069465B689847A8EB06060023EF1B01204C
:1016600023816681A781A4F80480E580A07304B07B
:10167000BDE8F0818C5F0208F0B51E464B1E012BC1
:1016800085B004460D4617464BD8B0F90A20D31C46
:101690009BB2062B16D9DFF8A0C0CDF804C0B4F970
:1016A0000410B4F906300069ADF80C104FF0000CCE
:1016B0008DF808C0ADF80A20ADF80E30036801A916
:1016C0009B689847B4F90C20D31C9BB2062B16D903
:1016D000DFF864C0CDF804C0B4F90410B4F90630E2
:1016E0002069ADF80C104FF0010C8DF808C0ADF872
:1016F0000A20ADF80E30036801A99B6898470D4B8E
:10170000019320698DF808500023ADF80A70ADF8F8
:101710000C60ADF80E30036801A91B68984705B04E
:10172000F0BD0029EBD1A280C680A160A181A17388
:10173000E5E700BF785F0208A05F0208C910002932
:10174000B8BF4942012808D1C1F30800B0F5807F35
:10175000014602DDC0F500707047FF29A8BFFF21D8
:101760000846704710B4D0E901349C4203D85DF8B4
:10177000044BECF75DB85DF8044B70472DE9F04F72
:101780008BB0CDE906239DF85030089306469DF8AE
:10179000543009938A46ECF7B8F9B5680446002D31
:1017A00044D07368AB423DD3B0F90230B6F934206F
:1017B00002EB030BDDE9061202FB031205926A1E1F
:1017C00004924FF00008B4F90290B4F900704B4550
:1017D0003A4608D0B6F9343003EB090BDDE90613BD
:1017E00003FB09130593B4F90430B4F906109844C7
:1017F000049B013B0493049B013315D034F9083F4B
:10180000BB4217D1B4F90200049B484503F1FF33F2
:101810007FD1B4F906000144B4F904008044E9E73B
:101820001F4644E0002002E000296FD101200BB0E8
:10183000BDE8F08F002930D0002F29DBB6F9363013
:10184000BB4225DDC1EB881196F83000FFF776FF2B
:10185000099B10FB03F080B2411C01EB102109121F
:1018600011F0FF0F14D00898738EC9B2BAB202916A
:1018700001211344019102440FFA8BF1DAF80000C0
:10188000009141691BB20D4612B205995046A84716
:10189000049B013307F10102C8D0B4F90070BB1AF0
:1018A000002B31DD002ABBDA002F2DDD0022B6F936
:1018B0003630D119994202DB9F1A002F24DD4FEAFE
:1018C000881196F83000FFF739FF099B10FB03F0F1
:1018D00080B2411C01EB1021091211F0FF0F13D04F
:1018E0000898738E92B2C9B21344029102443FB277
:1018F000DAF8000001970FFA8BF10091476905991A
:101900001BB212B25046B8474B465CE7002F95DA3F
:101910008CE70029F8D08FE72DE9F3411E46364BBE
:10192000C0E90031B2F90430038100259DF8203070
:10193000837200F1140804468581C58105824582C1
:1019400040461746EBF7ACFAC4E91355C4E9155500
:10195000C4E91855C4E91B5584F84450A4F846500E
:10196000A4F84850A4F84A5084F85C5084F85D50BC
:10197000A4F8685030687168728835886B4603C374
:101980007B88B6F90400B6F9061013443A88E3815F
:101990002A44A2812082618268463946EDF76AFCBA
:1019A00004F10C00EDF73EFCBDF90230BDF800205B
:1019B000A4F84620A4F848304046EBF755FABDF9A4
:1019C0000030B4F912205B01E364BDF902305B0121
:1019D0002365BDF904305B016365BDF906305B0129
:1019E000A365B4F91030A4F84A302046C4E90F3298
:1019F00002B0BDE8F08100BFDC62020838B590F8A3
:101A00005C30044693B190F8683090F86920134236
:101A10000CD100F1140523B1D0E918122846FFF7C4
:101A2000A1FED4E91B122846FFF79CFE002384F890
:101A30005C30D4E90603984234BF0020012038BD51
:101A40002DE9F341857A69434D1C05EB11252D12D3
:101A5000044600F0998090F85D30002B00F09480EF
:101A6000FFF7CCFF0746002845D06068474E036863
:101A700037689B68984701463846E8F77FFE074677
:101A8000E1F7F6F803681B6B98478046E1F7F0F83A
:101A90000368DB6A98470B285BD8DFE800F0515CED
:101AA0006C065A30406565656565B4F90E30B4F969
:101AB0000C10082291FBF2F208FB03231F444B4257
:101AC00003F0070301F0070158BF5942C9B2EDB254
:101AD0003A46CDE900150FFA88F3616804F1140065
:101AE000FFF74CFE0746606803681B69984730683B
:101AF00003681B6B9847384602B0BDE8F081B4F923
:101B00000E30B4F90C10042291FBF2F208FB03230F
:101B10001F444B4203F0030301F00301D4E7B4F97F
:101B20000C10B4F90E3000294FF0020291FBF2F2D2
:101B300001F0010108FB03231F44B8BF4942C5E778
:101B4000B4F90E30B4F90C2008FB03F303EB4203A5
:101B50001F440021BBE7B4F90E3008FB03F2A38950
:101B6000032113FB0123F3E7B4F90E30B4F90C2081
:101B700008FB0323ECE7B4F90E30B4F90C2008FBA2
:101B800003F303EB8203E3E70127B4E79439012071
:101B900010B5064B1B78012B07D1B0F908000B6874
:101BA0001468C3EB401313600C6010BD8C39012026
:101BB00013B590F85C300446CDE90021A3B96A461C
:101BC00001A92046FFF7E4FFE36C0199009AC91AC6
:101BD000236D0191D21A002A00920BDA0123002909
:101BE0000EDA43F0040313E0FFF708FF0028E6D104
:101BF00002B010BDA36D9A42ACBF02230023EEE7F2
:101C0000606D8142ACBF082000201843C3B258B1B8
:101C1000002284F85C200199009AE1662267C4E9F9
:101C2000181284F86830E3E784F86900D4E90630D4
:101C3000984203D804F11400EBF714FE012384F852
:101C40005C3084F85D300023E5E773B502AB0446F1
:101C500043F8082D01911A4601A9FFF799FFE36C9B
:101C60000199009AC91A236D0191D21A002A009293
:101C70001CDBA36D9A42ACBF02200020002917DBB9
:101C8000636D9942ACBF08230023034394F86800B6
:101C9000DDB278B904F11400FFF764FD019B2366FF
:101CA000009B636684F8685002B070BD0120E5E7D0
:101CB0000423EAE713B110EA05031CD194F85C3061
:101CC00004F11406D4E918128BB984F86900D4E938
:101CD0000630984202D83046EBF7C4FD012384F861
:101CE0005C3084F85D30DDE900213046D4E73046D1
:101CF000FFF738FDF7E71D46D0E7000038B52DEDBA
:101D0000108BF6EE00BA9FED5ABA0546B0EE40CA07
:101D1000F0EE60CAB0EE41DAF0EE61DAB0EE42EA1F
:101D2000F0EE62EA0C46F0EE6BAA082C6ED87EEE5E
:101D30004C6A7DEEEE7A3DEE4E6A3EEEEC7A66EE51
:101D4000E77A3CEE0DFAE6EE077A7CEEADFA7DEE30
:101D50000E9A3DEEAEAAF5EEC07AF1EE10FA2FEE35
:101D60002BFA6FEEABFA69EEAB9A2AEE2BAA48BFBC
:101D7000F1EE677A7FEE298A3FEE8A9AF4EECB7A0B
:101D8000F1EE10FA68EEAB8A29EE2B9AB5EE006AF6
:101D90003FDD27EE077A67EEA77AA6EEA67A27EE52
:101DA000067AF4EEC77AF1EE10FA47D87EEE4D0AC5
:101DB0003EEEED0A00F059FA7DEE4C0AB0EE408A94
:101DC0003DEEEC0A00F051FA38EE400ADFED297AD8
:101DD000B5EEC00AF1EE10FA48BFB1EE400AB4EE1B
:101DE000E70AF1EE10FAA4BFDFED237A37EEC00A5E
:101DF000DFED227AB4EEE70AF1EE10FA1ED5F0EE2E
:101E0000490AB0EE680A2846E9F7BEFEBDEC108B21
:101E100038BD7CEE0E7AB0EE687AA7EEEA7A7CEEF8
:101E2000AE7AF0EE496AE7EEEA6A66EEA67AE7EE87
:101E3000077AF4EEC67AF1EE10FAE0D90134F0EE4A
:101E40006C0AB0EE4C0A2146F0EE492AB0EE682A40
:101E5000F0EE6F1AB0EE4F1A2846FFF74FFFF0EE84
:101E60004ADAB0EE69DAF0EE49CAB0EE68CA5CE769
:101E7000FFE6DB2EDB0F4940DB0FC940CDCCCC3D6C
:101E800030B52DED108B044685B0F0EE408AF0EEB3
:101E9000609AF0EE41FAB0EE61FAF0EE42BAB0EEBE
:101EA00062CAF0EE43AAB0EE63BA0D46082D00F206
:101EB00015813BEEAA6AF6EE007A7FEEAB6A26EE5B
:101EC000276A38EEAFDA8DED016AA6EEA76A2DEE2D
:101ED00027DA7CEE0BCAB0EE4DEAA6EEA7EA6CEE6E
:101EE000A7CA66EE276A3FEE0C7ACDED036A79EE5B
:101EF0008FDAF0EE6C6AE7EE276A6DEEA7DA2EEE67
:101F000027EAF0EE6DEAE7EE27EA26EEA77A6EEE14
:101F1000A7EA8DED027A9DED037A3EEE079A9DEDDC
:101F2000027A3EEE87AA29EE279A2AEE27AAF0EE39
:101F3000676A002D00F00D817AEEE85A3FEE4B7A89
:101F40007BEE697A3FEEEA6A25EEC77A3BEEEA5A03
:101F5000A6EE277A3CEE4B6AB5EEC07A25EEC66A4D
:101F6000F1EE10FAA5EE276ADFED8B4AB5EEC06AF6
:101F700048BFB1EE477AF1EE10FAB4EEE47A48BF0A
:101F8000B1EE466AF1EE10FAB5EE005A40F3AA80BF
:101F9000B4EEE46AF1EE10FA5CDD65EEA55A37EEB8
:101FA000067AE7EEA75A27EE077A65EE857AB4EE51
:101FB000E77AF1EE10FA00F2CC807BEEEF0A3CEE0D
:101FC0004F0A00F052F97FEEE80AB0EE408A3FEE89
:101FD000690A00F04AF938EE40FA7AEEEB0AB5EEFB
:101FE000C0FAF1EE10FA3BEE4C0A48BFB1EE4FFAE0
:101FF00000F03BF930EE480ADFED687AB5EEC00A32
:10200000F1EE10FAB4EEE7FA48BFB1EE400ADFEDA8
:10201000637AF1EE10FAA8BF9FED617AB4EEE70A99
:10202000A8BF37EE4FFAF1EE10FAA8BF9FED5C7A29
:10203000DFED5C7AA8BF37EE400A3FEE000AB4EE4F
:10204000E70AF1EE10FA40F18480F0EE4A0AB0EEB1
:10205000490A40E067EEA77A27EE077AE5EEA57A0F
:1020600067EE857AB4EEE77AF1EE10FA71D87BEE7E
:10207000EF0A3CEE4F0A00F0F8F87FEEE80AB0EE07
:10208000408A3FEE690A00F0F0F838EE400ADFEDD2
:10209000437AB5EEC00AF1EE10FA48BFB1EE400A3D
:1020A000B4EEE70AF1EE10FAA4BFDFED3D7A37EEA9
:1020B000C00ADFED3C7AB4EEE70AF1EE10FA48D53B
:1020C000F0EE4F0AB0EE6F0A2046E9F75DFDF0EE44
:1020D0004C0AB0EE6B0A2046E9F756FD05B0BDECA0
:1020E000108B30BD9FED2C7AB4EEC76AF1EE10FA7A
:1020F00019DD67EEA77A26EE067AE5EEA57A67EE99
:10210000857AB4EEE77AF1EE10FA22D87AEEEB0A8D
:102110003BEE4C0A00F0A9F87BEEEF0AB0EE408AE5
:102120003CEE4F0AAFE778EEAA7AB0EE497AA7EE16
:10213000E67A79EE8B7AB0EE4A6AA7EEE66A66EE48
:10214000067AE7EE077AF4EEC57AF1EE10FA7FF63A
:102150007CAF0135F0EE690AB0EE680A2946F0EE70
:102160004A3AB0EE493AF0EE6E2AB0EE4E2AF0EE60
:102170006D1AB0EE4D1A2046FFF782FEB0EE6CCA23
:10218000DDED01BA9DED02FADDED03FAF0EE4A9ABB
:10219000F0EE498A8AE600BFFFE6DB2EDB0F4940FE
:1021A000DB0FC940CDCCCC3D10B5044B044640F804
:1021B000143BEAF751FE204610BD00BFDC62020866
:1021C00010B50446FFF7F0FF2046742100F026F812
:1021D000204610BD70B50B7990F82C50002B0CBF29
:1021E0000123002304460E4680F82C3009D14DB15E
:1021F0003379012B0CD1236820461B6EBDE870405B
:1022000018472DB1236820465B699847002DEFD110
:1022100070BD0B460146184601F01EB800F012B81A
:102220000268D207034605D4427802B1FFDE0120DE
:10223000587070470020704701230360704708B54D
:1022400000F00EF800F052BF08B5804700F01AFF0A
:10225000024B1868BFF35B8F704700BF000100207E
:1022600008B5FFF7F5FFFFF7EFFF00F04DB90000ED
:1022700008B52DED028BB0EE408A00F0A1F8B4EE67
:10228000488AF1EE10FA0CD6DFED078AB4EEE88A40
:10229000F1EE10FA05D501F0C9F988EEA80A21235C
:1022A0000360BDEC028B08BD0000000010EE103A88
:1022B00007B51E4A23F00043934206D8DFED1C0AFF
:1022C00003B05DF804EB00F07FB8B3F1FF4F04D327
:1022D00030EE400A03B05DF804FB684600F0B4F944
:1022E00000F00300012809D0022810D0B0B9DDEDBC
:1022F000010A9DED000A00F067F8EBE7DDED010A49
:102300009DED000A00F0B8F8B1EE400AE2E7DDED1D
:10231000010A9DED000A00F057F8F5E7DDED010A2E
:102320009DED000A012000F0A7F8D3E7D80F493F40
:102330000000000010EE103A07B51F4A23F00043DA
:10234000934207D8DFED1D0A002003B05DF804EBCF
:1023500000F092B8B3F1FF4F04D330EE400A03B05F
:102360005DF804FB684600F06FF900F003000128F7
:102370000AD002280FD0C0B9DDED010A9DED000A98
:10238000012000F079F8EAE7DDED010A9DED000A91
:1023900000F01AF8E3E7DDED010A9DED000A0120E7
:1023A00000F06AF8B1EE400AD9E7DDED010A9DEDD3
:1023B000000A00F009F8F5E7D80F493F00000000D7
:1023C000B1EEC00A7047000010EE103A23F000434F
:1023D000B3F1485FF0EE406AB7EE000A04D2FDEEBA
:1023E000E67A17EE902A42B326EEA67ADFED1A7A45
:1023F0009FED1A6A1A4AA7EE276A9342DFED197A0F
:10240000E6EE077A9FED186AA7EE876ADFED177A86
:10241000E6EE077A9FED166AA7EE876A60EEE60A97
:1024200026EE076AF6EE007AE7EE060A67EE277AEE
:1024300004D877EEE07A30EE670A70470D4A93428F
:102440009ABF03F17F4307EE103AB5EE027A30EE01
:10245000470A77EEC77AECE74ED747ADF6740F31EF
:102460009999993E7CF293B4010DD037610BB6BABD
:10247000ABAA2A3D0000483F10EE103A23F000437B
:10248000B3F1485F04D2FDEEC07A17EE903A5BB329
:1024900020EE007ADFED157A9FED156AA7EE276A28
:1024A000DFED147AE6EE077A9FED136AA7EE876AEE
:1024B000DFED127A60EE076AE6EE077A30B99FED3B
:1024C000106AA7EE276AA6EE260A704767EEE67A3C
:1024D000B6EE006AE0EE867AD7EE870ADFED097A7B
:1024E000E6EEA70A30EE600A704700BFD3C92E2F70
:1024F000342FD7B21BEF3836010D50B98988083C0C
:10250000ABAA2ABEABAA2A3E10EE902A22F00041C6
:10251000B1F1FF4F10B5F0EE407A06D810EE100A78
:1025200020F00043B3F1FF4F04D977EEA07AB0EE6C
:10253000670A10BDB2F17E5F03D1BDE8104000F024
:10254000B3B9941704F0020444EAD07443B9022CDE
:102550005ED09FED347A032C08BFF0EE477AE6E7B1
:1025600041B9DFED317A9FED317A0028A8BFF0EE56
:10257000477ADCE7B1F1FF4F10D1B3F1FF4F04F11F
:10258000FF3407D1022C46D8294B03EB8403D3ED4B
:10259000007ACCE7022C41D8264BF6E7B3F1FF4F87
:1025A000DFD05B1AB3F1F45F4FEAE3511ADA002A85
:1025B00001DA3C3119DB87EEA00A00F049FA00F09D
:1025C00073F9F0EE407A012C12D0022C17D0002CB7
:1025D000ADD09FED197A77EE877A9FED187A77EE76
:1025E000C77AA4E7DFED117AEDE7DFED157AEAE7C8
:1025F00017EE903A03F1004307EE903A97E79FED0C
:102600000E7A77EE877A9FED0D7A77EE677A8EE70E
:10261000DFED0A7A8BE7DFED0B7A88E7DFED087AEA
:1026200085E700BFDB0F49C0DB0FC9BFDB0FC93F28
:10263000F4620208E86202082EBDBB33DB0F49409A
:1026400000000000DB0F493FF0B510EE106A884B28
:1026500026F000459D4287B0044605D8002380ED52
:10266000000A4360002022E0824B9D423AD826F0C7
:102670000043002E9FED807A804A23F00F0318DD7F
:10268000934270EE477A09BF9FED7D7ADFED7D6A58
:10269000DFED7D6A77EEC77A37EEE67A77EEC77AB6
:1026A00080ED007A77EEE67AC0ED017A012007B07E
:1026B000F0BD934270EE077A09BF9FED717ADFEDAE
:1026C000716ADFED716A77EE877A37EEA67A77EE78
:1026D000C77A80ED007A77EEA67AC0ED017A4FF0E6
:1026E000FF30E4E7694B9D4273D800F0B1F99FEDEC
:1026F000687AF6EE007AE0EE077AFDEEE77AB8EE59
:10270000E77A17EE900ADFED5C7AA7EE670A1F28DA
:10271000DFED5C7A67EE277AB1EE476A70EE676AA2
:1027200016EE901A09DC5B4A471E26F0004352F869
:10273000272023F0FF03934207D1C1F3C752C2EB16
:10274000D552082A4FEAE55314DC216094ED007A53
:1027500030EE470A002E30EE670A84ED010AA6DA51
:10276000B1EE477AB1EE400A84ED007A84ED010AB9
:1027700040429CE7DFED425AF0EE406AE6EE256A01
:1027800070EE667AE6EE257ADFED3F5AD7EE257ACF
:1027900076EEE75A15EE902AC2F3C7515B1A192B51
:1027A00004DCC4ED005AB0EE660ACFE7DFED3A5A1A
:1027B000B0EE660AA6EE250A76EEC07ADFED376A3D
:1027C000E6EE257AD7EE267A30EE677A84ED007A47
:1027D000BCE7B5F1FF4F06D370EE407AC0ED017A49
:1027E000C0ED007A3EE7EA15863AA5EBC25307EE44
:1027F000903ABDEEE77ADFED2A6AB8EEC77A77EE57
:10280000C77A8DED037A67EEA67ABDEEE77AB8EE69
:10281000C77A77EEC77A8DED047A67EEA67AF5EE81
:10282000407AF1EE10FACDED057A1ED1B5EE407A80
:10283000F1EE10FA0CBF012302231A490191022183
:10284000009103A8214600F071F9002EBFF62FAFCA
:10285000D4ED007AF1EE677AC4ED007AD4ED017A16
:10286000F1EE677AC4ED017A82E70323E5E700BF62
:10287000D80F493FE3CB1640800FC93FD00FC93F67
:10288000004435374344353708A3852E800F49432C
:1028900084F9223F0063020800A3852E32318D2483
:1028A000000080438063020838B510EE105A25F00E
:1028B0000044B4F1A14FF0EE407A10D3B4F1FF4FD1
:1028C00004D970EE007AB0EE670A38BDDFED4D7ABC
:1028D0009FED4D7A002DC8BFF0EE477AF3E74B4BE2
:1028E0009C4210D8B4F1445F0AD29FED497A30EE91
:1028F000077AF7EE006AB4EEE67AF1EE10FAE2DC5F
:102900004FF0FF3313E000F0A3F8424B9C424FD846
:10291000A3F5D0039C4241D8F0EE007ABFEE007AD6
:10292000A0EE277A002330EE270AC7EE007A5A1C61
:1029300027EEA76A9FED387ADFED385A9FED385AB7
:1029400066EE066AE6EE875A9FED367AA5EEA67A1F
:10295000DFED355AE7EE265A9FED347AA5EEA67ADA
:10296000DFED335AE7EE265A9FED327AA6EE875A0C
:102970009FED317AA5EE267A9FED305AA7EE265AC2
:102980009FED2F7AA5EE267A27EE267AA5EE867A97
:1029900027EE877A21D177EEC77A94E7F7EE007AAF
:1029A00030EE677A30EE270A0123C7EE007ABEE7E1
:1029B000244B9C420BD8F7EE087AB7EE007AA0EED3
:1029C000277A022370EE676AC6EE877AAFE7BFEE1A
:1029D000007AC7EE007A0323A9E71B4A1B4902EBE2
:1029E000830201EB8303D3ED006A37EE667A002D94
:1029F00037EE677AD2ED007A77EEC77AB8BFF1EE9C
:102A0000677A60E7DB0FC9BFDB0FC93FFFFFDF3E1F
:102A1000CAF24971FFFF973FD769853C59DA4B3DB0
:102A20006BF16EBD356B883D6E2EBA3D2549123E69
:102A3000ABAAAA3E21A215BD95879DBD388EE3BDE8
:102A4000CDCC4CBEFFFF1B40A8660208986602086A
:102A500010EE103A23F0004300EE103A70470000E9
:102A600010EE103A33F000422BD0B2F1FF4F02D3F8
:102A700030EE000A704713F0FF4F23D1244BDFEDF7
:102A8000257A984220EE270A17DB10EE103AC3F39E
:102A9000C752193A4CF25031884215DDDFED1E7AEB
:102AA000DFED1E6A10EE103AB0EE677A002BB8BF69
:102AB000F0EE667A27EE870A7047DFED197A27EE87
:102AC000800A7047D20DE5E71044FE28E6DC0028B6
:102AD00006DD23F0FF4343EAC05300EE103A70478F
:102AE00010F1160F09DADFED0E7ADFED0E6A10EE47
:102AF000103AB0EE677A002BD9E7193023F0FF4384
:102B000043EAC0539FED080A07EE903AD7E700BFAB
:102B1000B03CFFFF0000004CCAF24971CAF249F113
:102B20006042A20D6042A28D000000332DE9F04FFB
:102B30002DED048BD9B090460190B64A669818F1F5
:102B4000040F52F820A00F4603F1FF3B26DBB8F13B
:102B5000030248BF08F10402D210551C67999FED8B
:102B6000B17AE800A2EB0B060290A8EBC5050AEBD0
:102B70000B0C1CAC01EB860E0020604510DD1CA97F
:102B800001EB83000DF588790026564524DCDDF83D
:102B900004E0DFEDA47A8446002416E00022DCE79E
:102BA000C6425DBF5EF8201007EE901AF8EEE77A95
:102BB000F0EE477AE4EC017A0130DEE7FEEC016AE0
:102BC0003CED017AE6EE877A01345C45F6DDE9EC0E
:102BD000017A01360430D8E708A901EB8A01049193
:102BE0006799DFED8F8A9FED8D9A01EB8202039248
:102BF0005446A200059258AA02EB840212ED140A70
:102C000044A908AA01EB840094462646002E4CDC19
:102C10002846CDE90623FFF723FFB0EE408AB4EE45
:102C2000000A28EE000A00F0E9F9F2EE007AA0EEC0
:102C3000678A002DDDE90623FDEEC87A17EE909A2B
:102C4000F8EEE77A38EE678A41DD04F1FF3C08A927
:102C5000C5F1080E51F82C6046FA0EF0814400FAD6
:102C60000EF0361AC5F1070041F82C600641002E1F
:102C70003CDD4FF0000E09F101097046744568DC37
:102C8000002D03DD012D74D0022D7DD0022E2DD11B
:102C9000B7EE000A30EE488A40B328460693FFF7A5
:102CA000DFFE069B38EE408A20E060EE287A013E87
:102CB000FDEEE77AF8EEE77AA7EEC90ABDEEC00AA4
:102CC000ACEC010A30ED010A37EE800A9EE705D12F
:102CD000601E08A951F82060F611C8E7F6EE007AE8
:102CE000B4EEE78AF1EE10FA31DA0026B5EE408A4A
:102CF000F1EE10FA40F09880601E002250454BDA49
:102D0000002A65D0013C08AB083D53F82430002B65
:102D1000F8D02846B7EE000AFFF7A2FE631C44AACB
:102D20009FED3F7A990002EB83022346002B80F24D
:102D3000A9802346002BC0F2C78044AA02EB83057A
:102D4000DFF8D4C0DFED377A0020E21AB1E00226C6
:102D50008FE752F8041B48B921B1C1F5807142F8E0
:102D6000041C01210EF1010E084687E7C1F1FF01A5
:102D7000F5E704F1FF3C08AA52F82C2002F07F028C
:102D800008A941F82C2081E704F1FF3C08AA52F879
:102D90002C2002F03F02F3E708A951F82010013877
:102DA0000A43ABE7013250F8046D002EFAD00599C2
:102DB00001F5B0710DEB0100E6181CA904F1010C3E
:102DC0004C3801EB86062244624504DA144610E7CB
:102DD00004980122E7E70399DDF804E051F82C108C
:102DE000059107EE901AF8EEE77A0024E6EC017AF6
:102DF000DFED0C7AB1465C4504DDE0EC017A0CF1C4
:102E0000010CE1E7FEEC016A39ED017A0134E6EEEE
:102E1000877AF0E7E4660208B8660208000080439B
:102E20000000803B00000000029BB0EE480AA3EBCC
:102E30000800FFF715FE1FED077AB4EEC70AF1EEA2
:102E400010FA19DB5FED0A7A60EE277A08AAFDEE28
:102E5000E77A0835F8EEE77AA7EEC70AFDEEE77ADB
:102E6000BDEEC00A10EE103A42F8243017EE903A48
:102E7000013442F824304CE7BDEEC00A08AA10EE37
:102E8000103AF6E708A850F82300019007EE900AE0
:102E9000F8EEE77A013B67EE807A20EE070A62EDF2
:102EA000017A43E7FCEC016AB5EC017AE6EE877A39
:102EB0000130504501DC9042F4DD58A800EB82025D
:102EC00042ED287A013B35E7669B022B09DC002B9B
:102ED00027DC40D009F0070059B0BDEC048BBDE8F9
:102EE000F08F669B032BF5D130AA0B1F13441A46B3
:102EF0002046002850DC2246012A5DDC30AB5FED25
:102F0000377A0B44012C67DCDDED306A9DED317AB8
:102F1000002E67D1C7ED006A87ED017AC7ED027A0E
:102F2000D8E730AB1FED417A0B442246002A24DA61
:102F30004EB3F1EE477AC7ED007ADDED307A77EEE9
:102F4000C77A31AA01239C4220DA0EB1F1EE677AEA
:102F5000C7ED017ABEE730AB5FED4E7A0B44002C33
:102F600005DA0EB1F1EE677AC7ED007AB2E733ED1C
:102F7000017A013C77EE877AF1E773ED017A013A45
:102F800037EE277AD2E7F0EE477AD4E7B2EC017A4F
:102F9000013377EE877AD6E772ED017AD2ED016AD6
:102FA00037EEA67A013877EEC77A82ED007A77EEAF
:102FB000A67AC2ED017A9CE773ED017AD3ED016A3E
:102FC00037EEA67A013A77EEC77A83ED007A77EE8C
:102FD000A67AC3ED017A8FE733ED017A013C77EEF3
:102FE000877A8FE7F1EE666AB1EE477AC7ED006A3D
:102FF00087ED017AF1EE677A90E700BF10EE103AA4
:10300000C3F3C7527F3A162A23F000412BDC002A73
:1030100012DADFED197A30EE270AB5EEC00AF1EECA
:1030200010FA06DD002B24DA0029144B08BF4FF0FC
:10303000004300EE103A7047114911410B42FAD09B
:10304000DFED0D7A30EE270AB5EEC00AF1EE10FA88
:10305000EFDD002BBEBF4FF4000040FA02F29B18D8
:1030600023EA0103E5E7B1F1FF4FE4D330EE000AB4
:1030700070470023DDE700BFCAF24971000080BF3E
:10308000FFFF7F0008B5062000F05EFA0120DFF7A1
:10309000FFF900001FB514461A46094B1B68054688
:1030A000D8684CB1074B0091CDE9013406492B4655
:1030B00000F084F9FFF7E6FF044B1C46F3E700BF7E
:1030C00010010020A8510208B551020896490208D3
:1030D000002301461A46184600F0E4BA024B0146A6
:1030E000186800F02DB800BF10010020024B014607
:1030F000186800F033BB00BF1001002070B50F4E00
:103100000C463168054611B900F06EFA3060214670
:10311000284600F069FA431C03D14FF0FF342046E3
:1031200070BDC41C24F00304A042F8D0211A284624
:1031300000F05AFA0130F2D1EFE700BFF04301206E
:103140002DE9F843CD1C25F0030508350C2D38BFBB
:103150000C25002D064601DBA94204D90C2333605F
:103160000020BDE8F883DFF8D48000F069F8D8F8D3
:1031700000301C4644BB29463046FFF7BFFF431CC6
:10318000044658D1D8F800402746002F43D1002CE0
:103190004BD023683946304604EB030900F024FA8B
:1031A000814542D121686D1A29463046FFF7A6FFB6
:1031B00001303AD023682B442360D8F800305A6895
:1031C00062BBC8F800700FE02268521B20D40B2AA3
:1031D00017D96119A342256018BF5960636808BFF9
:1031E000C8F8001062514B60304600F02FF804F12F
:1031F0000B00231D20F00700C21A1CBF1B1AA3508E
:10320000AFE76268A3420CBFC8F800205A60EBE742
:1032100023466468AEE73C467F68B6E71A465B68BB
:10322000A342FBD100235360DEE70C23336030461A
:1032300000F00CF894E70560D6E700BFF4430120E6
:10324000014800F01EBA00BF38450120014800F0D7
:1032500019BA00BF3845012010B50446044813468A
:1032600020B10A460220214600F01CFA10BD00BF22
:10327000A5360208002310B50446C0E90033C0E9B2
:103280000433836081814366C281836119460822C9
:103290005C3000F028F90D4B63620D4BA3620D4BBF
:1032A000E3620D4B23630D4B24629C4206D003F175
:1032B0006802944202D0D0339C4205D104F15800F8
:1032C000BDE8104000F0DCB910BD00BF6134020859
:1032D00083340208BB340208DF340208F8430120BB
:1032E000024A0349034800F07BB800BF04010020F4
:1032F000454102081401002041680C4B994210B569
:10330000044601D000F01EFFA168094B994202D08B
:10331000204600F017FFE168064B994204D0204692
:10332000BDE8104000F00EBF10BD00BFF843012003
:1033300060440120C844012010B50B4B0B4C0C4AD3
:103340001A60204600220421FFF794FF04F1680070
:1033500001220921FFF78EFF04F1D0000222BDE80F
:1033600010401221FFF786BF30450120F8430120AD
:10337000E1320208014800F084B900BF3A4501205B
:10338000014800F07FB900BF3A45012010B504465E
:10339000FFF7F0FF236A1BB1BDE81040FFF7F0BF55
:1033A000044B2362044B1B68002BF5D1FFF7C4FFCD
:1033B000F2E700BFF9320208304501200EB403B530
:1033C000014603AB054853F8042B0068019300F055
:1033D00091FB02B05DF804EB03B0704710010020D0
:1033E0002DE9F8430746884614460026D4E901959E
:1033F000B9F1010905D52468002CF7D13046BDE8A4
:10340000F883AB89012B07D9B5F90E30013303D00E
:1034100029463846C04706436835E9E70EB410B57B
:103420009DB01FAB029006906FF000410A480791D3
:1034300004910A4953F8042B0591002402A900685D
:1034400001931B9400F030FA029B1C701DB0BDE884
:10345000104003B0704700BF100100200802FFFFBA
:1034600010B50C46B1F90E1000F098F80028ABBF6B
:10347000636DA3891B1823F48053ACBF6365A381DC
:1034800010BD2DE9F0411F468B89DB0505460C4632
:10349000164605D5B1F90E100223002200F06CF893
:1034A000A389B4F90E1023F48053A38132463B461E
:1034B0002846BDE8F04100F0A7B810B50C46B1F9B8
:1034C0000E1000F059F8431CA38915BF606523F462
:1034D000805343F48053A38118BFA38110BDB1F979
:1034E0000E1000F039B802440346934200D17047F1
:1034F00003F8011BF9E71F2938B505460C4604D926
:10350000162303604FF0FF3038BDC26B12B152F882
:1035100021304BB9284600F065F82246014628467E
:10352000BDE8384000F04CB8012B0AD0591C03D13B
:10353000162303600120E7E7002142F8241020460B
:1035400098470020E0E70000024B01461868FFF7AB
:10355000D2BF00BF1001002038B5064D002304463D
:1035600008462B60DEF7B6FF431C02D12B6803B17F
:10357000236038BD3445012038B5074D0446084660
:10358000114600222A601A46DEF7AEFF431C02D124
:103590002B6803B1236038BD3445012038B5074D91
:1035A00004460846114600222A601A46DEF776FFD6
:1035B000431C02D12B6803B1236038BD3445012080
:1035C00038B5074D00230446084611462B60DEF748
:1035D00057FF431C02D12B6803B1236038BD00BFE5
:1035E00034450120DEF74ABF38B5064D00230446B6
:1035F00008462B60DEF77AFF431C02D12B6803B12B
:10360000236038BD3445012038B5074D04460846CF
:10361000114600222A601A46DEF74EFF431C02D1F3
:103620002B6803B1236038BD34450120014B186875
:10363000704700BF1001002070B50D4D0D4C641B8C
:10364000A4100026A64209D10B4D0C4C00F00AFF35
:10365000641BA4100026A64205D170BD55F8043B9A
:1036600098470136EEE755F8043B98470136F2E7F4
:10367000ECDA0308ECDA0308ECDA030800DB0308F1
:103680007047704770470A44914200F1FF3300D100
:10369000704710B511F8014B03F8014F9142F9D171
:1036A00010BD00002DE9F843274D074628689146D4
:1036B0000E469846FFF7E5FF244A14683CB9244BB0
:1036C0001360244A12B11268C3F88820204C636842
:1036D0001F2B06DD2868FFF7D5FF4FF0FF30BDE850
:1036E000F8832FB3D4F8880068B91B4B002BF1D0B6
:1036F0004FF48470FFF7F2FC0028EBD00023C0E900
:103700004033C4F88800636840F8239001229A404F
:1037100000EB8301D0F800311343C0F80031022FD1
:10372000C1F8808002BFD0F804311343C0F80431DF
:10373000636828685A1C0233626044F82360FFF70C
:10374000A1FF0020CBE700BF60010020C845012099
:103750003C450120F0660208DD30020838B5054618
:10376000002941D051F8043C0C1F002BB8BFE418CD
:10377000FFF766FD1D4A136833B96360146028467D
:10378000BDE83840FFF762BDA34208D92068211880
:103790008B4201BF19685B6809182160EDE71A4682
:1037A0005B680BB1A342FAD911685018A0420BD143
:1037B00020680144501883421160E0D118685B68AA
:1037C000536008441060DAE702D90C232B60D6E777
:1037D000206821188B4204BF19685B68636004BFCE
:1037E000091821605460CAE738BD00BFF4430120C6
:1037F0002DE9F0478E681F46BE420B6882460C4694
:1038000090462DD8B1F90C2012F4906F26D065693E
:10381000096905EB4505A3EB010905EBD5757B1C93
:103820004B446D109D4238BF1D46530527D5294690
:10383000FFF786FC064660B321694A46FFF723FF7F
:10384000A38923F4906343F08003A381266165611B
:103850004E44A5EB09052660A5603E46BE4200D950
:103860003E4620683246414600F028FDA3689B1B77
:10387000A3602368334423600020BDE8F0872A4614
:1038800000F036FD06460028E0D121695046FFF7DA
:1038900065FF0C23CAF80030A38943F04003A381DD
:1038A0004FF0FF30E9E700002DE9F04F98468B8993
:1038B0001B069DB007460D46144610D50B6973B91B
:1038C0004021FFF73DFC2860286130B90C233B60A4
:1038D0004FF0FF301DB0BDE8F08F40236B61002337
:1038E000099320238DF82930CDF80C803023DFF8A0
:1038F0009C818DF82A304FF0010923469A4613F82F
:10390000012B0AB1252AF9D1BAEB040B0BD05B4687
:10391000224629463846FFF76BFF013000F0A780AA
:10392000099A5A4409929AF80030002B00F09F80BF
:1039300000234FF0FF32CDE905230AF1010A049379
:1039400007938DF853301A935446052214F8011B3F
:103950004E48DCF755FC049AD8B9D00644BF202362
:103960008DF85330110744BF2B238DF853309AF84C
:1039700000302A2B15D0079A544600204FF00A0C2D
:10398000214611F8013B303B092B4BD9B0B10792CE
:1039900014E0A0EB080309FA03F313430493A246CF
:1039A000D2E7039B191D1B680391002BBBBF5B4231
:1039B00042F0020207930793B8BF049223782E2B9C
:1039C0000AD163782A2B32D1039B1A1D1B680392FC
:1039D00043EAE37302340593DFF8C0A021780322A1
:1039E0005046DCF70DFC38B1049BA0EB0A004022E6
:1039F000824013430134049314F8011B24488DF8CA
:103A000028100622DCF7FCFB002836D0214B1BBB1C
:103A1000039B073323F0070308330393099B3344C5
:103A200009936AE70CFB02320C460120A8E7002349
:103A30000134059319464FF00A0C204610F8012B6B
:103A4000303A092A03D9002BC6D00591C4E70CFBF4
:103A5000012104460123F0E703AB00932A460E4BF5
:103A600004A93846AFF30080421C0646D6D1AB8984
:103A70005B063FF52DAF09982CE703AB00932A4670
:103A8000054B04A9384600F0BBF9EDE7E451020804
:103A9000EE51020800000000F1370208EA51020866
:103AA0009368013B002B10B4936008DA9469A34239
:103AB00001DB0A2903D15DF8044B00F06BBB1368EE
:103AC000581C1060197008465DF8044B7047F8B533
:103AD00006460F461446D518AC4201D1002007E037
:103AE00014F8011B3A463046FFF7DAFF431CF3D1C6
:103AF000F8BD00002DE9F04F0D469DB014469846E4
:103B0000064618B1036A0BB9FFF740FC6B6ED90784
:103B100005D4AB899A0502D4A86DFFF7B2FDAB8935
:103B20001B0701D52B699BB92946304600F070FB75
:103B300070B16B6EDC0704D54FF0FF301DB0BDE8EF
:103B4000F08FAB899805F7D4A86DFFF79BFDF3E7DD
:103B50000023099320238DF82930CDF80C803023E1
:103B6000DFF8AC818DF82A304FF0010923469A46E0
:103B700013F8012B0AB1252AF9D1BAEB040B0BD0AB
:103B80005B46224629463046FFF7A1FF013000F090
:103B9000A780099A5A4409929AF80030002B00F045
:103BA0009F8000234FF0FF32CDE905230AF1010A7F
:103BB000049307938DF853301A935446052214F852
:103BC000011B5348DCF71CFB049AD8B9D10644BF4B
:103BD00020238DF85330130744BF2B238DF8533027
:103BE0009AF800302A2B15D0079A544600204FF03F
:103BF0000A0C214611F8013B303B092B4BD9B0B1DF
:103C0000079214E0A0EB080309FA03F313430493AB
:103C1000A246D2E7039B191D1B680391002BBBBF73
:103C20005B4242F0020207930793B8BF04922378E5
:103C30002E2B0AD163782A2B32D1039B1A1D1B68C5
:103C4000039243EAE37302340593DFF8D4A02178AA
:103C500003225046DCF7D4FA38B1049BA0EB0A00EB
:103C60004022824013430134049314F8011B294875
:103C70008DF828100622DCF7C3FA00283FD0264B27
:103C80001BBB039B073323F0070308330393099BF4
:103C90003B4409936AE70CFB02320C460120A8E77B
:103CA00000230134059319464FF00A0C204610F802
:103CB000012B303A092A03D9002BC6D00591C4E75D
:103CC0000CFB012104460123F0E703AB00932A46D5
:103CD000124B04A93046AFF300800746781CD6D1BA
:103CE0006B6ED90705D4AB899A0502D4A86DFFF78E
:103CF000C9FCAB895B063FF51FAF09981EE703AB14
:103D000000932A46054B04A9304600F079F8E4E711
:103D1000E4510208EE51020800000000CF3A020808
:103D2000EA5102082DE9F047164698468A680B6961
:103D3000DDF820909342B8BF1346336091F84320DA
:103D400007460C460AB1013333602368990642BF27
:103D5000336802333360256815F0060506D104F197
:103D6000190AE36832689B1AAB4226DC94F84330A8
:103D70002268003B18BF012392062BD404F14302B2
:103D800041463846C84701301ED02368226903F0F7
:103D90000603042B02BFE5683368ED1AA3680CBF65
:103DA00025EAE57500259342C4BF9B1AED1800264D
:103DB0001A34B5421AD1002008E001235246414688
:103DC0003846C847013003D14FF0FF30BDE8F087D7
:103DD0000135C6E7E1185A1C302081F8430022441F
:103DE00094F8451082F843100233C7E701232246B6
:103DF00041463846C8470130E6D00136D9E70000D1
:103E00002DE9FF470F7E0C9E782F914680460C4689
:103E10009A4601F1430207D8622F0AD8002F00F01A
:103E2000D180582F00F0B88004F1420684F8427027
:103E30003AE0A7F16303152BF6D801A151F823F05E
:103E4000993E0208AD3E0208293E0208293E0208BA
:103E5000293E0208293E0208AD3E0208293E02081A
:103E6000293E0208293E0208293E0208AB3F02080B
:103E7000D73E0208653F0208293E0208293E020893
:103E8000CD3F0208293E0208D73E0208293E02081B
:103E9000293E02086D3F020833681A1D1B68326014
:103EA00004F1420684F8423001239CE03368206824
:103EB000191D3160060601D51D6803E04506FBD5D6
:103EC000B3F90050002D03DA2D236D4284F84330FE
:103ED00058480A2311E021683368080653F8045B48
:103EE00002D4490648BFADB26F2F5248336014BFA9
:103EF0000A230823002184F843106668A660002E78
:103F000005DB21682E4321F0040121604BD01646C9
:103F1000B5FBF3F103FB1157C75D06F8017D2F4692
:103F2000BB420D46F4D9082B0BD12368DF0708D517
:103F3000236961689942DEBF302306F8013C06F12F
:103F4000FF36921B2261CDF800A04B4603AA214602
:103F50004046FFF7E7FE01304AD14FF0FF3004B092
:103F6000BDE8F087236843F02003236032487827B8
:103F700084F84570236831681F0651F8045B02D449
:103F80005F0648BFADB23160D90744BF43F020039C
:103F900023601DB11023ADE72648E9E7236823F02D
:103FA00020032360F6E71646BDE73368256861699C
:103FB000181D30602E061B6801D5196002E06806E6
:103FC000FBD51980002323611646BCE733681A1D10
:103FD00032601E68626800213046DCF711F908B1D2
:103FE000801B606063682361002384F84330AAE784
:103FF0002369324649464046D0470130ADD0236858
:104000009B0713D4E068039B9842B8BF1846A6E705
:104010000123324649464046D04701309DD0013504
:10402000E36803995B1AAB42F2DCEBE7002504F18D
:104030001906F5E7F551020806520208B1F90C20FD
:104040002DE9F041160705460C4654D44B68002B69
:1040500002DC0B6C002B48DDE66A002E45D0002305
:1040600012F480522F68216A2B6030D0626DA389D0
:10407000590705D56368D21A636B0BB1236CD21A4A
:104080000023E66A216A2846B047431CA38906D16B
:1040900029681D292BD82A4ACA40D60727D50022CD
:1040A0006260D9042269226004D5421C01D12B68C8
:1040B00003B96065616B2F60B9B104F144039942A3
:1040C00002D02846FFF74AFB002363630DE001237B
:1040D0002846B0470246501CC9D12B68002BC6D0D9
:1040E0001D2B01D0162B1ED12F60002022E043F0A3
:1040F00040031BB21BE00F69002FF6D093070E6838
:1041000008BF4B690F6018BF0023A6EB07088B6040
:10411000B8F1000FE9DD216AA66A43463A4628460F
:10412000B047002808DCB4F90C3043F04003A38109
:104130004FF0FF30BDE8F0810744A8EB0008E7E747
:104140000100402038B50B6905460C4613B900251F
:10415000284638BD18B1036A0BB9FFF717F9B4F94F
:104160000C30002BF3D0626ED00704D4990502D432
:10417000A06DFFF786FA28462146FFF75FFF636EC2
:10418000DA070546E4D4A3899B05E1D4A06DFFF7C7
:1041900079FADDE7F8B50E461446054618B1036A0C
:1041A0000BB9FFF7F3F8A369A360A3891A0701D538
:1041B000236943B92146284600F02AF818B14FF088
:1041C000FF373846F8BD23682269981A6369F6B24A
:1041D0008342374605DC21462846FFF7B3FF002817
:1041E000EDD1A368013BA36023685A1C22601E70B6
:1041F0006269431C9A4204D0A389DB07E1D50A2EE9
:10420000DFD121462846FFF79DFF0028D9D0D6E709
:1042100038B5294B054618680C4618B1036A0BB926
:10422000FFF7B4F8B4F90C30190722D4DA0607D432
:1042300009222A6043F04003A3814FF0FF3033E0AE
:10424000580712D5616B41B104F14403994202D081
:104250002846FFF783FA00236363A38923F024032E
:10426000A3810023636023692360A38943F00803CB
:10427000A38123694BB9A38903F42073B3F5007FAD
:1042800003D02146284600F087F8B4F90C3013F02B
:1042900001020AD00022A26062695242A261226930
:1042A00042B913F08000C5D138BD990758BF626983
:1042B000A260F4E70020F7E710010020884210B563
:1042C00001EB020402D98442234607D8431EA142CF
:1042D00008D011F8012B03F8012FF8E7024401463A
:1042E0008A4200D110BD13F8014D02F8014DF7E7E5
:1042F0002DE9F041074614460D4621B9BDE8F041CD
:104300001146FEF71DBF2AB9FFF728FA25462846B1
:10431000BDE8F08100F09EF88442064602D8B4EB76
:10432000500FF4D821463846FEF70AFF804608B9F8
:104330004546ECE7B4422246294628BF3246FFF7FD
:10434000A2F929463846FFF709FAF1E770B50C469D
:10435000B1F90E10002996B015461E460DDAA38954
:1043600013F0800F4FF0000114BF40234FF480631F
:10437000002031602B6016B070BD6A4600F048F82E
:104380000028ECDB019901F47041A1F5005359427A
:1043900059414FF48063EBE78B89F7B59D070646DB
:1043A0000C4607D504F147032360236101236361B1
:1043B00003B0F0BD01AB6A46FFF7C8FF009F05469A
:1043C00039463046FEF7BCFE48B9B4F90C309A05C0
:1043D000EED423F0030343F00203A381E2E7A389B1
:1043E000206043F08003A381019BC4E904075BB113
:1043F000B4F90E10304600F01DF828B1A38923F05F
:10440000030343F00103A381A3891D43A581CFE7E3
:1044100038B5074D00230446084611462B60DEF7E9
:104420005CF8431C02D12B6803B1236038BD00BF88
:104430003445012038B5064D0023044608462B605C
:10444000DEF750F8431C02D12B6803B1236038BD5E
:104450003445012051F8043C181F002BBCBF0B58F9
:10446000C0187047F8B500BFF8BC08BC9E4670473E
:0C447000F8B500BFF8BC08BC9E467047C1
:10447C0000000000FFFFFFFFFFFFFFFF0000000038
:10448C00010000000000000000000000010000001E
:10449C00FFFFFFFFFFFFFFFF01000000FFFFFFFF1B
:1044AC00FFFFFFFF01000000010000000100000001
:1044BC000000000000000000D3060008D50600082C
:1044CC0029070008350800086672616D654275663B
:1044DC0066657220213D2030202626202241206650
:1044EC0072616D6562756666657220616464726581
:1044FC007373206D7573742062652073657422006C
:10450C007669727475616C20766F696420746F754E
:10451C0063686766783A3A48414C3A3A7365744630
:10452C0072616D6542756666657253746172744131
:10453C00646472657373657328766F69642A2C20C2
:10454C00766F69642A2C20766F69642A29002E2ED6
:10455C002F2E2E2F4D6964646C6577617265732FF5
:10456C0053542F746F7563686766782F6672616D2C
:10457C0065776F726B2F696E636C7564652F746FE2
:10458C007563686766782F68616C2F48414C2E689C
:10459C007070007769647468203E3D204449535024
:1045AC004C41595F57494454482026262068656978
:1045BC00676874203E3D20444953504C41595F4834
:1045CC00454947485420262620224672616D656273
:1045DC0075666665722063616E6E6F74206265200D
:1045EC00736D616C6C6572207468616E20646973A4
:1045FC00706C617922007669727475616C20766FCB
:10460C00696420746F7563686766783A3A48414C00
:10461C003A3A7365744672616D6542756666657289
:10462C0053697A652875696E7431365F742C207500
:10463C00696E7431365F742900286672616D655F2E
:10464C006275666665725F73656D20213D204E55FF
:10465C004C4C2920262620224372656174696F6EAA
:10466C00206F66206672616D656275666665722084
:10467C0073656D6170686F7265206661696C6564E5
:10468C00220073746174696320766F696420746F9F
:10469C007563686766783A3A4F5357726170706504
:1046AC0072733A3A696E697469616C697A65282922
:1046BC0000443A2F776F726B737061636553544D7E
:1046CC002F47616C6167612D566572342F546F757D
:1046DC0063684746582F7461726765742F67656EFF
:1046EC006572617465642F4F535772617070657297
:1046FC00732E63707000287673796E635F717565C5
:10470C00756520213D204E554C4C29202626202213
:10471C004372656174696F6E206F66207673796E73
:10472C0063206D65737361676520717565756520B0
:10473C006661696C65642200302026262022556E45
:10474C00737570706F7274656420466F726D6174EE
:10475C0021220075696E7433325F742053544D33CB
:10476C0032444D413A3A6765744368726F6D4152F9
:10477C00544F7574707574466F726D617428746FD4
:10478C007563686766783A3A4269746D61703A3A53
:10479C004269746D6170466F726D61742900443AA0
:1047AC002F776F726B737061636553544D2F476134
:1047BC006C6167612D566572342F546F7563684751
:1047CC0046582F7461726765742F67656E657261E8
:1047DC007465642F53544D3332444D412E637070C5
:1047EC000075696E7433325F742053544D33324408
:1047FC004D413A3A6765744368726F6D4152544942
:10480C006E707574466F726D617428746F75636821
:10481C006766783A3A4269746D61703A3A426974E3
:10482C006D6170466F726D617429003020262620F0
:10483C0022556E737570706F7274656420666F723A
:10484C006D617422007669727475616C20766F6983
:10485C00642053544D3332444D413A3A7365747568
:10486C007044617461436F707928636F6E73742048
:10487C00746F7563686766783A3A426C69744F7006
:10488C00262900636F6D70617469626C6546726194
:10489C006D65627566666572284269746D61703A01
:1048AC003A5247423536352920262620225468654F
:1048BC002063686F73656E207061696E7465722019
:1048CC006F6E6C7920776F726B73207769746820C8
:1048DC0052474235363520646973706C61797322A6
:1048EC0000746F7563686766783A3A4162737472E4
:1048FC006163745061696E74657252474235363526
:10490C003A3A41627374726163745061696E746592
:10491C00725247423536352829002E2E2F2E2E2F37
:10492C004D6964646C6577617265732F53542F7491
:10493C006F7563686766782F6672616D65776F72E5
:10494C006B2F696E636C7564652F746F7563686724
:10495C0066782F776964676574732F63616E76610F
:10496C00732F41627374726163745061696E746504
:10497C00725247423536352E68707000583D2534DA
:10498C00752020593D2534750D0A004755495F5453
:10499C0061736B0064656661756C745461736B0054
:1049AC0073697A656F662853637265656E547970A6
:1049BC006529203C3D20686561702E7363726565C6
:1049CC006E53746F726167652E656C656D656E7480
:1049DC005F73697A65282920262620225669657717
:1049EC0020616C6C6F636174696F6E206572726F9D
:1049FC00723A20436865636B207468617420616C43
:104A0C006C207669657773206172652061646465DA
:104A1C006420746F2046726F6E74656E64486561B5
:104A2C00703A3A5669657754797065732200507202
:104A3C006573656E746572547970652A20746F7530
:104A4C0063686766783A3A6D616B655472616E7330
:104A5C006974696F6E2853637265656E2A2A2C20FF
:104A6C0050726573656E7465722A2A2C204D5650EF
:104A7C0048656170262C205472616E736974696F7D
:104A8C006E2A2A2C204D6F64656C547970652A2926
:104A9C00205B776974682053637265656E54797016
:104AAC0065203D2053637265656E32566965773BB0
:104ABC002050726573656E74657254797065203D13
:104ACC002053637265656E3250726573656E7465E2
:104ADC00723B205472616E7354797065203D204393
:104AEC006F7665725472616E736974696F6E3C7423
:104AFC006F7563686766783A3A454153543E3B207C
:104B0C004D6F64656C54797065203D204D6F646504
:104B1C006C5D002E2E2F2E2E2F4D6964646C6577E4
:104B2C00617265732F53542F746F75636867667861
:104B3C002F6672616D65776F726B2F696E636C7522
:104B4C0064652F6D76702F4D56504170706C696393
:104B5C006174696F6E2E6870700073697A656F6628
:104B6C002850726573656E7465725479706529206E
:104B7C003C3D20686561702E70726573656E74655E
:104B8C007253746F726167652E656C656D656E74BA
:104B9C005F73697A65282920262620225072657356
:104BAC00656E74657220616C6C6F636174696F6E95
:104BBC00206572726F723A20436865636B2074686B
:104BCC00617420616C6C2070726573656E746572B3
:104BDC00732061726520616464656420746F204683
:104BEC00726F6E74656E64486561703A3A507265A6
:104BFC0073656E7465725479706573220073697A8B
:104C0C00656F66285472616E735479706529203C07
:104C1C003D20686561702E7472616E736974696F82
:104C2C006E53746F726167652E656C656D656E741D
:104C3C005F73697A65282920262620225472616EBA
:104C4C00736974696F6E20616C6C6F636174696FEA
:104C5C006E206572726F723A20436865636B2074C4
:104C6C0068617420616C6C207472616E7369746914
:104C7C006F6E732061726520616464656420746F6B
:104C8C002046726F6E74656E64486561703A3A5472
:104C9C0072616E736974696F6E54797065732200FA
:104CAC0050726573656E746572547970652A2074E0
:104CBC006F7563686766783A3A6D616B65547261BB
:104CCC006E736974696F6E2853637265656E2A2AF8
:104CDC002C2050726573656E7465722A2A2C204DD7
:104CEC00565048656170262C205472616E7369743D
:104CFC00696F6E2A2A2C204D6F64656C547970652F
:104D0C002A29205B776974682053637265656E5439
:104D1C00797065203D2053637265656E3156696507
:104D2C00773B2050726573656E746572547970654B
:104D3C00203D2053637265656E3150726573656EEC
:104D4C007465723B205472616E7354797065203DAA
:104D5C0020576970655472616E736974696F6E3C2B
:104D6C00746F7563686766783A3A454153543E3BB5
:104D7C00204D6F64656C54797065203D204D6F64D7
:104D8C00656C5D0050726573656E746572547970F4
:104D9C00652A20746F7563686766783A3A6D616B43
:104DAC00655472616E736974696F6E2853637265B2
:104DBC00656E2A2A2C2050726573656E7465722A92
:104DCC002A2C204D565048656170262C2054726157
:104DDC006E736974696F6E2A2A2C204D6F64656C32
:104DEC00547970652A29205B776974682053637243
:104DFC0065656E54797065203D2053637265656EF0
:104E0C0031566965773B2050726573656E746572B7
:104E1C0054797065203D2053637265656E31507214
:104E2C006573656E7465723B205472616E73547950
:104E3C007065203D204E6F5472616E736974696F9A
:104E4C006E3B204D6F64656C54797065203D204D30
:104E5C006F64656C5D007479706564546578747307
:104E6C0020213D2030202626202254797065645460
:104E7C006578742064617461626173652068617324
:104E8C00206E6F74206265656E20696E697469614D
:104E9C006C697A65642E2200636F6E737420746F74
:104EAC007563686766783A3A466F6E742A20746F39
:104EBC007563686766783A3A5479706564546578B6
:104ECC00743A3A676574466F6E74282920636F6E66
:104EDC007374002E2E2F2E2E2F4D6964646C657703
:104EEC00617265732F53542F746F7563686766789E
:104EFC002F6672616D65776F726B2F696E636C755F
:104F0C0064652F746F7563686766782F5479706564
:104F1C0064546578742E6870700068617356616CA7
:104F2C0069644964282920262620227479706564D6
:104F3C00546578744964206C61726765722074687A
:104F4C00616E206E756D6265724F66547970656422
:104F5C0054657874732E2200636F6E737420746FB3
:104F6C007563686766783A3A556E69636F64653A3B
:104F7C003A556E69636F6465436861722A20746F79
:104F8C007563686766783A3A5479706564546578E5
:104F9C00743A3A67657454657874282920636F6E87
:104FAC0073740075736564203E203000746F7563F4
:104FBC00686766783A3A556E69636F64653A3A5534
:104FCC006E69636F64654368617220746F756368A2
:104FDC006766783A3A5465787450726F766964658E
:104FEC00723A3A63697263756C6172427566666592
:104FFC00723C73697A653E3A3A7065656B436861D9
:10500C00722829205B7769746820756E7369676EE6
:10501C00656420696E742073697A65203D20313097
:10502C003B20746F7563686766783A3A556E6963AE
:10503C006F64653A3A556E69636F64654368617273
:10504C00203D2073686F727420756E7369676E658E
:10505C006420696E745D002E2E2F2E2E2F4D6964E8
:10506C00646C6577617265732F53542F746F75631D
:10507C00686766782F6672616D65776F726B2F69E2
:10508C006E636C7564652F746F7563686766782FD3
:10509C005465787450726F76696465722E6870709E
:1050AC00006F6666736574203C20757365640074CC
:1050BC006F7563686766783A3A556E69636F6465B5
:1050CC003A3A556E69636F64654368617220746F18
:1050DC007563686766783A3A5465787450726F767F
:1050EC00696465723A3A63697263756C6172427590
:1050FC00666665723C73697A653E3A3A7065656BB3
:10510C00436861722875696E7431365F7429205B4F
:10511C007769746820756E7369676E656420696E53
:10512C00742073697A65203D2031303B20746F7593
:10513C0063686766783A3A556E69636F64653A3AA4
:10514C00556E69636F646543686172203D207368B6
:10515C006F727420756E7369676E656420696E7406
:10516C003B2075696E7431365F74203D2073686F17
:10517C00727420756E7369676E656420696E745DF8
:10518C000025640025752625750049444C450054BE
:10519C006D725100546D7220537663002C2066752D
:1051AC006E6374696F6E3A20006173736572746913
:1051BC006F6E2022257322206661696C65643A202B
:1051CC0066696C6520222573222C206C696E652023
:1051DC002564257325730A00232D302B2000686C61
:1051EC004C006566674546470030313233343536FE
:1051FC003738394142434445460030313233343537
:10520C00363738396162636465660000000000005F
:10521C0000000000D30900085B0A0008850900089B
:10522C00F10A0008D5090008F1090008570A00081E
:10523C00430A0008619B00086F9B00089109000855
:10524C0045A70008B99D00083B0A0008B9140008DE
:10525C00350B000889A30008779B0008BD9F000848
:10526C00B5A200081FA3000819A0000819A5000882
:10527C0051A40008ADA600087DA00008C99D000837
:10528C009DA5000821A60008250A0008470A000869
:10529C004B0A00084F0A0008530A0008930900083B
:1052AC00B10A000899090008F19E00085D9F0008EA
:1052BC00AD090008AF090008B3090008BD090008D2
:1052CC00C3090008339B0008D1A00008CB090008D3
:1052DC001D9C0008AD140008B11400083F0A00081A
:1052EC00D19D0008CF9E0008690A0008CD0900086E
:1052FC00CF090008D10900080000000000000000E0
:10530C001B0C0008D1A80008090C0008590C000857
:10531C0039A90008130C00080F0C0008210C000818
:10532C00410C0008E7A700085DA90008E1A70008E8
:10533C00A10D0008E90C000873A8000875A8000866
:10534C0073A800081DA90008000000000000000060
:10535C00D9100008ED100008DD950008F195000843
:10536C00B1950008B5950008D795000863100008A2
:10537C00671000086B100008751000080000000092
:10538C0000000000AD100008C1100008DD950008F9
:10539C00F1950008B1950008B5950008D79500085F
:1053AC0041100008451000084B1000085710000869
:1053BC000000000000000000851000089910000893
:1053CC00DD950008F1950008B1950008B595000829
:1053DC00D795000825100008291000082D1000088A
:1053EC003710000800000000000000000111000848
:1053FC003D1100087F1000080000000000000000B4
:10540C0000000000000000008F1300089313000838
:10541C009B1300083F22020800000000000000005F
:10542C00F11300085D140008D9C10008BF1300086F
:10543C00AD090108C9C20008BD14000845130008D5
:10544C002B090108CB1400086B0901084509010858
:10545C00491300084D130008511300085513000898
:10546C00591300085B1300085D1300085F13000854
:10547C00611300080D0A0108631300087B13000870
:10548C009D130008A3130008A9130008E1130008DA
:10549C000000000000000000F31300086B1400086B
:1054AC00F3AF0008CB130008CF130008D513000886
:1054BC00DB13000899AF0008E9C00008AFAF000883
:1054CC00B5AF0008D9AF000831B00008DDAF000857
:1054DC00E5130008E9130008ED13000897490208CA
:1054EC0000000000000000000000000000000000B0
:1054FC000080000018000000000000000000000008
:10550C00A04902080000000000000000000000009C
:10551C000000000000020000180000000000000065
:10552C000000000000000000000000003125000811
:10553C002125000823250008BC8103080000000079
:10554C00B8002F0000000000B8002F00C470020843
:10555C00000000001E001D0017000900030014408D
:10556C004CC50308000000001800130009000400DB
:10557C00070006406CCC030800000000120010006D
:10558C00020002000E000840ECD0030800000000EE
:10559C0009000E000400060001000540E4D20308D7
:1055AC00000000002000200000000000200020006F
:1055BC005C7E020800000000C80053000F000B00C6
:1055CC00AA0038400000000000000000B5250008CB
:1055DC00B72500080000000000000000DD250008D1
:1055EC009526000835260008552600080000000006
:1055FC0000000000C9F2000841F3000855F3000850
:10560C0071F30008A9F6000839280008DF25000806
:10561C00A3260008E125000805F60008C7250008A8
:10562C00A5F20008C925000869F30008E1FE00088E
:10563C0011F30008E5F70008E1F2000825F4000872
:10564C0000000000000000000B2600086B2600087C
:10565C0001260008D5250008D7250008B326000828
:10566C00D9250008000000000000000009260008F1
:10567C008726000881270008D52500080F2600087A
:10568C00D3260008D9250008000000000000000007
:10569C000726000879260008E5260008D52500080D
:1056AC000D260008C3260008D925000800000000BC
:1056BC0000000000592D0008AF2D000883120108CE
:1056CC00652500088525000889250008293900086A
:1056DC0045390008590701087708010871070108C6
:1056EC00110801088D2500080708010891250008FC
:1056FC00952500089D250008752D00081708010840
:10570C00512D0008552D0008A3250008A9250008D7
:10571C005B2D0008000000000000000000000000ED
:10572C00000000003F2202083F220208AD090108D8
:10573C0009090108BD140008451300082B090108CC
:10574C00CB1400086B09010845090108491300082E
:10575C004D13000851130008551300085913000885
:10576C005B1300085D1300085F1300086113000849
:10577C000D0A0108631300087B13000800000000E9
:10578C0000000000A32E0008DF2E000885CC0008C6
:10579C006F2E0008AD090108090901080B2F00083C
:1057AC00451300082B090108CB1400086B090108EC
:1057BC0045090108491300084D130008272E00085D
:1057CC004B2E0008591300085B1300085D130008EA
:1057DC005F130008611300080D0A01086313000829
:1057EC007B1300087B2E0008152F0008812E000863
:1057FC003DC3000869C30008B9C300082DC40008E4
:10580C009F2E00089B2E0008992F00080000000016
:10581C0000000000A52E0008ED2E0008AB2E00089D
:10582C00C92E00080000000000000000A72E000890
:10583C00FB2E0008A7180108A92E00081F2E00082F
:10584C00212E0008811301082914010829130108CD
:10585C00232E0008252E0008000000000000000088
:10586C0083320008DD320008679A00084F96000862
:10587C00AD09010809090108BD1400087D320008B2
:10588C002B090108019700086B090108450901085B
:10589C00491300084D130008511300085513000854
:1058AC0059130008293300085D1300085F13000822
:1058BC00611300080D0A010863130008D99A000847
:1058CC001D9600089F960008379600084996000818
:1058DC0009960008CD960008619700087796000895
:1058EC00C99900085B96000809330008C932000802
:1058FC00BF320008AF3300080000000000000000B9
:10590C0085320008EB3200088B320008A9320008FF
:10591C00000000000000000087320008F932000887
:10592C00A7180108893200081F2E0008212E000834
:10593C00811301082914010829130108232E0008DA
:10594C00252E000881320008000000000000000035
:10595C00C9F2000841F3000855F3000871F3000880
:10596C00E93A000839280008D73A0008D93A000863
:10597C00E125000805F60008C7250008A5F2000877
:10598C00C925000869F30008E1FE000811F30008BE
:10599C00E5F70008E1F2000825F40008000000001B
:1059AC0000000000253B0008253B00081F3B0008B9
:1059BC00273B0008FCFFFFFF00000000213B000814
:1059CC00353B000800000000000000006D3B0008A3
:1059DC00813B0008A7180108B53B00081F2E0008E2
:1059EC00513B0008811301082914010829130108EF
:1059FC00553B0008252E0008B93B000800000000AC
:105A0C0000000000E73B0008EF3B0008E13B00080A
:105A1C00F13B0008FCFFFFFF00000000E33B000827
:105A2C00FF3B00080000000000000000253D0008BE
:105A3C00693D0008A7180108054200081F2E000840
:105A4C00213C0008811301082914010829130108BD
:105A5C00253E0008252E0008833C0008913C0008D8
:105A6C00B93C0008233C00080000000001020304BC
:105A7C0000000000000000000102030406070809F2
:105A8C0004030202020101020000000000000000F9
:105A9C000000000000000000DD950008F1950008F2
:105AAC00B1950008B5950008D79500083F2202086B
:105ABC003F2202083F2202083F2202080000000099
:105ACC00000000008F96000891960008679A000865
:105ADC004F960008AD09010809090108BD1400081A
:105AEC007D3200082B090108019700086B09010899
:105AFC0045090108491300084D130008511300080B
:105B0C0055130008591300085B1300085D130008B7
:105B1C005F130008611300080D0A010863130008E5
:105B2C00D99A00081D9600089F9600083796000821
:105B3C004996000809960008CD9600086197000860
:105B4C0077960008C99900085B9600081018200089
:105B5C000000000808080808000000000000000011
:105B6C00B1A70008BDA7000879A8000877A800080D
:105B7C002BA90008BDA80008D5A70008000000004C
:105B8C000000000007AF000809AF00088F130008E1
:105B9C009313000805AF000849AA00080000000094
:105BAC00000000005DAF000885AF000841AF0008A1
:105BBC009313000881AF000863AF000819AF000809
:105BCC00F8FFFFFF000000005FAF000893AF000874
:105BDC0039AF00080000000000000000A9BB00085D
:105BEC0091BE000881B90008000000000000000010
:105BFC000000000000000000F3AF0008CB13000809
:105C0C00CF130008D5130008DB13000899AF000868
:105C1C00E9C00008AFAF0008B5AF0008D9AF000865
:105C2C0031B00008DDAF00083F2202083F22020815
:105C3C003F220208000000000000000000000000ED
:105C4C0000000000D9C10008BF130008AD0901080D
:105C5C00C9C20008BD140008451300082B0901082F
:105C6C00CB1400086B090108450901084913000809
:105C7C004D13000851130008551300085913000860
:105C8C005B1300085D1300085F1300086113000824
:105C9C000D0A0108631300087B1300089D1300080C
:105CAC00A3130008A91300083F22020800000000FB
:105CBC000000000065C3000849C80008C5C80008FA
:105CCC006F2E0008AD0901080909010859C8000820
:105CDC00451300082B090108CB1400086B090108B7
:105CEC0045090108491300084D130008272E000828
:105CFC004B2E0008591300085B1300085D130008B5
:105D0C005F130008611300080D0A010863130008F3
:105D1C007B1300087B2E0008152F0008812E00082D
:105D2C003DC3000869C30008B9C300082DC40008AE
:105D3C0039C300089B2E0008FDC4000800000000B9
:105D4C0000000000C1CA0008C3CA000885CA0008C8
:105D5C0067CA0008AD09010809090108D1CA000881
:105D6C00451300082B090108CB1400086B09010826
:105D7C0045090108491300084D1300085113000888
:105D8C0055130008591300085B1300085D13000835
:105D9C005F130008611300080D0A01086313000863
:105DAC007B1300080000000000000000EBCA000894
:105DBC0025CB000881CB000853CB0008AD090108A6
:105DCC000909010871CC0008451300082B090108CA
:105DDC00CB1400086B090108450901084913000898
:105DEC004D130008511300085513000859130008EF
:105DFC00D52102085D1300085F1300086113000829
:105E0C000D0A0108631300087B13000833CB00084C
:105E1C00E5CA0008EDCA0008000000000000000000
:105E2C005DCD000891CD0008D5CD00089FCD0008B0
:105E3C00AD09010809090108C1CD00084513000886
:105E4C002B090108CB1400086B090108450901084E
:105E5C00491300084D13000851130008551300088E
:105E6C00591300085B1300085D1300085F1300084A
:105E7C00611300080D0A0108631300087B13000866
:105E8C005FCD0008000000000000000059CE0008A3
:105E9C005BCE00080000000000000000C9F2000802
:105EAC0041F3000855F3000871F30008A9F6000847
:105EBC00DDF2000885F3000887F30008C52500080B
:105ECC0005F60008C7250008A5F20008C92500083A
:105EDC0069F30008E1FE000811F30008E5F700087B
:105EEC00E1F2000825F400080000000000000000AA
:105EFC00650A0108670A01081D0E01080000000070
:105F0C0000000000000000000000000083120108E7
:105F1C006525000885250008892500082939000811
:105F2C00453900085907010877080108710701086D
:105F3C00110801088D2500080708010891250008A3
:105F4C00952500089D2500083F2202081708010826
:105F5C002139000825390008A3250008A9250008C7
:105F6C003F2202080000000000000000EF120108B0
:105F7C00F1120108DD120108000000000000000011
:105F8C00ED120108FF120108E112010800000000E7
:105F9C0000000000EB1201080D130108E5120108C6
:105FAC000000000000000000E91201081B130108AA
:105FBC00A71801081D2E00081F2E0008212E00080E
:105FCC00811301082914010829130108232E000844
:105FDC00252E00080000000000000000115A0108E6
:105FEC008B5D0108A10D0208611002084512020820
:105FFC0000000000000000000F5A0108995D010824
:10600C00ED640108957101080D7401080000000091
:10601C00000000000D5A0108A75D01084167010846
:10602C0091760108797A0108000000000000000058
:10603C000B5A0108B75D01083D6B0108515F01085F
:10604C000000000000000000195A0108415F01081F
:10605C00C95301080000000000000000175A010895
:10606C00335F0108F1560108000000000000000039
:10607C00155A0108255F01080901020800000000FB
:10608C0000000000135A0108175F010811080208EC
:10609C0000000000000000002D5A0108B55E010848
:1060AC00F349010800000000000000002B5A010811
:1060BC00A75E0108814C01080000000000000000F0
:1060CC00495A0108F15D0108FB3501080000000088
:1060DC0000000000415A0108295E01081F3A01081E
:1060EC000000000000000000315A0108D15E0108D8
:1060FC00554401080000000000000000215A01086E
:10610C00095F0108F34D01080000000000000000C9
:10611C00475A0108E35D01089B38010800000000A4
:10612C00000000003F5A01081B5E0108C93C010831
:10613C0000000000000000002F5A0108C35E010897
:10614C00234701080000000000000000255A010848
:10615C007D5E01083FE30108000000000000000024
:10616C001F5A0108FB5E0108E950010800000000FD
:10617C0000000000395A0108615E0108A93E0108BF
:10618C000000000000000000235A01086F5E0108A7
:10619C008BE801080000000000000000455A0108CF
:1061AC00D55D010815A301080000000000000000E7
:1061BC003D5A01080D5E01083FAE010800000000C9
:1061CC0000000000295A0108995E01082DCF010832
:1061DC000000000000000000375A0108535E01085F
:1061EC006541010800000000000000001D5A010874
:1061FC00ED5E01084DEE01080000000000000000FB
:10620C00435A0108C75D0108BBA801080000000043
:10621C00000000003B5A0108FF5D01088DB4010825
:10622C000000000000000000275A01088B5E0108E6
:10623C0001DA010800000000000000001B5A0108F0
:10624C00DF5E0108E9F70108000000000000000013
:10625C00355A0108455E010813BB01080000000017
:10626C0000000000335A0108375E0108F1C4010830
:10627C000000000000000000095A01087D5D0108C3
:10628C0089900108A15B0108B18701084B5A0108EC
:10629C00997E0108915A0108C180010855810108B5
:1062AC006134010865340108693401088DDB00088C
:1062BC00A1DB000831DE0008ADDB000879340108F1
:1062CC0091DC00089D940108000000000000000013
:1062DC00A9210208C12102084B1C02080000008001
:1062EC00DB0F4940DB0F49C0DB0F49BFE4CB164045
:1062FC00E4CB16C0000FC93F000F494000CB9640BD
:10630C00000FC9400053FB4000CB164100ED2F415C
:10631C00000F49410031624100537B41003A8A41F0
:10632C0000CB9641005CA34100EDAF41007EBC4127
:10633C00000FC94100A0D5410031E24100C2EE413D
:10634C000053FB4100F20342003A0A420083104220
:10635C0000CB164200141D42005C234200A52942CA
:10636C0000ED2F4200363642007E3C4200C74242CE
:10637C00000F4942A2000000F90000008300000059
:10638C006E0000004E0000004400000015000000EC
:10639C0029000000FC00000027000000570000004E
:1063AC00D1000000F500000034000000DD0000000A
:1063BC00C0000000DB00000062000000950000003F
:1063CC00990000003C000000430000009000000019
:1063DC0041000000FE0000005100000063000000BE
:1063EC00AB000000DE000000BB000000C500000098
:1063FC0061000000B7000000240000006E000000E7
:10640C003A000000420000004D000000D2000000E5
:10641C00E000000006000000490000002E00000013
:10642C00EA00000009000000D1000000920000000A
:10643C001C000000FE0000001D000000EB0000002E
:10644C001C000000B100000029000000A7000000A3
:10645C003E000000E8000000820000003500000053
:10646C00F50000002E000000BB00000044000000FE
:10647C0084000000E90000009C0000007000000097
:10648C0026000000B40000005F0000007E00000049
:10649C00410000003900000091000000D60000000F
:1064AC003900000083000000530000003900000098
:1064BC00F40000009C000000840000005F0000005D
:1064CC008B000000BD000000F90000002800000057
:1064DC003B0000001F000000F800000097000000C7
:1064EC00FF000000DE000000050000009800000026
:1064FC000F000000EF0000002F0000001100000052
:10650C008B0000005A0000000A0000006D00000023
:10651C001F0000006D000000360000007E0000002F
:10652C00CF00000027000000CB0000000900000095
:10653C00B70000004F000000460000003F000000C4
:10654C00660000009E0000005F000000EA000000F2
:10655C002D0000007500000027000000BA000000AC
:10656C00C7000000EB000000E5000000F100000097
:10657C007B0000003D000000070000003900000017
:10658C00F70000008A00000052000000920000009A
:10659C00EA0000006B000000FB0000005F00000040
:1065AC00B10000001F0000008D0000005D00000025
:1065BC00080000005600000003000000300000003E
:1065CC0046000000FC0000007B0000006B00000097
:1065DC00AB000000F0000000CF000000BC00000089
:1065EC00200000009A000000F400000036000000BB
:1065FC001D000000A9000000E30000009100000055
:10660C00610000005E000000E60000001B000000BE
:10661C0008000000650000009900000085000000E3
:10662C005F00000014000000A000000068000000E3
:10663C00400000008D000000FF000000D8000000AA
:10664C00800000004D0000007300000027000000D7
:10665C0031000000060000000600000015000000DC
:10666C0056000000CA00000073000000A8000000E3
:10667C00C900000060000000E20000007B00000088
:10668C00C00000008C0000006B0000006937AC31CA
:10669C0068212233B40F14336821A2333863ED3EE2
:1066AC00DA0F493F5E987B3FDA0FC93F0000C93FC4
:1066BC000000F0390000DA370000A2330000842E0D
:1066CC000000502B0000C2270000D0220000C41F85
:1066DC000000C61B00004417040000000700000067
:0866EC0009000000CC4501206B
:1066F40060BB0400E1300C00E063090060BE81036C
:10670400C2C2A4039620CD00C400E70380AC373D89
:1067140040DC08D0024BC30086A500A5A500A5B3A4
:106724000096D0025B40DD08200C00D70C00200C42
:1067340000200C00200C00200C00200C00C8CE040B
:10674400B0DE0850104C00005A00102D00B00600B6
:106754007A00B10700F3DD9DA0ED1A50006B001024
:106764003B00F70800005A00008642105BB2DE08C6
:1067740000700C00C40C103C0CB0240C77200CD915
:10678400DDBF00200C00200CC0EE8EC00300C0034F
:1067940000C0DE0910107A00009641106BB1DE08CB
:1067A40000D81E900900D10000D3DB1AB50198B4BB
:1067B40000B3D1038740DC1AE3EEBE00009600006C
:1067C4002D00600900D00200A600003D00500A0020
:1067D40060CC1AD10078E20268709E0AC1535D95BC
:1067E40000B5D3018770CC1A60DD08C3014B960055
:1067F40095D401A670CD9B00006900401DA0BE0287
:10680400D2CE0321500C00300C00C105004D000015
:106814000C00000200000F00001053775702000024
:106824000083FCFFFFFFDF170000FDFFFFFFFFFFFA
:10683400DF0200FDFFFFEFFFFFFF2E00FD9E1500AE
:1068440041FAFFBF006B0000000060FFFF02000080
:1068540000000000FBFF07000000000000F7FF0835
:10686400000000000000F6FF09000000000000F72F
:10687400FF07000000000000FBFF04000000000010
:1068840030FFEF000000000000C1FF7F00000000A7
:106894000010FCFF0C0000000000D3FFDF0200002A
:1068A400000081FFFF2C0000000060FEFF9F00003D
:1068B400000000D0FFDF040000000000D0FF0B0048
:1068C4000000000000D0FF09000000000000D0FF1D
:1068D40009000000000000D0FF09000000000000D3
:1068E400D0FF0900000000000000000000000000CC
:1068F4000000000000000000000000000000000094
:1069040000000000404403000000000000F1FF0EFE
:10691400000000000000F1FF0E000000000000F184
:10692400FF0E000000000000F1FF0E000000000058
:106934000000A3FDCE1800000070FFDFFFCF0000B1
:1069440000F1FF05F6FF000000F3FF03F7BF0000AE
:1069540000E1FF6CFF2D00000050FFFF7D718802F5
:1069640000E5FFFF1CF2FF0260FF6DFFCFF6CF00D2
:10697400E1FF06F5FFFF3E00F4FF0650FFFF0500B0
:10698400F3FF6E64FEFF0B00A0FFFFFFEFFFAF00FD
:1069940000C6FEAD05FCFF080020D8EF6C0000E443
:1069A400FFFFFF0930FECFB6FF2FC0FF0C10FF6FB3
:1069B400F3FF0400FF6FF8EF0010FF5FFBAF004030
:1069C400FF3FFE8F0080FF0EFE7F00C0FF0AFE8F98
:1069D40000F6FF03FBEF87FF9F00F4FFFFFF0A00B1
:1069E40030EAEF5B0000000000FD2F0020B4FF0E32
:1069F40000F5FFFF0A00F8FFFF070000F1FF0300A6
:106A040000F4FF000000F8CF000000FB8F0000003E
:106A1400FE5F000030FF1F004194FF4E24F7FFFF8C
:106A2400FF4FFAFFFFFF1F0030B8FECE170000D063
:106A3400FFFFFFAF0000F19EA8FFFF01006200000E
:106A4400F9FF0100000000F9DF0000000020FE6FE4
:106A540000000000D2FF0A00000030FD9F0000008B
:106A640000F7FF06000000B2FF3C00000070FEEFDC
:106A740077772700F2FFFFFFFF2F00F6FFFFFFFFEE
:106A84000D000060CAFECE280000E0FFFFFFEF010A
:106A940000F3AC98FDFF0500210000F2FF040000A4
:106AA4004065FCAF000000F3FFBF05000000F7FFE6
:106AB400EF070000000071FF4F0000000010FF6F9F
:106AC40000A2030060FF3F00F6BF99FCFF0B00F932
:106AD400FFFFFFCF010072DBFFAD050000000000E7
:106AE40010FBFF01000000B1FFDF00000010FCFFFD
:106AF4009F000000C1BFFD6F000020FD2BFF2F0091
:106B040000D2AF50FF0E0020FD0A80FF0A00E1DF33
:106B140055C5FF5A01F5FFFFFFFFFF00F9FFFFFF17
:106B2400FFBF00000000F7BF0000000000FB8F0063
:106B340000000000FE4F00000050FFFFFFFF0F00A9
:106B440080FFFFFFFF0C00C0FF7A77770400F0FF9F
:106B54000300000000F3FF3401000000F7FFFFCF43
:106B6400040000FAFFFFFF3F0000340182FF9F0092
:106B740000000000FE9F0070010040FF6F00F2BFA4
:106B840099FBFF1D00F6FFFFFFDF020093ECFFBD42
:106B9400060000000072ECEF2C0070FFFFFF0F00F6
:106BA400F9FF7A860960FF4E000000E1FF47770590
:106BB40000F5FFFEFFDF02F9EF9AFCFF0AFB9F00DE
:106BC400B0FF0DFC8F0090FF0CFC9F00D0FF09F874
:106BD400EF46FAEF02D1FFFFFF4E0010C8FE8D0111
:106BE4000000FDFFFFFFFF0620FFFFFFFFFF021075
:106BF400666666FEDF0000000080FF3E00000000C5
:106C0400F5FF0500000030FE8F00000000D1FF0BEF
:106C140000000000FBDF0100000080FF3F000000D7
:106C240000F6FF0600000030FF9F00000000D1FFC7
:106C34000C00000000FCEF02000000000000B5FEA4
:106C4400CE280000B0FFFFFFEF0300F7EF36E6FFAA
:106C54000900FCAF00B0FF0800FBEF05F3EF0200F2
:106C6400E3FFEFFE2A0000A2FFFFEF060050FE3C08
:106C7400E7FF6F00F2FF0310FDBF00F6FF0100FB0A
:106C8400AF00F5FF4B94FF4F00C0FFFFFFFF07006D
:106C940000B6FEDE2900000060EBDF3A0010FCFFC6
:106CA400FFFF04C0FF5DB4FF0DF4FF0340FF2FF7A7
:106CB400FF0030FF2FF7FF1661FF1FF3FFFFFFFFF9
:106CC4000E50FDFFEBFF0A001012F3FF040000203A
:106CD400FDBF009666E9FF2D00FAFFFFBF0100E942
:106CE400EF9D04000000F0FF0500F4FF0100F7DF52
:106CF400000064460000000000000000002066055B
:106D04000090FF0B00C0FF0700F1FF040060DAEE03
:106D14008D01F2FFFFFF0CE569D7FF4F130050FF11
:106D24004F000070FF1E0010F7FF0620E9FF5D0012
:106D340070FF6D0100A0FF06000070880200004291
:106D440044000000F9EF000000FDBF000000000057
:106D5400A6EDDFAC0500D2FFFFFFFF0F00FCEF68DC
:106D640086FD0C30FF4F0000500730FF9F010000EC
:106D74000000FDFFCF37000000B2FFFFFF1B000043
:106D84000072FCFFBF0000000020FBFF00B6020001
:106D940000F7EF00F9BF6896FF9F00FCFFFFFFFFBD
:106DA4001B0072DBFFCE4900000000B6FEBD0600EA
:106DB400D3FFFFFF0C20FEBF45E709B0FF0A002008
:106DC40002F2FF03000000F4FF00000000F4FF02E1
:106DD400003100F1FF5C746D0070FFFFFF2F0000B5
:106DE400B4FDBE06000020C8FE9D0100E5FFFFFFC4
:106DF4001D40FF4E20FD6FC0FF0500FA8FF2FFFF1C
:106E0400FFFF6FF5EFCCCCCC2CF4DF00000001E1E8
:106E1400FF5B43C70760FFFFFFFF0300A3FDDE6ABC
:106E2400000010C8FE9D0200E4FFFFFF1D30FE8F2E
:106E340042FE8FB0FF0900F9BFF1FF0300F9AFF480
:106E4400FF0100FC7FF5FF0040FF2FF2FF28E5FF64
:106E54000890FFFFFF9F0000C6FEAD040000F7AFDF
:106E6400A3AE00FBDFFF7F00FEFFFF3F20FF4F01CB
:106E74000060FF0C000090FF090000D0FF05000037
:106E8400F1FF020000F5DF000000F8AF0000000091
:106E94000000000026000808080007000000200089
:106EA400000030000608080006000000380000005A
:106EB40031000508080106000000500000003200FF
:106EC40006080800060000006800000033000608F9
:106ED40008000600000080000000340006080800D6
:106EE40006000000980000003500060808000600AF
:106EF4000000B0000000360006080800060000008C
:106F0400C800000037000608080006000000E00082
:106F1400000038000608080006000000F800000021
:106F240039000608080006000000100100003F00B8
:106F34000508080005000000000000003F00111FC4
:106F44001F031600000000000000000020000000E5
:106F54000000060000000000000026000F0D0D00D8
:106F6400100000006800000030000C0D0D010D0041
:106F74000000B600000031000A0D0D010D000000F4
:106F8400F700000032000D0D0D000D00000052014D
:106F9400000033000D0D0D000D000000AD010000D8
:106FA40034000D0D0D000D00000008020000350036
:106FB4000D0D0D000D0000006302000036000C0DE5
:106FC4000D010D000000B102000037000D0D0D0190
:106FD4000D0000000C03000038000D0D0D000D0025
:106FE40000006703000039000C0D0D010D000000C6
:106FF400B50300003A00070A0A0007000000DD0399
:1070040000003F000A0D0D020B0000001E040000EA
:1070140053000D0D0D000D00000079040000630005
:107024000B0A0A000B000000B504000065000C0AFE
:107034000A000C000000F10400006F000C0A0A00B2
:107044000C0000002D05000072000A0A0A00090065
:0270540000003A
:10705800000000000000000000000000F4660208C4
:087068001C68020834690208EB
:10707000000000000A0000000000000011000000F5
:107080000000000002000000020000005300630046
:107090006F00720065003A0020000000530063009A
:1070A0006F00720065003A000000390039003900B5
:1070B00000000000B870020800000000020000009C
:0470C00000000000CC
:1070C40000000000000000000000000000000000BC
:1070D40000000000000000000000000000000000AC
:1070E400000000000000000000000000000000009C
:1070F4000000000048444834484448DB484848DB22
:107104004844483400000000000000000000000073
:10711400000000000000000000000000000000006B
:10712400000000000000000000000000000000005B
:10713400000000000000000000000000000000004B
:10714400000000000000000000000000000000003B
:10715400000000000000000000000000000000002B
:10716400000000000000000048444849484848F333
:10717400404840FF484448FF484448F3484848458D
:1071840000000000000000000000000000000000FB
:1071940000000000000000000000000000000000EB
:1071A40000000000000000000000000000000000DB
:1071B40000000000000000000000000000000000CB
:1071C40000000000000000000000000000000000BB
:1071D4000000000000000000000000004844486572
:1071E400484848FB404440FF484848FF484448FF5B
:1071F400404840FF484448FB4844485D00000000C4
:1072040000000000484448B2484448EF484848EF6A
:10721400484448B6000000000000000000000000E0
:10722400000000000000000000000000000000005A
:10723400000000000000000000000000000000004A
:107244000000000000000000000000004844480066
:1072540048484886484848FF404440FF484448FF5F
:10726400484848D7484848DF404440FF484848FF1A
:10727400484848FF4044407900000000484848FF1F
:10728400404440FF484848FF484448FF000000008D
:1072940000000000000000000000000000000000EA
:1072A40000000000000000000000000000000000DA
:1072B40000000000000000000000000000000000CA
:1072C40048444804484448A6404840FF484448FFCE
:1072D400484848FF484448CF484848184044401C60
:1072E400484448D7484848FF484848FF484448FF6E
:1072F40048484892484848FF404440FF484848FFAF
:10730400484848FF000000000000000000000000A2
:107314000000000000000000000000000000000069
:107324000000000000000000000000000000000059
:107334000000000048444810484848BE404840FF08
:10734400484448FF484848FF404440CB4848481018
:10735400000000000000000048444814404840CFAA
:10736400484448FF484448FF404840FF484448FFD9
:10737400484448FF484848FF404440FF000000009C
:1073840000000000000000000000000000000000F9
:1073940000000000000000000000000000000000E9
:1073A40000000000000000004844481C484848D33E
:1073B400404840FF484448FF484448FF484848BEC6
:1073C4004844480C000000000000000000000000D9
:1073D4000000000048484810404440C3484848FF63
:1073E400484848FF404440FF484848FF484448FF55
:1073F400484448FF000000000000000000000000B6
:107404000000000000000000000000000000000078
:107414000000000000000000000000004844483064
:10742400484848E3484448FF484448FF484848FF20
:10743400404840B6484448080000000000000000EE
:107444000000000000000000000000000000000038
:107454004844480C484848BA484448FF484848FF0C
:10746400404840FF484448FF484848FF40484000DF
:107474000000000000000000000000000000000008
:1074840000000000000000000000000000000000F8
:1074940048444845404840F3484848FF404440FF7A
:1074A400484448FF484848AA4048400800000000B3
:1074B40000000000000000000000000000000000C8
:1074C40000000000000000000000000040444008EC
:1074D400484448B2484848FF484448FF404440FFB5
:1074E400484848FF4844489E484448040000000077
:1074F4000000000000000000000000000000000088
:107504000000000048444861484848FB484448FF9C
:10751400484848FF404840FF4844489E484448047F
:107524000000000000000000000000000000000057
:107534000000000000000000000000000000000047
:10754400000000000000000048484804484448A6E1
:10755400484848FF484848FF484448FF484848FFCF
:10756400404840A2484448040000000000000000D5
:10757400000000004844480048484882404840FF12
:10758400484448FF484448FF484448FF4848489214
:10759400484848000000000000000000000000000F
:1075A40000000000000000000000000000000000D7
:1075B40000000000000000000000000000000000C7
:1075C40000000000404840044044409A484448FFBA
:1075D400484848FF404440FF484848FF484848A6B8
:1075E4004844480400000000484448044844489E75
:1075F400484848FF484448FF404840FF484848FF3F
:10760400404440FF000000000000000000000000B3
:107614000000000000000000000000000000000066
:107624000000000000000000000000000000000056
:107634000000000000000000000000000000000046
:1076440048444800484848FF404440FF484448FFF5
:10765400484848FF484448FF404440AA4848480432
:10766400484848A6404440FF484848FF484448FF2B
:10767400484448FF484848FF484848FF0000000085
:1076840000000000000000000000000000000000F6
:1076940000000000000000000000000000000000E6
:1076A40000000000000000000000000000000000D6
:1076B400000000000000000000000000484848FFEF
:1076C400484848FF484448FF484848FF404840FF6E
:1076D400484448FF484848A6484448F3484848FFB7
:1076E400404840FF48444892404440FF484848FFCF
:1076F400484448FF000000000000000000000000B3
:107704000000000000000000000000000000000075
:107714000000000000000000000000000000000065
:107724000000000000000000000000000000000055
:1077340000000000484448FF404840FF484448FFD8
:1077440048444892404840FF484448FF484448F36E
:1077540048444871484848E34844487900000000D8
:10776400484848FF404440FF484448FF00000000A8
:107774000000000000000000000000000000000005
:1077840000000000000000000000000000000000F5
:1077940000000000000000000000000000000000E5
:1077A400000000000000000000000000484848FFFE
:1077B400404440FF484848FF0000000048444882D5
:1077C400484848E7484848790000000000000000A5
:1077D4000000000000000000484848FF484848FFF7
:1077E400404840FF000000000000000000000000CE
:1077F4000000000000000000000000000000000085
:107804000000000000000000000000000000000074
:107814000000000000000000000000000000000064
:1078240000000000484448FF484848FF484848FFD3
:107834000000000000000000000000000000000044
:107844000000000000000000000000000000000034
:10785400404440FF484448FF484848FF00000000B7
:107864000000000000000000000000000000000014
:107874000000000000000000000000000000000004
:1078840000000000000000000000000000000000F4
:10789400000000000000000000000000404440FF21
:1078A400484448FF484848FF00000000000000002A
:1078B40000000000000000000000000000000000C4
:1078C4000000000000000000484448FF484848FF0A
:1078D400484448FF000000000000000000000000D1
:1078E4000000000000000000000000000000000094
:1078F4000000000000000000000000000000000084
:107904000000000000000000000000000000000073
:1079140000000000484848FF404440FF484448FFF6
:107924000000000000000000000000000000000053
:107934000000000000000000000000000000000043
:10794400484848FF404840FF484448FF00000000C2
:10795400000000000000000000000000484448FF50
:10796400404840FF484448FF484848FF404440FFDF
:10797400484848FF484848FF484448FF0000000082
:10798400000000000000000000000000484848FF1C
:10799400484848FF404440FF000000000000000049
:1079A40000000000000000000000000000000000D3
:1079B4000000000000000000484448FF404440FF2D
:1079C400484848FF000000000000000000000000DC
:1079D40000000000484848FF484448FF484848FF22
:1079E400484448FF484448FF404840FF484448FF53
:1079F400484848FF000000000000000000000000AC
:107A040000000000484448FF484848FF484848FFF1
:107A14000000000000000000000000000000000062
:107A24000000000000000000000000000000000052
:107A3400484848FF484448FF484848FF00000000C1
:107A4400000000000000000000000000404440FF6F
:107A5400484848FF404840FF484448FF484848FFDA
:107A6400484448FF404440FF484848FF00000000A5
:107A7400000000000000000000000000404440FF3F
:107A8400484448FF484848FF000000000000000048
:107A940000000000000000000000000000000000E2
:107AA4000000000000000000404840FF484448FF38
:107AB400484448FF000000000000000000000000EF
:107AC40000000000484448FF484848FF404440FF45
:107AD4000000000000000000484848FF484448FFF8
:107AE400404840FF000000000000000000000000CB
:107AF40000000000484848FF404440FF484448FF15
:107B04000000000000000000000000000000000071
:107B14000000000000000000000000000000000061
:107B2400484448FF404840FF484848FF00000000E0
:107B3400000000000000000000000000484848FF6A
:107B4400484448FF484848FF000000000000000087
:107B5400484848FF484448FF484448FF00000000A4
:107B6400000000000000000000000000484848FF3A
:107B7400484848FF404440FF000000000000000067
:107B840000000000000000000000000000000000F1
:107B94000000000000000000484448FF484848FF37
:107BA400404440FF0000000000000000000000000E
:107BB40000000000404440FF484848FF484448FF54
:107BC4000000000000000000404440FF484848FF17
:107BD400484848FF000000000000000000000000CA
:107BE40000000000484448FF484848FF484848FF10
:107BF4000000000000000000000000000000000081
:107C04000000000000000000000000000000000070
:107C1400484848FF484448FF484448FF00000000E3
:107C2400000000000000000000000000484848FF79
:107C3400404440FF484848FF0000000000000000A6
:107C4400484448FF404840FF484448FF00000000C3
:107C5400000000000000000000000000404440FF5D
:107C6400484448FF484848FF000000000000000066
:107C74000000000000000000000000000000000000
:107C84000000000000000000404840FF484448FF56
:107C9400484848FF00000000000000000000000009
:107CA40000000000484448FF484848FF404440FF63
:107CB4000000000000000000484848FF484448FF16
:107CC400404840FF000000000000000000000000E9
:107CD40000000000484848FF404440FF484448FF33
:107CE4000000000000000000000000000000000090
:107CF40000000000000000004844489E484448FF3B
:107D0400484848FF404840FF484448FF484848FF27
:107D1400404840FF484448FF484848FF404840FF27
:107D2400484448FF484848FF0000000000000000A5
:107D3400484448FF484848FF484448FF484848FFEB
:107D4400484448FF404440FF484848FF484848FFEB
:107D5400484848FF404440FF484848FF484448AA30
:107D6400000000000000000000000000000000000F
:107D7400484848F7484448FF484448FF484848FFB3
:107D8400404440FF484448FF484848FF484448FFAF
:107D9400484448FF404840FF484448FF484448FF9F
:107DA4000000000000000000404840FF484448FF35
:107DB400404840FF484448FF484848FF484848FF77
:107DC400404440FF484448FF484848FF484848FF6B
:107DD400404440FF484848FB484448000000000035
:107DE40000000000000000004048409E484448FF56
:107DF400484848FF404840FF484448FF484848FF37
:107E0400404440FF484848FF484448FF484848FF2A
:107E1400484848FF404440FF0000000000000000C4
:107E2400484848FF484448FF484448FF404840FF0A
:107E3400484448FF484848FF484448FF404440FFFE
:107E4400484848FF484448FF484448FF404840AA3F
:107E5400000000000000000000000000000000001E
:107E6400000000000000000000000000000000000E
:107E740000000000000000000000000000000000FE
:107E840000000000000000000000000000000000EE
:107E940000000000000000000000000000000000DE
:107EA40000000000000000000000000000000000CE
:107EB40000000000000000000000000000000000BE
:107EC40000000000000000000000000000000000AE
:107ED400000000000000000000000000000000009E
:107EE400000000000000000000000000000000008E
:107EF400000000000000000000000000000000007E
:107F0400000000000000000000000000000000006D
:107F1400000000000000000000000000000000005D
:107F2400000000000000000000000000000000004D
:107F3400000000000000000000000000000000003D
:107F4400000000000000000000000000000000002D
:107F5400000000000000000000000000000000001D
:107F6400000000000000000000000000000000000D
:107F740000000000000000000000000000000000FD
:107F840000000000000000000000000000000000ED
:107F940000000000000000000000000000000000DD
:107FA40000000000000000000000000000000000CD
:107FB40000000000000000000000000000000000BD
:107FC40000000000000000000000000000000000AD
:107FD400000000000000000000000000000000009D
:107FE400000000000000000000000000000000008D
:107FF400000000000000000000000000000000007D
:10800400000000000000000000000000000000006C
:10801400000000000000000000000000000000005C
:10802400000000000000000000000000000000004C
:10803400000000000000000000000000000000003C
:10804400000000000000000000000000000000002C
:10805400000000000000000000000000000000001C
:10806400000000000000000000000000000000000C
:1080740000000000000000000000000000000000FC
:1080840000000000000000000000000000000000EC
:1080940000000000000000000000000000000000DC
:1080A40000000000000000000000000000000000CC
:1080B40000000000000000000000000000000000BC
:1080C40000000000000000000000000000000000AC
:1080D400000000000000000000000000000000009C
:1080E400000000000000000000000000000000008C
:1080F400000000000000000000000000000000007C
:10810400000000000000000000000000000000006B
:10811400000000000000000000000000000000005B
:10812400000000000000000000000000000000004B
:10813400000000000000000000000000000000003B
:10814400000000000000000000000000000000002B
:10815400000000000000000000000000000000001B
:10816400000000000000000000000000000000000B
:1081740000000000000000000000000000000000FB
:1081840000000000000000000000000000000000EB
:1081940000000000000000000000000000000000DB
:1081A40000000000000000000000000000000000CB
:1081B40000000000000000000000000000000000BB
:1081C40000000000000000000000000000000000AB
:1081D400000000000000000000000000000000009B
:1081E400000000000000000000000000000000008B
:1081F400000000000000000000000000000000007B
:10820400000000000000000000000000000000006A
:10821400000000000000000000000000000000005A
:10822400000000000000000000000000000000004A
:10823400000000000000000000000000000000003A
:10824400000000000000000000000000000000002A
:10825400000000000000000000000000000000001A
:10826400000000000000000000000000000000000A
:1082740000000000000000000000000000000000FA
:1082840000000000000000000000000000000000EA
:1082940000000000000000000000000000000000DA
:1082A40000000000000000000000000000000000CA
:1082B40000000000000000000000000000000000BA
:1082C40000000000000000000000000000000000AA
:1082D400000000000000000000000000000000009A
:1082E400000000000000000000000000000000008A
:1082F400000000000000000000000000000000007A
:108304000000000000000000000000000000000069
:108314000000000000000000000000000000000059
:108324000000000000000000000000000000000049
:108334000000000000000000000000000000000039
:108344000000000000000000000000000000000029
:108354000000000000000000000000000000000019
:108364000000000000000000000000000000000009
:1083740000000000000000000000000000000000F9
:1083840000000000000000000000000000000000E9
:1083940000000000000000000000000000000000D9
:1083A40000000000000000000000000000000000C9
:1083B40000000000000000000000000000000000B9
:1083C40000000000000000000000000000000000A9
:1083D4000000000000000000000000000000000099
:1083E4000000000000000000000000000000000089
:1083F4000000000000000000000000000000000079
:108404000000000000000000000000000000000068
:108414000000000000000000000000000000000058
:108424000000000000000000000000000000000048
:108434000000000000000000000000000000000038
:108444000000000000000000000000000000000028
:108454000000000000000000000000000000000018
:108464000000000000000000000000000000000008
:1084740000000000000000000000000000000000F8
:1084840000000000000000000000000000000000E8
:1084940000000000000000000000000000000000D8
:1084A40000000000000000000000000000000000C8
:1084B40000000000000000000000000000000000B8
:1084C40000000000000000000000000000000000A8
:1084D4000000000000000000000000000000000098
:1084E4000000000000000000000000000000000088
:1084F4000000000000000000000000000000000078
:108504000000000000000000000000000000000067
:108514000000000000000000000000000000000057
:108524000000000000000000000000000000000047
:108534000000000000000000000000000000000037
:108544000000000000000000000000000000000027
:108554000000000000000000000000000000000017
:108564000000000000000000000000000000000007
:1085740000000000000000000000000000000000F7
:1085840000000000000000000000000000000000E7
:1085940000000000000000000000000000000000D7
:1085A40000000000000000000000000000000000C7
:1085B40000000000000000000000000000000000B7
:1085C40000000000000000000000000000000000A7
:1085D4000000000000000000000000000000000097
:1085E4000000000000000000000000000000000087
:1085F4000000000000000000000000000000000077
:108604000000000000000000000000000000000066
:108614000000000000000000000000000000000056
:108624000000000000000000000000000000000046
:108634000000000000000000000000000000000036
:108644000000000000000000000000000000000026
:108654000000000000000000000000000000000016
:108664000000000000000000000000000000000006
:1086740000000000000000000000000000000000F6
:1086840000000000000000000000000000000000E6
:1086940000000000000000000000000000000000D6
:1086A40000000000000000000000000000000000C6
:1086B40000000000000000000000000000000000B6
:1086C40000000000000000000000000000000000A6
:1086D4000000000000000000000000000000000096
:1086E4000000000000000000000000000000000086
:1086F4000000000000000000000000000000000076
:108704000000000000000000000000000000000065
:108714000000000000000000000000000000000055
:108724000000000000000000000000000000000045
:108734000000000000000000000000000000000035
:108744000000000000000000000000000000000025
:108754000000000000000000000000000000000015
:108764000000000000000000000000000000000005
:1087740000000000000000000000000000000000F5
:1087840000000000000000000000000000000000E5
:1087940000000000000000000000000000000000D5
:1087A40000000000000000000000000000000000C5
:1087B40000000000000000000000000000000000B5
:1087C40000000000000000000000000000000000A5
:1087D4000000000000000000000000000000000095
:1087E4000000000000000000000000000000000085
:1087F4000000000000000000000000000000000075
:108804000000000000000000000000000000000064
:108814000000000000000000000000000000000054
:108824000000000000000000000000000000000044
:108834000000000000000000000000000000000034
:108844000000000000000000000000000000000024
:108854000000000000000000000000000000000014
:108864000000000000000000000000000000000004
:1088740000000000000000000000000000000000F4
:1088840000000000000000000000000000000000E4
:1088940000000000000000000000000000000000D4
:1088A40000000000000000000000000000000000C4
:1088B40000000000000000000000000000000000B4
:1088C40000000000000000000000000000000000A4
:1088D4000000000000000000000000000000000094
:1088E4000000000000000000000000000000000084
:1088F4000000000000000000000000000000000074
:108904000000000000000000000000000000000063
:108914000000000000000000000000000000000053
:108924000000000000000000000000000000000043
:108934000000000000000000000000000000000033
:108944000000000000000000000000000000000023
:108954000000000000000000000000000000000013
:108964000000000000000000000000000000000003
:1089740000000000000000000000000000000000F3
:1089840000000000000000000000000000000000E3
:1089940000000000000000000000000000000000D3
:1089A40000000000000000000000000000000000C3
:1089B40000000000000000000000000000000000B3
:1089C40000000000000000000000000000000000A3
:1089D4000000000000000000000000000000000093
:1089E4000000000000000000000000000000000083
:1089F4000000000000000000000000000000000073
:108A04000000000000000000000000000000000062
:108A14000000000000000000000000000000000052
:108A24000000000000000000000000000000000042
:108A34000000000000000000000000000000000032
:108A44000000000000000000000000000000000022
:108A54000000000000000000000000000000000012
:108A64000000000000000000000000000000000002
:108A740000000000000000000000000000000000F2
:108A840000000000000000000000000000000000E2
:108A940000000000000000000000000000000000D2
:108AA40000000000000000000000000000000000C2
:108AB40000000000000000000000000000000000B2
:108AC40000000000000000000000000000000000A2
:108AD4000000000000000000000000000000000092
:108AE4000000000000000000000000000000000082
:108AF4000000000000000000000000000000000072
:108B04000000000000000000000000000000000061
:108B14000000000000000000000000000000000051
:108B24000000000000000000000000000000000041
:108B34000000000000000000000000000000000031
:108B44000000000000000000000000000000000021
:108B54000000000000000000000000000000000011
:108B64000000000000000000000000000000000001
:108B740000000000000000000000000000000000F1
:108B840000000000000000000000000000000000E1
:108B940000000000000000000000000000000000D1
:108BA40000000000000000000000000000000000C1
:108BB40000000000000000000000000000000000B1
:108BC40000000000000000000000000000000000A1
:108BD4000000000000000000000000000000000091
:108BE4000000000000000000000000000000000081
:108BF4000000000000000000000000000000000071
:108C04000000000000000000000000000000000060
:108C14000000000000000000000000000000000050
:108C24000000000000000000000000000000000040
:108C34000000000000000000000000000000000030
:108C44000000000000000000000000000000000020
:108C54000000000000000000000000000000000010
:108C64000000000000000000000000000000000000
:108C740000000000000000000000000000000000F0
:108C840000000000000000000000000000000000E0
:108C940000000000000000000000000000000000D0
:108CA40000000000000000000000000000000000C0
:108CB40000000000000000000000000000000000B0
:108CC40000000000000000000000000000000000A0
:108CD4000000000000000000000000000000000090
:108CE4000000000000000000000000000000000080
:108CF4000000000000000000000000000000000070
:108D0400000000000000000000000000000000005F
:108D1400000000000000000000000000000000004F
:108D2400000000000000000000000000000000003F
:108D3400000000000000000000000000000000002F
:108D4400000000000000000000000000000000001F
:108D5400000000000000000000000000000000000F
:108D640000000000000000000000000000000000FF
:108D740000000000000000000000000000000000EF
:108D840000000000000000000000000000000000DF
:108D940000000000000000000000000000000000CF
:108DA40000000000000000000000000000000000BF
:108DB40000000000000000000000000000000000AF
:108DC400000000000000000000000000000000009F
:108DD400000000000000000000000000000000008F
:108DE400000000000000000000000000000000007F
:108DF400000000000000000000000000000000006F
:108E0400000000000000000000000000000000005E
:108E1400000000000000000000000000000000004E
:108E2400000000000000000000000000000000003E
:108E3400000000000000000000000000000000002E
:108E4400000000000000000000000000000000001E
:108E5400000000000000000000000000000000000E
:108E640000000000000000000000000000000000FE
:108E740000000000000000000000000000000000EE
:108E840000000000000000000000000000000000DE
:108E940000000000000000000000000000000000CE
:108EA40000000000000000000000000000000000BE
:108EB40000000000000000000000000000000000AE
:108EC400000000000000000000000000000000009E
:108ED400000000000000000000000000000000008E
:108EE400000000000000000000000000000000007E
:108EF400000000000000000000000000000000006E
:108F0400000000000000000000000000000000005D
:108F1400000000000000000000000000000000004D
:108F2400000000000000000000000000000000003D
:108F3400000000000000000000000000000000002D
:108F4400000000000000000000000000000000001D
:108F5400000000000000000000000000000000000D
:108F640000000000000000000000000000000000FD
:108F740000000000000000000000000000000000ED
:108F840000000000000000000000000000000000DD
:108F940000000000000000000000000000000000CD
:108FA40000000000000000000000000000000000BD
:108FB40000000000000000000000000000000000AD
:108FC400000000000000000000000000000000009D
:108FD400000000000000000000000000000000008D
:108FE400000000000000000000000000000000007D
:108FF400000000000000000000000000000000006D
:10900400000000000000000000000000000000005C
:10901400000000000000000000000000000000004C
:10902400000000000000000000000000000000003C
:10903400000000000000000000000000000000002C
:10904400000000000000000000000000000000001C
:10905400000000000000000000000000000000000C
:1090640000000000000000000000000000000000FC
:1090740000000000000000000000000000000000EC
:1090840000000000000000000000000000000000DC
:1090940000000000000000000000000000000000CC
:1090A40000000000000000000000000000000000BC
:1090B40000000000000000000000000000000000AC
:1090C400000000000000000000000000000000009C
:1090D400000000000000000000000000000000008C
:1090E400000000000000000000000000000000007C
:1090F400000000000000000000000000000000006C
:10910400000000000000000000000000000000005B
:10911400000000000000000000000000000000004B
:10912400000000000000000000000000000000003B
:10913400000000000000000000000000000000002B
:10914400000000000000000000000000000000001B
:10915400000000000000000000000000000000000B
:1091640000000000000000000000000000000000FB
:1091740000000000000000000000000000000000EB
:1091840000000000000000000000000000000000DB
:1091940000000000000000000000000000000000CB
:1091A40000000000000000000000000000000000BB
:1091B40000000000000000000000000000000000AB
:1091C400000000000000000000000000000000009B
:1091D400000000000000000000000000000000008B
:1091E400000000000000000000000000000000007B
:1091F400000000000000000000000000000000006B
:10920400000000000000000000000000000000005A
:10921400000000000000000000000000000000004A
:10922400000000000000000000000000000000003A
:10923400000000000000000000000000000000002A
:10924400000000000000000000000000000000001A
:10925400000000000000000000000000000000000A
:1092640000000000000000000000000000000000FA
:1092740000000000000000000000000000000000EA
:1092840000000000000000000000000000000000DA
:1092940000000000000000000000000000000000CA
:1092A40000000000000000000000000000000000BA
:1092B40000000000000000000000000000000000AA
:1092C400000000000000000000000000000000009A
:1092D400000000000000000000000000000000008A
:1092E400000000000000000000000000000000007A
:1092F400000000000000000000000000000000006A
:109304000000000000000000000000000000000059
:109314000000000000000000000000000000000049
:109324000000000000000000000000000000000039
:109334000000000000000000000000000000000029
:109344000000000000000000000000000000000019
:109354000000000000000000000000000000000009
:1093640000000000000000000000000000000000F9
:1093740000000000000000000000000000000000E9
:1093840000000000000000000000000000000000D9
:1093940000000000000000000000000000000000C9
:1093A40000000000000000000000000000000000B9
:1093B40000000000000000000000000000000000A9
:1093C4000000000000000000000000000000000099
:1093D4000000000000000000000000000000000089
:1093E4000000000000000000000000000000000079
:1093F4000000000000000000000000000000000069
:109404000000000000000000000000000000000058
:109414000000000000000000000000000000000048
:109424000000000000000000000000000000000038
:109434000000000000000000000000000000000028
:109444000000000000000000000000000000000018
:109454000000000000000000000000000000000008
:1094640000000000000000000000000000000000F8
:1094740000000000000000000000000000000000E8
:1094840000000000000000000000000000000000D8
:1094940000000000000000000000000000000000C8
:1094A40000000000000000000000000000000000B8
:1094B40000000000000000000000000000000000A8
:1094C4000000000000000000000000000000000098
:1094D4000000000000000000000000000000000088
:1094E4000000000000000000000000000000000078
:1094F4000000000000000000000000000000000068
:109504000000000000000000000000000000000057
:109514000000000000000000000000000000000047
:109524000000000000000000000000000000000037
:109534000000000000000000000000000000000027
:109544000000000000000000000000000000000017
:109554000000000000000000000000000000000007
:1095640000000000000000000000000000000000F7
:1095740000000000000000000000000000000000E7
:1095840000000000000000000000000000000000D7
:1095940000000000000000000000000000000000C7
:1095A40000000000000000000000000000000000B7
:1095B40000000000000000000000000000000000A7
:1095C4000000000000000000000000000000000097
:1095D4000000000000000000000000000000000087
:1095E4000000000000000000000000000000000077
:1095F4000000000000000000000000000000000067
:109604000000000000000000000000000000000056
:109614000000000000000000000000000000000046
:109624000000000000000000000000000000000036
:109634000000000000000000000000000000000026
:109644000000000000000000000000000000000016
:109654000000000000000000000000000000000006
:1096640000000000000000000000000000000000F6
:1096740000000000000000000000000000000000E6
:1096840000000000000000000000000000000000D6
:1096940000000000000000000000000000000000C6
:1096A40000000000000000000000000000000000B6
:1096B40000000000000000000000000000000000A6
:1096C4000000000000000000000000000000000096
:1096D4000000000000000000000000000000000086
:1096E4000000000000000000000000000000000076
:1096F4000000000000000000000000000000000066
:109704000000000000000000000000000000000055
:109714000000000000000000000000000000000045
:109724000000000000000000000000000000000035
:109734000000000000000000000000000000000025
:109744000000000000000000000000000000000015
:109754000000000000000000000000000000000005
:1097640000000000000000000000000000000000F5
:1097740000000000000000000000000000000000E5
:1097840000000000000000000000000000000000D5
:1097940000000000000000000000000000000000C5
:1097A40000000000000000000000000000000000B5
:1097B40000000000000000000000000000000000A5
:1097C4000000000000000000000000000000000095
:1097D4000000000000000000000000000000000085
:1097E4000000000000000000000000000000000075
:1097F4000000000000000000000000000000000065
:109804000000000000000000000000000000000054
:109814000000000000000000000000000000000044
:109824000000000000000000000000000000000034
:109834000000000000000000000000000000000024
:109844000000000000000000000000000000000014
:109854000000000000000000000000000000000004
:1098640000000000000000000000000000000000F4
:1098740000000000000000000000000000000000E4
:1098840000000000000000000000000000000000D4
:1098940000000000000000000000000000000000C4
:1098A40000000000000000000000000000000000B4
:1098B40000000000000000000000000000000000A4
:1098C4000000000000000000000000000000000094
:1098D4000000000000000000000000000000000084
:1098E4000000000000000000000000000000000074
:1098F4000000000000000000000000000000000064
:109904000000000000000000000000000000000053
:109914000000000000000000000000000000000043
:109924000000000000000000000000000000000033
:109934000000000000000000000000000000000023
:109944000000000000000000000000000000000013
:109954000000000000000000000000000000000003
:1099640000000000000000000000000000000000F3
:1099740000000000000000000000000000000000E3
:1099840000000000000000000000000000000000D3
:1099940000000000000000000000000000000000C3
:1099A40000000000000000000000000000000000B3
:1099B40000000000000000000000000000000000A3
:1099C4000000000000000000000000000000000093
:1099D4000000000000000000000000000000000083
:1099E4000000000000000000000000000000000073
:1099F4000000000000000000000000000000000063
:109A04000000000000000000000000000000000052
:109A14000000000000000000000000000000000042
:109A24000000000000000000000000000000000032
:109A34000000000000000000000000000000000022
:109A44000000000000000000000000000000000012
:109A54000000000000000000000000000000000002
:109A640000000000000000000000000000000000F2
:109A740000000000000000000000000000000000E2
:109A840000000000000000000000000000000000D2
:109A940000000000000000000000000000000000C2
:109AA40000000000000000000000000000000000B2
:109AB40000000000000000000000000000000000A2
:109AC4000000000000000000000000000000000092
:109AD4000000000000000000000000000000000082
:109AE4000000000000000000000000000000000072
:109AF4000000000000000000000000000000000062
:109B04000000000000000000000000000000000051
:109B14000000000000000000000000000000000041
:109B24000000000000000000000000000000000031
:109B34000000000000000000000000000000000021
:109B44000000000000000000000000000000000011
:109B54000000000000000000000000000000000001
:109B640000000000000000000000000000000000F1
:109B740000000000000000000000000000000000E1
:109B840000000000000000000000000000000000D1
:109B940000000000000000000000000000000000C1
:109BA40000000000000000000000000000000000B1
:109BB40000000000000000000000000000000000A1
:109BC4000000000000000000000000000000000091
:109BD4000000000000000000000000000000000081
:109BE4000000000000000000000000000000000071
:109BF4000000000000000000000000000000000061
:109C04000000000000000000000000000000000050
:109C14000000000000000000000000000000000040
:109C24000000000000000000000000000000000030
:109C34000000000000000000000000000000000020
:109C44000000000000000000000000000000000010
:109C54000000000000000000000000000000000000
:109C640000000000000000000000000000000000F0
:109C740000000000000000000000000000000000E0
:109C840000000000000000000000000000000000D0
:109C940000000000000000000000000000000000C0
:109CA40000000000000000000000000000000000B0
:109CB40000000000000000000000000000000000A0
:109CC4000000000000000000000000000000000090
:109CD4000000000000000000000000000000000080
:109CE4000000000000000000000000000000000070
:109CF4000000000000000000000000000000000060
:109D0400000000000000000000000000000000004F
:109D1400000000000000000000000000000000003F
:109D2400000000000000000000000000000000002F
:109D3400000000000000000000000000000000001F
:109D4400000000000000000000000000000000000F
:109D540000000000000000000000000000000000FF
:109D640000000000000000000000000000000000EF
:109D740000000000000000000000000000000000DF
:109D840000000000000000000000000000000000CF
:109D940000000000000000000000000000000000BF
:109DA40000000000000000000000000000000000AF
:109DB400000000000000000000000000000000009F
:109DC400000000000000000000000000000000008F
:109DD4007878789A787878FB787878FB787878FB54
:109DE400787878FB787878FB787878FB787878FBE3
:109DF400787878FB787878FB787878FB787878FBD3
:109E0400787878FB787878FB787878FB787878FBC2
:109E1400787878FB787878FB787878FB787878FBB2
:109E2400787878FB787878FB787878FB787878FBA2
:109E3400787878FB787878FB787878FB787878FB92
:109E4400787878FB787878FB787878FB787878FB82
:109E5400787878FB787878FB787878FB787878FB72
:109E6400787878FB787878FB787878FB787878FB62
:109E7400787878FB787878FB787878FB787878FB52
:109E8400787878FB787878FB787878FB787878FB42
:109E9400787878FB787878FB787878FB787878FB32
:109EA400787878FB787878FB787878FB787878FB22
:109EB400787878FB787878FB787878FB787878FB12
:109EC400787878FB787878FB787878FB787878FB02
:109ED400787878FB787878FB787878FB787878FBF2
:109EE400787878FB787878FB787878FB787878FBE2
:109EF400787878FB787878FB787878FB787878FBD2
:109F0400787878FB787878FB787878FB787878FBC1
:109F1400787878FB787878FB787878FB787878FBB1
:109F2400787878FB787878FB787878FB787878FBA1
:109F3400787878FB787878FB787878FB787878FB91
:109F4400787878FB787878FB787878FB787878FB81
:109F5400787878FB787878FB787878FB787878FB71
:109F6400787878FB787878FB787878FB787878FB61
:109F7400787878FB787878FB787878FB787878FB51
:109F8400787878FB787878FB787878FB787878FB41
:109F9400787878FB787878FB787878FB787878FB31
:109FA400787878FB787878FB787878FB787878FB21
:109FB400787878FB787878FB787878FB787878FB11
:109FC400787878FB787878FB787878FB787878FB01
:109FD400787878FB787878FB787878FB787878FBF1
:109FE400787878FB787878FB787878FB787878FBE1
:109FF400787878FB787878FB787878FB787878FBD1
:10A00400787878FB787878FB787878FB787878FBC0
:10A01400787878FB787878FB787878FB787878FBB0
:10A02400787878FB787878FB787878FB787878FBA0
:10A03400787878FB787878FB787878FB787878FB90
:10A04400787878FB787878FB787878FB787878FB80
:10A05400787878FB787878FB787878FB787878FB70
:10A06400787878FB787878FB787878FB787878FB60
:10A07400787878FB787878FB787878FB7878789AB1
:10A0840000000000000000000000000000000000CC
:10A0940000000000000000000000000000000000BC
:10A0A40000000000000000000000000000000000AC
:10A0B400000000000000000000000000000000009C
:10A0C400000000000000000000000000000000008C
:10A0D400000000000000000000000000000000007C
:10A0E400000000000000000000000000000000006C
:10A0F4007878789A787878FF787878FF787878FF25
:10A10400787878FF787878FF787878FF787878FFAF
:10A11400787878FF787878FF787878FF787878FF9F
:10A12400787878FF787878FF787878FF787878FF8F
:10A13400787878FF787878FF787878FF787878FF7F
:10A14400787878FF787878FF787878FF787878FF6F
:10A15400787878FF787878FF787878FF787878FF5F
:10A16400787878FF787878FF787878FF787878FF4F
:10A17400787878FF787878FF787878FF787878FF3F
:10A18400787878FF787878FF787878FF787878FF2F
:10A19400787878FF787878FF787878FF787878FF1F
:10A1A400787878FF787878FF787878FF787878FF0F
:10A1B400787878FF787878FF787878FF787878FFFF
:10A1C400787878FF787878FF787878FF787878FFEF
:10A1D400787878FF787878FF787878FF787878FFDF
:10A1E400787878FF787878FF787878FF787878FFCF
:10A1F400787878FF787878FF787878FF787878FFBF
:10A20400787878FF787878FF787878FF787878FFAE
:10A21400787878FF787878FF787878FF787878FF9E
:10A22400787878FF787878FF787878FF787878FF8E
:10A23400787878FF787878FF787878FF787878FF7E
:10A24400787878FF787878FF787878FF787878FF6E
:10A25400787878FF787878FF787878FF787878FF5E
:10A26400787878FF787878FF787878FF787878FF4E
:10A27400787878FF787878FF787878FF787878FF3E
:10A28400787878FF787878FF787878FF787878FF2E
:10A29400787878FF787878FF787878FF787878FF1E
:10A2A400787878FF787878FF787878FF787878FF0E
:10A2B400787878FF787878FF787878FF787878FFFE
:10A2C400787878FF787878FF787878FF787878FFEE
:10A2D400787878FF787878FF787878FF787878FFDE
:10A2E400787878FF787878FF787878FF787878FFCE
:10A2F400787878FF787878FF787878FF787878FFBE
:10A30400787878FF787878FF787878FF787878FFAD
:10A31400787878FF787878FF787878FF787878FF9D
:10A32400787878FF787878FF787878FF787878FF8D
:10A33400787878FF787878FF787878FF787878FF7D
:10A34400787878FF787878FF787878FF787878FF6D
:10A35400787878FF787878FF787878FF787878FF5D
:10A36400787878FF787878FF787878FF787878FF4D
:10A37400787878FF787878FF787878FF787878FF3D
:10A38400787878FF787878FF787878FF787878FF2D
:10A39400787878FF787878FF787878FF7878789A82
:10A3A40000000000000000000000000000000000A9
:10A3B4000000000000000000000000000000000099
:10A3C4000000000000000000000000000000000089
:10A3D4000000000000000000000000000000000079
:10A3E4000000000000000000000000000000000069
:10A3F4000000000000000000000000000000000059
:10A4040000000000787878107878782078787820C0
:10A41400808480A6808480FF888488FF808480FF75
:10A42400808480FF888488FF808480FF808480FF0C
:10A43400888488FF808480FF808480FF888488FFEC
:10A44400808480FF808480FF888488FF808480FFEC
:10A45400808480FF888488FF808480FF808480FFDC
:10A46400888488FF808480FF808480FF888488FFBC
:10A47400808480FF808480FF888488FF808480FFBC
:10A48400808480FF888488FF808480FF808480FFAC
:10A49400888488FF808480FF808480FF888488FF8C
:10A4A400808480FF808480FF888488FF808480FF8C
:10A4B400808480FF888488FF808480FF808480FF7C
:10A4C400888488FF808480FF808480FF888488FF5C
:10A4D400808480FF808480FF888488FF808480FF5C
:10A4E400808480FF888488FF808480FF808480FF4C
:10A4F400888488FF808480FF808480FF888488FF2C
:10A50400808480FF808480FF888488FF808480FF2B
:10A51400808480FF888488FF808480FF808480FF1B
:10A52400888488FF808480FF808480FF888488FFFB
:10A53400808480FF808480FF888488FF808480FFFB
:10A54400808480FF888488FF808480FF808480FFEB
:10A55400888488FF808480FF808480FF888488FFCB
:10A56400808480FF808480FF888488FF808480FFCB
:10A57400808480FF888488FF808480FF808480FFBB
:10A58400888488FF808480FF808480FF888488FF9B
:10A59400808480FF808480FF888488FF808480FF9B
:10A5A400808480FF888488FF808480FF808480FF8B
:10A5B400888488FF808480FF808480FF888488FF6B
:10A5C400808480FF808480FF888488FF808480FF6B
:10A5D400808480FF888488FF808480FF808480FF5B
:10A5E400888488FF808480FF808480FF888488FF3B
:10A5F400808480FF808480FF888488FF808480FF3B
:10A60400808480FF888488FF808480FF808480FF2A
:10A61400888488FF808480FF808480FF888488FF0A
:10A62400808480FF808480FF888488FF808480FF0A
:10A63400808480FF888488FF808480FF808480FFFA
:10A64400888488FF808480FF808480FF888488FFDA
:10A65400808480FF808480FF888488FF808480FFDA
:10A66400808480FF888488FF808480FF808480FFCA
:10A67400888488FF808480FF808480FF888488FFAA
:10A68400808480FF808480FF888488FF808480FFAA
:10A69400808480FF888488FF808480FF808480FF9A
:10A6A400888488FF808480FF808480FF888488FF7A
:10A6B400808480FF808480FF888488FF808480A6D3
:10A6C40078787820787878207878781000000000FE
:10A6D4000000000000000000000000000000000076
:10A6E4000000000000000000000000000000000066
:10A6F4000000000000000000000000000000000056
:10A704000000000000000000000000000000000045
:10A714000000000000000000000000000000000035
:10A72400000000007878787D787878FF787878FF72
:10A73400B0B4B0FFD8D8D8FFD8D8D8FFD8D8D8FF6D
:10A74400D8D8D8FFD8D8D8FFD8D8D8FFD8D8D8FFE9
:10A75400D8D8D8FFD8D8D8FFD8D8D8FFD8D8D8FFD9
:10A76400D8D8D8FFD8D8D8FFD8D8D8FFD8D8D8FFC9
:10A77400D8D8D8FFD8D8D8FFD8D8D8FFD8D8D8FFB9
:10A78400D8D8D8FFD8D8D8FFD8D8D8FFD8D8D8FFA9
:10A79400D8D8D8FFD8D8D8FFD8D8D8FFD8D8D8FF99
:10A7A400D8D8D8FFD8D8D8FFD8D8D8FFD8D8D8FF89
:10A7B400D8D8D8FFD8D8D8FFD8D8D8FFD8D8D8FF79
:10A7C400D8D8D8FFD8D8D8FFD8D8D8FFD8D8D8FF69
:10A7D400D8D8D8FFD8D8D8FFD8D8D8FFD8D8D8FF59
:10A7E400D8D8D8FFD8D8D8FFD8D8D8FFD8D8D8FF49
:10A7F400D8D8D8FFD8D8D8FFD8D8D8FFD8D8D8FF39
:10A80400D8D8D8FFD8D8D8FFD8D8D8FFD8D8D8FF28
:10A81400D8D8D8FFD8D8D8FFD8D8D8FFD8D8D8FF18
:10A82400D8D8D8FFD8D8D8FFD8D8D8FFD8D8D8FF08
:10A83400D8D8D8FFD8D8D8FFD8D8D8FFD8D8D8FFF8
:10A84400D8D8D8FFD8D8D8FFD8D8D8FFD8D8D8FFE8
:10A85400D8D8D8FFD8D8D8FFD8D8D8FFD8D8D8FFD8
:10A86400D8D8D8FFD8D8D8FFD8D8D8FFD8D8D8FFC8
:10A87400D8D8D8FFD8D8D8FFD8D8D8FFD8D8D8FFB8
:10A88400D8D8D8FFD8D8D8FFD8D8D8FFD8D8D8FFA8
:10A89400D8D8D8FFD8D8D8FFD8D8D8FFD8D8D8FF98
:10A8A400D8D8D8FFD8D8D8FFD8D8D8FFD8D8D8FF88
:10A8B400D8D8D8FFD8D8D8FFD8D8D8FFD8D8D8FF78
:10A8C400D8D8D8FFD8D8D8FFD8D8D8FFD8D8D8FF68
:10A8D400D8D8D8FFD8D8D8FFD8D8D8FFD8D8D8FF58
:10A8E400D8D8D8FFD8D8D8FFD8D8D8FFD8D8D8FF48
:10A8F400D8D8D8FFD8D8D8FFD8D8D8FFD8D8D8FF38
:10A90400D8D8D8FFD8D8D8FFD8D8D8FFD8D8D8FF27
:10A91400D8D8D8FFD8D8D8FFD8D8D8FFD8D8D8FF17
:10A92400D8D8D8FFD8D8D8FFD8D8D8FFD8D8D8FF07
:10A93400D8D8D8FFD8D8D8FFD8D8D8FFD8D8D8FFF7
:10A94400D8D8D8FFD8D8D8FFD8D8D8FFD8D8D8FFE7
:10A95400D8D8D8FFD8D8D8FFD8D8D8FFD8D8D8FFD7
:10A96400D8D8D8FFD8D8D8FFD8D8D8FFD8D8D8FFC7
:10A97400D8D8D8FFD8D8D8FFD8D8D8FFD8D8D8FFB7
:10A98400D8D8D8FFD8D8D8FFD8D8D8FFD8D8D8FFA7
:10A99400D8D8D8FFD8D8D8FFD8D8D8FFD8D8D8FF97
:10A9A400D8D8D8FFD8D8D8FFD8D8D8FFD8D8D8FF87
:10A9B400D8D8D8FFD8D8D8FFD8D8D8FFD8D8D8FF77
:10A9C400D8D8D8FFD8D8D8FFD8D8D8FFD8D8D8FF67
:10A9D400D8D8D8FFD8D8D8FFD8D8D8FFB0B4B0FFCB
:10A9E400787878FF787878FF7878787D00000000B0
:10A9F4000000000000000000000000000000000053
:10AA04000000000000000000000000000000000042
:10AA14000000000000000000000000000000000032
:10AA24000000000000000000000000000000000022
:10AA34000000000000000000000000000000000012
:10AA4400000000007878787D787878FF787878FF4F
:10AA5400B8B4B8FFD8D8D8FFD8D8D8FFD8D8D8FF3A
:10AA6400D8D8D8FFD8D8D8FFD8D8D8FFD8D8D8FFC6
:10AA7400D8D8D8FFD8D8D8FFD8D8D8FFD8D8D8FFB6
:10AA8400D8D8D8FFD8D8D8FFD8D8D8FFD8D8D8FFA6
:10AA9400D8D8D8FFD8D8D8FFD8D8D8FFD8D8D8FF96
:10AAA400D8D8D8FFD8D8D8FFD8D8D8FFD8D8D8FF86
:10AAB400D8D8D8FFD8D8D8FFD8D8D8FFD8D8D8FF76
:10AAC400D8D8D8FFD8D8D8FFD8D8D8FFD8D8D8FF66
:10AAD400D8D8D8FFD8D8D8FFD8D8D8FFD8D8D8FF56
:10AAE400D8D8D8FFD8D8D8FFD8D8D8FFD8D8D8FF46
:10AAF400D8D8D8FFD8D8D8FFD8D8D8FFD8D8D8FF36
:10AB0400D8D8D8FFD8D8D8FFD8D8D8FFD8D8D8FF25
:10AB1400D8D8D8FFD8D8D8FFD8D8D8FFD8D8D8FF15
:10AB2400D8D8D8FFD8D8D8FFD8D8D8FFD8D8D8FF05
:10AB3400D8D8D8FFD8D8D8FFD8D8D8FFD8D8D8FFF5
:10AB4400D8D8D8FFD8D8D8FFD8D8D8FFD8D8D8FFE5
:10AB5400D8D8D8FFD8D8D8FFD8D8D8FFD8D8D8FFD5
:10AB6400D8D8D8FFD8D8D8FFD8D8D8FFD8D8D8FFC5
:10AB7400D8D8D8FFD8D8D8FFD8D8D8FFD8D8D8FFB5
:10AB8400D8D8D8FFD8D8D8FFD8D8D8FFD8D8D8FFA5
:10AB9400D8D8D8FFD8D8D8FFD8D8D8FFD8D8D8FF95
:10ABA400D8D8D8FFD8D8D8FFD8D8D8FFD8D8D8FF85
:10ABB400D8D8D8FFD8D8D8FFD8D8D8FFD8D8D8FF75
:10ABC400D8D8D8FFD8D8D8FFD8D8D8FFD8D8D8FF65
:10ABD400D8D8D8FFD8D8D8FFD8D8D8FFD8D8D8FF55
:10ABE400D8D8D8FFD8D8D8FFD8D8D8FFD8D8D8FF45
:10ABF400D8D8D8FFD8D8D8FFD8D8D8FFD8D8D8FF35
:10AC0400D8D8D8FFD8D8D8FFD8D8D8FFD8D8D8FF24
:10AC1400D8D8D8FFD8D8D8FFD8D8D8FFD8D8D8FF14
:10AC2400D8D8D8FFD8D8D8FFD8D8D8FFD8D8D8FF04
:10AC3400D8D8D8FFD8D8D8FFD8D8D8FFD8D8D8FFF4
:10AC4400D8D8D8FFD8D8D8FFD8D8D8FFD8D8D8FFE4
:10AC5400D8D8D8FFD8D8D8FFD8D8D8FFD8D8D8FFD4
:10AC6400D8D8D8FFD8D8D8FFD8D8D8FFD8D8D8FFC4
:10AC7400D8D8D8FFD8D8D8FFD8D8D8FFD8D8D8FFB4
:10AC8400D8D8D8FFD8D8D8FFD8D8D8FFD8D8D8FFA4
:10AC9400D8D8D8FFD8D8D8FFD8D8D8FFD8D8D8FF94
:10ACA400D8D8D8FFD8D8D8FFD8D8D8FFD8D8D8FF84
:10ACB400D8D8D8FFD8D8D8FFD8D8D8FFD8D8D8FF74
:10ACC400D8D8D8FFD8D8D8FFD8D8D8FFD8D8D8FF64
:10ACD400D8D8D8FFD8D8D8FFD8D8D8FFD8D8D8FF54
:10ACE400D8D8D8FFD8D8D8FFD8D8D8FFD8D8D8FF44
:10ACF400D8D8D8FFD8D8D8FFD8D8D8FFB8B4B8FF98
:10AD0400787878FF787878FF7878787D000000008C
:10AD1400000000000000000000000000000000002F
:10AD2400000000000000000000000000000000001F
:10AD3400000000000000000000000000000000000F
:10AD440000000000000000000000000000000000FF
:10AD540000000000000000007878781878787841C6
:10AD640078787841888C889E909090FF909090FF9E
:10AD7400C0BCC0FFD8D8D8FFD8D8D8FFD8DCD8FFFB
:10AD8400D8D8D8FFD8D8D8FFD8DCD8FFD8D8D8FF9F
:10AD9400D8DCD8FFD8D8D8FFD8DCD8FFD8D8D8FF8B
:10ADA400D8DCD8FFD8D8D8FFD8DCD8FFD8D8D8FF7B
:10ADB400D8DCD8FFD8D8D8FFD8DCD8FFD8D8D8FF6B
:10ADC400D8DCD8FFD8D8D8FFD8DCD8FFD8D8D8FF5B
:10ADD400D8DCD8FFD8D8D8FFD8DCD8FFD8D8D8FF4B
:10ADE400D8DCD8FFD8D8D8FFD8DCD8FFD8D8D8FF3B
:10ADF400D8DCD8FFD8D8D8FFD8DCD8FFD8D8D8FF2B
:10AE0400D8DCD8FFD8D8D8FFD8DCD8FFD8D8D8FF1A
:10AE1400D8DCD8FFD8D8D8FFD8DCD8FFD8D8D8FF0A
:10AE2400D8DCD8FFD8D8D8FFD8DCD8FFD8D8D8FFFA
:10AE3400D8DCD8FFD8D8D8FFD8DCD8FFD8D8D8FFEA
:10AE4400D8DCD8FFD8D8D8FFD8DCD8FFD8D8D8FFDA
:10AE5400D8DCD8FFD8D8D8FFD8DCD8FFD8D8D8FFCA
:10AE6400D8DCD8FFD8D8D8FFD8DCD8FFD8D8D8FFBA
:10AE7400D8DCD8FFD8D8D8FFD8DCD8FFD8D8D8FFAA
:10AE8400D8DCD8FFD8D8D8FFD8DCD8FFD8D8D8FF9A
:10AE9400D8DCD8FFD8D8D8FFD8DCD8FFD8D8D8FF8A
:10AEA400D8DCD8FFD8D8D8FFD8DCD8FFD8D8D8FF7A
:10AEB400D8DCD8FFD8D8D8FFD8DCD8FFD8D8D8FF6A
:10AEC400D8DCD8FFD8D8D8FFD8DCD8FFD8D8D8FF5A
:10AED400D8DCD8FFD8D8D8FFD8DCD8FFD8D8D8FF4A
:10AEE400D8DCD8FFD8D8D8FFD8DCD8FFD8D8D8FF3A
:10AEF400D8DCD8FFD8D8D8FFD8DCD8FFD8D8D8FF2A
:10AF0400D8DCD8FFD8D8D8FFD8DCD8FFD8D8D8FF19
:10AF1400D8DCD8FFD8D8D8FFD8DCD8FFD8D8D8FF09
:10AF2400D8DCD8FFD8D8D8FFD8DCD8FFD8D8D8FFF9
:10AF3400D8DCD8FFD8D8D8FFD8DCD8FFD8D8D8FFE9
:10AF4400D8DCD8FFD8D8D8FFD8DCD8FFD8D8D8FFD9
:10AF5400D8DCD8FFD8D8D8FFD8DCD8FFD8D8D8FFC9
:10AF6400D8DCD8FFD8D8D8FFD8DCD8FFD8D8D8FFB9
:10AF7400D8DCD8FFD8D8D8FFD8DCD8FFD8D8D8FFA9
:10AF8400D8DCD8FFD8D8D8FFD8DCD8FFD8D8D8FF99
:10AF9400D8DCD8FFD8D8D8FFD8DCD8FFD8D8D8FF89
:10AFA400D8DCD8FFD8D8D8FFD8DCD8FFD8D8D8FF79
:10AFB400D8DCD8FFD8D8D8FFD8DCD8FFD8D8D8FF69
:10AFC400D8DCD8FFD8D8D8FFD8DCD8FFD8D8D8FF59
:10AFD400D8DCD8FFD8D8D8FFD8DCD8FFD8D8D8FF49
:10AFE400D8DCD8FFD8D8D8FFD8DCD8FFD8D8D8FF39
:10AFF400D8DCD8FFD8D8D8FFD8DCD8FFD8D8D8FF29
:10B00400D8DCD8FFD8D8D8FFD8DCD8FFD8D8D8FF18
:10B01400D8DCD8FFD8D8D8FFD8D8D8FFC0BCC0FF58
:10B02400909090FF909090FF908C909E78787841CB
:10B0340078787841787878180000000000000000E3
:10B0440000000000000000000000000000000000FC
:10B0540000000000000000000000000000000000EC
:10B0640000000000000000000000000000000000DC
:10B0740000000000000000007878785D787878FFA0
:10B08400787878FFA8A8A8FFD8D8D8FFD8D8D8FF50
:10B09400D8D8D8FFD8D8D8FFD8D8D8FFD8D8D8FF90
:10B0A400E0DCE0FFD8D8D8FFD8D8D8FFE0DCE0FF58
:10B0B400D8D8D8FFD8D8D8FFE0D8E0FFD8DCD8FF5C
:10B0C400D8D8D8FFE0D8E0FFD8D8D8FFD8DCD8FF4C
:10B0D400E0D8E0FFD8D8D8FFD8D8D8FFE0DCE0FF2C
:10B0E400D8D8D8FFD8D8D8FFE0D8E0FFD8DCD8FF2C
:10B0F400D8D8D8FFE0D8E0FFD8D8D8FFD8DCD8FF1C
:10B10400E0D8E0FFD8D8D8FFD8D8D8FFE0DCE0FFFB
:10B11400D8D8D8FFD8D8D8FFE0D8E0FFD8DCD8FFFB
:10B12400D8D8D8FFE0D8E0FFD8D8D8FFD8DCD8FFEB
:10B13400E0D8E0FFD8D8D8FFD8D8D8FFE0DCE0FFCB
:10B14400D8D8D8FFD8D8D8FFE0D8E0FFD8DCD8FFCB
:10B15400D8D8D8FFE0D8E0FFD8D8D8FFD8DCD8FFBB
:10B16400E0D8E0FFD8D8D8FFD8D8D8FFE0DCE0FF9B
:10B17400D8D8D8FFD8D8D8FFE0D8E0FFD8DCD8FF9B
:10B18400D8D8D8FFE0D8E0FFD8D8D8FFD8DCD8FF8B
:10B19400E0D8E0FFD8D8D8FFD8D8D8FFE0DCE0FF6B
:10B1A400D8D8D8FFD8D8D8FFE0D8E0FFD8DCD8FF6B
:10B1B400D8D8D8FFE0D8E0FFD8D8D8FFD8DCD8FF5B
:10B1C400E0D8E0FFD8D8D8FFD8D8D8FFE0DCE0FF3B
:10B1D400D8D8D8FFD8D8D8FFE0D8E0FFD8DCD8FF3B
:10B1E400D8D8D8FFE0D8E0FFD8D8D8FFD8DCD8FF2B
:10B1F400E0D8E0FFD8D8D8FFD8D8D8FFE0DCE0FF0B
:10B20400D8D8D8FFD8D8D8FFE0D8E0FFD8DCD8FF0A
:10B21400D8D8D8FFE0D8E0FFD8D8D8FFD8DCD8FFFA
:10B22400E0D8E0FFD8D8D8FFD8D8D8FFE0DCE0FFDA
:10B23400D8D8D8FFD8D8D8FFE0D8E0FFD8DCD8FFDA
:10B24400D8D8D8FFE0D8E0FFD8D8D8FFD8DCD8FFCA
:10B25400E0D8E0FFD8D8D8FFD8D8D8FFE0DCE0FFAA
:10B26400D8D8D8FFD8D8D8FFE0D8E0FFD8DCD8FFAA
:10B27400D8D8D8FFE0D8E0FFD8D8D8FFD8DCD8FF9A
:10B28400E0D8E0FFD8D8D8FFD8D8D8FFE0DCE0FF7A
:10B29400D8D8D8FFD8D8D8FFE0D8E0FFD8DCD8FF7A
:10B2A400D8D8D8FFE0D8E0FFD8D8D8FFD8DCD8FF6A
:10B2B400E0D8E0FFD8D8D8FFD8D8D8FFE0DCE0FF4A
:10B2C400D8D8D8FFD8D8D8FFE0D8E0FFD8DCD8FF4A
:10B2D400D8D8D8FFE0D8E0FFD8D8D8FFD8DCD8FF3A
:10B2E400E0D8E0FFD8D8D8FFD8D8D8FFE0DCE0FF1A
:10B2F400D8D8D8FFD8D8D8FFE0D8E0FFD8DCD8FF1A
:10B30400D8D8D8FFE0D8E0FFD8D8D8FFD8DCD8FF09
:10B31400E0D8E0FFD8D8D8FFD8D8D8FFE0DCE0FFE9
:10B32400D8D8D8FFD8D8D8FFE0D8E0FFD8D8D8FFED
:10B33400D8D8D8FFE0DCE0FFD8D8D8FFD8D8D8FFD9
:10B34400D8D8D8FFD8D8D8FFA8A8A8FF787878FF8D
:10B35400787878FF7878785D0000000000000000BD
:10B3640000000000000000000000000000000000D9
:10B3740000000000000000000000000000000000C9
:10B3840000000000000000000000000000000000B9
:10B3940000000000000000007878785D787878FF7D
:10B3A400787878FFA8A8A8FFD8D8D8FFD8D8D8FF2D
:10B3B400D8DCD8FFD8D8D8FFD8D8D8FFD8DCD8FF65
:10B3C400D8D8D8FFD8D8D8FFD8D8D8FFD8D8D8FF5D
:10B3D400D8D8D8FFD8D8D8FFD8D8D8FFD8D8D8FF4D
:10B3E400D8D8D8FFD8D8D8FFD8D8D8FFD8D8D8FF3D
:10B3F400D8D8D8FFD8D8D8FFD8D8D8FFD8D8D8FF2D
:10B40400D8D8D8FFD8D8D8FFD8D8D8FFD8D8D8FF1C
:10B41400D8D8D8FFD8D8D8FFD8D8D8FFD8D8D8FF0C
:10B42400D8D8D8FFD8D8D8FFD8D8D8FFD8D8D8FFFC
:10B43400D8D8D8FFD8D8D8FFD8D8D8FFD8D8D8FFEC
:10B44400D8D8D8FFD8D8D8FFD8D8D8FFD8D8D8FFDC
:10B45400D8D8D8FFD8D8D8FFD8D8D8FFD8D8D8FFCC
:10B46400D8D8D8FFD8D8D8FFD8D8D8FFD8D8D8FFBC
:10B47400D8D8D8FFD8D8D8FFD8D8D8FFD8D8D8FFAC
:10B48400D8D8D8FFD8D8D8FFD8D8D8FFD8D8D8FF9C
:10B49400D8D8D8FFD8D8D8FFD8D8D8FFD8D8D8FF8C
:10B4A400D8D8D8FFD8D8D8FFD8D8D8FFD8D8D8FF7C
:10B4B400D8D8D8FFD8D8D8FFD8D8D8FFD8D8D8FF6C
:10B4C400D8D8D8FFD8D8D8FFD8D8D8FFD8D8D8FF5C
:10B4D400D8D8D8FFD8D8D8FFD8D8D8FFD8D8D8FF4C
:10B4E400D8D8D8FFD8D8D8FFD8D8D8FFD8D8D8FF3C
:10B4F400D8D8D8FFD8D8D8FFD8D8D8FFD8D8D8FF2C
:10B50400D8D8D8FFD8D8D8FFD8D8D8FFD8D8D8FF1B
:10B51400D8D8D8FFD8D8D8FFD8D8D8FFD8D8D8FF0B
:10B52400D8D8D8FFD8D8D8FFD8D8D8FFD8D8D8FFFB
:10B53400D8D8D8FFD8D8D8FFD8D8D8FFD8D8D8FFEB
:10B54400D8D8D8FFD8D8D8FFD8D8D8FFD8D8D8FFDB
:10B55400D8D8D8FFD8D8D8FFD8D8D8FFD8D8D8FFCB
:10B56400D8D8D8FFD8D8D8FFD8D8D8FFD8D8D8FFBB
:10B57400D8D8D8FFD8D8D8FFD8D8D8FFD8D8D8FFAB
:10B58400D8D8D8FFD8D8D8FFD8D8D8FFD8D8D8FF9B
:10B59400D8D8D8FFD8D8D8FFD8D8D8FFD8D8D8FF8B
:10B5A400D8D8D8FFD8D8D8FFD8D8D8FFD8D8D8FF7B
:10B5B400D8D8D8FFD8D8D8FFD8D8D8FFD8D8D8FF6B
:10B5C400D8D8D8FFD8D8D8FFD8D8D8FFD8D8D8FF5B
:10B5D400D8D8D8FFD8D8D8FFD8D8D8FFD8D8D8FF4B
:10B5E400D8D8D8FFD8D8D8FFD8D8D8FFD8D8D8FF3B
:10B5F400D8D8D8FFD8D8D8FFD8D8D8FFD8D8D8FF2B
:10B60400D8D8D8FFD8D8D8FFD8D8D8FFD8D8D8FF1A
:10B61400D8D8D8FFD8D8D8FFD8D8D8FFD8D8D8FF0A
:10B62400D8D8D8FFD8D8D8FFD8D8D8FFD8D8D8FFFA
:10B63400D8D8D8FFD8D8D8FFD8D8D8FFD8D8D8FFEA
:10B64400D8D8D8FFD8DCD8FFD8D8D8FFD8D8D8FFD6
:10B65400D8D8D8FFD8D8D8FFD8DCD8FFD8D8D8FFC6
:10B66400D8D8D8FFD8D8D8FFA8A8A8FF787878FF6A
:10B67400787878FF7878785D00000000000000009A
:10B6840000000000000000000000000000000000B6
:10B6940000000000000000000000000000000000A6
:10B6A4000000000000000000000000000000000096
:10B6B40000000000000000007878785D787878FF5A
:10B6C400787878FFA8A8A8FFD8D8D8FFD8D8D8FF0A
:10B6D400D8D8D8FFD8DCD8FFD8D8D8FFE0D8E0FF36
:10B6E400D0D0D0FFB8B4B8FFB8B4B8FFB8B4B8FF7E
:10B6F400B8B4B8FFB8B4B8FFB8B4B8FFB8B4B8FFBA
:10B70400B8B4B8FFB8B4B8FFB8B4B8FFB8B4B8FFA9
:10B71400B8B4B8FFB8B4B8FFB8B4B8FFB8B4B8FF99
:10B72400B8B4B8FFB8B4B8FFB8B4B8FFB8B4B8FF89
:10B73400B8B4B8FFB8B4B8FFB8B4B8FFB8B4B8FF79
:10B74400B8B4B8FFB8B4B8FFB8B4B8FFB8B4B8FF69
:10B75400B8B4B8FFB8B4B8FFB8B8B8FFD8D8D8FFF1
:10B76400D8DCD8FFD0D4D0FFB8B4B8FFB8B4B8FF91
:10B77400B8B4B8FFB8B4B8FFB8B4B8FFB8B4B8FF39
:10B78400B8B4B8FFB8B4B8FFB8B4B8FFB8B4B8FF29
:10B79400B8B4B8FFB8B4B8FFB8B4B8FFB8B4B8FF19
:10B7A400B8B4B8FFB8B4B8FFB8B4B8FFB8B4B8FF09
:10B7B400B8B4B8FFB8B4B8FFB8B4B8FFB8B4B8FFF9
:10B7C400B8B4B8FFB8B4B8FFB8B4B8FFB8B4B8FFE9
:10B7D400B8B4B8FFB8B4B8FFB8B4B8FFB8B4B8FFD9
:10B7E400D8D8D8FFD8DCD8FFD8D8D8FFE0D8E0FF25
:10B7F400D8DCD8FFD8DCD8FFD8D8D8FFE0D8E0FF11
:10B80400D8DCD8FFD8DCD8FFB8B8B8FFB8B4B8FFD4
:10B81400B8B4B8FFB8B4B8FFB8B4B8FFB8B4B8FF98
:10B82400B8B4B8FFB8B4B8FFB8B4B8FFB8B4B8FF88
:10B83400B8B4B8FFB8B4B8FFB8B4B8FFB8B4B8FF78
:10B84400B8B4B8FFB8B8B8FFD8D8D8FFD8DCD8FF98
:10B85400D8D8D8FFE0DCE0FFD8D8D8FFD8D8D8FFB4
:10B86400D8DCD8FFE0DCE0FFD8D8D8FFD8D8D8FFA0
:10B87400B8B4B8FFB8B4B8FFB8B4B8FFB8B4B8FF38
:10B88400B8B4B8FFB8B4B8FFB8B4B8FFB8B4B8FF28
:10B89400B8B4B8FFB8B4B8FFB8B4B8FFB8B4B8FF18
:10B8A400B8B4B8FFB8B4B8FFB8B4B8FFB8B4B8FF08
:10B8B400B8B4B8FFB8B4B8FFB8B4B8FFB8B4B8FFF8
:10B8C400B8B4B8FFB8B4B8FFB8B4B8FFB8B4B8FFE8
:10B8D400B8B4B8FFB8B4B8FFB8B4B8FFB8B4B8FFD8
:10B8E400B8B4B8FFB8B4B8FFD0D4D0FFD8D8D8FF14
:10B8F400D8DCD8FFB8B8B8FFB8B4B8FFB8B4B8FF4C
:10B90400B8B4B8FFB8B4B8FFB8B4B8FFB8B4B8FFA7
:10B91400B8B4B8FFB8B4B8FFB8B4B8FFB8B4B8FF97
:10B92400B8B4B8FFB8B4B8FFB8B4B8FFB8B4B8FF87
:10B93400B8B4B8FFB8B4B8FFB8B4B8FFB8B4B8FF77
:10B94400B8B4B8FFB8B4B8FFB8B4B8FFB8B4B8FF67
:10B95400B8B4B8FFB8B4B8FFB8B4B8FFB8B4B8FF57
:10B96400B8B4B8FFB8B4B8FFB8B4B8FFD0D0D0FFFB
:10B97400D8D8D8FFD8D8D8FFD8DCD8FFD8D8D8FFA3
:10B98400D8D8D8FFD8DCD8FFA8A8A8FF787878FF43
:10B99400787878FF7878785D000000000000000077
:10B9A4000000000000000000000000000000000093
:10B9B4000000000000000000000000000000000083
:10B9C4000000000000000000000000000000000073
:10B9D40000000000000000007878785D787878FF37
:10B9E400787878FFA8A8A8FFD8D8D8FFD8D8D8FFE7
:10B9F400D8D8D8FFD8D8D8FFD8D8D8FFD8D8D8FF27
:10BA0400C0BCC0FF787878FF787878FF787878FFC2
:10BA1400787878FF787878FF787878FF787878FF86
:10BA2400787878FF787878FF787878FF787878FF76
:10BA3400787878FF787878FF787878FF787878FF66
:10BA4400787878FF787878FF787878FF787878FF56
:10BA5400787878FF787878FF787878FF787878FF46
:10BA6400787878FF787878FF787878FF787878FF36
:10BA7400787878FF787878FF808080FFD8D8D8FFEE
:10BA8400D8D8D8FFC8C4C8FF787878FF787878FF0A
:10BA9400787878FF787878FF787878FF787878FF06
:10BAA400787878FF787878FF787878FF787878FFF6
:10BAB400787878FF787878FF787878FF787878FFE6
:10BAC400787878FF787878FF787878FF787878FFD6
:10BAD400787878FF787878FF787878FF787878FFC6
:10BAE400787878FF787878FF787878FF787878FFB6
:10BAF400787878FF787878FF787878FF787878FFA6
:10BB0400D8D8D8FFD8D8D8FFD8DCD8FFD8D8D8FF11
:10BB1400D8D8D8FFD8D8D8FFD8D8D8FFD8D8D8FF05
:10BB2400D8D8D8FFD8D8D8FF808080FF787878FF1D
:10BB3400787878FF787878FF787878FF787878FF65
:10BB4400787878FF787878FF787878FF787878FF55
:10BB5400787878FF787878FF787878FF787878FF45
:10BB6400787878FF808080FFD8D8D8FFD8D8D8FFDD
:10BB7400D8DCD8FFD8D8D8FFD8D8D8FFD8DCD8FF9D
:10BB8400D8D8D8FFD8D8D8FFD8D8D8FFD8D8D8FF95
:10BB9400787878FF787878FF787878FF787878FF05
:10BBA400787878FF787878FF787878FF787878FFF5
:10BBB400787878FF787878FF787878FF787878FFE5
:10BBC400787878FF787878FF787878FF787878FFD5
:10BBD400787878FF787878FF787878FF787878FFC5
:10BBE400787878FF787878FF787878FF787878FFB5
:10BBF400787878FF787878FF787878FF787878FFA5
:10BC0400787878FF787878FFC8C4C8FFD8D8D8FF88
:10BC1400D8D8D8FF808080FF787878FF787878FF4C
:10BC2400787878FF787878FF787878FF787878FF74
:10BC3400787878FF787878FF787878FF787878FF64
:10BC4400787878FF787878FF787878FF787878FF54
:10BC5400787878FF787878FF787878FF787878FF44
:10BC6400787878FF787878FF787878FF787878FF34
:10BC7400787878FF787878FF787878FF787878FF24
:10BC8400787878FF787878FF787878FFC0BCC0FF40
:10BC9400D8D8D8FFD8D8D8FFD8D8D8FFD8DCD8FF80
:10BCA400D8D8D8FFD8D8D8FFA8A8A8FF787878FF24
:10BCB400787878FF7878785D000000000000000054
:10BCC4000000000000000000000000000000000070
:10BCD4000000000000000000000000000000000060
:10BCE4000000000000000000000000000000000050
:10BCF40000000000000000007878785D787878FF14
:10BD0400787878FFA8A8A8FFD8D8D8FFD8D8D8FFC3
:10BD1400E0DCE0FFD8D8D8FFD8DCD8FFD8D8D8FFEB
:10BD2400C0BCC0FF787878FF787878FF787878FF9F
:10BD3400787878FF787878FF787878FF787878FF63
:10BD4400787878FF787878FF787878FF787878FF53
:10BD5400787878FF787878FF787878FF787878FF43
:10BD6400787878FF787878FF787878FF787878FF33
:10BD7400787878FF787878FF787878FF787878FF23
:10BD8400787878FF787878FF787878FF787878FF13
:10BD9400787878FF787878FF808080FFD8D8D8FFCB
:10BDA400D8D8D8FFC8C4C8FF787878FF787878FFE7
:10BDB400787878FF787878FF787878FF787878FFE3
:10BDC400787878FF787878FF787878FF787878FFD3
:10BDD400787878FF787878FF787878FF787878FFC3
:10BDE400787878FF787878FF787878FF787878FFB3
:10BDF400787878FF787878FF787878FF787878FFA3
:10BE0400787878FF787878FF787878FF787878FF92
:10BE1400787878FF787878FF787878FF787878FF82
:10BE2400D8D8D8FFD8D8D8FFD8D8D8FFD8D8D8FFF2
:10BE3400D8D8D8FFE0DCE0FFD8D8D8FF909090FFA6
:10BE4400807C80FF807C80FF787878FF787878FF2A
:10BE5400787878FF787878FF787878FF787878FF42
:10BE6400787878FF787878FF787878FF787878FF32
:10BE7400787878FF787878FF787878FF787878FF22
:10BE8400787878FF787878FF807C80FF807C80FFEA
:10BE9400909090FFD8D8D8FFD8D8D8FFE0D8E0FF4A
:10BEA400D8D8D8FFD8D8D8FFD8DCD8FFD8D8D8FF6E
:10BEB400787878FF787878FF787878FF787878FFE2
:10BEC400787878FF787878FF787878FF787878FFD2
:10BED400787878FF787878FF787878FF787878FFC2
:10BEE400787878FF787878FF787878FF787878FFB2
:10BEF400787878FF787878FF787878FF787878FFA2
:10BF0400787878FF787878FF787878FF787878FF91
:10BF1400787878FF787878FF787878FF787878FF81
:10BF2400787878FF787878FFC8C4C8FFD8D8D8FF65
:10BF3400D8D8D8FF808080FF787878FF787878FF29
:10BF4400787878FF787878FF787878FF787878FF51
:10BF5400787878FF787878FF787878FF787878FF41
:10BF6400787878FF787878FF787878FF787878FF31
:10BF7400787878FF787878FF787878FF787878FF21
:10BF8400787878FF787878FF787878FF787878FF11
:10BF9400787878FF787878FF787878FF787878FF01
:10BFA400787878FF787878FF787878FFB8BCB8FF2D
:10BFB400D8D8D8FFD8DCD8FFE0D8E0FFD8D8D8FF4D
:10BFC400D8D8D8FFD8D8D8FFA8A8A8FF787878FF01
:10BFD400787878FF7878785D000000000000000031
:10BFE400000000000000000000000000000000004D
:10BFF400000000000000000000000000000000003D
:10C00400000000000000000000000000000000002C
:10C0140000000000000000007878785D787878FFF0
:10C02400787878FFA8A8A8FFD8D8D8FFD8D8D8FFA0
:10C03400D8D8D8FFD8DCD8FFD8D8D8FFD8D8D8FFDC
:10C04400C0BCC0FF787878FF787878FF585C98FF98
:10C054003838C0FF3838C0FF3838C0FF3838C0FF20
:10C064003838C0FF3838C0FF3838C0FF3838C0FF10
:10C074003838C0FF3838C0FF3838C0FF3838C0FF00
:10C084003838C0FF3838C0FF3838C0FF3838C0FFF0
:10C094003838C0FF3838C0FF3838C0FF3838C0FFE0
:10C0A4003838C0FF3838C0FF3838C0FF3838C0FFD0
:10C0B400707478FF787878FF808080FFD8DCD8FFB0
:10C0C400D8D8D8FFC8C4C8FF787878FF787878FFC4
:10C0D400606490FF3838C0FF3838C0FF3838C0FF7C
:10C0E4003838C0FF3838C0FF3838C0FF3838C0FF90
:10C0F4003838C0FF3838C0FF3838C0FF3838C0FF80
:10C104003838C0FF3838C0FF3838C0FF3838C0FF6F
:10C114003838C0FF3838C0FF3838C0FF3838C0FF5F
:10C124003838C0FF3838C0FF3838C0FF3838C0FF4F
:10C134003838C0FF707080FF787878FF787878FF9F
:10C14400D8D8D8FFD8D8D8FFD8DCD8FFD8D8D8FFCB
:10C15400D8D8D8FFD8DCD8FFD8D8D8FF908C90FF97
:10C16400787878FF787878FF403CB8FF3838C0FF9B
:10C174003838C0FF3838C0FF3838C0FF3838C0FFFF
:10C184003838C0FF3838C0FF3838C0FF3838C0FFEF
:10C194003838C0FF3838C0FF3838C0FF3838C0FFDF
:10C1A4003838C0FF403CB8FF787878FF787878FF5B
:10C1B400908C90FFD8D8D8FFD8D8D8FFD8DCD8FF37
:10C1C400D8D8D8FFD8D8D8FFD8D8D8FFD8D8D8FF4F
:10C1D400787878FF787878FF707080FF3838C0FFFF
:10C1E4003838C0FF3838C0FF3838C0FF3838C0FF8F
:10C1F4003838C0FF3838C0FF3838C0FF3838C0FF7F
:10C204003838C0FF3838C0FF3838C0FF3838C0FF6E
:10C214003838C0FF3838C0FF3838C0FF3838C0FF5E
:10C224003838C0FF3838C0FF3838C0FF3838C0FF4E
:10C234003838C0FF3838C0FF3838C0FF606490FF1A
:10C24400787878FF787878FFC8C8C8FFD8D8D8FF3E
:10C25400D8D8D8FF808080FF787878FF787478FF0A
:10C264003838C0FF3838C0FF3838C0FF3838C0FF0E
:10C274003838C0FF3838C0FF3838C0FF3838C0FFFE
:10C284003838C0FF3838C0FF3838C0FF3838C0FFEE
:10C294003838C0FF3838C0FF3838C0FF3838C0FFDE
:10C2A4003838C0FF3838C0FF3838C0FF3838C0FFCE
:10C2B4003838C0FF3838C0FF3838C0FF3838C0FFBE
:10C2C400585C98FF787878FF787878FFC0BCC0FF16
:10C2D400D8D8D8FFD8D8D8FFD8DCD8FFD8D8D8FF3A
:10C2E400D8D8D8FFD8D8D8FFA8A8A8FF787878FFDE
:10C2F400787878FF7878785D00000000000000000E
:10C304000000000000000000000000000000000029
:10C314000000000000000000000000000000000019
:10C324000000000000000000000000000000000009
:10C3340000000000000000007878785D787878FFCD
:10C34400787878FFA8A8A8FFD8D8D8FFD8D8D8FF7D
:10C35400D8D8D8FFD8D8D8FFD8D8D8FFD8D8D8FFBD
:10C36400B8BCB8FF787878FF787878FF4848B0FF91
:10C374000000F8FF0000F8FF0000F8FF0000F8FFDD
:10C384000000F8FF0000F8FF0000F8FF0000F8FFCD
:10C394000000F8FF0000F8FF0000F8FF0000F8FFBD
:10C3A4000000F8FF0000F8FF0000F8FF0000F8FFAD
:10C3B4000000F8FF0000F8FF0000F8FF0000F8FF9D
:10C3C4000000F8FF0000F8FF0000F8FF0000F8FF8D
:10C3D400707480FF787878FF808080FFD8D8D8FF89
:10C3E400D8DCD8FFC8C4C8FF787878FF787878FF9D
:10C3F4005050A0FF0000F8FF0000F8FF0000F8FF15
:10C404000000F8FF0000F8FF0000F8FF0000F8FF4C
:10C414000000F8FF0000F8FF0000F8FF0000F8FF3C
:10C424000000F8FF0000F8FF0000F8FF0000F8FF2C
:10C434000000F8FF0000F8FF0000F8FF0000F8FF1C
:10C444000000F8FF0000F8FF0000F8FF0000F8FF0C
:10C454000000F8FF686888FF787878FF787878FFBC
:10C46400D8D8D8FFD8D8D8FFD8DCD8FFE0D8E0FF98
:10C47400D8D8D8FFD8D8D8FFD0D0D0FF888C88FFA0
:10C48400707480FF686C88FF0808F8FF0000F8FFEC
:10C494000000F8FF0000F8FF0000F8FF0000F8FFBC
:10C4A4000000F8FF0000F8FF0000F8FF0000F8FFAC
:10C4B4000000F8FF0000F8FF0000F8FF0000F8FF9C
:10C4C4000000F8FF0808F8FF686C88FF707478FFB4
:10C4D400888C88FFD0D0D0FFD8D8D8FFD8D8D8FF40
:10C4E400D8DCD8FFE0D8E0FFD8D8D8FFD8D8D8FF18
:10C4F400787878FF787878FF686888FF0000F8FF1C
:10C504000000F8FF0000F8FF0000F8FF0000F8FF4B
:10C514000000F8FF0000F8FF0000F8FF0000F8FF3B
:10C524000000F8FF0000F8FF0000F8FF0000F8FF2B
:10C534000000F8FF0000F8FF0000F8FF0000F8FF1B
:10C544000000F8FF0000F8FF0000F8FF0000F8FF0B
:10C554000000F8FF0000F8FF0000F8FF5050A0FFB3
:10C56400787878FF787878FFC8C4C0FFD8DCD8FF23
:10C57400D8D8D8FF808080FF787878FF707480FFE7
:10C584000000F8FF0000F8FF0000F8FF0000F8FFCB
:10C594000000F8FF0000F8FF0000F8FF0000F8FFBB
:10C5A4000000F8FF0000F8FF0000F8FF0000F8FFAB
:10C5B4000000F8FF0000F8FF0000F8FF0000F8FF9B
:10C5C4000000F8FF0000F8FF0000F8FF0000F8FF8B
:10C5D4000000F8FF0000F8FF0000F8FF0000F8FF7B
:10C5E4004848B0FF787878FF787878FFB8BCB8FF0F
:10C5F400D8D8D8FFD8D8D8FFD8D8D8FFD8DCD8FF17
:10C60400E0D8E0FFD8D8D8FFA8A8A8FF787878FFAA
:10C61400787878FF7878785D0000000000000000EA
:10C624000000000000000000000000000000000006
:10C6340000000000000000000000000000000000F6
:10C6440000000000000000000000000000000000E6
:10C6540000000000000000007878785D787878FFAA
:10C66400787878FFA8A8A8FFD8D8D8FFD8D8D8FF5A
:10C67400D8DCD8FFD8D8D8FFE0DCE0FFD8D8D8FF82
:10C68400C0BCC0FF787878FF787878FF4848B0FF5E
:10C694000000F8FF0000F8FF0000F8FF0000F8FFBA
:10C6A4000000F8FF0000F8FF0000F8FF0000F8FFAA
:10C6B4000000F8FF0000F8FF0000F8FF0000F8FF9A
:10C6C4000000F8FF0000F8FF0000F8FF0000F8FF8A
:10C6D4000000F8FF0000F8FF0000F8FF0000F8FF7A
:10C6E4000000F8FF0000F8FF0000F8FF0000F8FF6A
:10C6F400707480FF787878FF808080FFD8D8D8FF66
:10C70400D8D8D8FFC8C8C8FF787878FF787878FF79
:10C714005050A0FF0000F8FF0000F8FF0000F8FFF1
:10C724000000F8FF0000F8FF0000F8FF0000F8FF29
:10C734000000F8FF0000F8FF0000F8FF0000F8FF19
:10C744000000F8FF0000F8FF0000F8FF0000F8FF09
:10C754000000F8FF0000F8FF0000F8FF0000F8FFF9
:10C764000000F8FF0000F8FF0000F8FF0000F8FFE9
:10C774000000F8FF686888FF787878FF787878FF99
:10C78400D8D8D8FFD8D8D8FFD8D8D8FFD8D8D8FF89
:10C79400D8D8D8FFC8C4C8FF787878FF787878FFED
:10C7A4005050A8FF0000F8FF0000F8FF0000F8FF59
:10C7B4000000F8FF0000F8FF0000F8FF0000F8FF99
:10C7C4000000F8FF0000F8FF0000F8FF0000F8FF89
:10C7D4000000F8FF0000F8FF0000F8FF0000F8FF79
:10C7E4000000F8FF0000F8FF0000F8FF5050A8FF19
:10C7F400787878FF787878FFC8C4C8FFD8D8D8FF8D
:10C80400D8D8D8FFD8DCD8FFD8D8D8FFD8D8D8FF04
:10C81400787878FF787878FF686888FF0000F8FFF8
:10C824000000F8FF0000F8FF0000F8FF0000F8FF28
:10C834000000F8FF0000F8FF0000F8FF0000F8FF18
:10C844000000F8FF0000F8FF0000F8FF0000F8FF08
:10C854000000F8FF0000F8FF0000F8FF0000F8FFF8
:10C864000000F8FF0000F8FF0000F8FF0000F8FFE8
:10C874000000F8FF0000F8FF0000F8FF5050A0FF90
:10C88400787878FF787878FFC0C4C8FFD8D8D8FF04
:10C89400D8DCD8FF808080FF787878FF707480FFC0
:10C8A4000000F8FF0000F8FF0000F8FF0000F8FFA8
:10C8B4000000F8FF0000F8FF0000F8FF0000F8FF98
:10C8C4000000F8FF0000F8FF0000F8FF0000F8FF88
:10C8D4000000F8FF0000F8FF0000F8FF0000F8FF78
:10C8E4000000F8FF0000F8FF0000F8FF0000F8FF68
:10C8F4000000F8FF0000F8FF0000F8FF0000F8FF58
:10C904004848B0FF787878FF787878FFC0BCB8FFE3
:10C91400D8DCD8FFD8D8D8FFD8D8D8FFD8D8D8FFF3
:10C92400D8DCD8FFD8D8D8FFA8A8A8FF787878FF93
:10C93400787878FF7878785D0000000000000000C7
:10C9440000000000000000000000000000000000E3
:10C9540000000000000000000000000000000000D3
:10C9640000000000000000000000000000000000C3
:10C9740000000000000000007878785D787878FF87
:10C98400787878FFA8A8A8FFD8D8D8FFD8D8D8FF37
:10C99400D8D8D8FFD8DCD8FFD8D8D8FFD8D8D8FF73
:10C9A400C0BCC0FF787878FF787878FF4844B0FF3F
:10C9B4000000F8FF0000F8FF0000F8FF0000F8FF97
:10C9C4000000F8FF0000F8FF0000F8FF0000F8FF87
:10C9D4000000F8FF0000F8FF0000F8FF0000F8FF77
:10C9E4000000F8FF0000F8FF0000F8FF0000F8FF67
:10C9F4000000F8FF0000F8FF0000F8FF0000F8FF57
:10CA04000000F8FF0000F8FF0000F8FF0000F8FF46
:10CA1400707480FF787878FF808080FFD8D8D8FF42
:10CA2400D8D8D8FFC8C4C8FF787878FF787878FF5A
:10CA34005050A8FF0000F8FF0000F8FF0000F8FFC6
:10CA44000000F8FF0000F8FF0000F8FF0000F8FF06
:10CA54000000F8FF0000F8FF0000F8FF0000F8FFF6
:10CA64000000F8FF0000F8FF0000F8FF0000F8FFE6
:10CA74000000F8FF0000F8FF0000F8FF0000F8FFD6
:10CA84000000F8FF0000F8FF0000F8FF0000F8FFC6
:10CA94000000F8FF686888FF787878FF787878FF76
:10CAA400D8D8D8FFD8D8D8FFD8DCD8FFD8D8D8FF62
:10CAB400D8D8D8FFC8C4C8FF787878FF787878FFCA
:10CAC400504CA8FF0000F8FF0000F8FF0000F8FF3A
:10CAD4000000F8FF0000F8FF0000F8FF0000F8FF76
:10CAE4000000F8FF0000F8FF0000F8FF0000F8FF66
:10CAF4000000F8FF0000F8FF0000F8FF0000F8FF56
:10CB04000000F8FF0000F8FF0000F8FF504CA8FFF9
:10CB1400787878FF787878FFC0C4C0FFD8D8D8FF79
:10CB2400D8D8D8FFD8D8D8FFD8DCD8FFD8D8D8FFE1
:10CB3400787878FF787878FF686888FF0000F8FFD5
:10CB44000000F8FF0000F8FF0000F8FF0000F8FF05
:10CB54000000F8FF0000F8FF0000F8FF0000F8FFF5
:10CB64000000F8FF0000F8FF0000F8FF0000F8FFE5
:10CB74000000F8FF0000F8FF0000F8FF0000F8FFD5
:10CB84000000F8FF0000F8FF0000F8FF0000F8FFC5
:10CB94000000F8FF0000F8FF0000F8FF5050A0FF6D
:10CBA400787878FF787878FFC8C4C8FFD8D8D8FFD9
:10CBB400D8D8D8FF808080FF787878FF787480FF99
:10CBC4000000F8FF0000F8FF0000F8FF0000F8FF85
:10CBD4000000F8FF0000F8FF0000F8FF0000F8FF75
:10CBE4000000F8FF0000F8FF0000F8FF0000F8FF65
:10CBF4000000F8FF0000F8FF0000F8FF0000F8FF55
:10CC04000000F8FF0000F8FF0000F8FF0000F8FF44
:10CC14000000F8FF0000F8FF0000F8FF0000F8FF34
:10CC24004844B0FF787878FF787878FFB8BCC0FFC4
:10CC3400D8D8D8FFD8D8D8FFD8DCE0FFD8D8D8FFC8
:10CC4400D8D8D8FFD8D8D8FFA8A8A8FF787878FF74
:10CC5400787878FF7878785D0000000000000000A4
:10CC640000000000000000000000000000000000C0
:10CC740000000000000000000000000000000000B0
:10CC840000000000000000000000000000000000A0
:10CC940000000000000000007878785D787878FF64
:10CCA400787878FFA8A8A8FFD8D8D8FFD8D8D8FF14
:10CCB400D8D8D8FFD8D8D8FFD8D8D8FFD8DCD8FF50
:10CCC400C0BCB8FF787878FF787878FF4848B0FF20
:10CCD4000000F8FF0000F8FF0000F8FF0004F8FF70
:10CCE400181CE0FF201CD8FF181CE0FF181CE0FFF4
:10CCF400201CD8FF181CE0FF181CE0FF201CD8FFE4
:10CD0400181CE0FF181CE0FF201CD8FF181CE0FFD3
:10CD1400181CE0FF201CD8FF181CE0FF181CE0FFC3
:10CD2400201CD8FF181CE0FF201CE0FF201CD8FFAB
:10CD3400787478FF787878FF808080FFD8D8D8FF1F
:10CD4400D8DCD8FFC8C4C8FF787878FF787878FF33
:10CD5400585C98FF201CE0FF201CE0FF181CE0FF3B
:10CD6400201CE0FF181CE0FF201CD8FF181CE0FF6B
:10CD7400181CE0FF201CD8FF1818E8FF0000F8FF7B
:10CD84000000F8FF0000F8FF0000F8FF181CE0FFA7
:10CD9400181CE0FF201CE0FF181CD8FF181CE0FF43
:10CDA400201CE0FF181CD8FF181CE0FF201CE0FF2B
:10CDB400181CE0FF686C88FF787878FF787878FF33
:10CDC400D8D8D8FFD8D8D8FFD8DCD8FFD8D8D8FF3F
:10CDD400C8C8C8FFB0B0B0FF787878FF606090FF33
:10CDE400383CC0FF0000F8FF0000F8FF1010F0FF0F
:10CDF400201CE0FF201CE0FF181CE0FF201CE0FFCB
:10CE0400181CE0FF201CD8FF181CE0FF181CE0FFD2
:10CE1400201CD8FF181CE0FF181CE0FF201CE0FFBA
:10CE24001010F0FF0000F8FF0000F8FF383CC0FFCE
:10CE3400606090FF787878FFB0B0B0FFC8C8C8FFD2
:10CE4400D8D8D8FFD8D8D8FFD8D8D8FFD8D8D8FFC2
:10CE5400787878FF787878FF686890FF0000F8FFAA
:10CE64000000F8FF0000F8FF0000F8FF1818E0FFCA
:10CE7400181CE0FF201CE0FF181CD8FF181CE0FF62
:10CE8400201CE0FF181CD8FF181CE0FF201CE0FF4A
:10CE9400181CD8FF181CE0FF201CE0FF181CD8FF4A
:10CEA400181CE0FF201CE0FF181CD8FF0000F8FF4E
:10CEB4000000F8FF0000F8FF0000F8FF5050A8FF42
:10CEC400787878FF787878FFC8C8C8FFD8D8D8FFB2
:10CED400D8D8D8FF808080FF787878FF787480FF76
:10CEE400201CE0FF181CE0FF201CE0FF201CE0FFDA
:10CEF400181CE0FF181CE0FF201CD8FF181CE0FFE2
:10CF0400181CE0FF201CD8FF0000F8FF0000F8FF09
:10CF14000000F8FF0000F8FF1014E8FF181CE0FF01
:10CF2400201CE0FF181CD8FF181CE0FF201CE0FFA9
:10CF3400181CD8FF181CE0FF201CE0FF181CD8FFA9
:10CF44005054A0FF787878FF787878FFC0BCC0FF91
:10CF5400D8D8D8FFD8D8D8FFE0D8D8FFD8DCD8FFA5
:10CF6400D8D8D8FFD8D8D8FFA8A8A8FF787878FF51
:10CF7400787878FF7878785D000000000000000081
:10CF8400000000000000000000000000000000009D
:10CF9400000000000000000000000000000000008D
:10CFA400000000000000000000000000000000007D
:10CFB40000000000000000007878785D787878FF41
:10CFC400787878FFA8A8A8FFD8D8D8FFD8D8D8FFF1
:10CFD400E0DCE0FFD8D8D8FFD8D8D8FFD8D8D8FF1D
:10CFE400C0BCC0FF787878FF787878FF4048B0FFFD
:10CFF4000000F8FF0000F8FF0000F8FF080CF0FF45
:10D00400787878FF787878FF787878FF787878FF80
:10D01400787878FF787878FF787878FF787878FF70
:10D02400787878FF787878FF787878FF787878FF60
:10D03400787878FF787878FF787878FF787878FF50
:10D04400787878FF787878FF787878FF787878FF40
:10D05400787878FF787878FF808080FFD8D8D8FFF8
:10D06400D8D8D8FFC8C8C8FF787878FF787878FF10
:10D07400787878FF787878FF787878FF787878FF10
:10D08400787878FF787878FF787878FF787878FF00
:10D09400787878FF787878FF585C98FF0000F8FF7C
:10D0A4000000F8FF0000F8FF0000F8FF707080FF38
:10D0B400787878FF787878FF787878FF787878FFD0
:10D0C400787878FF787878FF787878FF787878FFC0
:10D0D400787878FF787878FF787878FF787878FFB0
:10D0E400D8D8D8FFD8D8D8FFD8D8D8FFD8DCD8FF1C
:10D0F400989898FF787878FF787878FF1818E0FF88
:10D104000000F8FF0000F8FF0000F8FF3838C0FF07
:10D11400787878FF787878FF787878FF787878FF6F
:10D12400787878FF787878FF787878FF787878FF5F
:10D13400787878FF787878FF787878FF787878FF4F
:10D144003838C0FF0000F8FF0000F8FF0000F8FFC7
:10D154001818E0FF787878FF787878FF989898FF27
:10D16400D8DCD8FFE0D8E0FFD8D8D8FFD8D8D8FF8B
:10D17400787878FF787878FF686888FF0000F8FF8F
:10D184000000F8FF0000F8FF0000F8FF606490FF63
:10D19400787878FF787878FF787878FF787878FFEF
:10D1A400787878FF787878FF787878FF787878FFDF
:10D1B400787878FF787878FF787878FF787878FFCF
:10D1C400787878FF787878FF787878FF0000F8FF2F
:10D1D4000000F8FF0000F8FF0000F8FF5054A0FF23
:10D1E400787878FF787878FFC8C4C8FFD8DCD8FF8F
:10D1F400D8D8D8FF808080FF787878FF787878FF57
:10D20400787878FF787878FF787878FF787878FF7E
:10D21400787878FF787878FF787878FF787878FF6E
:10D22400787878FF787878FF0004F8FF0000F8FF3A
:10D234000000F8FF0000F8FF5050A8FF787878FF4E
:10D24400787878FF787878FF787878FF787878FF3E
:10D25400787878FF787878FF787878FF787878FF2E
:10D26400787878FF787878FF787878FFC0BCB8FF52
:10D27400D8D8D8FFD8DCD8FFD8D8D8FFD8D8D8FF8A
:10D28400D8D8D8FFD8D8D8FFA8A8A8FF787878FF2E
:10D29400787878FF7878785D00000000000000005E
:10D2A400000000000000000000000000000000007A
:10D2B400000000000000000000000000000000006A
:10D2C400000000000000000000000000000000005A
:10D2D40000000000000000007878785D787878FF1E
:10D2E400787878FFA8A8A8FFD8D8D8FFD8D8D8FFCE
:10D2F400D8DCD8FFD8D8D8FFD8D8D8FFD8DCD8FF06
:10D30400B8BCC0FF787878FF787878FF4844B0FFDD
:10D314000000F8FF0000F8FF0000F8FF100CF0FF19
:10D32400787878FF787878FF787878FF787878FF5D
:10D33400787878FF787878FF787878FF787878FF4D
:10D34400787878FF787878FF787878FF787878FF3D
:10D35400787878FF787878FF787878FF787878FF2D
:10D36400787878FF787878FF787878FF787878FF1D
:10D37400787878FF787878FF808080FFD8D8D8FFD5
:10D38400D8D8D8FFC8C4C8FF787878FF787878FFF1
:10D39400787878FF787878FF787878FF787878FFED
:10D3A400787878FF787878FF787878FF787878FFDD
:10D3B400787878FF787878FF585C98FF0000F8FF59
:10D3C4000000F8FF0000F8FF0000F8FF707080FF15
:10D3D400787878FF787878FF787878FF787878FFAD
:10D3E400787878FF787878FF787878FF787878FF9D
:10D3F400787878FF787878FF787878FF787878FF8D
:10D40400D8D8D8FFD8D8D8FFD8D8D8FFD8D8E0FFF4
:10D41400989898FF787878FF787878FF1818E0FF64
:10D424000000F8FF0000F8FF0000F8FF3838C0FFE4
:10D43400787878FF787878FF787878FF787878FF4C
:10D44400787878FF787878FF787878FF787878FF3C
:10D45400787878FF787878FF787878FF787878FF2C
:10D464003838C0FF0000F8FF0000F8FF0000F8FFA4
:10D474001818E0FF787878FF787878FF989898FF04
:10D48400D8D8D8FFD8DCD8FFD8D8D8FFD8D8D8FF78
:10D49400787878FF787878FF686888FF0000F8FF6C
:10D4A4000000F8FF0000F8FF0000F8FF606490FF40
:10D4B400787878FF787878FF787878FF787878FFCC
:10D4C400787878FF787878FF787878FF787878FFBC
:10D4D400787878FF787878FF787878FF787878FFAC
:10D4E400787878FF787878FF787878FF0004F8FF08
:10D4F4000000F8FF0000F8FF0000F8FF5050A0FF04
:10D50400787878FF787878FFC8C4C8FFD8D8D8FF6F
:10D51400D8D8D8FF808080FF787878FF787878FF33
:10D52400787878FF787878FF787878FF787878FF5B
:10D53400787878FF787878FF787878FF787878FF4B
:10D54400787878FF787878FF0004F8FF0000F8FF17
:10D554000000F8FF0000F8FF5050A8FF787878FF2B
:10D56400787878FF787878FF787878FF787878FF1B
:10D57400787878FF787878FF787878FF787878FF0B
:10D58400787878FF787878FF787878FFB8BCC0FF2F
:10D59400D8D8D8FFD8D8D8FFD8DCD8FFD8D8E0FF5F
:10D5A400E0D8D8FFD8DCD8FFA8A8A8FF787878FFFF
:10D5B400787878FF7878785D00000000000000003B
:10D5C4000000000000000000000000000000000057
:10D5D4000000000000000000000000000000000047
:10D5E4000000000000000000000000000000000037
:10D5F40000000000000000007878785D787878FFFB
:10D60400787878FFA8A8A8FFD8D8D8FFD8D8D8FFAA
:10D61400D8D8D8FFD8D8D8FFD8D8D8FFD8D8D8FFEA
:10D62400C0BCC0FF787878FF787878FF4848B0FFAE
:10D634000000F8FF0000F8FF0000F8FF080CF0FFFE
:10D64400787878FF787878FF808080FFA0A098FFB2
:10D65400A09CA0FFA0A0A0FFA09C98FFA0A0A0FF5A
:10D66400A0A098FFA09CA0FFA0A098FFA09CA0FF52
:10D67400A0A0A0FFA0A098FFA09CA0FFA0A098FF3E
:10D68400A09CA0FF98A0A0FFA09C98FFA09CA0FF36
:10D6940098A0A0FFA09CA0FFA0A4A0FFD8D8D8FF6A
:10D6A400D8DCD8FFD0CCD0FFA09C98FF989C98FFE2
:10D6B400A0A0A0FFA09C98FF989C98FFA0A0A0FF0A
:10D6C400A0A098FFA09C98FFA0A0A0FF989898FF06
:10D6D400787878FF787878FF585898FF0000F8FF3A
:10D6E4000000F8FF0000F8FF0000F8FF707080FFF2
:10D6F400787878FF787C78FFA09C98FFA0A0A0FFA2
:10D70400A09C98FFA0A0A0FFA09C98FFA0A098FFB9
:10D71400A09CA0FFA09CA0FFA0A098FFA09CA0FF9D
:10D72400D8D8D8FFD8DCD8FFD8D4D8FFB8B4B8FF3D
:10D73400908C90FF707088FF484CA8FF1010F0FF89
:10D744000000F8FF0000F8FF282CD0FF5050A0FF85
:10D75400787878FF787878FF909088FFA09C98FF7D
:10D7640098A0A0FFA09C98FFA0A0A0FFA09C98FF59
:10D77400A0A0A0FF909090FF787878FF787878FF49
:10D784005054A0FF282CD0FF0000F8FF0000F8FF41
:10D794001010F0FF484CA8FF707088FF908C90FF29
:10D7A400B8B4B8FFD8D4D8FFD8D8D8FFD8D8D8FFC1
:10D7B400787878FF787878FF686890FF0000F8FF41
:10D7C4000000F8FF0000F8FF0000F8FF606090FF21
:10D7D400787878FF787878FF989C98FFA09CA0FFD1
:10D7E400A0A098FFA09CA0FFA0A0A0FFA0A098FFCD
:10D7F400A09CA0FFA0A098FFA09CA0FFA0A0A0FFB9
:10D80400808078FF787878FF787878FF0000F8FFD8
:10D814000000F8FF0000F8FF0000F8FF5050A8FFD8
:10D82400787878FF787878FFC0C4C8FFD8DCD8FF50
:10D83400D8D8D8FFA0A4A0FFA09CA0FFA09CA0FFC4
:10D8440098A098FFA09C98FFA09CA0FF98A098FF88
:10D85400A09C98FFA0A0A0FFA09C98FF808080FFC0
:10D86400787878FF787878FF0004F8FF0000F8FFF4
:10D874000000F8FF0000F8FF5050A8FF787878FF08
:10D88400787878FF989490FFA0A0A0FFA09C98FFC0
:10D89400A0A0A0FFA09CA0FFA09C98FFA0A0A0FF18
:10D8A400989CA0FFA09C98FFA09CA0FFC8C8C8FF9C
:10D8B400D8D8D8FFD8D8D8FFD8D8D8FFD8DCD8FF44
:10D8C400D8D8D8FFD8D8D8FFA8A8A8FF787878FFE8
:10D8D400787878FF7878785D000000000000000018
:10D8E4000000000000000000000000000000000034
:10D8F4000000000000000000000000000000000024
:10D904000000000000000000000000000000000013
:10D9140000000000000000007878785D787878FFD7
:10D92400787878FFA8A8A8FFD8D8D8FFD8D8D8FF87
:10D93400D8DCD8FFE0D8E0FFD8DCD8FFD8D8D8FFAF
:10D94400C0BCC0FF787878FF787878FF4848B0FF8B
:10D954000000F8FF0000F8FF0000F8FF080CF0FFDB
:10D96400787878FF787878FF909090FFD8D8D8FFAF
:10D97400D8D8D8FFD8D8D8FFD8D8D8FFD8D8D8FF87
:10D98400D8D8D8FFD8D8D8FFD8D8D8FFD8D8D8FF77
:10D99400D8D8D8FFD8D8D8FFD8D8D8FFD8D8D8FF67
:10D9A400D8D8D8FFD8D8D8FFD8DCD8FFD8D8D8FF53
:10D9B400D8D8D8FFD8D8D8FFD8D8D8FFD8D8D8FF47
:10D9C400D8D8D8FFD8DCD8FFD8D8D8FFD8D8D8FF33
:10D9D400D8D8D8FFD8DCD8FFD8D8D8FFD8D8D8FF23
:10D9E400D8D8D8FFD8D8D8FFD8D8D8FFC8CCC8FF43
:10D9F400787878FF787878FF585C98FF0000F8FF13
:10DA04000000F8FF0000F8FF0000F8FF707080FFCE
:10DA1400787878FF808080FFD8D8D8FFD8D8D8FF0E
:10DA2400D8D8D8FFD8D8D8FFD8D8D8FFD8D8D8FFD6
:10DA3400D8DCD8FFD8D8D8FFD8D8D8FFD8D8D8FFC2
:10DA4400D8D8D8FFD8DCD8FFD0D0D0FF787878FFEA
:10DA5400787878FF605C98FF0000F8FF0000F8FF1A
:10DA64000000F8FF0000F8FF707080FF787878FFFE
:10DA7400787878FF787878FFB0B4B0FFD8D8D8FF3A
:10DA8400D8D8D8FFD8D8D8FFD8D8D8FFD8D8D8FF76
:10DA9400D8D8D8FFB0B4B0FF787878FF787878FF1A
:10DAA400787878FF707080FF0000F8FF0000F8FFBE
:10DAB4000000F8FF0000F8FF605C98FF787878FFBA
:10DAC400787878FFD0D0D0FFD8D8D8FFD8D8D8FF6E
:10DAD400787878FF787878FF686888FF0000F8FF26
:10DAE4000000F8FF0000F8FF0000F8FF606490FFFA
:10DAF400787878FF787878FFD0D4D0FFD8D8D8FF5A
:10DB0400D8D8D8FFD8D8D8FFD8D8D8FFD8D8D8FFF5
:10DB1400D8D8D8FFD8D8D8FFD8D8D8FFD8D8D8FFE5
:10DB2400808488FF787878FF787878FF0000F8FFA1
:10DB34000000F8FF0000F8FF0000F8FF5050A0FFBD
:10DB4400787878FF787878FFC8C4C8FFD8D8D8FF29
:10DB5400D8DCD8FFD8D8D8FFD8D8D8FFD8D8D8FFA1
:10DB6400D8D8D8FFD8D8D8FFD8DCD8FFD8D8D8FF91
:10DB7400D8D8D8FFD8D8D8FFD8D8D8FF888888FF75
:10DB8400787878FF787878FF0004F8FF0000F8FFD1
:10DB94000000F8FF0000F8FF5050A8FF787878FFE5
:10DBA400787878FFC0C4C0FFD8D8D8FFD8D8D8FFB9
:10DBB400D8D8D8FFD8DCD8FFD8D8D8FFD8D8D8FF41
:10DBC400D8D8D8FFD8D8D8FFD8DCD8FFD8D8D8FF31
:10DBD400D8D8D8FFD8DCD8FFD8D8D8FFD8D8D8FF21
:10DBE400D8D8D8FFD8D8D8FFA8A8A8FF787878FFC5
:10DBF400787878FF7878785D0000000000000000F5
:10DC04000000000000000000000000000000000010
:10DC14000000000000000000000000000000000000
:10DC240000000000000000000000000000000000F0
:10DC340000000000000000007878785D787878FFB4
:10DC4400787878FFA8A8A8FFD8D8D8FFD8D8D8FF64
:10DC5400D8D8D8FFD8D8D8FFD8D8D8FFD8DCD8FFA0
:10DC6400C0BCC0FF787878FF787878FF4844B0FF6C
:10DC74000000F8FF0000F8FF0000F8FF100CF0FFB0
:10DC8400787878FF787878FF909090FFD8D8D8FF8C
:10DC9400D8D8D8FFD8D8D8FFD8DCD8FFD8D8D8FF60
:10DCA400D8D8D8FFD8DCD8FFD8D8D8FFD8D8D8FF50
:10DCB400D8D8D8FFD8DCD8FFD8D8D8FFD8D8D8FF40
:10DCC400D8DCD8FFD8D8D8FFD8D8D8FFD8D8D8FF30
:10DCD400D8D8D8FFD8DCD8FFD8D8D8FFD8D8D8FF20
:10DCE400D8D8D8FFD8DCD8FFD8D8D8FFD8D8D8FF10
:10DCF400D8D8D8FFD8D8D8FFD8D8D8FFD8D8D8FF04
:10DD0400D8D8D8FFD8DCD8FFD8D8D8FFC8CCD0FF13
:10DD1400787878FF787878FF585C98FF0000F8FFEF
:10DD24000000F8FF0000F8FF0000F8FF707080FFAB
:10DD3400787878FF808080FFD8D8D8FFD8D8D8FFEB
:10DD4400D8DCD8FFD8D8D8FFD8D8D8FFD8D8D8FFAF
:10DD5400D8D8D8FFD8DCD8FFD8D8D8FFD8D8D8FF9F
:10DD6400D8D8D8FFD8D8D8FFD0D0D0FF787878FFCB
:10DD7400787878FF585C98FF0000F8FF0000F8FFFF
:10DD84000000F8FF0000F8FF706C88FF787878FFD7
:10DD9400787C78FFD8D4D8FFD8D8D8FFD8D8D8FF83
:10DDA400D8D8D8FFD8DCD8FFD8D8D8FFD8D8D8FF4F
:10DDB400D8D8D8FFD8D8D8FFD0D4D0FF787C78FF73
:10DDC400787878FF706C88FF0000F8FF0000F8FF97
:10DDD4000000F8FF0000F8FF585C98FF787878FF9F
:10DDE400787878FFD0D0D0FFD8D8D8FFD8D8D8FF4B
:10DDF400787878FF787878FF686888FF0000F8FF03
:10DE04000000F8FF0000F8FF0000F8FF606490FFD6
:10DE1400787878FF787878FFD8D4D0FFD8D8D8FF2E
:10DE2400D8D8D8FFD8DCD8FFD8D8D8FFD8D8D8FFCE
:10DE3400D8DCD8FFD8D8D8FFD8D8D8FFD8D8D8FFBE
:10DE4400888488FF787878FF787878FF0000F8FF76
:10DE54000000F8FF0000F8FF0000F8FF5054A8FF8E
:10DE6400787878FF787878FFC8C4C0FFD8D8D8FF0E
:10DE7400D8D8D8FFD8D8D8FFD8DCD8FFD8D8D8FF7E
:10DE8400D8D8D8FFD8DCD8FFD8D8D8FFD8D8D8FF6E
:10DE9400D8D8D8FFD8DCD8FFD8D8D8FF888888FF4E
:10DEA400787878FF787878FF0804F8FF0000F8FFA6
:10DEB4000000F8FF0000F8FF5050A8FF787878FFC2
:10DEC400787878FFC0C4C0FFD8D8D8FFD8D8D8FF96
:10DED400D8D8D8FFD8D8D8FFD8DCD8FFD8D8D8FF1E
:10DEE400D8D8D8FFD8DCD8FFD8D8D8FFD8D8D8FF0E
:10DEF400D8D8D8FFD8DCD8FFE0D8E0FFD8D8D8FFEE
:10DF0400D8DCD8FFD8D8D8FFA8A8A8FF787878FF9D
:10DF1400787878FF787878610000000000000000CD
:10DF240000000000000000000000000000000000ED
:10DF340000000000000000000000000000000000DD
:10DF440000000000000000000000000000000000CD
:10DF540000000000000000007878785D787878FF91
:10DF6400787878FFA8A8A8FFD8D8D8FFD8D8D8FF41
:10DF7400D8DCD8FFD8D8D8FFD8D8D8FFD8D8D8FF7D
:10DF8400C0BCC0FF787878FF787878FF4048B0FF4D
:10DF94000000F8FF0000F8FF0000F8FF080CF0FF95
:10DFA400787878FF787878FF908C90FFD8D8D8FF6D
:10DFB400D8DCD8FFD8D8D8FFD8D8D8FFD8DCD8FF39
:10DFC400D8D8D8FFD8D8D8FFD8DCD8FFD8D8D8FF2D
:10DFD400D8D8D8FFD8DCD8FFD8D8D8FFD8D8D8FF1D
:10DFE400D8DCD8FFD8D8D8FFD8D8D8FFD8DCD8FF09
:10DFF400D8D8D8FFD8D8D8FFD8DCD8FFD8D8D8FFFD
:10E00400D8D8D8FFD8D8D8FFD8DCD8FFD8D8D8FFEC
:10E01400D8DCD8FFD8D8D8FFD8DCD8FFD8D8D8FFD8
:10E02400D8D8D8FFD8DCD8FFD8D8D8FFD0CCD0FFE8
:10E03400787878FF787878FF585898FF0000F8FFD0
:10E044000000F8FF0000F8FF0000F8FF707080FF88
:10E05400787878FF807C80FFD8D8D8FFD8D8D8FFCC
:10E06400D8DCD8FFD8D8D8FFD8DCD8FFD8D8D8FF88
:10E07400D8D8D8FFD8D8D8FFD8DCD8FFD8D8D8FF7C
:10E08400D8D8D8FFD8D8D8FFD0D0D0FF787878FFA8
:10E09400787878FF605C98FF0000F8FF0000F8FFD4
:10E0A4000000F8FF0000F8FF707088FF787878FFB0
:10E0B400787878FFA8A8A8FFA8A8A8FFA8A8A8FF10
:10E0C400A8A8A8FFA8A8A8FFA8A8A8FFA8A8A8FF70
:10E0D400A8A8A8FFA8A8A8FFA8A8A8FF787878FFF0
:10E0E400787878FF706C80FF0000F8FF0000F8FF7C
:10E0F4000000F8FF0000F8FF605C98FF787878FF74
:10E10400787878FFD0D0D0FFD8D8D8FFD8D8D8FF27
:10E11400787878FF787878FF686888FF0000F8FFDF
:10E124000000F8FF0000F8FF0000F8FF606090FFB7
:10E13400787878FF787878FFA8A4A8FFA8A8A8FF23
:10E14400A8A8A8FFA8A8A8FFA8A8A8FFA8A8A8FFEF
:10E15400A8A8A8FFA8A8A8FFA8A8A8FFA8A8A8FFDF
:10E16400808080FF787878FF787878FF0004F8FF63
:10E174000000F8FF0000F8FF0000F8FF5050A0FF77
:10E18400787878FF787878FFC8C8C8FFD8D8D8FFDF
:10E19400D8D8D8FFD8DCD8FFD8D8D8FFD8D8D8FF5B
:10E1A400D8DCD8FFD8D8D8FFD8D8D8FFD8D8D8FF4B
:10E1B400D8DCD8FFD8D8D8FFD8D8D8FF888888FF2B
:10E1C400787878FF787878FF0004F8FF0000F8FF8B
:10E1D4000000F8FF0000F8FF5050A8FF787878FF9F
:10E1E400787878FFC0C4C0FFD8D8D8FFD8DCD8FF6F
:10E1F400D8D8D8FFD8D8D8FFD8D8D8FFD8D8D8FFFF
:10E20400D8DCD8FFD8D8D8FFD8D8D8FFD8D8D8FFEA
:10E21400D8DCD8FFD8D8D8FFD8D8D8FFD8D8D8FFDA
:10E22400D8D8D8FFE0D8E0FFA8A8A8FF787878FF6E
:10E23400787878FF7878785D0000000000000000AE
:10E2440000000000000000000000000000000000CA
:10E2540000000000000000000000000000000000BA
:10E2640000000000000000000000000000000000AA
:10E27400000000000000000078787861787878FF6A
:10E28400787878FFA8A8A8FFD8D8D8FFD8D8D8FF1E
:10E29400D8D8D8FFE0DCE0FFD8D8D8FFD8D8D8FF4A
:10E2A400B8BCB8FF787878FF787878FF4844B0FF36
:10E2B4000000F8FF0000F8FF0000F8FF080CF0FF72
:10E2C400787878FF787878FF888C88FFD0D0D0FF72
:10E2D400D0D0D0FFD0D0D0FFD0D0D0FFD0D0D0FF7E
:10E2E400D0D0D0FFD0D0D0FFD0D0D0FFD0D4D0FF6A
:10E2F400D0D0D0FFD0D0D0FFD0D0D0FFD0D0D0FF5E
:10E30400D0D0D0FFD0D0D0FFD0D4D0FFD0D0D0FF49
:10E31400D0D0D0FFD0D0D0FFD8D4D0FFD8D8D8FF19
:10E32400D8D8D8FFD8DCE0FFD8D8D8FFD8D8D8FFC1
:10E33400D8D8E0FFD8DCD8FFD8D8D8FFD8D8E0FFA9
:10E34400D8D8D8FFD8D8D8FFD8D8D8FFD0CCD0FFC9
:10E35400787878FF787878FF585C98FF0000F8FFA9
:10E364000000F8FF0000F8FF0000F8FF707080FF65
:10E37400787878FF808080FFD8D8D8FFD8D8D8FFA5
:10E38400D8D8D8FFD8D8D8FFD8D8D8FFD8DCD8FF69
:10E39400D8D8D8FFD8D8D8FFD8D8D8FFD8DCD8FF59
:10E3A400D8D8D8FFD8D8D8FFD0D0D0FF787878FF85
:10E3B400787878FF605C98FF0000F8FF0000F8FFB1
:10E3C4000000F8FF0000F8FF707080FF787878FF95
:10E3D400787878FF787878FF787878FF787878FF9D
:10E3E400787878FF787878FF787878FF787878FF8D
:10E3F400787878FF787878FF787878FF787878FF7D
:10E40400787878FF707088FF0000F8FF0000F8FF4C
:10E414000000F8FF0000F8FF585C98FF787878FF58
:10E42400787878FFD0D0D0FFD8D8D8FFD8D8D8FF04
:10E43400787878FF787878FF686890FF0000F8FFB4
:10E444000000F8FF0000F8FF0000F8FF606490FF90
:10E45400787878FF787878FF787878FF787878FF1C
:10E46400787878FF787878FF787878FF787878FF0C
:10E47400787878FF787878FF787878FF787878FFFC
:10E48400787878FF787878FF787878FF0000F8FF5C
:10E494000000F8FF0000F8FF0000F8FF5050A0FF54
:10E4A400787878FF787878FFC8C4C8FFD8DCD8FFBC
:10E4B400D8D8D8FFD8D8D8FFD8D8D8FFD8D8D8FF3C
:10E4C400D8D8D8FFD8D8E0FFD8DCD8FFD8D8D8FF20
:10E4D400D8D8D8FFD8D8D8FFD8D8D8FF888888FF0C
:10E4E400787878FF787878FF0004F8FF0000F8FF68
:10E4F4000000F8FF0000F8FF5050A8FF787878FF7C
:10E50400787878FFC0C4C0FFD8D8D8FFD8D8D8FF4F
:10E51400D8DCD8FFD8D8D8FFD8D8D8FFD8DCD8FFD3
:10E52400D8D8D8FFD8D8D8FFD8D8D8FFD8DCD8FFC7
:10E53400D8D8D8FFD8D8D8FFD8DCD8FFD8D8D8FFB7
:10E54400D8D8D8FFD8D8D8FFA8A8A8FF787878FF5B
:10E55400787878FF7878785D00000000000000008B
:10E5640000000000000000000000000000000000A7
:10E574000000000000000000000000000000000097
:10E584000000000000000000000000000000000087
:10E5940000000000000000007878785D787878FF4B
:10E5A400787878FFA8A8A8FFD8D8D8FFD8D8D8FFFB
:10E5B400D8D8D8FFD8D8D8FFD8DCD8FFD8D8D8FF37
:10E5C400C0BCC0FF787878FF787878FF4848B0FFFF
:10E5D4000000F8FF0000F8FF0000F8FF100CF0FF47
:10E5E400787878FF787878FF787878FF787878FF8B
:10E5F400787878FF787878FF787878FF787878FF7B
:10E60400787878FF787878FF787878FF787878FF6A
:10E61400787878FF787878FF787878FF787878FF5A
:10E62400787878FF787878FF787878FF787878FF4A
:10E63400787878FF787878FF808080FFD8D8D8FF02
:10E64400D8D8D8FFE0D8D8FFD8D8D8FFD8D8D8FFA2
:10E65400E0D8D8FFD8D8D8FFD8D8D8FFD8DCD8FF8E
:10E66400D8DCD8FFD8D8D8FFD8D8D8FFD0CCD0FFA2
:10E67400787878FF787878FF585C98FF0000F8FF86
:10E684000000F8FF0000F8FF0000F8FF707080FF42
:10E69400787878FF808080FFD8D8D8FFD8D8D8FF82
:10E6A400D8DCD8FFD8D8D8FFD8D8E0FFD8D8D8FF3E
:10E6B400D8DCD8FFD8D8E0FFD8D8D8FFD8DCD8FF2A
:10E6C400D8D8E0FFD8D8D8FFD0D0D0FF787878FF5A
:10E6D400787878FF585C98FF0000F8FF0000F8FF96
:10E6E4000000F8FF0000F8FF706C80FF787878FF76
:10E6F400787878FF787878FF787878FF787878FF7A
:10E70400787878FF787878FF787878FF787878FF69
:10E71400787878FF787878FF787878FF787878FF59
:10E72400787878FF707088FF0000F8FF0000F8FF29
:10E734000000F8FF0000F8FF605C98FF787878FF2D
:10E74400787878FFD0D0D0FFD8D8D8FFD8D8D8FFE1
:10E75400787878FF787878FF686888FF0000F8FF99
:10E764000000F8FF0000F8FF0000F8FF686490FF65
:10E77400787878FF787878FF787878FF787878FFF9
:10E78400787878FF787878FF787878FF787878FFE9
:10E79400787878FF787878FF787878FF787878FFD9
:10E7A400787878FF787878FF787878FF0000F8FF39
:10E7B4000000F8FF0000F8FF0000F8FF5050A8FF29
:10E7C400787878FF787878FFC8C4C8FFD8D8D8FF9D
:10E7D400D8DCD8FFD8D8D8FFE0DCE0FFD8D8D8FF01
:10E7E400D8D8D8FFE0DCD8FFD8D8D8FFD8D8D8FFFD
:10E7F400D8DCE0FFD8D8D8FFD8D8D8FF888888FFDD
:10E80400787878FF787878FF0004F8FF0000F8FF44
:10E814000000F8FF0000F8FF5050A8FF787878FF58
:10E82400787878FFC8C4C8FFD8D8D8FFD8D8D8FF1C
:10E83400D8D8D8FFD8D8E0FFD8DCD8FFD8D8D8FFAC
:10E84400D8D8E0FFD8D8D8FFE0DCD8FFD8D8E0FF8C
:10E85400D8D8D8FFE0D8D8FFD8D8E0FFD8DCD8FF84
:10E86400D8D8D8FFD8D8D8FFA8A8A8FF787878FF38
:10E87400787878FF7878785D000000000000000068
:10E884000000000000000000000000000000000084
:10E894000000000000000000000000000000000074
:10E8A4000000000000000000000000000000000064
:10E8B40000000000000000007878785D787878FF28
:10E8C400787878FFA8A8A8FFD8D8D8FFD8D8D8FFD8
:10E8D400D8DCD8FFD8D8D8FFD8D8D8FFD8DCD8FF10
:10E8E400C0BCC0FF787878FF787878FF4848B0FFDC
:10E8F4000000F8FF0000F8FF0000F8FF080CF0FF2C
:10E90400787878FF787878FF787878FF787878FF67
:10E91400787878FF787878FF787878FF787878FF57
:10E92400787878FF787878FF787878FF787878FF47
:10E93400787878FF787878FF787878FF787878FF37
:10E94400787878FF787878FF787878FF787878FF27
:10E95400787878FF787878FF808080FFD8DCE0FFD3
:10E96400D8D8D8FFD8DCD8FFD8D8D8FFD8DCD8FF7F
:10E97400D8DCD8FFD8D8D8FFD8D8D8FFE0D8D8FF6B
:10E98400D8D8D8FFD8DCD8FFD8D8D8FFD0CCD0FF7F
:10E99400787878FF787878FF585898FF0000F8FF67
:10E9A4000000F8FF0000F8FF0000F8FF707080FF1F
:10E9B400787878FF807C80FFD8D8D8FFD8D8D8FF63
:10E9C400D8DCD8FFD8D8D8FFD8D8D8FFD8D8D8FF23
:10E9D400D8DCD8FFD8D8D8FFE0D8D8FFD8D8D8FF0B
:10E9E400D8DCD8FFD8D8D8FFD0D0D0FF787878FF3B
:10E9F400787878FF605C98FF0000F8FF0000F8FF6B
:10EA04000000F8FF0000F8FF2824D8FF2828D0FFD2
:10EA14002828D0FF2828D0FF2828D0FF2828D0FF76
:10EA24002828D0FF2828D0FF2828D0FF2828D0FF66
:10EA34002828D0FF2828D0FF2828D0FF2828D0FF56
:10EA44002828D0FF2824D0FF0000F8FF0000F8FF9A
:10EA54000000F8FF0000F8FF585C98FF787878FF12
:10EA6400787878FFD0D0D0FFD8D8D8FFD8D8D8FFBE
:10EA7400787878FF787878FF686888FF0000F8FF76
:10EA84000000F8FF0000F8FF0000F8FF2020D8FF86
:10EA94002828D0FF2828D0FF2828D0FF2828D0FFF6
:10EAA4002828D0FF2828D0FF2828D0FF2828D0FFE6
:10EAB4002828D0FF2828D0FF2828D0FF2828D0FFD6
:10EAC4002828D0FF2828D0FF2828D0FF0000F8FFEE
:10EAD4000000F8FF0000F8FF0000F8FF5054A0FF0A
:10EAE400787878FF787878FFC8C4C8FFD8D8D8FF7A
:10EAF400D8D8D8FFD8D8D8FFD8DCD8FFD8D8D8FFF2
:10EB0400D8D8D8FFD8DCD8FFD8D8D8FFD8D8D8FFE1
:10EB1400E0D8D8FFD8DCD8FFD8D8D8FF888888FFB9
:10EB2400787878FF787878FF0804F8FF0000F8FF19
:10EB34000000F8FF0000F8FF5050A8FF787878FF35
:10EB4400787878FFC0C4C0FFD8D8D8FFD8D8D8FF09
:10EB5400D8D8D8FFE0DCD8FFD8D8D8FFD8D8D8FF89
:10EB6400D8D8D8FFD8DCD8FFD8D8D8FFD8D8D8FF81
:10EB7400D8D8D8FFD8DCD8FFD8D8D8FFE0D8D8FF69
:10EB8400D8DCD8FFD8D8D8FFA8A8A8FF787878FF11
:10EB9400787878FF7878785D000000000000000045
:10EBA4000000000000000000000000000000000061
:10EBB4000000000000000000000000000000000051
:10EBC4000000000000000000000000000000000041
:10EBD40000000000000000007878785D787878FF05
:10EBE400787878FFA8A8A8FFD8D8D8FFD8D8D8FFB5
:10EBF400D8D8D8FFE0D8E0FFD8D8D8FFD8D8D8FFE5
:10EC0400C0BCC0FF787878FF787878FF4844B0FFBC
:10EC14000000F8FF0000F8FF0000F8FF0808F0FF0C
:10EC2400605C98FF605C98FF605C98FF606098FF90
:10EC3400605C98FF605C98FF606098FF605C98FF80
:10EC4400606098FF605C98FF605C98FF606098FF6C
:10EC5400605C98FF605C98FF606098FF605C98FF60
:10EC6400605C98FF606098FF605C98FF605C98FF50
:10EC7400787878FF787878FF808080FFD8D8D8FFBC
:10EC8400D8D8D8FFD8D8D8FFD8D8E0FFD8D8D8FF5C
:10EC9400D8D8D8FFD8DCE0FFD8D8D8FFD8D8D8FF48
:10ECA400D8D8E0FFD8D8D8FFD8DCD8FFD0CCD0FF54
:10ECB400787878FF787878FF585C98FF0000F8FF40
:10ECC4000000F8FF0000F8FF0000F8FF707080FFFC
:10ECD400787878FF808080FFD8D8D8FFD8D8D8FF3C
:10ECE400D8D8D8FFD8DCD8FFD8D8D8FFE0D8E0FFF0
:10ECF400D8D8D8FFD8DCD8FFD8D8D8FFD8D8D8FFF0
:10ED0400D8D8D8FFD8D8D8FFD0D0D0FF787878FF1B
:10ED1400787878FF585C98FF0000F8FF0000F8FF4F
:10ED24000000F8FF0000F8FF0000F8FF0000F8FF03
:10ED34000000F8FF0000F8FF0000F8FF0000F8FFF3
:10ED44000000F8FF0000F8FF0000F8FF0000F8FFE3
:10ED54000000F8FF0000F8FF0000F8FF0000F8FFD3
:10ED64000000F8FF0000F8FF0000F8FF0000F8FFC3
:10ED74000000F8FF0000F8FF605C98FF787878FFE7
:10ED8400787878FFD0D0D0FFD8D8D8FFD8D8D8FF9B
:10ED9400787878FF787878FF686888FF0000F8FF53
:10EDA4000000F8FF0000F8FF0000F8FF0000F8FF83
:10EDB4000000F8FF0000F8FF0000F8FF0000F8FF73
:10EDC4000000F8FF0000F8FF0000F8FF0000F8FF63
:10EDD4000000F8FF0000F8FF0000F8FF0000F8FF53
:10EDE4000000F8FF0000F8FF0000F8FF0000F8FF43
:10EDF4000000F8FF0000F8FF0000F8FF5050A8FFE3
:10EE0400787878FF787878FFC8C8C8FFD8D8D8FF52
:10EE1400D8D8D8FFD8D8D8FFD8D8D8FFD8D8D8FFD2
:10EE2400D8D8E0FFD8D8D8FFD8D8D8FFD8D8D8FFBA
:10EE3400D8D8D8FFD8D8D8FFD8D8D8FF888888FFA2
:10EE4400787878FF787878FF0004F8FF0000F8FFFE
:10EE54000000F8FF0000F8FF504CA8FF787878FF16
:10EE6400787878FFC0C4C0FFD8D8D8FFD8D8D8FFE6
:10EE7400D8DCD8FFD8D8D8FFD8D8D8FFD8D8D8FF6E
:10EE8400E0DCD8FFD8D8D8FFD8D8D8FFD8D8D8FF56
:10EE9400D8DCE0FFD8D8D8FFD8D8D8FFD8D8D8FF46
:10EEA400D8D8E0FFD8D8D8FFA8A8A8FF787878FFEA
:10EEB400787878FF7878785D000000000000000022
:10EEC400000000000000000000000000000000003E
:10EED400000000000000000000000000000000002E
:10EEE400000000000000000000000000000000001E
:10EEF40000000000000000007878785D787878FFE2
:10EF0400787878FFA8A8A8FFD8D8D8FFD8D8D8FF91
:10EF1400D8DCD8FFD8D8D8FFD8D8D8FFD8DCD8FFC9
:10EF2400C0BCC0FF787878FF787878FF4048B0FF9D
:10EF34000000F8FF0000F8FF0000F8FF0000F8FFF1
:10EF44000000F8FF0000F8FF0000F8FF0000F8FFE1
:10EF54000000F8FF0000F8FF0000F8FF0000F8FFD1
:10EF64000000F8FF0000F8FF0000F8FF0000F8FFC1
:10EF74000000F8FF0000F8FF0000F8FF0000F8FFB1
:10EF84000000F8FF0000F8FF0000F8FF0000F8FFA1
:10EF9400707480FF787878FF808080FFD8D8D8FF9D
:10EFA400E0DCD8FFD8D8D8FFD8D8D8FFE0D8D8FF2D
:10EFB400D8D8D8FFD8D8D8FFE0DCD8FFD8D8D8FF25
:10EFC400D8D8D8FFD8D8D8FFD8D8D8FFD0CCD0FF3D
:10EFD400787878FF787878FF585C98FF0000F8FF1D
:10EFE4000000F8FF0000F8FF0000F8FF707080FFD9
:10EFF400787878FF808080FFD8D8D8FFD8D8D8FF19
:10F00400D8D8D8FFD8D8D8FFD8DCD8FFD8D8D8FFDC
:10F01400D8D8D8FFD8D8D8FFD8DCE0FFD8D8D8FFC4
:10F02400E0D8D8FFD8D8D8FFD0D0D0FF787878FFF0
:10F03400787878FF605C98FF0000F8FF0000F8FF24
:10F044000000F8FF0000F8FF0000F8FF0000F8FFE0
:10F054000000F8FF0000F8FF0000F8FF0000F8FFD0
:10F064000000F8FF0000F8FF0000F8FF0000F8FFC0
:10F074000000F8FF0000F8FF0000F8FF0000F8FFB0
:10F084000000F8FF0000F8FF0000F8FF0000F8FFA0
:10F094000000F8FF0000F8FF585C98FF787878FFCC
:10F0A400787878FFD0D0D0FFD8D8D8FFD8D8D8FF78
:10F0B400787878FF787878FF686888FF0000F8FF30
:10F0C4000000F8FF0000F8FF0000F8FF0000F8FF60
:10F0D4000000F8FF0000F8FF0000F8FF0000F8FF50
:10F0E4000000F8FF0000F8FF0000F8FF0000F8FF40
:10F0F4000000F8FF0000F8FF0000F8FF0000F8FF30
:10F104000000F8FF0000F8FF0000F8FF0000F8FF1F
:10F114000000F8FF0000F8FF0000F8FF5050A0FFC7
:10F12400787878FF787878FFC8C4C8FFD8DCD8FF2F
:10F13400D8D8D8FFD8DCD8FFD8D8D8FFE0DCD8FF9F
:10F14400D8D8D8FFD8DCD8FFE0D8E0FFD8DCD8FF87
:10F15400D8DCD8FFD8D8E0FFD8D8D8FF888888FF73
:10F16400787878FF787878FF0004F8FF0000F8FFDB
:10F174000000F8FF0000F8FF5050A8FF787878FFEF
:10F18400787878FFC8C4C0FFD8D8D8FFD8D8E0FFB3
:10F19400D8D8D8FFD8D8D8FFD8D8E0FFD8DCD8FF43
:10F1A400D8D8D8FFD8D8E0FFE0D8D8FFD8DCD8FF2B
:10F1B400D8D8D8FFE0D8D8FFD8DCD8FFD8D8D8FF23
:10F1C400D8D8D8FFD8DCD8FFA8A8A8FF787878FFCB
:10F1D400787878FF7878785D0000000000000000FF
:10F1E400000000000000000000000000000000001B
:10F1F400000000000000000000000000000000000B
:10F2040000000000000000000000000000000000FA
:10F2140000000000000000007878785D787878FFBE
:10F22400787878FFA8A8A8FFD8D8D8FFD8D8D8FF6E
:10F23400D8DCD8FFD8D8D8FFD8D8D8FFD8D8D8FFAA
:10F24400B8BCB8FF787878FF787878FF4844B0FF86
:10F254000000F8FF0000F8FF0000F8FF0000F8FFCE
:10F264000000F8FF0000F8FF0000F8FF0000F8FFBE
:10F274000000F8FF0000F8FF0000F8FF0000F8FFAE
:10F284000000F8FF0000F8FF0000F8FF0000F8FF9E
:10F294000000F8FF0000F8FF0000F8FF0000F8FF8E
:10F2A4000000F8FF0000F8FF0000F8FF0000F8FF7E
:10F2B400707480FF787878FF808080FFD8D8D8FF7A
:10F2C400D8D8D8FFD8DCE0FFD8DCD8FFD8D8D8FF0E
:10F2D400D8D8D8FFD8DCD8FFD8D8E0FFD8D8D8FF02
:10F2E400D8DCD8FFD8DCD8FFD8D8D8FFD0CCD0FF12
:10F2F400787878FF787878FF585898FF0000F8FFFE
:10F304000000F8FF0000F8FF0000F8FF707080FFB5
:10F31400787878FF807C80FFD8D8D8FFD8DCD8FFF5
:10F32400D8D8E0FFD8D8D8FFD8DCD8FFD8D8D8FFB1
:10F33400D8D8D8FFE0D8D8FFD8D8D8FFD8DCD8FFA1
:10F34400D8D8D8FFD8D8D8FFD0D0D0FF787878FFD5
:10F35400787878FF605C98FF0000F8FF0000F8FF01
:10F364000000F8FF0000F8FF0000F8FF0000F8FFBD
:10F374000000F8FF0000F8FF0000F8FF0000F8FFAD
:10F384000000F8FF0000F8FF0000F8FF0000F8FF9D
:10F394000000F8FF0000F8FF0000F8FF0000F8FF8D
:10F3A4000000F8FF0000F8FF0000F8FF0000F8FF7D
:10F3B4000000F8FF0000F8FF585C98FF787878FFA9
:10F3C400787878FFD0D0D0FFD8D8D8FFD8D8D8FF55
:10F3D400787878FF787878FF686888FF0000F8FF0D
:10F3E4000000F8FF0000F8FF0000F8FF0000F8FF3D
:10F3F4000000F8FF0000F8FF0000F8FF0000F8FF2D
:10F404000000F8FF0000F8FF0000F8FF0000F8FF1C
:10F414000000F8FF0000F8FF0000F8FF0000F8FF0C
:10F424000000F8FF0000F8FF0000F8FF0000F8FFFC
:10F434000000F8FF0000F8FF0000F8FF5054A0FFA0
:10F44400787878FF787878FFC8C4C8FFD8D8D8FF10
:10F45400D8D8D8FFD8D8D8FFD8DCD8FFD8D8D8FF88
:10F46400D8D8D8FFD8D8D8FFD8D8D8FFD8D8D8FF7C
:10F47400D8D8D8FFE0D8D8FFD8DCD8FF888888FF50
:10F48400787878FF787878FF0804F8FF0000F8FFB0
:10F494000000F8FF0000F8FF5050A8FF787878FFCC
:10F4A400787878FFC0C4C0FFD8D8D8FFD8D8D8FFA0
:10F4B400E0DCD8FFD8D8D8FFD8D8D8FFE0D8D8FF18
:10F4C400D8D8D8FFD8DCD8FFD8D8D8FFD8D8D8FF18
:10F4D400D8D8D8FFD8D8D8FFD8DCE0FFD8D8D8FF00
:10F4E400E0D8D8FFD8D8D8FFA8A8A8FF787878FFA4
:10F4F400787878FF7878785D0000000000000000DC
:10F5040000000000000000000000000000000000F7
:10F5140000000000000000000000000000000000E7
:10F5240000000000000000000000000000000000D7
:10F5340000000000000000007878785D787878FF9B
:10F54400787878FFA0A0A0FFC8C8C8FFC8C8C8FFC3
:10F55400C8C8C8FFC8C8C8FFC8C8C8FFC8C8C8FF4B
:10F56400B0B0B0FF787878FF787878FF4848B0FF7B
:10F574000000F8FF0000F8FF0000F8FF0000F8FFAB
:10F584000000F8FF0000F8FF0000F8FF0000F8FF9B
:10F594000000F8FF0000F8FF0000F8FF0000F8FF8B
:10F5A4000000F8FF0000F8FF0000F8FF0000F8FF7B
:10F5B4000000F8FF0000F8FF0000F8FF0000F8FF6B
:10F5C4000000F8FF0000F8FF0000F8FF0000F8FF5B
:10F5D400787480FF787878FF808080FFC8C8C8FF7F
:10F5E400C8C8C8FFC8C8C8FFC8C8C8FFC8C8C8FFBB
:10F5F400C8C8C8FFC8C8C8FFC8C8C8FFC8C8C8FFAB
:10F60400C8C8C8FFC8C8C8FFC8C8C8FFC0C0C0FFB2
:10F61400787878FF787878FF585C98FF0000F8FFD6
:10F624000000F8FF0000F8FF0000F8FF707080FF92
:10F63400787878FF807C80FFC8C8C8FFC8C8C8FF36
:10F64400C8C8C8FFC8C8C8FFC8C8C8FFC8C8C8FF5A
:10F65400C8C8C8FFC8C8C8FFC8C8C8FFC8C8C8FF4A
:10F66400C8C8C8FFC8C8C8FFC0C0C0FF787878FF42
:10F67400787878FF585C98FF0000F8FF0000F8FFE6
:10F684000000F8FF0000F8FF2828D0FF282CD0FF46
:10F69400282CD0FF282CD0FF282CD0FF302CD0FFD2
:10F6A400282CD0FF282CD0FF302CD0FF282CD0FFC2
:10F6B400282CD0FF302CD0FF282CD0FF282CD0FFB2
:10F6C400302CD0FF2828D0FF0000F8FF0000F8FFFE
:10F6D4000000F8FF0000F8FF605C98FF787878FF7E
:10F6E400787878FFC0C0C0FFC8C8C8FFC8C8C8FFC2
:10F6F400787878FF787878FF686888FF0000F8FFEA
:10F704000000F8FF0000F8FF0000F8FF2824D8FFED
:10F71400282CD0FF302CD0FF282CD0FF282CD0FF51
:10F72400302CD0FF282CD0FF282CD0FF2824D8FF41
:10F734000000F8FF0000F8FF0000F8FF0000F8FFE9
:10F744002828D0FF282CD0FF282CD0FF302CD0FF25
:10F75400282CD0FF282CD0FF302CD0FF606098FFDD
:10F76400787878FF787878FFB8B8B8FFC8C8C8FF49
:10F77400C8C8C8FFC8C8C8FFC8C8C8FFC8C8C8FF29
:10F78400C8C8C8FFC8C8C8FFC8C8C8FFC8C8C8FF19
:10F79400C8C8C8FFC8C8C8FFC8C8C8FF888488FFCD
:10F7A400787878FF787878FF0000F8FF0000F8FF99
:10F7B4000000F8FF0000F8FF504CA8FF787878FFAD
:10F7C400787878FFB8B4B8FFC8C8C8FFC8C8C8FFFD
:10F7D400C8C8C8FFC8C8C8FFC8C8C8FFC8C8C8FFC9
:10F7E400C8C8C8FFC8C8C8FFC8C8C8FFC8C8C8FFB9
:10F7F400C8C8C8FFC8C8C8FFC8C8C8FFC8C8C8FFA9
:10F80400C8C8C8FFC8C8C8FFA0A0A0FF787878FF00
:10F81400787878FF7878785D0000000000000000B8
:10F8240000000000000000000000000000000000D4
:10F8340000000000000000000000000000000000C4
:10F8440000000000000000000000000000000000B4
:10F8540000000000000000007878785D787878FF78
:10F86400787878FF909090FFA8ACA8FFB0ACB0FF78
:10F87400B0ACB0FFB0ACB0FFB0ACB0FFA8ACA8FF68
:10F88400A09CA0FF787878FF787878FF4848B0FF8C
:10F894000000F8FF0000F8FF0000F8FF0000F8FF88
:10F8A4000000F8FF0000F8FF0000F8FF0000F8FF78
:10F8B4000000F8FF0000F8FF0000F8FF0000F8FF68
:10F8C4000000F8FF0000F8FF0000F8FF0000F8FF58
:10F8D4000000F8FF0000F8FF0000F8FF0000F8FF48
:10F8E4000000F8FF0000F8FF0000F8FF0000F8FF38
:10F8F400707480FF787878FF807C80FFB0ACA8FFBC
:10F90400A8ACB0FFB0ACB0FFB0ACA8FFB0ACB0FFD7
:10F91400B0ACB0FFB0ACA8FFB0ACB0FFB0ACB0FFBF
:10F92400B0ACA8FFA8ACB0FFB0ACA8FFA0A4A0FFE7
:10F93400787878FF787878FF585898FF0000F8FFB7
:10F944000000F8FF0000F8FF0000F8FF707080FF6F
:10F95400787878FF787C78FFA8ACA8FFB0ACB0FFCB
:10F96400B0ACA8FFB0ACB0FFB0ACB0FFB0ACB0FF6F
:10F97400A8ACB0FFB0ACB0FFB0ACB0FFA8ACB0FF67
:10F98400B0ACB0FFB0ACB0FFA8A4A8FF787878FF03
:10F99400787878FF585C98FF0000F8FF0000F8FFC3
:10F9A4000000F8FF0000F8FF707080FF787878FF9F
:10F9B400787878FF787878FF787878FF787878FFA7
:10F9C400787878FF787878FF787878FF787878FF97
:10F9D400787878FF787878FF787878FF787878FF87
:10F9E400787878FF707080FF0000F8FF0000F8FF5F
:10F9F4000000F8FF0000F8FF605C98FF787878FF5B
:10FA0400787878FFA8A4A0FFA8ACA8FFA8ACA8FFAA
:10FA1400787878FF787878FF686890FF0000F8FFBE
:10FA24000000F8FF0000F8FF0000F8FF606490FF9A
:10FA3400787878FF787878FF787878FF787878FF26
:10FA4400787878FF787878FF787878FF606490FF2A
:10FA54000000F8FF0000F8FF0000F8FF0000F8FFC6
:10FA6400686888FF787878FF787878FF787878FF06
:10FA7400787878FF787878FF787878FF787878FFE6
:10FA8400787878FF787878FFA0A0A0FFA8ACA8FFCA
:10FA9400B0ACB0FFB0ACB0FFA8ACB0FFB0ACB0FF3E
:10FAA400B0ACB0FFB0ACB0FFB0ACB0FFA8ACB0FF2E
:10FAB400B0ACA8FFA8ACB0FFA8ACA8FF808080FFC2
:10FAC400787878FF787878FF0004F8FF0000F8FF72
:10FAD4000000F8FF0000F8FF5050A8FF787878FF86
:10FAE400787878FFA0A0A0FFB0ACB0FFA8ACB0FFBE
:10FAF400B0ACB0FFB0ACB0FFA8ACB0FFB0ACB0FFDE
:10FB0400A8ACB0FFB0ACB0FFB0ACB0FFB0ACB0FFCD
:10FB1400B0ACB0FFB0ACA8FFA8ACB0FFB0ACB0FFC5
:10FB2400A8ACA8FFB0ACB0FF909090FF787878FFB5
:10FB3400787878FF78787861000000000000000091
:10FB440000000000000000000000000000000000B1
:10FB540000000000000000000000000000000000A1
:10FB64000000000000000000000000000000000091
:10FB740000000000000000007878785D787878FF55
:10FB8400787878FF909090FFA8ACA8FFA8ACA8FF65
:10FB9400A8ACA8FFA8ACA8FFA8ACA8FFB0ACB0FF65
:10FBA400989C98FF787878FF787878FF707478FF5D
:10FBB400707080FF707080FF707080FF707080FFC5
:10FBC400707080FF707080FF707080FF707080FFB5
:10FBD400707080FF707080FF707080FF707080FFA5
:10FBE400707080FF707080FF707080FF707080FF95
:10FBF400707080FF707080FF707080FF5050A8FF9D
:10FC04000000F8FF0000F8FF0000F8FF0000F8FF14
:10FC1400707480FF787878FF807C78FFA8ACA8FFA8
:10FC2400A8ACA8FFA8ACA8FFA8ACA8FFA8ACB0FFDC
:10FC3400A8ACA8FFA8ACA8FFA8ACA8FFA8ACB0FFCC
:10FC4400A8ACA8FFB0ACA8FFA8ACB0FFA8A4A8FFBC
:10FC5400787878FF787878FF585898FF0000F8FF94
:10FC64000000F8FF0000F8FF0000F8FF707080FF4C
:10FC7400787878FF787C80FFA8ACA8FFA8ACA8FFB0
:10FC8400A8ACB0FFA8ACA8FFA8ACA8FFA8ACA8FF7C
:10FC9400A8ACA8FFB0ACA8FFA8ACA8FFA8ACA8FF6C
:10FCA400A8ACA8FFA8ACA8FFA8A4A8FF787878FF00
:10FCB400787878FF605C98FF0000F8FF0000F8FF98
:10FCC4000000F8FF0000F8FF706C80FF787878FF80
:10FCD400787878FF787878FF787878FF787878FF84
:10FCE400787878FF787878FF787878FF787878FF74
:10FCF400787878FF787878FF787878FF787878FF64
:10FD0400787878FF706C88FF0000F8FF0000F8FF37
:10FD14000000F8FF0000F8FF585C98FF787878FF3F
:10FD2400787878FFA8A4A8FFA8ACA8FFA8A8A8FF83
:10FD3400787878FF787878FF686888FF0000F8FFA3
:10FD44000000F8FF0000F8FF0000F8FF606490FF77
:10FD5400787878FF787878FF787878FF787878FF03
:10FD6400787878FF787878FF787878FF606090FF0B
:10FD74000000F8FF0000F8FF0000F8FF0000F8FFA3
:10FD8400686888FF787878FF787878FF787878FFE3
:10FD9400787878FF787878FF787878FF787878FFC3
:10FDA400787878FF787878FFA0A0A0FFA8ACA8FFA7
:10FDB400A8ACA8FFA8ACA8FFA8ACA8FFA8ACA8FF53
:10FDC400A8ACA8FFA8ACA8FFA8ACA8FFB0ACA8FF3B
:10FDD400A8ACB0FFB0ACA8FFA8ACA8FF808080FF9F
:10FDE400787878FF787878FF0804F8FF0000F8FF47
:10FDF4000000F8FF0000F8FF5050A8FF787878FF63
:10FE0400787878FFA0A0A0FFA8ACA8FFA8ACA8FFB2
:10FE1400A8ACA8FFA8ACA8FFB0ACA8FFA8ACA8FFEA
:10FE2400A8ACA8FFA8ACA8FFA8ACA8FFA8ACA8FFE2
:10FE3400A8ACA8FFA8ACA8FFB0ACB0FFA8ACA8FFC2
:10FE4400A8ACA8FFB0ACB0FF909090FF787878FF92
:10FE5400787878FF7878785D000000000000000072
:10FE6400000000000000000000000000000000008E
:10FE7400000000000000000000000000000000007E
:10FE8400000000000000000000000000000000006E
:10FE940000000000000000007878785D787878FF32
:10FEA400787878FF909090FFB0ACB0FFA8A8A8FF36
:10FEB400B0ACB0FFA8ACA8FFA8A8A8FFB0ACB0FF36
:10FEC400A09CA0FF787878FF787878FF787878FF1E
:10FED400787878FF787878FF787878FF787878FF82
:10FEE400787878FF787878FF787878FF787878FF72
:10FEF400787878FF787878FF787878FF787878FF62
:10FF0400787878FF787878FF787878FF787878FF51
:10FF1400787878FF787878FF787878FF5858A0FF59
:10FF24000000F8FF0000F8FF0000F8FF0000F8FFF1
:10FF3400707480FF787878FF807C80FFA8ACA8FF7D
:10FF4400A8A8B0FFB0A8A8FFA8ACB0FFA8A8A8FFB5
:10FF5400B0ACA8FFA8A8B0FFA8ACA8FFB0A8A8FFA1
:10FF6400A8A8B0FFA8ACA8FFA8A8A8FFA8A4A8FFA9
:10FF7400787878FF787878FF585C98FF0000F8FF6D
:10FF84000000F8FF0000F8FF0000F8FF707080FF29
:10FF9400787878FF807C80FFB0ACA8FFA8A8A8FF81
:10FFA400A8ACB0FFB0ACA8FFA8A8A8FFA8ACB0FF4D
:10FFB400B0ACA8FFA8A8A8FFA8ACB0FFB0ACA8FF3D
:10FFC400A8ACA8FFA8ACA8FFA8A4A8FF787878FFDD
:10FFD400787878FF585C98FF0000F8FF0000F8FF7D
:10FFE4000000F8FF0000F8FF707088FF787878FF51
:0CFFF400787878FF909090FF909090FF3C
:020000040803EF
:10000000909490FF909090FF909090FF909490FF2C
:10001000909090FF909090FF909090FF909090FF24
:10002000787878FF787878FF707080FF0000F8FFAC
:100030000000F8FF0000F8FF0000F8FF585C98FF90
:10004000787878FF787878FFA8A4A8FFA8ACA8FFF4
:10005000A8ACA8FF787878FF787878FF686888FF80
:100060000000F8FF0000F8FF0000F8FF0000F8FFB4
:10007000606090FF787878FF787878FF909090FFB4
:10008000909090FF909090FF909090FF808480FFE0
:10009000706C88FF403CB8FF1010F0FF0000F8FFC4
:1000A0000000F8FF3834C8FF5858A0FF787878FF70
:1000B000787878FF888888FF909090FF909090FFE4
:1000C000909090FF909090FF909490FFA8A8A8FF28
:1000D000B0ACA8FFA8ACB0FFB0ACA8FFB0A8A8FF18
:1000E000A8ACB0FFB0ACA8FFA8A8A8FFA8ACB0FF10
:1000F000B0ACA8FFA8A8A8FFA8ACB0FFB0ACB0FFF8
:10010000808080FF787878FF787878FF0004F8FFA7
:100110000000F8FF0000F8FF0000F8FF5050A8FFB3
:10012000787878FF787878FFA0A0A0FFA8ACA8FF27
:10013000B0A8A8FFA8ACA8FFA8ACB0FFB0A8A8FFC3
:10014000A8ACA8FFB0ACB0FFA8A8A8FFA8ACA8FFB7
:10015000B0ACB0FFA8A8A8FFA8ACA8FFB0ACB0FF97
:10016000A8A8A8FFA8ACA8FFA8ACA8FF909090FFF3
:10017000787878FF787878FF7878785D00000000EC
:10018000000000000000000000000000000000006F
:10019000000000000000000000000000000000005F
:1001A000000000000000000000000000000000004F
:1001B0000000000000000000000000007878786176
:1001C000787878FF787878FF909090FFA8ACA8FFB7
:1001D000B0ACB0FFB0A8B0FFA8ACA8FFA8ACA8FF17
:1001E000A8ACA8FFA09CA0FF787C78FF807C80FF53
:1001F000807C80FF787C78FF787C80FF807C80FF2B
:10020000787C78FF787C80FF807C80FF787C78FF2A
:10021000787C80FF787C80FF787C78FF787C80FF1A
:10022000787C80FF787C78FF787C80FF787C80FF0A
:10023000787C80FF787C78FF787878FF787878FF12
:100240005858A0FF0000F8FF0000F8FF0000F8FF7A
:100250000000F8FF707480FF787878FF807C78FF6A
:10026000A8ACB0FFB0ACA8FFB0ACB0FFA8ACA8FF82
:10027000B0ACA8FFB0ACB0FFA8ACB0FFB0ACA8FF6A
:10028000B0ACA8FFA8ACB0FFA8ACA8FFB0ACA8FF6A
:10029000A0A4A8FF787878FF787878FF585898FF5E
:1002A0000000F8FF0000F8FF0000F8FF0000F8FF72
:1002B000707080FF787878FF787C80FFB0ACA8FF02
:1002C000A8A8A8FFB0ACB0FFB0ACA8FFA8A8B0FF2A
:1002D000B0ACB0FFB0ACA8FFA8A8B0FFA8ACB0FF0E
:1002E000B0ACA8FFB0A8B0FFA8ACA8FFA8A4A8FF16
:1002F000787878FF787878FF605C98FF0000F8FFE6
:100300000000F8FF0000F8FF0000F8FF707080FFA9
:10031000787878FF787878FFB0ACA8FFB0ACA8FF09
:10032000A8ACA8FFB0ACA8FFB0ACA8FFB0ACA8FFC9
:10033000A8ACA8FFB0ACA8FFB0ACA8FFA8ACA8FFC1
:10034000787C78FF787878FF706C88FF0000F8FF81
:100350000000F8FF0000F8FF0000F8FF605C98FF65
:10036000787878FF787878FFA8A4A8FFA8ACA8FFD1
:10037000A8A8A8FF787878FF787878FF686890FF59
:100380000000F8FF0000F8FF0000F8FF0000F8FF91
:10039000606490FF787878FF787878FFA8A8A8FF45
:1003A000B0ACA8FFB0ACA8FFA8ACA8FF908C88FFA9
:1003B000787878FF787878FF2020E0FF0000F8FF59
:1003C0000000F8FF0000F8FF3034C0FF787878FFB5
:1003D000787878FF989490FFA8ACA8FFA8ACA8FF05
:1003E000B0ACA8FFA8ACA8FFA8ACA8FFB0ACB0FF09
:1003F000A8A8A8FFA8ACB0FFB0ACA8FFA8A8B0FF01
:10040000A8ACB0FFB0ACA8FFB0A8B0FFA8ACA8FFE4
:10041000A8ACB0FFB0A8A8FFA8ACA8FFA8ACA8FFE4
:10042000808080FF787878FF787878FF0000F8FF88
:100430000000F8FF0000F8FF0000F8FF5050A8FF90
:10044000787878FF787878FFA0A0A0FFA8ACB0FFFC
:10045000B0ACA8FFB0A8B0FFA8ACB0FFA8ACA8FF94
:10046000B0ACB0FFA8ACA8FFB0A8B0FFB0ACB0FF74
:10047000A8ACA8FFB0A8B0FFA8ACA8FFA8ACA8FF84
:10048000B0A8B0FFB0ACB0FFA8ACA8FF909090FFB0
:10049000787878FF787878FF7878785D00000000C9
:1004A000000000000000000000000000000000004C
:1004B000000000000000000000000000000000003C
:1004C000000000000000000000000000000000002C
:1004D0000000000000000000000000007878785D57
:1004E000787878FF787878FF909090FFA8ACA8FF94
:1004F000A8ACA8FFA8ACA8FFB0A8B0FFA8ACA8FF04
:10050000A8ACA8FFA8ACA8FFA8ACA8FFA8ACA8FFFF
:10051000A8ACA8FFA8ACA8FFB0ACA8FFA8ACA8FFE7
:10052000A8ACA8FFB0ACA8FFA8ACA8FFA8ACA8FFD7
:10053000B0ACA8FFB0ACA8FFA8ACA8FFB0ACA8FFB7
:10054000B0ACA8FFA8ACA8FFB0ACA8FFB0ACA8FFA7
:10055000A8ACA8FFA0A4A8FF787878FF787878FFE7
:100560005858A0FF0000F8FF0000F8FF0000F8FF57
:100570000000F8FF707480FF787878FF807C78FF47
:10058000A8ACA8FFA8ACB0FFA8A8A8FFA8ACA8FF7B
:10059000A8ACB0FFA8A8A8FFA8ACA8FFA8ACB0FF63
:1005A000A8A8A8FFB0ACA8FFB0ACB0FFA8ACA8FF4B
:1005B000A8A4A8FF787878FF787878FF585C98FF2F
:1005C0000000F8FF0000F8FF0000F8FF0000F8FF4F
:1005D000707080FF787878FF787C78FFA8ACB0FFE7
:1005E000A8ACA8FFA8ACA8FFA8ACA8FFA8ACA8FF1F
:1005F000A8ACA8FFA8ACA8FFB0ACA8FFA8ACA8FF07
:10060000A8A8B0FFA8ACA8FFA8ACA8FFA8A4A8FF02
:10061000787878FF787878FF585C98FF0000F8FFCA
:100620000000F8FF0000F8FF0000F8FF706C88FF82
:10063000787878FF787C78FFA8ACB0FFA8ACB0FFE2
:10064000B0ACB0FFA8ACB0FFA8ACA8FFA8ACB0FF9E
:10065000B0ACB0FFA8ACA8FFA8ACB0FFB0ACB0FF86
:10066000787878FF787878FF707088FF0000F8FF5E
:100670000000F8FF0000F8FF0000F8FF585C98FF4A
:10068000787878FF787878FFA8A4A8FFA8ACA8FFAE
:10069000A8ACB0FF787878FF787878FF686888FF32
:1006A0000000F8FF0000F8FF0000F8FF0000F8FF6E
:1006B000686090FF787878FF787878FFA8A8A8FF1E
:1006C000A8ACA8FFA8ACB0FFA8ACB0FF888C88FF8E
:1006D000787878FF787878FF201CE0FF0000F8FF3A
:1006E0000000F8FF0000F8FF3034C8FF787878FF8A
:1006F000787878FF909490FFA8ACA8FFB0ACB0FFDA
:10070000B0ACB0FFA8ACA8FFA8A8B0FFB0ACA8FFE1
:10071000A8ACA8FFA8ACA8FFB0ACA8FFA8ACA8FFE5
:10072000A8ACA8FFA8ACA8FFB0ACA8FFA8ACB0FFCD
:10073000A8ACA8FFB0ACB0FFB0A8A8FFA8ACA8FFB9
:10074000808080FF787878FF787878FF0804F8FF59
:100750000000F8FF0000F8FF0000F8FF504CA8FF71
:10076000787878FF787878FFA0A0A0FFA8ACA8FFE1
:10077000A8ACA8FFB0ACA8FFA8A8A8FFA8ACA8FF89
:10078000B0ACA8FFA8A8A8FFA8ACA8FFA8ACA8FF79
:10079000A8ACA8FFB0ACB0FFA8ACA8FFA8ACA8FF5D
:1007A000B0ACB0FFA8ACA8FFB0ACB0FF909090FF89
:1007B000787878FF787878FF7878785D00000000A6
:1007C0000000000000000000000000000000000029
:1007D0000000000000000000000000000000000019
:1007E0000000000000000000000000000000000009
:1007F0000000000000000000000000007878785D34
:10080000787878FF787878FF909090FFB0ACB0FF60
:10081000A8ACA8FFA8ACA8FFB0ACB0FFB0A8B0FFD0
:10082000B0ACB0FFA8ACB0FFB0A8A8FFB0ACB0FFB0
:10083000A8ACB0FFB0A8A8FFA8ACB0FFA8ACB0FFB0
:10084000B0ACA8FFA8ACB0FFA8ACB0FFB0ACA8FF9C
:10085000A8ACB0FFA8ACB0FFB0ACA8FFA8ACB0FF8C
:10086000A8ACB0FFB0ACA8FFA8ACB0FFA8ACA8FF84
:10087000B0ACA8FFA8A4A8FF787878FF787878FFB4
:10088000585898FF0000F8FF0000F8FF0000F8FF3C
:100890000000F8FF707480FF787878FF807C80FF1C
:1008A000A8A8A8FFA8ACA8FFB0ACB0FFB0A8A8FF4C
:1008B000A8ACA8FFB0ACB0FFB0A8A8FFA8ACA8FF38
:1008C000A8ACB0FFA8A8A8FFA8ACA8FFA8A8B0FF34
:1008D000A8A4A0FF787878FF787878FF605898FF10
:1008E0000000F8FF0000F8FF0000F8FF0000F8FF2C
:1008F000707080FF787878FF807C80FFB0A8A8FFB8
:10090000A8ACB0FFB0A8B0FFB0ACA8FFA8ACB0FFD7
:10091000B0A8B0FFA8ACA8FFA8ACA8FFB0A8B0FFD3
:10092000B0ACA8FFA8ACA8FFA8ACB0FFA8A4A8FFD3
:10093000787878FF787878FF585C98FF0000F8FFA7
:100940000000F8FF0000F8FF0000F8FF707080FF63
:10095000787878FF787878FFA8ACA8FFB0ACA8FFCB
:10096000A8A8A8FFA8A8A8FFA8ACB0FFB0A8A8FF97
:10097000A8A8A8FFA8ACB0FFA8ACA8FFB0A8A8FF83
:10098000787878FF787878FF707080FF0000F8FF43
:100990000000F8FF0000F8FF0000F8FF585C98FF27
:1009A000787878FF787878FFA8A4A0FFA8ACA8FF93
:1009B000B0A8A8FF787878FF787878FF686888FF13
:1009C0000000F8FF0000F8FF0000F8FF0000F8FF4B
:1009D000606490FF787878FF787878FFA8A8A8FFFF
:1009E000B0ACA8FFA8A8B0FFB0ACA8FFA09CA0FF27
:1009F000909090FF787878FF5858A0FF3034C0FF6F
:100A00000000F8FF0000F8FF1014E8FF302CD0FFC2
:100A1000787878FF808080FF908C90FFA8ACA8FF4A
:100A2000A8ACA8FFB0A8B0FFA8ACA8FFB0ACB0FFBE
:100A3000A8A8B0FFA8ACA8FFB0A8B0FFB0ACB0FFAA
:100A4000A8A8A8FFA8ACB0FFB0ACA8FFA8A8A8FFB2
:100A5000A8ACB0FFA8ACA8FFB0ACB0FFA8A8B0FF8E
:100A6000808080FF787878FF787878FF0004F8FF3E
:100A70000000F8FF0000F8FF0000F8FF5050A8FF4A
:100A8000787878FF787878FFA0A0A0FFA8A8A8FFC2
:100A9000B0ACB0FFA8ACB0FFA8ACA8FFB0A8B0FF46
:100AA000A8ACB0FFA8ACA8FFB0ACB0FFA8A8A8FF46
:100AB000B0ACB0FFA8ACA8FFB0A8B0FFA8ACA8FF2E
:100AC000A8A8A8FFA8ACA8FFB0ACB0FF909090FF7A
:100AD000787878FF787878FF7878785D0000000083
:100AE0000000000000000000000000000000000006
:100AF00000000000000000000000000000000000F6
:100B000000000000000000000000000000000000E5
:100B10000000000000000000000000007878785D10
:100B2000787878FF787878FF909090FFB0ACB0FF3D
:100B3000B0A8B0FFA8ACA8FFA8ACA8FFA8ACA8FFBD
:100B4000A8A8A8FFB0ACA8FFA8ACB0FFA8A8A8FFB1
:100B5000B0ACA8FFA8ACB0FFA8A8A8FFB0ACA8FF95
:100B6000A8A8B0FFA8A8A8FFB0ACA8FFA8A8B0FF8D
:100B7000A8ACA8FFA8A8A8FFB0ACA8FFA8A8B0FF81
:100B8000A8ACA8FFB0ACA8FFA8A8B0FFA8ACB0FF65
:100B9000A8ACA8FFA0A0A0FF787878FF787878FFAD
:100BA0005858A0FF0000F8FF0000F8FF0000F8FF11
:100BB0000000F8FF787480FF787878FF807C78FFF9
:100BC000A8ACA8FFA8ACB0FFB0ACA8FFA8ACB0FF21
:100BD000A8ACA8FFB0ACB0FFA8A8A8FFB0ACA8FF15
:100BE000B0ACB0FFA8ACB0FFB0ACA8FFA8ACA8FFF9
:100BF000A8A4A8FF787878FF787878FF585898FFED
:100C00000000F8FF0000F8FF0000F8FF0000F8FF08
:100C1000707080FF787878FF787C78FFA8ACA8FFA8
:100C2000B0A8A8FFA8ACB0FFA8ACA8FFB0A8A8FFC8
:100C3000A8ACB0FFB0ACA8FFA8A8B0FFA8ACB0FFAC
:100C4000B0ACA8FFA8ACA8FFB0ACA8FFA8A4A8FFB0
:100C5000787878FF787878FF605C98FF0000F8FF7C
:100C60000000F8FF0000F8FF0000F8FF706C80FF44
:100C7000787878FF787878FFB0ACB0FFA8ACA8FFA0
:100C8000B0ACA8FFA8ACB0FFB0ACA8FFA8ACA8FF60
:100C9000B0ACB0FFA8ACA8FFB0ACA8FFA8ACB0FF48
:100CA000787878FF787878FF706C88FF0000F8FF1C
:100CB0000000F8FF0000F8FF0000F8FF605C98FFFC
:100CC000787878FF787878FFA8A4A8FFA8ACA8FF68
:100CD000A8ACA8FF787878FF787878FF686890FFEC
:100CE0000000F8FF0000F8FF0000F8FF0000F8FF28
:100CF000606090FF787878FF787878FFA8A8A8FFE0
:100D0000A8ACA8FFB0ACA8FFA8ACB0FFA8ACA8FFE7
:100D1000A0A0A0FF787878FF787878FF5054A0FFE3
:100D20000000F8FF0000F8FF0000F8FF0000F8FFE7
:100D3000787878FF787878FF807C80FFA8ACA8FF6F
:100D4000A8ACA8FFB0ACA8FFA8ACA8FFA8ACA8FFAF
:100D5000B0ACB0FFA8A8A8FFA8ACA8FFB0ACB0FF8B
:100D6000A8A8A8FFA8ACB0FFB0ACA8FFB0A8A8FF87
:100D7000A8ACB0FFA8ACA8FFB0ACA8FFA8ACA8FF77
:100D8000808080FF787878FF787878FF0800F8FF17
:100D90000000F8FF0000F8FF0000F8FF5050A8FF27
:100DA000787878FF787878FFA0A0A0FFA8ACA8FF9B
:100DB000B0A8A8FFA8ACB0FFA8ACA8FFB0ACA8FF33
:100DC000A8ACB0FFB0ACA8FFA8A8B0FFB0ACA8FF1B
:100DD000A8ACA8FFA8A8B0FFB0ACA8FFB0ACB0FF0B
:100DE000A8A8A8FFA8ACA8FFA8ACB0FF909090FF5F
:100DF000787878FF787878FF7878785D0000000060
:100E000000000000000000000000000000000000E2
:100E100000000000000000000000000000000000D2
:100E200000000000000000000000000000000000C2
:100E30000000000000000000000000007878785DED
:100E4000787878FF787878FF909090FFA8ACA8FF2A
:100E5000A8ACA8FFB0A8B0FFA8ACA8FFA8ACA8FF9A
:100E6000B0ACB0FFA8ACA8FFA8ACA8FFA8ACA8FF86
:100E7000B0ACA8FFA8ACB0FFB0ACA8FFA8ACA8FF6E
:100E8000B0ACB0FFA8ACA8FFB0ACA8FFB0ACA8FF56
:100E9000A8A8B0FFB0ACA8FFA8ACA8FFA8ACB0FF52
:100EA000B0A8A8FFA8ACA8FFB0ACA8FFB0A8B0FF3E
:100EB000A8ACA8FFA0A4A0FF787878FF787878FF86
:100EC0005858A0FF0000F8FF0000F8FF0000F8FFEE
:100ED0000000F8FF707480FF787878FF807C78FFDE
:100EE000A8A8B0FFA8ACA8FFB0A8A8FFA8ACB0FF06
:100EF000A8ACA8FFA8A8A8FFA8ACB0FFA8ACA8FF02
:100F0000B0A8A8FFA8ACB0FFA8ACA8FFB0A8A8FFE5
:100F1000A0A4A8FF787878FF787878FF585C98FFCD
:100F20000000F8FF0000F8FF0000F8FF0000F8FFE5
:100F3000707080FF787878FF787C80FFB0ACA8FF75
:100F4000A8ACA8FFA8ACB0FFA8ACA8FFB0A8A8FFA9
:100F5000A8ACA8FFA8ACA8FFB0ACA8FFA8ACB0FF95
:100F6000A8A8A8FFA8ACB0FFA8ACA8FFA8A4A8FF99
:100F7000787878FF787878FF585C98FF0000F8FF61
:100F80000000F8FF0000F8FF0000F8FF707088FF15
:100F9000787878FF787878FFA8ACB0FFA8ACB0FF7D
:100FA000B0ACA8FFA8A8B0FFA8ACA8FFB0ACA8FF41
:100FB000A8A8B0FFA8ACA8FFB0ACB0FFA8ACA8FF31
:100FC000787878FF787878FF707088FF0000F8FFF5
:100FD0000000F8FF0000F8FF0000F8FF585C98FFE1
:100FE000787878FF787878FFA8A4A8FFA8ACA8FF45
:100FF000A8A8B0FF787878FF787878FF686888FFCD
:101000000000F8FF0000F8FF0000F8FF0000F8FF04
:10101000606490FF787878FF787878FFA8A8A8FFB8
:10102000A8ACB0FFB0A8A8FFA8ACA8FFB0ACB0FFB8
:10103000A0A0A0FF787878FF787878FF5054A0FFC0
:101040000000F8FF0000F8FF0000F8FF0000F8FFC4
:10105000787878FF787878FF807C80FFA8ACB0FF44
:10106000B0ACB0FFA8A8B0FFA8ACA8FFB0ACA8FF78
:10107000A8ACB0FFA8ACA8FFB0ACA8FFA8ACA8FF74
:10108000A8ACA8FFB0ACB0FFA8ACA8FFA8ACA8FF64
:10109000B0A8B0FFA8ACA8FFA8A8A8FFB0ACB0FF4C
:1010A000808080FF787878FF787878FF0004F8FFF8
:1010B0000000F8FF0000F8FF0000F8FF5050A8FF04
:1010C000787878FF787878FFA0A0A0FFA8ACA8FF78
:1010D000B0ACA8FFA8A8B0FFB0ACA8FFA8ACA8FF10
:1010E000A8A8A8FFB0ACB0FFA8ACA8FFA8ACA8FF08
:1010F000B0ACB0FFA8ACA8FFA8ACA8FFA8ACB0FFEC
:10110000B0ACB0FFB0A8A8FFA8ACA8FF909090FF2B
:10111000787878FF787878FF7878785D000000003C
:1011200000000000000000000000000000000000BF
:1011300000000000000000000000000000000000AF
:10114000000000000000000000000000000000009F
:101150000000000000000000000000007878785DCA
:10116000787878FF787878FF909090FFA8ACA8FF07
:10117000B0ACB0FFA8ACA8FFB0A8B0FFB0ACB0FF57
:10118000A8A8A8FFB0ACB0FFA8A8B0FFB0ACA8FF5B
:10119000A8A8B0FFA8ACA8FFB0ACA8FFA8A8B0FF53
:1011A000A8ACA8FFB0ACB0FFA8A8A8FFA8ACB0FF3F
:1011B000B0ACA8FFA8ACB0FFA8ACA8FFB0ACA8FF2B
:1011C000A8ACB0FFA8ACA8FFA8ACA8FFB0A8B0FF1F
:1011D000B0ACA8FFA0A4A8FF787878FF787878FF53
:1011E0005858A0FF0000F8FF0000F8FF0000F8FFCB
:1011F0000000F8FF707080FF787878FF807C78FFBF
:10120000A8ACB0FFA8ACA8FFB0A8A8FFB0ACB0FFD6
:10121000A8ACA8FFB0ACA8FFB0ACB0FFA8ACA8FFCA
:10122000A8A8A8FFB0ACB0FFA8ACA8FFA8ACA8FFC6
:10123000A8A4A8FF787878FF787878FF585898FFA6
:101240000000F8FF0000F8FF0000F8FF0000F8FFC2
:10125000707080FF787878FF807880FFA8ACB0FF4E
:10126000B0ACA8FFA8A8A8FFB0ACB0FFA8ACB0FF76
:10127000A8ACB0FFB0A8A8FFA8ACA8FFB0ACA8FF6E
:10128000B0A8B0FFA8ACA8FFA8ACA8FFA8A4A8FF6E
:10129000787878FF787878FF585C98FF0000F8FF3E
:1012A0000000F8FF0000F8FF0000F8FF707080FFFA
:1012B000787878FF787878FFA8ACA8FFB0ACA8FF62
:1012C000A8A8B0FFA8ACA8FFB0ACA8FFA8A8B0FF22
:1012D000A8ACA8FFB0ACA8FFA8A8B0FFB0ACA8FF0E
:1012E000787C78FF787878FF706C80FF0000F8FFDA
:1012F0000000F8FF0000F8FF0000F8FF585C98FFBE
:10130000787878FF787878FFA8A4A0FFA8ACA8FF29
:10131000A8ACA8FF787878FF787878FF686888FFAD
:101320000000F8FF0000F8FF0000F8FF0000F8FFE1
:10133000686090FF787878FF787878FFA8A8A8FF91
:10134000B0ACB0FFA8ACA8FFA8A8A8FFB0ACB0FF95
:10135000A8A8A8FFA0A0A0FF808480FF707080FFD5
:10136000605C98FF100CF0FF0000F8FF0000F8FF31
:10137000181CE0FF504CA8FF787878FF808480FF2D
:10138000A09CA0FFB0ACA8FFA8A8B0FFB0A8A8FF81
:10139000A8ACA8FFB0ACB0FFA8A8B0FFA8ACA8FF4D
:1013A000B0A8B0FFA8ACA8FFA8ACB0FFB0A8A8FF39
:1013B000A8ACA8FFB0ACB0FFA8ACA8FFA8A8B0FF2D
:1013C000808080FF787878FF787878FF0004F8FFD5
:1013D0000000F8FF0000F8FF0000F8FF504CA8FFE5
:1013E000787878FF787878FFA0A0A0FFA8ACA8FF55
:1013F000A8ACB0FFB0ACA8FFA8A8B0FFA8ACA8FFED
:10140000B0ACB0FFA8A8A8FFA8ACA8FFB0A8B0FFD8
:10141000A8ACA8FFB0A8A8FFA8ACA8FFA8ACA8FFDC
:10142000B0ACB0FFA8ACA8FFB0ACA8FF909090FF04
:10143000787878FF787878FF7878785D0000000019
:10144000000000000000000000000000000000009C
:10145000000000000000000000000000000000008C
:10146000000000000000000000000000000000007C
:101470000000000000000000000000007878785DA7
:10148000787878FF787878FF909090FFB0ACB0FFD4
:10149000A8ACA8FFA8ACA8FFA8ACA8FFA8ACA8FF60
:1014A000A8ACA8FFA8A4A8FF989898FF989898FFC0
:1014B000989898FF989898FF989898FF989898FF10
:1014C000989898FF989898FF989898FF989898FF00
:1014D000989898FF989898FF989898FF989898FFF0
:1014E000989898FF989898FF989898FF989898FFE0
:1014F000989898FF989498FF787878FF787878FF94
:10150000585498FF0000F8FF0000F8FF0000F8FFB3
:101510000000F8FF707480FF787878FF807C78FF97
:10152000A8ACA8FFA8ACB0FFB0ACA8FFA8A8B0FFBB
:10153000A8ACA8FFB0A8B0FFA8ACA8FFA8ACB0FFAB
:10154000B0ACA8FFA8ACA8FFA8A8B0FFB0ACA8FF9B
:10155000A8A4A8FF787878FF787878FF585C98FF7F
:101560000000F8FF0000F8FF0000F8FF0000F8FF9F
:10157000707080FF787878FF787C78FFA8ACB0FF37
:10158000B0A8A8FFA8ACA8FFA8ACA8FFB0ACA8FF63
:10159000A8A8B0FFA8ACB0FFA8ACA8FFA8ACB0FF4B
:1015A000B0ACA8FFA8A8A8FFA8ACA8FFA8A4A8FF53
:1015B000787878FF787878FF605C98FF0000F8FF13
:1015C0000000F8FF0000F8FF0000F8FF706C88FFD3
:1015D000787878FF787C78FFB0ACB0FFA8ACA8FF33
:1015E000A8ACA8FFB0ACB0FFA8ACA8FFB0ACB0FFEF
:1015F000A8ACA8FFA8ACA8FFB0A8B0FFA8ACB0FFEB
:10160000787878FF787878FF707088FF0000F8FFAE
:101610000000F8FF0000F8FF0000F8FF605C98FF92
:10162000787878FF787878FFA8A4A8FFA8ACA8FFFE
:10163000A8A8A8FF787878FF787878FF686888FF8E
:101640000000F8FF0000F8FF0000F8FF0000F8FFBE
:10165000606490FF787878FF787878FFA8A8A8FF72
:10166000A8ACA8FFA8ACB0FFB0ACA8FFA8ACA8FF7E
:10167000A8ACB0FFB0ACA8FF888488FF787878FF6A
:10168000787878FF1010F0FF0000F8FF0000F8FFF6
:101690000000F8FF4040B8FF787878FF787878FF4E
:1016A000989898FFA8ACA8FFB0ACB0FFA8ACA8FF72
:1016B000A8ACA8FFB0A8B0FFA8ACA8FFB0ACA8FF2A
:1016C000A8A8B0FFA8ACA8FFB0ACA8FFA8A8B0FF1E
:1016D000A8ACA8FFB0ACA8FFB0ACB0FFA8ACA8FF06
:1016E000808080FF787878FF787878FF0804F8FFAA
:1016F0000000F8FF0000F8FF0000F8FF5050A8FFBE
:10170000787878FF787878FFA0A0A0FFB0A8A8FF2D
:10171000A8ACB0FFA8ACA8FFB0ACA8FFA8ACB0FFC5
:10172000B0ACA8FFA8ACA8FFA8ACB0FFB0ACA8FFB5
:10173000A8A8B0FFA8ACB0FFB0A8A8FFA8ACA8FFAD
:10174000A8A8B0FFA8ACB0FFB0ACA8FF909090FFE5
:10175000787878FF787878FF7878786100000000F2
:101760000000000000000000000000000000000079
:101770000000000000000000000000000000000069
:101780000000000000000000000000000000000059
:101790000000000000000000000000007878785D84
:1017A000787878FF787878FF909090FFA8ACA8FFC1
:1017B000B0A8B0FFA8ACA8FFB0ACB0FFA8A8A8FF25
:1017C000B0ACB0FFA09CA0FF787878FF787878FF65
:1017D000787878FF787878FF787878FF787878FF6D
:1017E000787878FF787878FF787878FF787878FF5D
:1017F000787878FF787878FF787878FF787878FF4D
:10180000787878FF787878FF787878FF787878FF3C
:10181000787878FF787878FF787878FF787878FF2C
:101820005858A0FF0000F8FF0000F8FF0000F8FF84
:101830000000F8FF707480FF787878FF807C80FF6C
:10184000A8A8A8FFA8ACA8FFB0ACB0FFA8ACA8FFA0
:10185000A8ACA8FFA8ACA8FFB0A8B0FFA8ACA8FF90
:10186000B0ACB0FFA8A8A8FFA8ACA8FFA8ACB0FF78
:10187000A8A4A0FF787878FF787878FF585898FF68
:101880000000F8FF0000F8FF0000F8FF0000F8FF7C
:10189000707080FF787878FF807C80FFA8ACA8FF0C
:1018A000A8ACB0FFB0A8B0FFA8ACA8FFB0ACA8FF30
:1018B000B0ACA8FFA8ACA8FFB0A8B0FFA8ACA8FF28
:1018C000A8ACB0FFB0ACA8FFA8ACB0FFA8A4A8FF1C
:1018D000787878FF787878FF585C98FF0000F8FFF8
:1018E0000000F8FF0000F8FF0000F8FF707080FFB4
:1018F000787878FF787878FFA8ACB0FFB0A8A8FF18
:10190000A8ACA8FFA8A8B0FFB0ACA8FFA8A8A8FFE3
:10191000B0ACB0FFA8ACA8FFA8ACA8FFB0ACA8FFC3
:10192000787878FF787878FF707088FF0000F8FF8B
:101930000000F8FF0000F8FF0000F8FF585C98FF77
:10194000787878FF787878FFA8A4A8FFA8ACB0FFD3
:10195000B0ACA8FF787878FF787878FF686890FF57
:101960000000F8FF0000F8FF0000F8FF0000F8FF9B
:10197000606090FF787878FF787878FFA8A8A8FF53
:10198000B0ACA8FFA8A8B0FFA8ACA8FFB0ACA8FF57
:10199000A8A8B0FFA8ACA8FF888488FF787878FF53
:1019A000787878FF1010F0FF0000F8FF0000F8FFD3
:1019B0000000F8FF4044B0FF787878FF787878FF2F
:1019C000989C98FFB0ACA8FFA8ACB0FFA8ACA8FF4B
:1019D000B0ACA8FFA8ACB0FFA8ACA8FFB0ACA8FF03
:1019E000A8ACB0FFB0ACA8FFA8ACA8FFA8ACB0FFF3
:1019F000B0A8B0FFA8ACA8FFA8ACA8FFB0A8A8FFEB
:101A0000808080FF787878FF787878FF0004F8FF8E
:101A10000000F8FF0000F8FF0000F8FF5050A8FF9A
:101A2000787878FF787878FFA0A0A0FFA8ACA8FF0E
:101A3000B0A8A8FFA8ACB0FFA8A8A8FFB0ACA8FFAA
:101A4000A8A8B0FFB0ACA8FFA8ACA8FFA8ACB0FF96
:101A5000B0ACA8FFA8ACA8FFB0ACB0FFB0ACA8FF7A
:101A6000A8A8A8FFA8ACB0FFB0ACA8FF909090FFCA
:101A7000787878FF787878FF7878785D00000000D3
:101A80000000000000000000000000000000000056
:101A90000000000000000000000000000000000046
:101AA0000000000000000000000000000000000036
:101AB0000000000000000000000000007878785D61
:101AC000787878FF787878FF909090FFA8ACA8FF9E
:101AD000B0ACB0FFA8A8A8FFA8ACA8FFB0ACB0FFFE
:101AE000A8ACA8FF989C98FF787878FF787878FF62
:101AF000787878FF787878FF787878FF787878FF4A
:101B0000787878FF787878FF787878FF787878FF39
:101B1000787878FF787878FF787878FF787878FF29
:101B2000787878FF787878FF787878FF787878FF19
:101B3000787878FF787878FF787878FF787878FF09
:101B40005858A0FF0000F8FF0000F8FF0000F8FF61
:101B50000000F8FF707478FF787878FF807C80FF51
:101B6000A8ACA8FFA8A8A8FFB0ACB0FFA8ACA8FF7D
:101B7000B0A8B0FFA8ACA8FFA8ACA8FFB0A8B0FF61
:101B8000A8ACA8FFB0ACA8FFA8ACB0FFA8ACA8FF59
:101B9000A8A4A8FF787878FF787878FF5858A0FF35
:101BA0000000F8FF0000F8FF0000F8FF0000F8FF59
:101BB000707080FF787878FF807C78FFA8A8A8FFF5
:101BC000A8ACA8FFB0ACB0FFA8A8B0FFA8ACA8FF15
:101BD000A8ACB0FFB0A8A8FFB0ACA8FFA8ACB0FFFD
:101BE000A8A8A8FFB0ACA8FFA8ACA8FFA8A4A8FF0D
:101BF000787878FF787878FF605C98FF0000F8FFCD
:101C00000000F8FF0000F8FF0000F8FF706C80FF94
:101C1000787878FF787878FFA8ACB0FFB0ACA8FFF0
:101C2000A8ACB0FFB0ACA8FFA8A8A8FFA8ACB0FFB4
:101C3000B0ACB0FFA8A8A8FFA8ACB0FFB0ACA8FF9C
:101C4000787878FF787878FF706C80FF0000F8FF74
:101C50000000F8FF0000F8FF0000F8FF585C98FF54
:101C6000787878FF787878FFA8A4A0FFA8ACA8FFC0
:101C7000A8A8A8FF787878FF787878FF686888FF48
:101C80000000F8FF0000F8FF0000F8FF0000F8FF78
:101C9000606490FF787878FF787878FFA8A8A8FF2C
:101CA000B0ACA8FFA8A8B0FFA8ACA8FFB0ACA8FF34
:101CB000A8ACB0FFA8ACA8FFA8A8A8FF989898FF68
:101CC000787878FF707080FF403CB8FF0000F8FF24
:101CD0000000F8FF0804F8FF1818E8FF787878FF8C
:101CE000807C78FF888888FFA8A8B0FFA8A8A8FFF4
:101CF000B0ACA8FFA8A8B0FFA8ACA8FFB0A8A8FFE8
:101D0000A8ACB0FFA8A8A8FFB0ACA8FFA8ACB0FFD3
:101D1000A8ACA8FFB0ACA8FFA8A8B0FFA8ACB0FFC3
:101D2000808080FF787878FF787878FF0000F8FF6F
:101D30000000F8FF0000F8FF0000F8FF5050A8FF77
:101D4000787878FF787878FFA0A0A0FFA8ACA8FFEB
:101D5000B0ACB0FFA8ACA8FFA8ACB0FFB0A8A8FF7B
:101D6000A8ACB0FFA8A8A8FFB0ACA8FFA8A8B0FF77
:101D7000A8ACA8FFA8ACA8FFA8ACB0FFB0ACA8FF67
:101D8000A8ACA8FFA8A8B0FFB0ACA8FF909090FFA7
:101D9000787878FF787878FF7878785D00000000B0
:101DA0000000000000000000000000000000000033
:101DB0000000000000000000000000000000000023
:101DC0000000000000000000000000000000000013
:101DD000000000000000000000000000787878613A
:101DE000787878FF787878FF909090FFB0ACB0FF6B
:101DF000A8ACA8FFA8ACA8FFB0A8B0FFA8ACA8FFEB
:101E0000A8ACA8FFA09CA0FF787878FF787878FF2E
:101E1000606090FF4040B8FF403CB8FF4040B8FFD2
:101E20004040B8FF403CB8FF4040B8FF403CB8FFDE
:101E30004040B8FF403CB8FF403CB8FF4040B8FFCE
:101E4000403CB8FF403CB8FF4040B8FF403CB8FFC2
:101E5000403CB8FF4040B8FF403CB8FF403CB8FFB2
:101E6000282CC8FF0000F8FF0000F8FF0000F8FF72
:101E70000000F8FF707480FF787878FF807C78FF2E
:101E8000A8ACA8FFB0ACB0FFA8ACA8FFA8A8A8FF5A
:101E9000B0ACB0FFA8ACA8FFA8ACA8FFB0ACB0FF36
:101EA000A8ACA8FFA8A8B0FFB0ACA8FFA8A8A8FF3E
:101EB000A8A4A8FF787878FF787878FF585C98FF16
:101EC0000000F8FF0000F8FF0000F8FF0000F8FF36
:101ED000707080FF787878FF787C80FFB0ACA8FFC6
:101EE000A8ACA8FFA8ACA8FFB0ACA8FFA8A8B0FFFA
:101EF000A8ACA8FFA8ACB0FFA8ACA8FFB0ACA8FFE6
:101F0000A8A8B0FFA8ACA8FFB0ACA8FFA8A4A8FFE1
:101F1000787878FF787878FF585C98FF0000F8FFB1
:101F20000000F8FF0000F8FF0000F8FF707088FF65
:101F3000787878FF787C78FFB0ACA8FFA8ACB0FFC9
:101F4000A8ACA8FFB0ACA8FFA8ACB0FFA8ACA8FF95
:101F5000B0ACA8FFA8A8A8FFB0ACB0FFA8ACB0FF79
:101F6000787878FF787878FF707088FF0000F8FF45
:101F70000000F8FF0000F8FF0000F8FF605C98FF29
:101F8000787878FF787878FFA8A4A8FFA8ACA8FF95
:101F9000A8ACA8FF787878FF787878FF686888FF21
:101FA0000000F8FF0000F8FF0000F8FF0000F8FF55
:101FB000686090FF787878FF787878FFA8A8A8FF05
:101FC000A8ACB0FFB0ACA8FFA8A8A8FFB0ACB0FF09
:101FD000A8ACA8FFB0A8A8FFA8ACA8FF989C98FF41
:101FE000787878FF787878FF4044B0FF0000F8FFF9
:101FF0000000F8FF0000F8FF100CF0FF787878FF81
:10200000787878FF888488FFA8ACA8FFB0ACA8FFD8
:10201000A8ACB0FFA8ACA8FFB0A8B0FFA8ACA8FFC0
:10202000A8ACB0FFB0ACA8FFB0A8A8FFA8ACB0FFA8
:10203000A8ACA8FFB0A8A8FFA8ACB0FFA8ACA8FFA8
:10204000808080FF787878FF787878FF0804F8FF40
:102050000000F8FF0000F8FF0000F8FF504CA8FF58
:10206000787878FF787878FFA0A0A0FFA8ACA8FFC8
:10207000B0A8B0FFA8ACA8FFB0ACA8FFA8ACB0FF58
:10208000A8ACA8FFB0ACB0FFA8ACA8FFB0ACB0FF44
:10209000B0A8A8FFA8A8B0FFA8ACA8FFB0ACB0FF3C
:1020A000A8A8A8FFA8ACA8FFB0ACB0FF909090FF84
:1020B000787878FF787878FF7878785D000000008D
:1020C0000000000000000000000000000000000010
:1020D0000000000000000000000000000000000000
:1020E00000000000000000000000000000000000F0
:1020F0000000000000000000000000007878785D1B
:10210000787878FF787878FF909090FFA8ACA8FF57
:10211000B0ACB0FFA8ACA8FFB0ACB0FFA8A8A8FFB7
:10212000A8ACA8FFA09CA0FF787878FF787878FF0B
:102130004844B0FF0000F8FF0000F8FF0000F8FF7F
:102140000000F8FF0000F8FF0000F8FF0000F8FFB3
:102150000000F8FF0000F8FF0000F8FF0000F8FFA3
:102160000000F8FF0000F8FF0000F8FF0000F8FF93
:102170000000F8FF0000F8FF0000F8FF0000F8FF83
:102180000000F8FF0000F8FF0000F8FF0000F8FF73
:102190000000F8FF787080FF787878FF787C80FF07
:1021A000A8A8A8FFB0ACB0FFA8ACA8FFA8ACA8FF37
:1021B000B0ACB0FFA8A8A8FFB0ACB0FFA8ACA8FF17
:1021C000A8A8A8FFB0ACB0FFA8ACA8FFA8ACA8FF17
:1021D000A8A4A8FF787878FF787878FF585898FFF7
:1021E0000000F8FF0000F8FF0000F8FF0000F8FF13
:1021F000707080FF787878FF787C80FFB0A8B0FF9F
:10220000A8ACA8FFA8ACB0FFB0A8A8FFB0ACA8FFCE
:10221000A8ACA8FFB0A8B0FFA8ACA8FFB0ACA8FFBE
:10222000A8ACB0FFA8A8B0FFA8ACA8FFA8A4A8FFBE
:10223000787878FF787878FF585C98FF0000F8FF8E
:102240000000F8FF0000F8FF0000F8FF706C80FF4E
:10225000787878FF787878FFA8ACB0FFB0A8A8FFAE
:10226000A8A8A8FFA8ACB0FFB0ACA8FFA8A8A8FF7A
:10227000A8ACB0FFB0ACA8FFA8ACA8FFA8ACB0FF5A
:10228000787878FF787878FF707088FF0000F8FF22
:102290000000F8FF0000F8FF0000F8FF585C98FF0E
:1022A000787878FF787878FFA8A4A8FFA8ACA8FF72
:1022B000A8A8B0FF787878FF787878FF686890FFF2
:1022C0000000F8FF0000F8FF0000F8FF0000F8FF32
:1022D000606490FF787878FF787878FFA8A8A8FFE6
:1022E000A8ACA8FFA8ACB0FFB0ACA8FFA8A8B0FFEE
:1022F000A8ACA8FFB0ACB0FFB0A8B0FF989CA0FFFE
:10230000787C78FF787878FF4848B0FF0804F8FFB9
:102310000000F8FF0000F8FF100CF0FF707480FF61
:10232000787478FF808480FFA8A8A8FFA8A8A8FFD9
:10233000B0ACB0FFA8ACA8FFB0ACA8FFA8ACB0FF91
:10234000A8ACA8FFB0ACB0FFA8A8A8FFA8ACA8FF95
:10235000B0ACB0FFA8ACA8FFB0ACA8FFB0ACA8FF71
:10236000808080FF787878FF787878FF0004F8FF25
:102370000000F8FF0000F8FF0000F8FF5050A8FF31
:10238000787878FF787878FFA0A0A0FFA8ACA8FFA5
:10239000A8ACA8FFB0A8B0FFA8ACA8FFA8ACA8FF45
:1023A000B0A8B0FFA8ACA8FFA8ACA8FFA8ACA8FF35
:1023B000B0ACB0FFA8ACA8FFB0ACA8FFA8A8B0FF15
:1023C000A8ACA8FFB0ACB0FFA8ACA8FF909090FF5D
:1023D000787878FF787878FF7878785D000000006A
:1023E00000000000000000000000000000000000ED
:1023F00000000000000000000000000000000000DD
:1024000000000000000000000000000000000000CC
:102410000000000000000000000000007878785DF7
:10242000787878FF787878FF909090FFA8ACA8FF34
:10243000B0A8B0FFA8ACA8FFA8ACA8FFB0ACB0FF94
:10244000A8A8A8FFA09CA0FF787878FF787878FFEC
:102450004848B0FF0000F8FF0000F8FF0000F8FF58
:102460000000F8FF0000F8FF0000F8FF0000F8FF90
:102470000000F8FF0000F8FF0000F8FF0000F8FF80
:102480000000F8FF0000F8FF0000F8FF0000F8FF70
:102490000000F8FF0000F8FF0000F8FF0000F8FF60
:1024A0000000F8FF0000F8FF0000F8FF0000F8FF50
:1024B0000000F8FF707480FF787878FF807C78FFE8
:1024C000A8ACA8FFA8ACB0FFB0A8A8FFA8ACB0FF0C
:1024D000A8ACA8FFB0A8A8FFA8ACB0FFA8ACA8FF04
:1024E000B0ACA8FFA8ACB0FFA8ACA8FFB0A8A8FFEC
:1024F000A0A4A8FF787878FF787878FF585898FFDC
:102500000000F8FF0000F8FF0000F8FF0000F8FFEF
:10251000707080FF787878FF807C78FFA8A8A8FF8B
:10252000B0ACB0FFA8ACA8FFA8ACB0FFA8ACA8FFA7
:10253000B0ACB0FFA8A8A8FFA8ACB0FFB0ACA8FF93
:10254000B0ACA8FFA8ACA8FFA8ACA8FFA8A4A8FF9F
:10255000787878FF787878FF605C98FF0000F8FF63
:102560000000F8FF0000F8FF0000F8FF707080FF27
:10257000787878FF787878FFA8ACB0FFB0ACA8FF87
:10258000A8ACB0FFA8ACA8FFB0A8B0FFA8ACA8FF4B
:10259000A8ACB0FFB0A8A8FFA8ACA8FFB0ACA8FF3B
:1025A000787878FF787878FF706C80FF0000F8FF0B
:1025B0000000F8FF0000F8FF0000F8FF585C98FFEB
:1025C000787878FF787878FFA8A4A0FFA8ACA8FF57
:1025D000B0ACA8FF787878FF787878FF686888FFD3
:1025E0000000F8FF0000F8FF0000F8FF0000F8FF0F
:1025F000606090FF787878FF787878FFA8A8A8FFC7
:10260000B0ACA8FFA8A8A8FFA8ACB0FFB0ACA8FFCA
:10261000A8ACA8FFA8ACA8FFB0ACB0FFA8ACA8FFBE
:10262000B0ACA8FF808080FF787878FF787878FF5A
:102630000000F8FF0000F8FF0000F8FF0000F8FFBE
:102640005050A8FF787878FF787878FFA0A0A0FF96
:10265000A8ACB0FFB0ACA8FFA8A8A8FFB0ACB0FF72
:10266000A8ACA8FFA8A8A8FFB0ACB0FFA8ACA8FF72
:10267000A8A8B0FFA8ACB0FFA8A8A8FFB0ACB0FF56
:10268000808080FF787878FF787878FF0004F8FF02
:102690000000F8FF0000F8FF0000F8FF5050A8FF0E
:1026A000787878FF787878FFA0A0A0FFA8ACA8FF82
:1026B000B0ACB0FFA8A8A8FFA8ACA8FFB0ACB0FF12
:1026C000A8A8A8FFB0ACA8FFA8A8B0FFA8ACA8FF16
:1026D000B0ACA8FFA8ACB0FFA8A8A8FFB0ACA8FFFA
:1026E000A8ACB0FFB0ACA8FFA8ACB0FF909090FF32
:1026F000787878FF787878FF7878785D0000000047
:1027000000000000000000000000000000000000C9
:1027100000000000000000000000000000000000B9
:1027200000000000000000000000000000000000A9
:102730000000000000000000000000007878785DD4
:10274000787878FF787878FF909090FFB0ACB0FF01
:10275000A8ACA8FFA8A8A8FFB0ACB0FFA8ACA8FF81
:10276000A8ACA8FFA09CA0FF787878FF787878FFC5
:102770004844B0FF0000F8FF0000F8FF0000F8FF39
:102780000000F8FF0000F8FF0000F8FF0000F8FF6D
:102790000000F8FF0000F8FF0000F8FF0000F8FF5D
:1027A0000000F8FF0000F8FF0000F8FF0000F8FF4D
:1027B0000000F8FF0000F8FF0000F8FF0000F8FF3D
:1027C0000000F8FF0000F8FF0000F8FF0000F8FF2D
:1027D0000000F8FF707480FF787878FF807C78FFC5
:1027E000A8ACA8FFB0ACB0FFB0A8A8FFA8ACA8FFE9
:1027F000A8ACB0FFB0ACA8FFA8A8A8FFB0ACB0FFD1
:10280000B0A8A8FFA8ACB0FFA8ACA8FFB0ACA8FFC8
:10281000A8A4A8FF787878FF787878FF585C98FFAC
:102820000000F8FF0000F8FF0000F8FF0000F8FFCC
:10283000707080FF787878FF787C80FFA8ACA8FF64
:10284000B0A8A8FFB0ACB0FFA8ACA8FFA8A8A8FF8C
:10285000B0ACB0FFA8ACA8FFA8A8A8FFA8ACB0FF78
:10286000B0A8A8FFA8ACB0FFA8ACA8FFA8A4A8FF78
:10287000787878FF787878FF585C98FF0000F8FF48
:102880000000F8FF0000F8FF0000F8FF707088FFFC
:10289000787878FF787878FFA8ACA8FFB0ACB0FF64
:1028A000A8ACA8FFB0ACA8FFA8ACB0FFB0ACA8FF24
:1028B000A8ACA8FFA8A8B0FFB0ACB0FFA8ACA8FF18
:1028C000787878FF787878FF707088FF0000F8FFDC
:1028D0000000F8FF0000F8FF0000F8FF605C98FFC0
:1028E000787878FF787878FFA8A4A8FFA8ACA8FF2C
:1028F000A8A8A8FF787878FF787878FF686888FFBC
:102900000000F8FF0000F8FF0000F8FF0000F8FFEB
:10291000606490FF787878FF787878FFA8A8A8FF9F
:10292000B0ACB0FFA8ACA8FFA8A8A8FFB0ACB0FF9F
:10293000A8ACA8FFA8A8A8FFA8ACA8FFB0A8B0FFA3
:10294000A8ACA8FF808080FF787878FF787878FF3F
:102950000000F8FF0000F8FF0000F8FF0000F8FF9B
:102960005050A8FF787878FF787878FFA0A0A0FF73
:10297000A8ACA8FFA8ACB0FFB0A8A8FFA8ACA8FF5F
:10298000A8ACB0FFB0ACA8FFA8ACA8FFB0ACB0FF3B
:10299000B0ACA8FFA8A8A8FFA8ACA8FFA8ACB0FF3F
:1029A000808080FF787878FF787878FF0800F8FFDB
:1029B0000000F8FF0000F8FF0000F8FF5050A8FFEB
:1029C000787878FF787878FFA0A0A0FFA8A8A8FF63
:1029D000B0ACB0FFA8ACA8FFB0ACB0FFA8ACA8FFEB
:1029E000A8ACA8FFB0ACB0FFB0ACB0FFA8A8A8FFDF
:1029F000A8ACA8FFB0A8B0FFA8ACA8FFA8ACA8FFDF
:102A0000B0A8B0FFA8ACA8FFA8ACA8FF909090FF1A
:102A1000787878FF787878FF7878785D0000000023
:102A200000000000000000000000000000000000A6
:102A30000000000000000000000000000000000096
:102A40000000000000000000000000000000000086
:102A50000000000000000000000000007878785DB1
:102A6000787878FF787878FF909090FFA8ACA8FFEE
:102A7000B0ACB0FFA8ACA8FFB0A8B0FFA8ACA8FF4E
:102A8000A8ACA8FFA09CA0FF787878FF787878FFA2
:102A90005050A8FF1818E8FF1818E8FF1818E8FFAA
:102AA0001818E8FF1818E8FF1818E8FF1818E8FFCA
:102AB0001818E8FF1818E8FF1818E8FF1818E8FFBA
:102AC0001818E8FF1818E8FF1818E8FF1818E8FFAA
:102AD0001818E8FF1818E8FF1818E8FF1818E8FF9A
:102AE0001818E8FF1818E8FF1818E0FF1818E8FF92
:102AF0001818E0FF787480FF787878FF787C80FF82
:102B0000A8ACA8FFA8A8A8FFB0ACB0FFA8ACA8FFCD
:102B1000B0ACB0FFA8ACA8FFA8ACB0FFA8ACA8FFB1
:102B2000A8A8A8FFB0ACB0FFA8ACA8FFA8A8A8FFB1
:102B3000A8A4A8FF787878FF787878FF606098FF7D
:102B40001818E8FF1818E8FF1818E8FF1818E8FF29
:102B5000707080FF787878FF807C80FFA8ACA8FF39
:102B6000A8ACA8FFA8A8B0FFB0ACA8FFA8ACA8FF6D
:102B7000B0ACB0FFB0ACA8FFA8ACA8FFA8ACB0FF49
:102B8000B0A8A8FFA8ACA8FFA8ACB0FFA8A4A0FF5D
:102B9000787878FF787878FF606090FF1818E0FF09
:102BA0001818E0FF1818E8FF1818E8FF707080FF89
:102BB000787878FF787878FFB0ACB0FFA8ACA8FF41
:102BC000A8A8A8FFB0A8B0FFA8ACA8FFA8ACA8FF11
:102BD000B0A8B0FFA8ACA8FFB0ACA8FFA8ACB0FFED
:102BE000787878FF787878FF707080FF1818E8FFA1
:102BF0001818E8FF1818E0FF1818E0FF606090FF51
:102C0000787878FF787878FFA8A4A8FFA8ACB0FF00
:102C1000A8ACA8FF787878FF787878FF706C88FF88
:102C20001818E8FF1818E8FF1818E8FF1818E8FF48
:102C3000686890FF787878FF787878FFA8A8A8FF70
:102C4000A8ACB0FFB0ACA8FFA8ACA8FFB0A8B0FF7C
:102C5000B0ACB0FFA8ACA8FFA8A8B0FFB0ACA8FF6C
:102C6000A8ACB0FF888488FF807C80FF787878FFEC
:102C70001818E8FF1818E8FF1818E0FF1818E8FF00
:102C8000585898FF787878FF787878FFA0A0A0FF50
:102C9000B0ACA8FFA8ACB0FFA8ACA8FFB0A8A8FF34
:102CA000A8ACB0FFA8A8A8FFA8ACA8FFA8ACB0FF2C
:102CB000B0ACA8FFB0ACA8FFA8ACB0FFB0A8A8FF0C
:102CC000808080FF787878FF787878FF1818E0FFA8
:102CD0001818E8FF1818E8FF1814E0FF5854A0FF70
:102CE000787878FF787878FFA0A0A0FFA8ACA8FF3C
:102CF000A8ACA8FFB0A8B0FFA8ACA8FFA8A8B0FFD8
:102D0000B0ACA8FFA8ACA8FFA8ACB0FFB0ACA8FFBF
:102D1000A8ACB0FFB0ACA8FFA8ACB0FFA8ACA8FFAF
:102D2000B0A8A8FFA8ACB0FFB0ACA8FF909090FFEF
:102D3000787878FF787878FF7878785D0000000000
:102D40000000000000000000000000000000000083
:102D50000000000000000000000000000000000073
:102D60000000000000000000000000000000000063
:102D70000000000000000000000000007878785D8E
:102D8000787878FF787878FF909090FFA8ACA8FFCB
:102D9000B0ACB0FFA8ACA8FFA8ACA8FFB0A8B0FF2B
:102DA000A8ACA8FFA09CA0FF787878FF787878FF7F
:102DB000787878FF787878FF787878FF787878FF77
:102DC000787878FF787878FF787878FF787878FF67
:102DD000787878FF787878FF787878FF787878FF57
:102DE000787878FF787878FF787878FF787878FF47
:102DF000787878FF787878FF787878FF787878FF37
:102E0000787878FF787878FF787878FF787878FF26
:102E1000787878FF787878FF787878FF807C80FF02
:102E2000A8ACA8FFA8ACA8FFA8ACB0FFB0A8A8FFAA
:102E3000A8A8A8FFB0ACB0FFA8ACA8FFB0ACA8FF92
:102E4000A8ACB0FFA8ACA8FFB0A8B0FFA8ACA8FF82
:102E5000A0A4A8FF787878FF787878FF787878FF52
:102E6000787878FF787878FF787878FF787878FFC6
:102E7000787878FF787878FF807C78FFA8ACB0FF0E
:102E8000A8ACA8FFB0ACB0FFA8A8A8FFA8ACB0FF42
:102E9000A8A8A8FFB0ACA8FFA8ACB0FFB0ACA8FF32
:102EA000A8ACA8FFB0ACB0FFA8ACA8FFA8A4A8FF2E
:102EB000787878FF787878FF787878FF787878FF76
:102EC000787878FF787878FF787878FF787878FF66
:102ED000787878FF787878FFA8ACB0FFB0ACA8FF1E
:102EE000A8ACA8FFA8ACB0FFB0ACA8FFA8A8A8FFEA
:102EF000A8ACB0FFB0ACA8FFA8ACA8FFB0ACB0FFC6
:102F0000787878FF787878FF787878FF787878FF25
:102F1000787878FF787878FF787878FF787878FF15
:102F2000787878FF787878FFA8A4A8FFA8ACA8FFE5
:102F3000A8A8A8FF787878FF787878FF787878FF65
:102F4000787878FF787878FF787878FF787878FFE5
:102F5000787878FF787878FF787878FFA8A8A8FF45
:102F6000A8A8A8FFB0ACB0FFA8ACA8FFA8ACA8FF69
:102F7000B0ACB0FFA8ACA8FFB0ACA8FFA8ACA8FF4D
:102F8000A8ACA8FFA8ACA8FF989498FF787878FF21
:102F9000787878FF787878FF787878FF787878FF95
:102FA000787878FF787878FF787878FFA0A0A0FF0D
:102FB000B0ACB0FFA8ACA8FFA8ACB0FFB0ACA8FF05
:102FC000B0ACB0FFA8A8A8FFB0ACB0FFA8A8A8FFFD
:102FD000A8A8A8FFA8ACB0FFB0ACA8FFA8ACA8FFF9
:102FE000808080FF787878FF787878FF787878FF2D
:102FF000787878FF787878FF787878FF787878FF35
:10300000787878FF787878FFA0A0A0FFB0ACA8FF10
:10301000A8ACB0FFA8ACA8FFB0A8A8FFA8ACB0FFB0
:10302000A8ACA8FFB0A8A8FFA8A8A8FFA8ACB0FFAC
:10303000B0ACA8FFA8A8A8FFB0ACB0FFA8ACA8FF90
:10304000A8ACA8FFB0ACB0FFA8A8B0FF909090FFCC
:10305000787878FF787878FF7878785D00000000DD
:103060000000000000000000000000000000000060
:103070000000000000000000000000000000000050
:103080000000000000000000000000000000000040
:103090000000000000000000000000007878785D6B
:1030A000787878FF787878FF909090FFB0ACB0FF98
:1030B000A8ACA8FFA8A8A8FFB0ACB0FFA8ACA8FF18
:1030C000A8ACA8FFA09CA0FF787878FF787878FF5C
:1030D000787878FF787878FF787878FF787878FF54
:1030E000787878FF787878FF787878FF787878FF44
:1030F000787878FF787878FF787878FF787878FF34
:10310000787878FF787878FF787878FF787878FF23
:10311000787878FF787878FF787878FF787878FF13
:10312000787878FF787878FF787878FF787878FF03
:10313000787878FF787878FF787878FF807C78FFE7
:10314000B0A8A8FFA8ACB0FFB0ACA8FFA8ACA8FF7F
:10315000A8ACB0FFA8A8A8FFB0ACA8FFA8A8B0FF73
:10316000B0ACA8FFA8ACA8FFB0ACB0FFA8ACA8FF5B
:10317000A8A4A0FF787878FF787878FF787878FF2F
:10318000787878FF787878FF787878FF787878FFA3
:10319000787878FF787878FF787878FFB0ACA8FFF7
:1031A000A8ACB0FFB0A8A8FFA8ACA8FFA8ACB0FF1F
:1031B000B0ACA8FFA8A8B0FFA8A8B0FFA8ACA8FF13
:1031C000B0A8B0FFA8ACA8FFA8ACA8FFA8A4A8FF0F
:1031D000787878FF787878FF787878FF787878FF53
:1031E000787878FF787878FF787878FF787878FF43
:1031F000787878FF787C78FFA8ACA8FFB0ACB0FFF7
:10320000A8A8A8FFA8ACB0FFB0ACA8FFA8ACB0FFBE
:10321000B0ACA8FFA8A8B0FFA8ACA8FFB0ACA8FFAE
:10322000787878FF787878FF787878FF787878FF02
:10323000787878FF787878FF787878FF787878FFF2
:10324000787878FF787878FFA8A4A8FFA8ACA8FFC2
:10325000A8ACA8FF787878FF787878FF787878FF3E
:10326000787878FF787878FF787878FF787878FFC2
:10327000787878FF787878FF787878FFA8A8A8FF22
:10328000B0ACA8FFA8A8B0FFA8ACA8FFA8ACA8FF46
:10329000A8A8B0FFB0ACA8FFA8A8B0FFA8ACB0FF2A
:1032A000B0ACA8FFA8ACA8FF989498FF787878FFF6
:1032B000787878FF787878FF787878FF787878FF72
:1032C000787878FF787878FF787878FFA0A0A0FFEA
:1032D000A8ACA8FFB0A8A8FFA8A8B0FFA8ACA8FFFA
:1032E000B0ACA8FFA8ACB0FFB0ACA8FFB0ACA8FFD2
:1032F000A8ACB0FFA8ACB0FFA8A8A8FFB0ACA8FFCE
:10330000808080FF787878FF787878FF787878FF09
:10331000787878FF787878FF787878FF787878FF11
:10332000787878FF787878FFA0A0A0FFA8A8A8FFF9
:10333000B0ACB0FFA8ACA8FFB0ACA8FFA8ACB0FF81
:10334000A8ACB0FFB0ACA8FFA8ACA8FFA8A8B0FF7D
:10335000B0ACA8FFA8ACA8FFA8A8B0FFB0ACA8FF6D
:10336000A8ACA8FFA8ACB0FFB0ACA8FF909090FFAD
:10337000787878FF787878FF7878786100000000B6
:10338000000000000000000000000000000000003D
:10339000000000000000000000000000000000002D
:1033A000000000000000000000000000000000001D
:1033B0000000000000000000000000007878785D48
:1033C000787878FF787878FF909090FFA8ACA8FF85
:1033D000B0ACB0FFA8A8A8FFB0ACB0FFA8ACA8FFE5
:1033E000A8A8A8FFA0A0A0FF888888FF888888FFD9
:1033F000888888FF888888FF888888FF888888FF71
:10340000888888FF888888FF888888FF888888FF60
:10341000888888FF888888FF888888FF888888FF50
:10342000888888FF888888FF888888FF888888FF40
:10343000888888FF888888FF888888FF888888FF30
:10344000888888FF888888FF888888FF888888FF20
:10345000888888FF888888FF888888FF888C88FF0C
:10346000A8ACB0FFB0A8B0FFA8ACA8FFB0ACA8FF54
:10347000A8ACB0FFB0ACA8FFA8ACB0FFA8A8A8FF4C
:10348000B0ACA8FFA8ACB0FFA8A8A8FFB0ACA8FF3C
:10349000A8A8A8FF888888FF888888FF888888FF70
:1034A000888888FF888888FF888888FF888888FFC0
:1034B000888888FF888888FF908C90FFA8ACA8FF38
:1034C000A8A8A8FFB0ACB0FFA8ACA8FFB0ACA8FFFC
:1034D000A8ACA8FFA8ACA8FFB0ACA8FFA8ACA8FFF8
:1034E000A8ACB0FFB0A8A8FFA8ACA8FFA8A8A8FFE8
:1034F000888888FF888888FF888888FF888888FF70
:10350000888888FF888888FF888888FF888888FF5F
:10351000888888FF888888FFB0ACB0FFA8ACA8FF77
:10352000B0A8A8FFA8ACA8FFA8ACB0FFB0A8A8FF9F
:10353000A8ACA8FFA8ACB0FFB0ACB0FFA8ACA8FF87
:10354000888888FF888888FF888888FF888888FF1F
:10355000888888FF888888FF888888FF888888FF0F
:10356000888888FF888888FFA8A8A8FFB0ACA8FF33
:10357000B0ACB0FF888888FF888888FF888888FF7B
:10358000888888FF888888FF888888FF888888FFDF
:10359000888888FF888888FF888888FFA8A8A8FF6F
:1035A000B0ACA8FFA8ACB0FFB0A8A8FFB0ACA8FF13
:1035B000A8ACB0FFA8A8A8FFB0ACA8FFA8ACB0FF0B
:1035C000B0A8A8FFA8ACA8FF989CA0FF888888FF97
:1035D000888888FF888888FF888888FF888888FF8F
:1035E000888888FF888888FF888888FFA8A4A8FF23
:1035F000A8ACA8FFB0ACB0FFA8ACA8FFA8ACA8FFCF
:10360000A8A8B0FFA8ACA8FFA8ACA8FFB0A8B0FFBE
:10361000A8ACA8FFB0ACA8FFA8ACB0FFA8A8B0FFAA
:10362000908C90FF888888FF888888FF888888FF2A
:10363000888888FF888888FF888888FF888888FF2E
:10364000888888FF888888FFA0A4A0FFA8ACB0FF66
:10365000B0A8A8FFA8ACB0FFA8ACA8FFB0A8A8FF6E
:10366000A8ACB0FFB0ACA8FFA8ACB0FFA8ACA8FF56
:10367000B0ACA8FFA8ACB0FFA8A8A8FFB0ACB0FF42
:10368000A8A8A8FFB0ACA8FFA8ACB0FF909090FF8E
:10369000787878FF787878FF7878785D0000000097
:1036A000000000000000000000000000000000001A
:1036B000000000000000000000000000000000000A
:1036C00000000000000000000000000000000000FA
:1036D0000000000000000000000000007878785D25
:1036E000787878FF787878FF909090FFA8ACA8FF62
:1036F000B0ACB0FFA8ACA8FFA8ACA8FFB0ACB0FFBE
:10370000A8ACA8FFA8ACA8FFA8ACB0FFA8ACA8FFC5
:10371000A8ACA8FFA8ACA8FFA8ACA8FFA8ACA8FFBD
:10372000A8ACB0FFA8ACA8FFA8ACA8FFA8ACB0FF9D
:10373000A8ACA8FFA8ACA8FFA8ACB0FFA8ACA8FF95
:10374000A8ACA8FFA8ACB0FFA8ACA8FFA8ACA8FF85
:10375000A8ACB0FFA8ACA8FFA8ACA8FFA8ACA8FF75
:10376000A8ACA8FFA8ACA8FFA8ACA8FFA8ACB0FF65
:10377000A8ACA8FFA8ACA8FFB0ACB0FFA8ACA8FF4D
:10378000A8ACA8FFA8ACA8FFA8A8B0FFB0ACA8FF41
:10379000A8A8A8FFA8ACB0FFB0ACA8FFA8ACB0FF29
:1037A000A8ACA8FFB0A8B0FFA8ACA8FFA8ACB0FF19
:1037B000A8ACB0FFA8ACA8FFB0ACA8FFA8ACB0FF05
:1037C000B0ACA8FFB0ACA8FFA8ACB0FFB0ACA8FFED
:1037D000A8ACA8FFA8ACB0FFB0ACA8FFA8ACB0FFE5
:1037E000A8ACA8FFB0ACB0FFA8A8B0FFA8ACA8FFD9
:1037F000B0A8B0FFA8ACB0FFB0ACA8FFA8ACA8FFC1
:10380000A8ACB0FFB0A8A8FFA8ACB0FFA8ACA8FFB8
:10381000B0ACA8FFA8ACA8FFA8ACA8FFB0ACA8FFAC
:10382000A8ACA8FFA8ACA8FFA8ACA8FFB0ACB0FF9C
:10383000A8ACA8FFA8ACA8FFB0ACB0FFA8ACA8FF8C
:10384000A8ACB0FFB0ACA8FFA8A8A8FFB0ACB0FF70
:10385000A8ACA8FFA8A8A8FFB0ACB0FFA8ACB0FF68
:10386000B0ACB0FFB0ACA8FFA8ACB0FFA8ACA8FF4C
:10387000B0ACB0FFA8ACA8FFA8ACA8FFA8ACB0FF44
:10388000A8ACA8FFA8ACA8FFA8ACA8FFA8ACB0FF44
:10389000A8ACA8FFB0ACB0FFB0ACB0FFA8ACA8FF1C
:1038A000B0ACB0FFB0ACA8FFA8ACA8FFB0ACA8FF0C
:1038B000B0ACA8FFA8ACB0FFB0ACA8FFA8ACA8FF04
:1038C000A8ACB0FFA8ACA8FFA8ACA8FFB0ACB0FFF4
:1038D000A8ACA8FFA8ACA8FFB0ACA8FFA8ACB0FFEC
:1038E000A8A8A8FFB0ACA8FFA8ACB0FFA8ACA8FFE0
:1038F000B0ACA8FFA8ACA8FFA8ACA8FFA8ACB0FFCC
:10390000B0ACA8FFA8ACA8FFA8ACB0FFB0ACA8FFB3
:10391000A8ACA8FFA8ACB0FFB0ACA8FFB0ACA8FFA3
:10392000A8A8B0FFB0ACA8FFA8ACB0FFA8A8A8FF9B
:10393000B0ACA8FFA8ACA8FFB0ACA8FFA8ACA8FF8B
:10394000A8ACA8FFB0ACB0FFA8ACA8FFA8ACA8FF7B
:10395000B0ACB0FFA8ACA8FFA8ACA8FFB0ACA8FF63
:10396000A8ACB0FFA8ACA8FFB0ACA8FFA8ACB0FF53
:10397000A8ACA8FFB0A8A8FFA8ACB0FFA8ACA8FF4F
:10398000B0A8A8FFA8A8B0FFB0ACA8FFA8ACA8FF3B
:10399000A8A8B0FFB0ACA8FFA8ACA8FFA8ACB0FF27
:1039A000B0ACA8FFA8A8A8FFA8ACB0FF909090FF6B
:1039B000787878FF787878FF7878785D0000000074
:1039C00000000000000000000000000000000000F7
:1039D00000000000000000000000000000000000E7
:1039E00000000000000000000000000000000000D7
:1039F00000000000000000000000000078787861FE
:103A0000787878FF787878FF909090FFB0ACB0FF2E
:103A1000A8ACA8FFA8A8A8FFB0ACB0FFB0A8B0FFA2
:103A2000A8ACA8FFB0ACB0FFB0ACA8FFA8ACB0FF8A
:103A3000B0ACB0FFB0ACA8FFA8ACB0FFB0A8B0FF6E
:103A4000B0ACA8FFA8ACA8FFB0A8B0FFB0ACA8FF6E
:103A5000A8ACA8FFB0ACB0FFB0ACA8FFA8ACA8FF62
:103A6000B0ACB0FFB0ACA8FFA8ACA8FFB0ACB0FF42
:103A7000B0ACA8FFA8ACB0FFB0ACB0FFB0ACA8FF32
:103A8000A8ACB0FFB0ACB0FFB0A8A8FFA8ACA8FF2E
:103A9000B0ACB0FFB0A8A8FFA8ACB0FFB0A8A8FF1A
:103AA000B0ACA8FFA8ACB0FFB0ACA8FFA8ACB0FF0A
:103AB000A8A8A8FFB0ACA8FFA8ACB0FFA8A8A8FF12
:103AC000B0ACA8FFA8ACA8FFB0ACB0FFA8A8A8FFF6
:103AD000B0ACA8FFA8ACB0FFA8A8A8FFB0ACA8FFE6
:103AE000A8ACB0FFA8ACA8FFB0ACA8FFA8ACB0FFD2
:103AF000B0ACA8FFA8ACA8FFA8A8B0FFB0ACA8FFC6
:103B0000A8ACA8FFA8A8A8FFB0ACA8FFA8ACA8FFC5
:103B1000A8ACB0FFB0A8A8FFA8ACB0FFB0A8A8FFA1
:103B2000A8ACA8FFB0ACB0FFA8ACA8FFA8A8B0FF95
:103B3000B0ACB0FFA8ACA8FFA8ACB0FFB0ACB0FF71
:103B4000B0ACB0FFA8ACA8FFB0ACB0FFA8ACA8FF69
:103B5000A8ACA8FFB0A8B0FFA8ACA8FFA8A8A8FF71
:103B6000B0ACB0FFA8ACB0FFA8ACA8FFB0ACA8FF49
:103B7000A8ACB0FFB0A8A8FFA8ACA8FFA8ACA8FF4D
:103B8000A8ACA8FFB0ACB0FFA8ACA8FFA8ACA8FF39
:103B9000B0ACB0FFA8ACA8FFB0ACB0FFB0ACA8FF11
:103BA000A8ACB0FFB0ACA8FFB0ACB0FFA8A8A8FF0D
:103BB000A8ACA8FFA8ACA8FFA8A8A8FFA8ACB0FF15
:103BC000A8ACA8FFA8ACB0FFA8ACB0FFB0A8A8FFF5
:103BD000A8ACB0FFA8ACA8FFB0A8A8FFA8ACB0FFE5
:103BE000B0ACA8FFA8A8A8FFA8ACB0FFB0A8B0FFD1
:103BF000A8ACA8FFA8A8B0FFB0ACB0FFA8ACA8FFC5
:103C0000A8ACB0FFB0ACA8FFB0ACA8FFA8A8B0FFAC
:103C1000A8ACA8FFB0ACB0FFA8ACA8FFB0ACB0FF98
:103C2000A8ACA8FFA8ACA8FFB0ACB0FFA8ACA8FF98
:103C3000A8A8A8FFB0ACB0FFA8ACA8FFA8A8B0FF88
:103C4000B0ACA8FFA8ACA8FFB0ACB0FFA8ACB0FF68
:103C5000A8A8A8FFA8ACB0FFB0ACB0FFA8ACA8FF64
:103C6000A8ACA8FFB0ACB0FFA8ACA8FFB0ACB0FF48
:103C7000A8ACA8FFA8ACB0FFB0ACA8FFA8ACB0FF40
:103C8000A8ACA8FFB0ACB0FFB0A8A8FFA8ACA8FF34
:103C9000A8ACB0FFB0ACA8FFA8ACA8FFA8ACB0FF20
:103CA000B0ACA8FFA8ACA8FFA8ACB0FFB0A8A8FF14
:103CB000A8ACB0FFB0ACA8FFA8A8A8FFA8ACB0FF04
:103CC000B0ACA8FFA8ACB0FFB0ACA8FF909090FF3C
:103CD000787878FF787878FF7878785D0000000051
:103CE00000000000000000000000000000000000D4
:103CF00000000000000000000000000000000000C4
:103D000000000000000000000000000000000000B3
:103D10000000000000000000000000007878783407
:103D20007878788A7878788A888888C3909490FFA1
:103D3000989498FFA0A0A0FFA8ACA8FFA8ACA8FFEB
:103D4000A8A8A8FFB0ACB0FFA8A8A8FFA8A8A8FF83
:103D5000B0ACA8FFA8A8B0FFA8ACA8FFB0ACA8FF63
:103D6000A8A8A8FFA8ACB0FFB0ACA8FFA8A8A8FF5F
:103D7000A8ACB0FFB0A8A8FFA8A8B0FFA8ACA8FF47
:103D8000B0A8B0FFA8A8A8FFA8ACB0FFB0A8A8FF33
:103D9000A8A8A8FFA8ACA8FFB0A8A8FFA8A8B0FF33
:103DA000A8ACA8FFB0ACA8FFA8A8B0FFA8ACA8FF1B
:103DB000B0ACA8FFA8ACB0FFA8A8A8FFA8ACB0FF03
:103DC000A8ACA8FFB0A8B0FFA8ACA8FFA8ACA8FFFB
:103DD000B0ACB0FFA8ACA8FFB0A8A8FFA8ACB0FFDB
:103DE000A8ACA8FFB0ACB0FFA8A8A8FFA8ACA8FFDB
:103DF000B0ACA8FFA8A8B0FFA8ACA8FFB0ACA8FFC3
:103E0000A8A8B0FFA8ACA8FFA8A8A8FFB0A8B0FFBA
:103E1000A8ACA8FFB0ACA8FFA8A8B0FFB0ACA8FFA2
:103E2000A8ACB0FFA8ACB0FFB0ACA8FFB0ACA8FF86
:103E3000A8ACA8FFA8ACA8FFB0A8B0FFA8ACA8FF8A
:103E4000A8ACA8FFB0ACB0FFA8A8A8FFB0ACA8FF72
:103E5000A8ACA8FFB0A8B0FFA8ACA8FFA8A8A8FF6E
:103E6000A8ACA8FFB0A8B0FFA8ACA8FFA8ACB0FF52
:103E7000B0A8A8FFB0ACB0FFA8ACA8FFA8ACA8FF42
:103E8000B0A8A8FFA8ACB0FFA8A8A8FFB0ACA8FF36
:103E9000A8ACB0FFA8ACA8FFB0A8A8FFA8ACB0FF22
:103EA000A8A8A8FFB0ACA8FFA8ACB0FFA8A8A8FF1E
:103EB000B0ACA8FFA8A8B0FFA8ACA8FFB0ACA8FF02
:103EC000A8A8A8FFA8ACB0FFB0ACA8FFA8A8A8FFFE
:103ED000B0ACB0FFB0ACA8FFA8A8A8FFB0ACA8FFDA
:103EE000B0ACA8FFA8A8A8FFA8ACB0FFB0ACA8FFD2
:103EF000A8A8A8FFA8ACB0FFA8ACA8FFB0A8B0FFC6
:103F0000A8ACA8FFB0ACA8FFB0A8B0FFA8ACA8FFB1
:103F1000B0ACA8FFA8ACA8FFB0A8A8FFA8ACA8FFA9
:103F2000A8A8B0FFB0ACA8FFA8ACA8FFA8A8B0FF95
:103F3000B0ACA8FFA8ACA8FFB0A8B0FFA8ACA8FF81
:103F4000A8ACB0FFB0A8A8FFB0ACB0FFA8ACA8FF69
:103F5000A8A8B0FFB0ACA8FFA8ACA8FFA8ACB0FF61
:103F6000B0ACA8FFA8A8A8FFA8ACA8FFB0ACA8FF59
:103F7000A8ACB0FFB0A8A8FFA8A8B0FFB0ACA8FF3D
:103F8000A8A8B0FFA8ACA8FFB0A8A8FFA8ACB0FF35
:103F9000A8ACA8FFB0A8A8FFB0ACB0FFA8A8A8FF25
:103FA000A8ACA8FFB0ACB0FFA8A8A8FFA8ACA8FF19
:103FB000B0ACB0FFB0A8A8FFA8ACA8FFB0A8B0FFF5
:103FC000A8ACA8FFA8ACA8FFB0ACB0FFA8ACA8FFF5
:103FD000A8ACA8FFB0ACB0FFB0A8B0FFA8ACA8FFD9
:103FE000A0A0A0FF989498FF909490FF888888C321
:103FF000787878867878788A787878340000000045
:1040000000000000000000000000000000000000B0
:1040100000000000000000000000000000000000A0
:104020000000000000000000000000000000000090
:104030000000000000000000000000000000000080
:1040400000000000000000007878787D787878FF24
:10405000787878FF989898FFA8ACA8FFB0ACB0FF2C
:10406000A8ACA8FFA8ACA8FFB0ACB0FFA8ACA8FF54
:10407000A8ACA8FFA8ACB0FFB0A8A8FFA8ACA8FF48
:10408000A8ACB0FFA8ACA8FFB0ACB0FFA8ACA8FF2C
:10409000A8ACA8FFB0ACB0FFA8ACA8FFA8ACA8FF24
:1040A000B0ACA8FFA8ACB0FFA8ACA8FFB0ACB0FF04
:1040B000A8ACA8FFA8ACA8FFA8ACB0FFA8ACA8FF0C
:1040C000B0ACA8FFA8ACB0FFA8ACA8FFA8A8B0FFF0
:1040D000A8ACA8FFB0ACA8FFA8ACB0FFA8ACA8FFE4
:1040E000B0ACA8FFA8A8B0FFA8ACA8FFB0ACA8FFD0
:1040F000A8A8B0FFA8ACA8FFB0ACA8FFA8ACB0FFC0
:10410000A8A8A8FFB0ACA8FFA8ACB0FFA8ACA8FFB7
:10411000B0ACB0FFA8ACA8FFB0ACB0FFA8ACA8FF93
:10412000B0ACB0FFA8ACA8FFA8ACB0FFB0ACA8FF83
:10413000A8ACB0FFA8ACA8FFB0ACA8FFA8A8B0FF7F
:10414000B0ACA8FFA8A8A8FFA8A8B0FFB0ACB0FF6B
:10415000A8ACA8FFA8ACB0FFB0ACA8FFA8ACB0FF5B
:10416000A8A8A8FFB0ACA8FFA8ACB0FFA8ACA8FF57
:10417000B0ACA8FFA8ACB0FFB0ACA8FFA8ACA8FF3B
:10418000A8ACB0FFB0A8A8FFA8ACA8FFA8ACA8FF37
:10419000B0ACB0FFA8ACA8FFA8ACB0FFB0ACA8FF13
:1041A000A8ACA8FFB0ACB0FFA8A8A8FFA8ACA8FF17
:1041B000B0ACB0FFA8ACA8FFB0ACB0FFB0ACB0FFE3
:1041C000A8A8A8FFA8ACA8FFB0ACB0FFA8ACA8FFF7
:1041D000A8ACA8FFB0ACB0FFA8A8A8FFA8ACB0FFDF
:1041E000B0ACA8FFA8A8A8FFA8ACB0FFA8ACA8FFD7
:1041F000B0ACB0FFA8ACB0FFA8ACB0FFB0ACA8FFAB
:10420000A8A8B0FFB0ACA8FFA8ACA8FFA8ACB0FFAE
:10421000B0ACA8FFB0ACA8FFA8ACB0FFA8ACA8FF9A
:10422000A8ACB0FFA8ACA8FFA8ACA8FFA8ACB0FF92
:10423000A8ACA8FFB0ACB0FFA8ACA8FFB0ACA8FF7A
:10424000A8A8B0FFA8ACA8FFB0ACB0FFA8ACA8FF6E
:10425000A8ACA8FFB0ACB0FFA8A8A8FFA8ACA8FF66
:10426000B0ACA8FFA8A8B0FFA8ACA8FFB0ACA8FF4E
:10427000A8ACB0FFA8A8A8FFB0ACA8FFA8ACB0FF3E
:10428000A8A8B0FFB0ACA8FFA8ACB0FFA8A8A8FF32
:10429000B0ACA8FFA8ACA8FFA8ACA8FFB0ACB0FF1A
:1042A000A8ACA8FFA8A8A8FFB0ACB0FFA8ACA8FF16
:1042B000A8A8A8FFB0ACB0FFA8ACA8FFA8ACA8FF06
:1042C000B0A8B0FFA8ACA8FFA8ACB0FFB0ACA8FFE6
:1042D000A8A8B0FFA8ACA8FFA8ACB0FFB0ACA8FFDE
:1042E000A8A8B0FFB0ACA8FFA8A8A8FFA8ACB0FFD2
:1042F000B0ACA8FFA8A8A8FFA8ACB0FFB0ACA8FFBE
:10430000989898FF787878FF787878FF7878787D33
:10431000000000000000000000000000000000009D
:10432000000000000000000000000000000000008D
:10433000000000000000000000000000000000007D
:10434000000000000000000000000000000000006D
:10435000000000000000000000000000000000005D
:1043600000000000000000007878787D787878FF01
:10437000787878FF989898FFB0A8B0FFA8ACA8FF0D
:10438000B0A8B0FFA8ACA8FFB0ACB0FFB0A8A8FF21
:10439000A8ACA8FFB0ACB0FFA8ACA8FFB0ACB0FF11
:1043A000A8A8A8FFB0ACA8FFA8ACB0FFA8A8A8FF19
:1043B000B0ACA8FFA8ACB0FFA8A8A8FFB0ACB0FFF5
:1043C000A8ACA8FFA8A8A8FFB0ACB0FFA8ACA8FFF5
:1043D000B0ACB0FFB0A8B0FFA8ACA8FFB0ACA8FFCD
:1043E000A8A8B0FFB0ACA8FFB0ACA8FFA8ACB0FFC5
:1043F000B0A8A8FFA8ACA8FFB0ACB0FFB0A8A8FFB9
:10440000A8ACA8FFA8ACB0FFB0ACA8FFB0A8B0FFA4
:10441000A8ACA8FFA8ACB0FFB0ACA8FFA8A8B0FF9C
:10442000B0ACA8FFA8ACA8FFB0A8B0FFA8ACA8FF8C
:10443000A8A8A8FFB0ACB0FFA8A8A8FFA8ACA8FF88
:10444000B0ACA8FFA8A8B0FFB0ACA8FFA8ACA8FF6C
:10445000A8A8B0FFB0ACA8FFA8ACA8FFA8ACB0FF5C
:10446000B0ACA8FFA8ACA8FFA8ACB0FFB0A8A8FF4C
:10447000A8A8A8FFA8ACB0FFB0ACA8FFA8A8A8FF48
:10448000A8ACB0FFB0ACA8FFA8A8B0FFA8ACA8FF2C
:10449000A8A8B0FFB0ACA8FFA8A8A8FFB0ACB0FF18
:1044A000A8ACB0FFA8ACA8FFB0A8A8FFA8ACB0FF0C
:1044B000A8A8A8FFB0A8A8FFA8ACB0FFA8A8B0FF04
:1044C000B0ACA8FFA8ACA8FFB0ACB0FFA8A8A8FFEC
:1044D000A8ACA8FFB0A8B0FFA8ACA8FFA8ACA8FFE4
:1044E000B0ACA8FFA8A8B0FFB0ACA8FFA8A8B0FFC8
:1044F000A8ACA8FFB0ACA8FFA8ACB0FFA8ACA8FFC0
:10450000B0ACB0FFB0ACA8FFA8A8A8FFA8ACB0FFA3
:10451000B0ACA8FFA8A8A8FFA8ACA8FFA8ACB0FFA3
:10452000A8ACA8FFB0A8B0FFA8ACA8FFA8A8B0FF8F
:10453000B0ACA8FFA8A8A8FFB0ACB0FFB0ACA8FF73
:10454000A8A8A8FFB0ACB0FFB0A8A8FFA8ACA8FF6F
:10455000B0A8B0FFA8A8B0FFA8ACA8FFB0ACB0FF4F
:10456000A8ACA8FFA8A8A8FFB0ACB0FFA8ACA8FF53
:10457000A8A8B0FFB0ACA8FFA8ACB0FFA8ACA8FF3B
:10458000B0ACA8FFA8ACB0FFA8ACA8FFB0ACA8FF27
:10459000A8ACB0FFB0ACA8FFA8A8A8FFB0ACB0FF13
:1045A000A8ACA8FFB0ACA8FFA8ACB0FFA8ACB0FF07
:1045B000B0ACA8FFA8ACB0FFA8ACA8FFB0ACA8FFF7
:1045C000A8ACB0FFB0ACA8FFA8ACB0FFB0ACA8FFDF
:1045D000A8ACA8FFA8ACB0FFB0ACA8FFA8ACB0FFD7
:1045E000A8ACA8FFB0ACA8FFA8ACB0FFA8A8A8FFD3
:1045F000B0ACA8FFA8ACB0FFA8ACA8FFB0ACA8FFB7
:10460000A8ACB0FFA8A8A8FFB0ACB0FFA8ACA8FFAA
:10461000B0A8A8FFA8ACB0FFA8ACA8FFA8ACA8FFA2
:10462000989498FF787878FF787878FF7878787D14
:10463000000000000000000000000000000000007A
:10464000000000000000000000000000000000006A
:10465000000000000000000000000000000000005A
:10466000000000000000000000000000000000004A
:10467000000000000000000000000000000000003A
:1046800000000000000000007878783078787865C5
:1046900078787865888888C3908C90FF888C88FFAC
:1046A000908C90FF888C90FF888C88FF908C90FF76
:1046B000908C90FF888C88FF908C90FF888C90FF66
:1046C000908C88FF908C90FF888C90FF908C90FF4E
:1046D000908C90FF888C88FF908C90FF908C90FF3E
:1046E000908C90FF888C88FF908C90FF888C88FF3E
:1046F000908C88FF908C90FF888C90FF908C90FF1E
:10470000888C90FF908C88FF908C90FF888C90FF15
:10471000908C88FF888C90FF888C90FF908C88FF0D
:10472000908C90FF888C90FF908C88FF888C90FFF5
:10473000908C90FF908C88FF888C90FF908C90FFDD
:10474000908C90FF888C90FF908C90FF908C88FFCD
:10475000888C90FF908C90FF908C90FF888C90FFBD
:10476000908C88FF908C90FF888C90FF908C88FFB5
:10477000908C90FF908C90FF888C90FF908C88FF9D
:10478000908C90FF888C90FF908C88FF908C90FF8D
:10479000908C90FF888C88FF908C90FF908C90FF7D
:1047A000908C88FF908C90FF908C88FF908C90FF6D
:1047B000908C90FF888C88FF908C90FF908C90FF5D
:1047C000888C88FF908C90FF908C90FF908C90FF4D
:1047D000888C88FF908C90FF908C88FF888C90FF4D
:1047E000908C90FF908C88FF888C90FF908C90FF2D
:1047F000908C88FF888C90FF908C90FF888C88FF2D
:10480000908C90FF908C90FF888C88FF908C90FF0C
:10481000908C90FF908C88FF908C90FF888C90FFFC
:10482000908C88FF908C90FF888C90FF908C88FFF4
:10483000908C90FF908C88FF908C90FF908C90FFD4
:10484000908C88FF888C90FF908C90FF908C88FFD4
:10485000888C90FF888C90FF908C90FF908C88FFC4
:10486000888C90FF908C90FF908C90FF888C88FFB4
:10487000908C90FF908C88FF888C90FF908C90FF9C
:10488000908C88FF908C90FF888C90FF908C88FF94
:10489000908C90FF908C90FF908C88FF888C90FF7C
:1048A000908C90FF908C90FF908C90FF888C88FF6C
:1048B000908C90FF908C90FF888C88FF908C90FF5C
:1048C000908C88FF888C90FF908C88FF908C90FF54
:1048D000908C90FF908C90FF888C90FF908C88FF3C
:1048E000908C90FF888C90FF908C88FF908C90FF2C
:1048F000908C90FF888C88FF908C90FF908C90FF1C
:10490000888C88FF908C90FF908C90FF888C88FF1B
:10491000908C90FF908C90FF908C88FF888C90FFFB
:10492000908C90FF908C88FF888C90FF908C90FFEB
:10493000908C90FF908C88FF908C90FF888C90FFDB
:10494000888888C3787878657878786578787830DA
:104950000000000000000000000000000000000057
:104960000000000000000000000000000000000047
:104970000000000000000000000000000000000037
:104980000000000000000000000000000000000027
:104990000000000000000000000000000000000017
:1049A0000000000000000000000000000000000007
:1049B000000000007878789E787878FF787878FF23
:1049C000787878FF787878FF787878FF787878FF4B
:1049D000787878FF787878FF787878FF787878FF3B
:1049E000787878FF787878FF787878FF787878FF2B
:1049F000787878FF787878FF787878FF787878FF1B
:104A0000787878FF787878FF787878FF787878FF0A
:104A1000787878FF787878FF787878FF787878FFFA
:104A2000787878FF787878FF787878FF787878FFEA
:104A3000787878FF787878FF787878FF787878FFDA
:104A4000787878FF787878FF787878FF787878FFCA
:104A5000787878FF787878FF787878FF787878FFBA
:104A6000787878FF787878FF787878FF787878FFAA
:104A7000787878FF787878FF787878FF787878FF9A
:104A8000787878FF787878FF787878FF787878FF8A
:104A9000787878FF787878FF787878FF787878FF7A
:104AA000787878FF787878FF787878FF787878FF6A
:104AB000787878FF787878FF787878FF787878FF5A
:104AC000787878FF787878FF787878FF787878FF4A
:104AD000787878FF787878FF787878FF787878FF3A
:104AE000787878FF787878FF787878FF787878FF2A
:104AF000787878FF787878FF787878FF787878FF1A
:104B0000787878FF787878FF787878FF787878FF09
:104B1000787878FF787878FF787878FF787878FFF9
:104B2000787878FF787878FF787878FF787878FFE9
:104B3000787878FF787878FF787878FF787878FFD9
:104B4000787878FF787878FF787878FF787878FFC9
:104B5000787878FF787878FF787878FF787878FFB9
:104B6000787878FF787878FF787878FF787878FFA9
:104B7000787878FF787878FF787878FF787878FF99
:104B8000787878FF787878FF787878FF787878FF89
:104B9000787878FF787878FF787878FF787878FF79
:104BA000787878FF787878FF787878FF787878FF69
:104BB000787878FF787878FF787878FF787878FF59
:104BC000787878FF787878FF787878FF787878FF49
:104BD000787878FF787878FF787878FF787878FF39
:104BE000787878FF787878FF787878FF787878FF29
:104BF000787878FF787878FF787878FF787878FF19
:104C0000787878FF787878FF787878FF787878FF08
:104C1000787878FF787878FF787878FF787878FFF8
:104C2000787878FF787878FF787878FF787878FFE8
:104C3000787878FF787878FF787878FF787878FFD8
:104C4000787878FF787878FF787878FF787878FFC8
:104C5000787878FF787878FF787878FF787878FFB8
:104C60007878789A00000000000000000000000042
:104C70000000000000000000000000000000000034
:104C80000000000000000000000000000000000024
:104C90000000000000000000000000000000000014
:104CA0000000000000000000000000000000000004
:104CB00000000000000000000000000000000000F4
:104CC00000000000000000000000000000000000E4
:104CD000000000007878789A787878FF787878FF04
:104CE000787878FF787878FF787878FF787878FF28
:104CF000787878FF787878FF787878FF787878FF18
:104D0000787878FF787878FF787878FF787878FF07
:104D1000787878FF787878FF787878FF787878FFF7
:104D2000787878FF787878FF787878FF787878FFE7
:104D3000787878FF787878FF787878FF787878FFD7
:104D4000787878FF787878FF787878FF787878FFC7
:104D5000787878FF787878FF787878FF787878FFB7
:104D6000787878FF787878FF787878FF787878FFA7
:104D7000787878FF787878FF787878FF787878FF97
:104D8000787878FF787878FF787878FF787878FF87
:104D9000787878FF787878FF787878FF787878FF77
:104DA000787878FF787878FF787878FF787878FF67
:104DB000787878FF787878FF787878FF787878FF57
:104DC000787878FF787878FF787878FF787878FF47
:104DD000787878FF787878FF787878FF787878FF37
:104DE000787878FF787878FF787878FF787878FF27
:104DF000787878FF787878FF787878FF787878FF17
:104E0000787878FF787878FF787878FF787878FF06
:104E1000787878FF787878FF787878FF787878FFF6
:104E2000787878FF787878FF787878FF787878FFE6
:104E3000787878FF787878FF787878FF787878FFD6
:104E4000787878FF787878FF787878FF787878FFC6
:104E5000787878FF787878FF787878FF787878FFB6
:104E6000787878FF787878FF787878FF787878FFA6
:104E7000787878FF787878FF787878FF787878FF96
:104E8000787878FF787878FF787878FF787878FF86
:104E9000787878FF787878FF787878FF787878FF76
:104EA000787878FF787878FF787878FF787878FF66
:104EB000787878FF787878FF787878FF787878FF56
:104EC000787878FF787878FF787878FF787878FF46
:104ED000787878FF787878FF787878FF787878FF36
:104EE000787878FF787878FF787878FF787878FF26
:104EF000787878FF787878FF787878FF787878FF16
:104F0000787878FF787878FF787878FF787878FF05
:104F1000787878FF787878FF787878FF787878FFF5
:104F2000787878FF787878FF787878FF787878FFE5
:104F3000787878FF787878FF787878FF787878FFD5
:104F4000787878FF787878FF787878FF787878FFC5
:104F5000787878FF787878FF787878FF787878FFB5
:104F6000787878FF787878FF787878FF787878FFA5
:104F7000787878FF787878FF787878FF787878FF95
:104F80007878789A0000000000000000000000001F
:104F90000000000000000000000000000000000011
:104FA0000000000000000000000000000000000001
:104FB00000000000000000000000000000000000F1
:104FC00000000000000000000000000000000000E1
:104FD00000000000000000000000000000000000D1
:104FE00000000000000000000000000000000000C1
:104FF00000000000787878287878784178787841CF
:1050000078787841787878417878784578787841F8
:1050100078787841787878417878784178787841EC
:1050200078787841787878417878784178787841DC
:1050300078787841787878417878784178787841CC
:1050400078787841787878417878784178787841BC
:1050500078787841787878417878784178787841AC
:10506000787878417878784178787841787878419C
:10507000787878417878784178787841787878418C
:10508000787878417878784178787841787878417C
:10509000787878417878784178787841787878416C
:1050A000787878417878784178787841787878415C
:1050B000787878417878784178787841787878414C
:1050C000787878417878784178787841787878413C
:1050D000787878417878784178787841787878412C
:1050E000787878417878784178787841787878411C
:1050F000787878417878784178787841787878410C
:1051000078787841787878417878784178787841FB
:1051100078787841787878417878784178787841EB
:1051200078787841787878417878784178787841DB
:1051300078787841787878417878784178787841CB
:1051400078787841787878417878784178787841BB
:1051500078787841787878417878784178787841AB
:10516000787878417878784178787841787878419B
:10517000787878417878784178787841787878418B
:10518000787878417878784178787841787878417B
:10519000787878417878784178787841787878416B
:1051A000787878417878784178787841787878415B
:1051B000787878417878784178787841787878414B
:1051C000787878417878784178787841787878413B
:1051D000787878417878784178787841787878412B
:1051E000787878417878784178787841787878411B
:1051F000787878417878784178787841787878410B
:1052000078787841787878417878784178787841FA
:1052100078787841787878417878784178787841EA
:1052200078787841787878417878784178787841DA
:1052300078787841787878417878784178787841CA
:1052400078787841787878417878784178787841BA
:1052500078787841787878417878784178787841AA
:10526000787878417878784178787841787878419A
:10527000787878417878784178787841787878418A
:10528000787878417878784178787841787878417A
:10529000787878417878784178787841787878416A
:1052A000787878280000000000000000000000006E
:1052B00000000000000000000000000000000000EE
:1052C00000000000000000000000000000000000DE
:1052D00000000000000000000000000000000000CE
:1052E00000000000000000000000000000000000BE
:1052F00000000000000000000000000000000000AE
:10530000000000000000000000000000000000009D
:10531000000000000000000000000000000000008D
:10532000000000000000000000000000000000007D
:10533000000000000000000000000000000000006D
:10534000000000000000000000000000000000005D
:10535000000000000000000000000000000000004D
:10536000000000000000000000000000000000003D
:10537000000000000000000000000000000000002D
:10538000000000000000000000000000000000001D
:10539000000000000000000000000000000000000D
:1053A00000000000000000000000000000000000FD
:1053B00000000000000000000000000000000000ED
:1053C00000000000000000000000000000000000DD
:1053D00000000000000000000000000000000000CD
:1053E00000000000000000000000000000000000BD
:1053F00000000000000000000000000000000000AD
:10540000000000000000000000000000000000009C
:10541000000000000000000000000000000000008C
:10542000000000000000000000000000000000007C
:10543000000000000000000000000000000000006C
:10544000000000000000000000000000000000005C
:10545000000000000000000000000000000000004C
:10546000000000000000000000000000000000003C
:10547000000000000000000000000000000000002C
:10548000000000000000000000000000000000001C
:10549000000000000000000000000000000000000C
:1054A00000000000000000000000000000000000FC
:1054B00000000000000000000000000000000000EC
:1054C00000000000000000000000000000000000DC
:1054D00000000000000000000000000000000000CC
:1054E00000000000000000000000000000000000BC
:1054F00000000000000000000000000000000000AC
:10550000000000000000000000000000000000009B
:10551000000000000000000000000000000000008B
:10552000000000000000000000000000000000007B
:10553000000000000000000000000000000000006B
:10554000000000000000000000000000000000005B
:10555000000000000000000000000000000000004B
:10556000000000000000000000000000000000003B
:10557000000000000000000000000000000000002B
:10558000000000000000000000000000000000001B
:10559000000000000000000000000000000000000B
:1055A00000000000000000000000000000000000FB
:1055B00000000000000000000000000000000000EB
:1055C00000000000000000000000000000000000DB
:1055D00000000000000000000000000000000000CB
:1055E00000000000000000000000000000000000BB
:1055F00000000000000000000000000000000000AB
:10560000000000000000000000000000000000009A
:10561000000000000000000000000000000000008A
:10562000000000000000000000000000000000007A
:10563000000000000000000000000000000000006A
:10564000000000000000000000000000000000005A
:10565000000000000000000000000000000000004A
:10566000000000000000000000000000000000003A
:10567000000000000000000000000000000000002A
:10568000000000000000000000000000000000001A
:10569000000000000000000000000000000000000A
:1056A00000000000000000000000000000000000FA
:1056B00000000000000000000000000000000000EA
:1056C00000000000000000000000000000000000DA
:1056D00000000000000000000000000000000000CA
:1056E00000000000000000000000000000000000BA
:1056F00000000000000000000000000000000000AA
:105700000000000000000000000000000000000099
:105710000000000000000000000000000000000089
:105720000000000000000000000000000000000079
:105730000000000000000000000000000000000069
:105740000000000000000000000000000000000059
:105750000000000000000000000000000000000049
:105760000000000000000000000000000000000039
:105770000000000000000000000000000000000029
:105780000000000000000000000000000000000019
:105790000000000000000000000000000000000009
:1057A00000000000000000000000000000000000F9
:1057B00000000000000000000000000000000000E9
:1057C00000000000000000000000000000000000D9
:1057D00000000000000000000000000000000000C9
:1057E00000000000000000000000000000000000B9
:1057F00000000000000000000000000000000000A9
:105800000000000000000000000000000000000098
:105810000000000000000000000000000000000088
:105820000000000000000000000000000000000078
:105830000000000000000000000000000000000068
:105840000000000000000000000000000000000058
:105850000000000000000000000000000000000048
:105860000000000000000000000000000000000038
:105870000000000000000000000000000000000028
:105880000000000000000000000000000000000018
:105890000000000000000000000000000000000008
:1058A00000000000000000000000000000000000F8
:1058B00000000000000000000000000000000000E8
:1058C00000000000000000000000000000000000D8
:1058D00000000000000000000000000000000000C8
:1058E00000000000000000000000000000000000B8
:1058F00000000000000000000000000000000000A8
:105900000000000000000000000000000000000097
:105910000000000000000000000000000000000087
:105920000000000000000000000000000000000077
:105930000000000000000000000000000000000067
:105940000000000000000000000000000000000057
:105950000000000000000000000000000000000047
:105960000000000000000000000000000000000037
:105970000000000000000000000000000000000027
:105980000000000000000000000000000000000017
:105990000000000000000000000000000000000007
:1059A00000000000000000000000000000000000F7
:1059B00000000000000000000000000000000000E7
:1059C00000000000000000000000000000000000D7
:1059D00000000000000000000000000000000000C7
:1059E00000000000000000000000000000000000B7
:1059F00000000000000000000000000000000000A7
:105A00000000000000000000000000000000000096
:105A10000000000000000000000000000000000086
:105A20000000000000000000000000000000000076
:105A30000000000000000000000000000000000066
:105A40000000000000000000000000000000000056
:105A50000000000000000000000000000000000046
:105A60000000000000000000000000000000000036
:105A70000000000000000000000000000000000026
:105A80000000000000000000000000000000000016
:105A90000000000000000000000000000000000006
:105AA00000000000000000000000000000000000F6
:105AB00000000000000000000000000000000000E6
:105AC00000000000000000000000000000000000D6
:105AD00000000000000000000000000000000000C6
:105AE00000000000000000000000000000000000B6
:105AF00000000000000000000000000000000000A6
:105B00000000000000000000000000000000000095
:105B10000000000000000000000000000000000085
:105B20000000000000000000000000000000000075
:105B30000000000000000000000000000000000065
:105B40000000000000000000000000000000000055
:105B50000000000000000000000000000000000045
:105B60000000000000000000000000000000000035
:105B70000000000000000000000000000000000025
:105B80000000000000000000000000000000000015
:105B90000000000000000000000000000000000005
:105BA00000000000000000000000000000000000F5
:105BB00000000000000000000000000000000000E5
:105BC00000000000000000000000000000000000D5
:105BD00000000000000000000000000000000000C5
:105BE00000000000000000000000000000000000B5
:105BF00000000000000000000000000000000000A5
:105C00000000000000000000000000000000000094
:105C10000000000000000000000000000000000084
:105C20000000000000000000000000000000000074
:105C30000000000000000000000000000000000064
:105C40000000000000000000000000000000000054
:105C50000000000000000000000000000000000044
:105C60000000000000000000000000000000000034
:105C70000000000000000000000000000000000024
:105C80000000000000000000000000000000000014
:105C90000000000000000000000000000000000004
:105CA00000000000000000000000000000000000F4
:105CB00000000000000000000000000000000000E4
:105CC00000000000000000000000000000000000D4
:105CD00000000000000000000000000000000000C4
:105CE00000000000000000000000000000000000B4
:105CF00000000000000000000000000000000000A4
:105D00000000000000000000000000000000000093
:105D10000000000000000000000000000000000083
:105D20000000000000000000000000000000000073
:105D30000000000000000000000000000000000063
:105D40000000000000000000000000000000000053
:105D50000000000000000000000000000000000043
:105D60000000000000000000000000000000000033
:105D70000000000000000000000000000000000023
:105D80000000000000000000000000000000000013
:105D90000000000000000000000000000000000003
:105DA00000000000000000000000000000000000F3
:105DB00000000000000000000000000000000000E3
:105DC00000000000000000000000000000000000D3
:105DD00000000000000000000000000000000000C3
:105DE00000000000000000000000000000000000B3
:105DF00000000000000000000000000000000000A3
:105E00000000000000000000000000000000000092
:105E10000000000000000000000000000000000082
:105E20000000000000000000000000000000000072
:105E30000000000000000000000000000000000062
:105E40000000000000000000000000000000000052
:105E50000000000000000000000000000000000042
:105E60000000000000000000000000000000000032
:105E70000000000000000000000000000000000022
:105E80000000000000000000000000000000000012
:105E90000000000000000000000000000000000002
:105EA00000000000000000000000000000000000F2
:105EB00000000000000000000000000000000000E2
:105EC00000000000000000000000000000000000D2
:105ED00000000000000000000000000000000000C2
:105EE00000000000000000000000000000000000B2
:105EF00000000000000000000000000000000000A2
:105F00000000000000000000000000000000000091
:105F10000000000000000000000000000000000081
:105F20000000000000000000000000000000000071
:105F30000000000000000000000000000000000061
:105F40000000000000000000000000000000000051
:105F50000000000000000000000000000000000041
:105F60000000000000000000000000000000000031
:105F70000000000000000000000000000000000021
:105F80000000000000000000000000000000000011
:105F90000000000000000000000000000000000001
:105FA00000000000000000000000000000000000F1
:105FB00000000000000000000000000000000000E1
:105FC00000000000000000000000000000000000D1
:105FD00000000000000000000000000000000000C1
:105FE00000000000000000000000000000000000B1
:105FF00000000000000000000000000000000000A1
:106000000000000000000000000000000000000090
:106010000000000000000000000000000000000080
:106020000000000000000000000000000000000070
:106030000000000000000000000000000000000060
:106040000000000000000000000000000000000050
:106050000000000000000000000000000000000040
:106060000000000000000000000000000000000030
:106070000000000000000000000000000000000020
:106080000000000000000000000000000000000010
:106090000000000000000000000000000000000000
:1060A00000000000000000000000000000000000F0
:1060B00000000000000000000000000000000000E0
:1060C00000000000000000000000000000000000D0
:1060D00000000000000000000000000000000000C0
:1060E00000000000000000000000000000000000B0
:1060F00000000000000000000000000000000000A0
:10610000000000000000000000000000000000008F
:10611000000000000000000000000000000000007F
:10612000000000000000000000000000000000006F
:10613000000000000000000000000000000000005F
:10614000000000000000000000000000000000004F
:10615000000000000000000000000000000000003F
:10616000000000000000000000000000000000002F
:10617000000000000000000000000000000000001F
:10618000000000000000000000000000000000000F
:1061900000000000000000000000000000000000FF
:1061A00000000000000000000000000000000000EF
:1061B00000000000000000000000000000000000DF
:1061C00000000000000000000000000000000000CF
:1061D00000000000000000000000000000000000BF
:1061E00000000000000000000000000000000000AF
:1061F000000000000000000000000000000000009F
:10620000000000000000000000000000000000008E
:10621000000000000000000000000000000000007E
:10622000000000000000000000000000000000006E
:10623000000000000000000000000000000000005E
:10624000000000000000000000000000000000004E
:10625000000000000000000000000000000000003E
:10626000000000000000000000000000000000002E
:10627000000000000000000000000000000000001E
:10628000000000000000000000000000000000000E
:1062900000000000000000000000000000000000FE
:1062A00000000000000000000000000000000000EE
:1062B00000000000000000000000000000000000DE
:1062C00000000000000000000000000000000000CE
:1062D00000000000000000000000000000000000BE
:1062E00000000000000000000000000000000000AE
:1062F000000000000000000000000000000000009E
:10630000000000000000000000000000000000008D
:10631000000000000000000000000000000000007D
:10632000000000000000000000000000000000006D
:10633000000000000000000000000000000000005D
:10634000000000000000000000000000000000004D
:10635000000000000000000000000000000000003D
:10636000000000000000000000000000000000002D
:10637000000000000000000000000000000000001D
:10638000000000000000000000000000000000000D
:1063900000000000000000000000000000000000FD
:1063A00000000000000000000000000000000000ED
:1063B00000000000000000000000000000000000DD
:1063C00000000000000000000000000000000000CD
:1063D00000000000000000000000000000000000BD
:1063E00000000000000000000000000000000000AD
:1063F000000000000000000000000000000000009D
:10640000000000000000000000000000000000008C
:10641000000000000000000000000000000000007C
:10642000000000000000000000000000000000006C
:10643000000000000000000000000000000000005C
:10644000000000000000000000000000000000004C
:10645000000000000000000000000000000000003C
:10646000000000000000000000000000000000002C
:10647000000000000000000000000000000000001C
:10648000000000000000000000000000000000000C
:1064900000000000000000000000000000000000FC
:1064A00000000000000000000000000000000000EC
:1064B00000000000000000000000000000000000DC
:1064C00000000000000000000000000000000000CC
:1064D00000000000000000000000000000000000BC
:1064E00000000000000000000000000000000000AC
:1064F000000000000000000000000000000000009C
:10650000000000000000000000000000000000008B
:10651000000000000000000000000000000000007B
:10652000000000000000000000000000000000006B
:10653000000000000000000000000000000000005B
:10654000000000000000000000000000000000004B
:10655000000000000000000000000000000000003B
:10656000000000000000000000000000000000002B
:10657000000000000000000000000000000000001B
:10658000000000000000000000000000000000000B
:1065900000000000000000000000000000000000FB
:1065A00000000000000000000000000000000000EB
:1065B00000000000000000000000000000000000DB
:1065C00000000000000000000000000000000000CB
:1065D00000000000000000000000000000000000BB
:1065E00000000000000000000000000000000000AB
:1065F000000000000000000000000000000000009B
:10660000000000000000000000000000000000008A
:10661000000000000000000000000000000000007A
:10662000000000000000000000000000000000006A
:10663000000000000000000000000000000000005A
:10664000000000000000000000000000000000004A
:10665000000000000000000000000000000000003A
:10666000000000000000000000000000000000002A
:10667000000000000000000000000000000000001A
:10668000000000000000000000000000000000000A
:1066900000000000000000000000000000000000FA
:1066A00000000000000000000000000000000000EA
:1066B00000000000000000000000000000000000DA
:1066C00000000000000000000000000000000000CA
:1066D00000000000000000000000000000000000BA
:1066E00000000000000000000000000000000000AA
:1066F000000000000000000000000000000000009A
:106700000000000000000000000000000000000089
:106710000000000000000000000000000000000079
:106720000000000000000000000000000000000069
:106730000000000000000000000000000000000059
:106740000000000000000000000000000000000049
:106750000000000000000000000000000000000039
:106760000000000000000000000000000000000029
:106770000000000000000000000000000000000019
:106780000000000000000000000000000000000009
:1067900000000000000000000000000000000000F9
:1067A00000000000000000000000000000000000E9
:1067B00000000000000000000000000000000000D9
:1067C00000000000000000000000000000000000C9
:1067D00000000000000000000000000000000000B9
:1067E00000000000000000000000000000000000A9
:1067F0000000000000000000000000000000000099
:106800000000000000000000000000000000000088
:106810000000000000000000000000000000000078
:106820000000000000000000000000000000000068
:106830000000000000000000000000000000000058
:106840000000000000000000000000000000000048
:106850000000000000000000000000000000000038
:106860000000000000000000000000000000000028
:106870000000000000000000000000000000000018
:106880000000000000000000000000000000000008
:1068900000000000000000000000000000000000F8
:1068A00000000000000000000000000000000000E8
:1068B00000000000000000000000000000000000D8
:1068C00000000000000000000000000000000000C8
:1068D00000000000000000000000000000000000B8
:1068E00000000000000000000000000000000000A8
:1068F0000000000000000000000000000000000098
:106900000000000000000000000000000000000087
:106910000000000000000000000000000000000077
:106920000000000000000000000000000000000067
:106930000000000000000000000000000000000057
:106940000000000000000000000000000000000047
:106950000000000000000000000000000000000037
:106960000000000000000000000000000000000027
:106970000000000000000000000000000000000017
:106980000000000000000000000000000000000007
:1069900000000000000000000000000000000000F7
:1069A00000000000000000000000000000000000E7
:1069B00000000000000000000000000000000000D7
:1069C00000000000000000000000000000000000C7
:1069D00000000000000000000000000000000000B7
:1069E00000000000000000000000000000000000A7
:1069F0000000000000000000000000000000000097
:106A00000000000000000000000000000000000086
:106A10000000000000000000000000000000000076
:106A20000000000000000000000000000000000066
:106A30000000000000000000000000000000000056
:106A40000000000000000000000000000000000046
:106A50000000000000000000000000000000000036
:106A60000000000000000000000000000000000026
:106A70000000000000000000000000000000000016
:106A80000000000000000000000000000000000006
:106A900000000000000000000000000000000000F6
:106AA00000000000000000000000000000000000E6
:106AB00000000000000000000000000000000000D6
:106AC00000000000000000000000000000000000C6
:106AD00000000000000000000000000000000000B6
:106AE00000000000000000000000000000000000A6
:106AF0000000000000000000000000000000000096
:106B00000000000000000000000000000000000085
:106B10000000000000000000000000000000000075
:106B20000000000000000000000000000000000065
:106B30000000000000000000000000000000000055
:106B40000000000000000000000000000000000045
:106B50000000000000000000000000000000000035
:106B60000000000000000000000000000000000025
:106B70000000000000000000000000000000000015
:106B80000000000000000000000000000000000005
:106B900000000000000000000000000000000000F5
:106BA00000000000000000000000000000000000E5
:106BB00000000000000000000000000000000000D5
:106BC00000000000000000000000000000000000C5
:106BD00000000000000000000000000000000000B5
:106BE00000000000000000000000000000000000A5
:106BF0000000000000000000000000000000000095
:106C00000000000000000000000000000000000084
:106C10000000000000000000000000000000000074
:106C20000000000000000000000000000000000064
:106C30000000000000000000000000000000000054
:106C40000000000000000000000000000000000044
:106C50000000000000000000000000000000000034
:106C60000000000000000000000000000000000024
:106C70000000000000000000000000000000000014
:106C80000000000000000000000000000000000004
:106C900000000000000000000000000000000000F4
:106CA00000000000000000000000000000000000E4
:106CB00000000000000000000000000000000000D4
:106CC00000000000000000000000000000000000C4
:106CD00000000000000000000000000000000000B4
:106CE00000000000000000000000000000000000A4
:106CF0000000000000000000000000000000000094
:106D00000000000000000000000000000000000083
:106D10000000000000000000000000000000000073
:106D20000000000000000000000000000000000063
:106D30000000000000000000000000000000000053
:106D40000000000000000000000000000000000043
:106D50000000000000000000000000000000000033
:106D60000000000000000000000000000000000023
:106D70000000000000000000000000000000000013
:106D80000000000000000000000000000000000003
:106D900000000000000000000000000000000000F3
:106DA00000000000000000000000000000000000E3
:106DB00000000000000000000000000000000000D3
:106DC00000000000000000000000000000000000C3
:106DD00000000000000000000000000000000000B3
:106DE00000000000000000000000000000000000A3
:106DF0000000000000000000000000000000000093
:106E00000000000000000000000000000000000082
:106E10000000000000000000000000000000000072
:106E20000000000000000000000000000000000062
:106E30000000000000000000000000000000000052
:106E40000000000000000000000000000000000042
:106E50000000000000000000000000000000000032
:106E60000000000000000000000000000000000022
:106E70000000000000000000000000000000000012
:106E80000000000000000000000000000000000002
:106E900000000000000000000000000000000000F2
:106EA00000000000000000000000000000000000E2
:106EB00000000000000000000000000000000000D2
:106EC00000000000000000000000000000000000C2
:106ED00000000000000000000000000000000000B2
:106EE00000000000000000000000000000000000A2
:106EF0000000000000000000000000000000000092
:106F00000000000000000000000000000000000081
:106F10000000000000000000000000000000000071
:106F20000000000000000000000000000000000061
:106F30000000000000000000000000000000000051
:106F40000000000000000000000000000000000041
:106F50000000000000000000000000000000000031
:106F60000000000000000000000000000000000021
:106F70000000000000000000000000000000000011
:106F80000000000000000000000000000000000001
:106F900000000000000000000000000000000000F1
:106FA00000000000000000000000000000000000E1
:106FB00000000000000000000000000000000000D1
:106FC00000000000000000000000000000000000C1
:106FD00000000000000000000000000000000000B1
:106FE00000000000000000000000000000000000A1
:106FF0000000000000000000000000000000000091
:107000000000000000000000000000000000000080
:107010000000000000000000000000000000000070
:107020000000000000000000000000000000000060
:107030000000000000000000000000000000000050
:107040000000000000000000000000000000000040
:107050000000000000000000000000000000000030
:107060000000000000000000000000000000000020
:107070000000000000000000000000000000000010
:107080000000000000000000000000000000000000
:1070900000000000000000000000000000000000F0
:1070A00000000000000000000000000000000000E0
:1070B00000000000000000000000000000000000D0
:1070C00000000000000000000000000000000000C0
:1070D00000000000000000000000000000000000B0
:1070E00000000000000000000000000000000000A0
:1070F0000000000000000000000000000000000090
:10710000000000000000000000000000000000007F
:10711000000000000000000000000000000000006F
:10712000000000000000000000000000000000005F
:10713000000000000000000000000000000000004F
:10714000000000000000000000000000000000003F
:10715000000000000000000000000000000000002F
:10716000000000000000000000000000000000001F
:10717000000000000000000000000000000000000F
:1071800000000000000000000000000000000000FF
:1071900000000000000000000000000000000000EF
:1071A00000000000000000000000000000000000DF
:1071B00000000000000000000000000000000000CF
:1071C00000000000000000000000000000000000BF
:1071D00000000000000000000000000000000000AF
:1071E000000000000000000000000000000000009F
:1071F000000000000000000000000000000000008F
:10720000000000000000000000000000000000007E
:10721000000000000000000000000000000000006E
:10722000000000000000000000000000000000005E
:10723000000000000000000000000000000000004E
:10724000000000000000000000000000000000003E
:10725000000000000000000000000000000000002E
:10726000000000000000000000000000000000001E
:10727000000000000000000000000000000000000E
:1072800000000000000000000000000000000000FE
:1072900000000000000000000000000000000000EE
:1072A00000000000000000000000000000000000DE
:1072B00000000000000000000000000000000000CE
:1072C00000000000000000000000000000000000BE
:1072D00000000000000000000000000000000000AE
:1072E000000000000000000000000000000000009E
:1072F000000000000000000000000000000000008E
:10730000000000000000000000000000000000007D
:10731000000000000000000000000000000000006D
:10732000000000000000000000000000000000005D
:10733000000000000000000000000000000000004D
:10734000000000000000000000000000000000003D
:10735000000000000000000000000000000000002D
:10736000000000000000000000000000000000001D
:10737000000000000000000000000000000000000D
:1073800000000000000000000000000000000000FD
:1073900000000000000000000000000000000000ED
:1073A00000000000000000000000000000000000DD
:1073B00000000000000000000000000000000000CD
:1073C00000000000000000000000000000000000BD
:1073D00000000000000000000000000000000000AD
:1073E000000000000000000000000000000000009D
:1073F000000000000000000000000000000000008D
:10740000000000000000000000000000000000007C
:10741000000000000000000000000000000000006C
:10742000000000000000000000000000000000005C
:10743000000000000000000000000000000000004C
:10744000000000000000000000000000000000003C
:10745000000000000000000000000000000000002C
:10746000000000000000000000000000000000001C
:10747000000000000000000000000000000000000C
:1074800000000000000000000000000000000000FC
:1074900000000000000000000000000000000000EC
:1074A00000000000000000000000000000000000DC
:1074B00000000000000000000000000000000000CC
:1074C00000000000000000000000000000000000BC
:1074D00000000000000000000000000000000000AC
:1074E000000000000000000000000000000000009C
:1074F000000000000000000000000000000000008C
:10750000000000000000000000000000000000007B
:10751000000000000000000000000000000000006B
:10752000000000000000000000000000000000005B
:10753000000000000000000000000000000000004B
:10754000000000000000000000000000000000003B
:10755000000000000000000000000000000000002B
:10756000000000000000000000000000000000001B
:10757000000000000000000000000000000000000B
:1075800000000000000000000000000000000000FB
:1075900000000000000000000000000000000000EB
:1075A00000000000000000000000000000000000DB
:1075B00000000000000000000000000000000000CB
:1075C00000000000000000000000000000000000BB
:1075D00000000000000000000000000000000000AB
:1075E000000000000000000000000000000000009B
:1075F000000000000000000000000000000000008B
:10760000000000000000000000000000000000007A
:10761000000000000000000000000000000000006A
:10762000000000000000000000000000000000005A
:10763000000000000000000000000000000000004A
:10764000000000000000000000000000000000003A
:10765000000000000000000000000000000000002A
:10766000000000000000000000000000000000001A
:10767000000000000000000000000000000000000A
:1076800000000000000000000000000000000000FA
:1076900000000000000000000000000000000000EA
:1076A00000000000000000000000000000000000DA
:1076B00000000000000000000000000000000000CA
:1076C00000000000000000000000000000000000BA
:1076D00000000000000000000000000000000000AA
:1076E000000000000000000000000000000000009A
:1076F000000000000000000000000000000000008A
:107700000000000000000000000000000000000079
:107710000000000000000000000000000000000069
:107720000000000000000000000000000000000059
:107730000000000000000000000000000000000049
:107740000000000000000000000000000000000039
:107750000000000000000000000000000000000029
:107760000000000000000000000000000000000019
:107770000000000000000000000000000000000009
:1077800000000000000000000000000000000000F9
:1077900000000000000000000000000000000000E9
:1077A00000000000000000000000000000000000D9
:1077B00000000000000000000000000000000000C9
:1077C00000000000000000000000000000000000B9
:1077D00000000000000000000000000000000000A9
:1077E0000000000000000000000000000000000099
:1077F0000000000000000000000000000000000089
:107800000000000000000000000000000000000078
:107810000000000000000000000000000000000068
:107820000000000000000000000000000000000058
:107830000000000000000000000000000000000048
:107840000000000000000000000000000000000038
:107850000000000000000000000000000000000028
:107860000000000000000000000000000000000018
:107870000000000000000000000000000000000008
:1078800000000000000000000000000000000000F8
:1078900000000000000000000000000000000000E8
:1078A00000000000000000000000000000000000D8
:1078B00000000000000000000000000000000000C8
:1078C00000000000000000000000000000000000B8
:1078D00000000000000000000000000000000000A8
:1078E0000000000000000000000000000000000098
:1078F0000000000000000000000000000000000088
:107900000000000000000000000000000000000077
:107910000000000000000000000000000000000067
:107920000000000000000000000000000000000057
:107930000000000000000000000000000000000047
:107940000000000000000000000000000000000037
:107950000000000000000000000000000000000027
:107960000000000000000000000000000000000017
:107970000000000000000000000000000000000007
:1079800000000000000000000000000000000000F7
:1079900000000000000000000000000000000000E7
:1079A00000000000000000000000000000000000D7
:1079B00000000000000000000000000000000000C7
:1079C00000000000000000000000000000000000B7
:1079D00000000000000000000000000000000000A7
:1079E0000000000000000000000000000000000097
:1079F0000000000000000000000000000000000087
:107A00000000000000000000000000000000000076
:107A10000000000000000000000000000000000066
:107A20000000000000000000000000000000000056
:107A30000000000000000000000000000000000046
:107A40000000000000000000000000000000000036
:107A50000000000000000000000000000000000026
:107A60000000000000000000000000000000000016
:107A70000000000000000000000000000000000006
:107A800000000000000000000000000000000000F6
:107A900000000000000000000000000000000000E6
:107AA00000000000000000000000000000000000D6
:107AB00000000000000000000000000000000000C6
:107AC00000000000000000000000000000000000B6
:107AD00000000000000000000000000000000000A6
:107AE0000000000000000000000000000000000096
:107AF0000000000000000000000000000000000086
:107B00000000000000000000000000000000000075
:107B10000000000000000000000000000000000065
:107B20000000000000000000000000000000000055
:107B30000000000000000000000000000000000045
:107B40000000000000000000000000000000000035
:107B50000000000000000000000000000000000025
:107B60000000000000000000000000000000000015
:107B70000000000000000000000000000000000005
:107B800000000000000000000000000000000000F5
:107B900000000000000000000000000000000000E5
:107BA00000000000000000000000000000000000D5
:107BB00000000000000000000000000000000000C5
:107BC00000000000000000000000000000000000B5
:107BD00000000000000000000000000000000000A5
:107BE0000000000000000000000000000000000095
:107BF0000000000000000000000000000000000085
:107C00000000000000000000000000000000000074
:107C10000000000000000000000000000000000064
:107C20000000000000000000000000000000000054
:107C30000000000000000000000000000000000044
:107C40000000000000000000000000000000000034
:107C50000000000000000000000000000000000024
:107C60000000000000000000000000000000000014
:107C70000000000000000000000000000000000004
:107C800000000000000000000000000000000000F4
:107C900000000000000000000000000000000000E4
:107CA00000000000000000000000000000000000D4
:107CB00000000000000000000000000000000000C4
:107CC00000000000000000000000000000000000B4
:107CD00000000000000000000000000000000000A4
:107CE0000000000000000000000000000000000094
:107CF0000000000000000000000000000000000084
:107D00000000000000000000000000000000000073
:107D10000000000000000000000000000000000063
:107D20000000000000000000000000000000000053
:107D30000000000000000000000000000000000043
:107D40000000000000000000000000000000000033
:107D50000000000000000000000000000000000023
:107D60000000000000000000000000000000000013
:107D70000000000000000000000000000000000003
:107D800000000000000000000000000000000000F3
:107D900000000000000000000000000000000000E3
:107DA00000000000000000000000000000000000D3
:107DB00000000000000000000000000000000000C3
:107DC00000000000000000000000000000000000B3
:107DD00000000000000000000000000000000000A3
:107DE0000000000000000000000000000000000093
:107DF0000000000000000000000000000000000083
:107E00000000000000000000000000000000000072
:107E10000000000000000000000000000000000062
:107E20000000000000000000000000000000000052
:107E30000000000000000000000000000000000042
:107E40000000000000000000000000000000000032
:107E50000000000000000000000000000000000022
:107E60000000000000000000000000000000000012
:107E70000000000000000000000000000000000002
:107E800000000000000000000000000000000000F2
:107E900000000000000000000000000000000000E2
:107EA00000000000000000000000000000000000D2
:107EB00000000000000000000000000000000000C2
:107EC00000000000000000000000000000000000B2
:107ED00000000000000000000000000000000000A2
:107EE0000000000000000000000000000000000092
:107EF0000000000000000000000000000000000082
:107F00000000000000000000000000000000000071
:107F10000000000000000000000000000000000061
:107F20000000000000000000000000000000000051
:107F30000000000000000000000000000000000041
:107F40000000000000000000000000000000000031
:107F50000000000000000000000000000000000021
:107F60000000000000000000000000000000000011
:107F70000000000000000000000000000000000001
:107F800000000000000000000000000000000000F1
:107F900000000000000000000000000000000000E1
:107FA00000000000000000000000000000000000D1
:107FB00000000000000000000000000000000000C1
:107FC00000000000000000000000000000000000B1
:107FD00000000000000000000000000000000000A1
:107FE0000000000000000000000000000000000091
:107FF0000000000000000000000000000000000081
:108000000000000000000000000000000000000070
:108010000000000000000000000000000000000060
:108020000000000000000000000000000000000050
:108030000000000000000000000000000000000040
:108040000000000000000000000000000000000030
:108050000000000000000000000000000000000020
:108060000000000000000000000000000000000010
:108070000000000000000000000000000000000000
:1080800000000000000000000000000000000000F0
:1080900000000000000000000000000000000000E0
:1080A00000000000000000000000000000000000D0
:1080B00000000000000000000000000000000000C0
:1080C00000000000000000000000000000000000B0
:1080D00000000000000000000000000000000000A0
:1080E0000000000000000000000000000000000090
:1080F0000000000000000000000000000000000080
:10810000000000000000000000000000000000006F
:10811000000000000000000000000000000000005F
:10812000000000000000000000000000000000004F
:10813000000000000000000000000000000000003F
:10814000000000000000000000000000000000002F
:10815000000000000000000000000000000000001F
:10816000000000000000000000000000000000000F
:1081700000000000000000000000000000000000FF
:1081800000000000000000000000000000000000EF
:1081900000000000000000000000000000000000DF
:1081A00000000000000000000000000000000000CF
:1081B000000000000000000000000000C5FEE2FE1C
:1081C000E4FEE5FEC3FEA2FEC3FEC3FEE3FEE4FE44
:1081D000A2FEA3FEC1FEC4FEC2FEA3FEE2FEC1FEDD
:1081E000C3FEC3FEC2FEA7FEC5FEC1FEE5FEC1FE84
:1081F00005FF07FFA5FEC1F6E5FEA5FEC6FEC3FE10
:10820000C1FEC3FEC1FE01FF06FFC3FEC3FEE6FEC4
:10821000C2FEA1FEE1FEE5FEE6FEC4FEC2FEE5FEF4
:10822000E2FEE3FEC1FEA4FEE5FEE3FEC1FEC5FEE6
:10823000A1FEA3FEC3FEA2FEE4FEE5FEA2FEC4FE76
:10824000E4FEE5FEC3FEC1FEC4FEE2FEE7FEC4FEA0
:10825000C5FEC3FEC3FEC4FEC1FEC1FE03FFC2FED7
:10826000C3F6E4FEC5FEC3FEC4FEA2FEE3FEC4FEEA
:10827000E5FEE4FEE6FEC1FEC3FEE0FEC2FE82FEB7
:10828000C3FEC2FEC3FEC2FEC2FEE2FEE1FEE4FE8B
:10829000E3FEE4FEC4FEA6FEE4FEE0FEE6FEE5FE2E
:1082A000E4FEE2FE08FFC6FEE5FEE3FEC4FEA2FE1B
:1082B000C0FEC1FEC1FEC1FEA6FEE0FEC3FEC3FEBF
:1082C000E5FEC4FEC1FEE5FEA2FEE5FEA2FEA3FEA3
:1082D000A2FEC3FEA4FEA4FEE6FEC3FEA2FEE2FED4
:1082E000E0FEE4FEA3FEE4FEE3FEC2FEE3FEE4FEE7
:1082F000E6FEC4FEC5FEC0FEC1FEC3FEC2FEC3FE56
:10830000C2FEC2FEC2FEC1FEE1FEA2FEE4FEA3FE6C
:10831000C3FEE0FEC4FEE7FEE5FEE6FE05FFE4FE6A
:10832000E3FEC4FE06FF06FFC3FEC1FEC2FEE3FE7F
:10833000C4FEE4FEE4FEC3FEA1FEA2FEC1FEE3FE17
:10834000E3FEA2FEC3FEA2FEC5FEA4FE82FEC7FEA1
:10835000A2F6C2FEE1FEE5FEC3FEC0FEC2FEE4FEE2
:10836000C4FEA1FEE1FEE3FEA3FEE5FEE6FEC2FEC4
:10837000E5FEC6FEE6FEE3FEC1FE08FF06FFE3FEE5
:1083800006FFE6FEE6FEE5FEE5FEE3FEE3FEA4FEF6
:10839000E3FEC3FEC2FEC1FEC3FEC5FEC4FEC4FEB4
:1083A000E6FEC1FEC3FEC2FEC4FEC3FEC1FEC3FEA6
:1083B000C2FEC3FEC7FEC3FEC3FEC2FEA1F6A2FEFE
:1083C000E4FEE3FEE5FE06FF06FFE6FEE8FEC2FE73
:1083D000C1FEE7FEC4FEE7FEC2FEE1FEE2FEC1FE14
:1083E000E4FEC3FEC3FEE5FEC2FEC3FEE3FEE5FE01
:1083F000C6FEE8FEE5FEC6FEC4FEE4FEE3FEE4FEC5
:10840000C2FEC4FEC3FEC2FEA4FEE5FEE5FEE6FE1D
:10841000E3FEC5FEE7FEE5FE03FFC4FEE2FEE5FE69
:10842000E5FEC2FEE6FEE5FEC5FEE6FEE5FEC5FE95
:10843000C2FEE4FEE4FEE4FEE2FEC1FEC3FEC4FEB4
:10844000E2FEC3FEE1FE06FFE3FEC1FEC5FEE3FE63
:10845000C5FE05FFE2FEE4FEE5FEA3FEE1FEC3FE6F
:10846000C2FEC4FEE5FEC2FEE6FEE7FEA4FEC4FEBA
:10847000C2FEE3FE05FFC3FEE2FEC2FEC3FEE4FE53
:10848000C2FEC2FEC2FEC3FEC3FEE4FE01FFC4FE86
:10849000E5FEE7FEE7FEC6FEA7FEC7FEE4FE03FF1D
:1084A000E6FEE6FEC5FEE5FEC3FEA2FEC4FEE5FE58
:1084B000E3FEE4FEE6FEC2FEC2FEA2FEC1FE05FF32
:1084C000C5FEC5FEC3FEE3FEE4FEE5FEC1FEC5FE3D
:1084D000E5FEE5FEC4FEE5FEE2FEA3FEE3FEE4FEED
:1084E000E2FEC2FEC3FEE3FEE4FEC2FEE3FEE2FEE7
:1084F000C4FEE7FEC3FEA0FEE7FEC6FEE2FEA2FE4D
:10850000E3FEE3FEE2FE82FEC3FEC2FEC3FEC2FE47
:1085100005FFC2FEC1FEC5FEC2FEC3FEC4FEC3FE11
:10852000C4FEE8FEE5FEE6FEE3FEC3FEC4FEE4FE96
:10853000E2FEE5FEC2FEA3FEC1FE06FFE6FEC1FEB0
:1085400081FEA1FEE3FEC3FEE4FEC3FEE5FE04FFE2
:10855000C2FEC2FEE5FE07FFC6FEC3FEC5FEE2FE8A
:10856000C3FEE5FE05FFE7FEE3FEC2FEC0FEC1FE60
:10857000E2FEE5FEE7FEE6FEE6FEE7FEE5FEC2FE03
:10858000C3FEE3FEE3FEE4FEE5FEE7FEC4FEEAFE14
:10859000C4FEE7FE04FFE3FEA2FEC3FEE2FEC1FE50
:1085A000E5FEE5FEE2FEA1FEC2FE06FF03FFA3FE1E
:1085B000E3FEC4FEC4FEE2FE05FFE4FEA4FEC5FE2B
:1085C00005FFE6FEE4FEE3FEC3FEC1FEE3FEE2FEBF
:1085D000E3FEA1FEE3FEE3FEA0FEC1FEE5FEE5FE36
:1085E00005FFE8FEE6FEC2FE81FEE2FEC3FEC2FE1D
:1085F00003FFC4FEA2FEE3FEC3FEC2FEC3FE06FFEF
:10860000C5FEC3FEC1FEA5FEC5FEE3FEE2FEC6FE3C
:10861000E5FEE4FEC1FEA2FEC3FEC3FEE1FEE3FEF4
:10862000C4FEE2FEC2FEC1FEA3FEA1FE06FFE2FE04
:10863000C0FEC3FEC2FEC4FEE4FEE5FEE5FEC3FED0
:10864000C6FE06FF06FFA2FEA1FEC1FEE1FEC2FEBF
:10865000C0FEA2FEE2FEC0FEA1FEC3FEC4FEC1FE3D
:10866000C2FEC2FEC4FEA4FEC1FEC3FEC5FEE6FEFF
:10867000C2FEC3FEA1FEA5FEC5FEE3FEC1FEC2FE14
:10868000E4FEC2FEC3FEC3FEE2FEE5FEE3FEC2FE62
:10869000E4FEC4FEC3FEE3FEC4FEE7FEC3FEC4FE6A
:1086A000C3FEC2FEC3FEC3FEC2FEC3FEC1FEE5FEA4
:1086B000A3FEE5FEE3FEC1FEC4FEC3FEE2FEC1FE74
:1086C000C4FEE3FE06FFE6FE06FFE7FEE5FEE5FE6E
:1086D000C4FEE3FE06FFC4FEA4FEC4FEE4FEA0FE4C
:1086E000C3FEC5FEC3FEC1FEE3FEC3FEA2FEA5FEA1
:1086F000A1FEE4FEC3FEC4FEC2FEE2FEE5FEE7FE0E
:10870000C4FEC5FEC1FEC5FE05FF02FFA3FEA2FE1C
:1087100006FFC3FEC3FE05FFC2FEE4FEE3FE04FF48
:10872000E4FEC3FEC1FEC4FEA2F6E5FEE5FEC6FE03
:1087300008FFE6FEE4FEE5FEE5FEC3FEE5FEC3FE41
:1087400008FFE4FEC3FEE7FEC2FEE5FE04FFC1FE35
:1087500006FFC3FEC3FE04FFC4FEE5FEE6FEE5FE23
:10876000E5FEE4FE08FF07FFE7FEE8FEE7FEE4FEA5
:1087700008FF07FFC4FEE4FEE3FEC2FEE2FEA1FE28
:10878000A4FEC5FEC3FEE8FEE2FEE4FEC2FEA2FEBB
:10879000C3FEA2FEE4FEE6FEA2FEC4FEC3FEC2FECF
:1087A000A3FEE4FEC1FEC3FEE5FEE2FEC2FEC3FE82
:1087B000E3FEA1FEA0F6C3FEE4FEC4FEC1FEE3FE9E
:1087C000E5FEC1FE06FFC3FEC6FEC5FEE3FEE4FEF7
:1087D000E5FEE3FEC4FEE6FE27FFC3FEE1FEC0FEAB
:1087E000E2FEC4FEC3FE09FF05FFE5FEE1FEC4FE96
:1087F000C3FEC5FEE5FEE4FE04FFC4FEC2FEA1FE0C
:10880000A1FEC2FEC2FEC2FEA1FEC3FEC3FEA2F6D0
:10881000E2FEC2FEC2FEC5FEE3FEC3FEE3FEC0FEF4
:10882000C1FEC5FEA3FEE7FEC3F6E8FEE2FEE0FEE3
:1088300001FFE3FEE7FE07FFE6FEE5FEC6FEC6FE1D
:10884000C3FEC2FEC1FEE4FEE6FEC2FEC1FEC1FEE4
:10885000E7FEC6FEC2FEA3FEE5FEE4FEC2FEE2FEA9
:10886000C3FEA2FEC1FEA1FEE3FEC5FEC4FEE2FE03
:10887000C3FEE3FEA2FEC1FEC4FEE6FE04FFC4FE8C
:10888000E2FEE4FEC4FEE7FE04FFC2FEE7FE84FE55
:10889000E5FEC4FEE2F6C2FEC4FEC6FEC3FEC3FE93
:1088A000E7FEC3FEC3FEC1FEE3FEC0FEE4FE08FF1A
:1088B000E4FEE6FEA1FEC2FEE2FEC5FEE7FEE2FE2B
:1088C000E3FEE3FEC4FEE4FEC6FEC7FEE4FEC6FE13
:1088D000A3FEE5FEE6FEE6FEE4FEE5FEE5FEE6FEC0
:1088E00005FFC2FEE6FEA2FEC6FEC7FEE7FEC4FE10
:1088F000E4FEC6FEE5FEE7FEC4FEE6FEC3FEE4FEC1
:10890000C2FEA3FEC1FEC4FEE6FEE2F6E6FEE3FE04
:10891000C3FEC0FE25FFC6FEA1FEC5FEC2FEE4FEEC
:10892000E4FEC5FEC2FEE4FEA4FEA3FE02FFE3FEDB
:10893000A1FEC2FEC2FEC2FEC3FEC4FEE4FEE4FE11
:10894000E7FEC6FEA3FEA4FEA2FEC3FEC5FEE3FE36
:1089500006FFE7FE05FFA2FEE3FEA4FEE3FEE9FE3E
:1089600007FF04FFC2FEE6FEC5FE83FEC3FEC2FE95
:1089700004FF28FFE6FEC2FE81FEE2FEE3FEC2FE29
:10898000A1FEC2FEC2FEE5FEE4FEA3FEE3FE26FF5C
:1089900006FFE6FEC5FEC2FEE3FEC3FEE6FEE6FE01
:1089A000E8FEE5FEE4FE05FF04FFC3FEA2FEE3FED3
:1089B000A1FEC4FEE6FEC2FEE1FEE4FEE4FEA1F678
:1089C000C5FEC3FEE5FEC3FEA3FEE4FEC3FEE2FE5B
:1089D000C6FEC3FEC5FEE4FEE4FEC4FEE4FEE5FE04
:1089E000E5FEE6FEE2FEC3FEE6FEE4FEC7FEE5FEB1
:1089F00005FFE5FEC2FE03FFE7FE05FFE6FEE5FE1E
:108A0000E6FEC6FEE5FEE3FEA4FEC6FEE6FE07FFAA
:108A1000E7FEC6FEC9FEA5FEE2FEE6FEE5FEE7FEB7
:108A200005FFE6FE05FFE5FEE6FEE2FEC1FEE4FE12
:108A3000E6FEE6FEC3FEC4FE05FFE4FEC6FEC2FE81
:108A4000C6FEC7FEE2FEC5FEE4FEC5FEE2FEA2FED5
:108A5000E0FEE4FEA1FEE3FEE5FEC7FEE3FEA2FEAD
:108A6000A2FEC4FEC5FEE7FEC3FEC6FEC6FEE5FED0
:108A700004FFC2FEE2FEA2FEA4FEE4FEE6FEC5FE88
:108A8000C3FEE7FEC4FEC3FEC2FEE6FEE5FEC4FE74
:108A9000E7FEE6FEC3FEC3FEE2FEC0FEE4FEC7FE46
:108AA000E3FEC4FE02FF09FFE3FEE4FEC8FEC4FECF
:108AB000C3FEC3FEC3FEE1FEC2FEC0FEC3FEC1FE96
:108AC000C2FEC0FEE4FEC3FEC2FE2AFF09FFC7FECF
:108AD000C2FEC6FEE4FE82FEE4FEE1FEE5FEE8FE26
:108AE000E5FEC2FEE5FEE3FE06FFE6FEE4FEE6FE70
:108AF000C1FEC2FEE5FEC5FEC7FEC6FEE4FEC2FE26
:108B0000E4FEE4FEC4FEE5FEE3FEE2FEA2FEC4FED9
:108B1000E4FEE8FEE7FEC4FEC4FEA3FEE4FEC2F6E9
:108B2000E4FEE3FEE3FEE3FEC1FEC1FE06FFC4FE7B
:108B3000E4FEC6FEE7FEE7FEE7FEE4FEE8FEE6FE34
:108B4000E6FEA2FEA4FEE1FEE2FEA1FEA1FEE6FE1E
:108B5000C2FEC1FEE4FEC3FEC6FEC2FE02FFE1FE8F
:108B6000C2FEE5FEC1FEC6FEE5FE07FFA4FEC1FE95
:108B7000E1FEC3F6C3FEE5FE06FFA2FEC2FEE5FE71
:108B8000E3FEE1F6C3FEC3FEE1FEE1FEC8FEE2FE47
:108B9000E4FEE6FE03FF06FFC6FEE7FEE5FEC2FEBC
:108BA000A5FEE6FEE6FEC4FEE7FEC4FEA4FEA5FEAC
:108BB000C6FEA4FEE5FEE6FEC1FEA1FEE8FEE5FE61
:108BC000E7FEC3FE06FFC5FEE7FEE5FEC3FEE1FECF
:108BD000E4FEA1FEC4FEA2FEC3FEE5FEC5FEC4FE89
:108BE000E4FEA2FEC2FEE6FEA3FEC4FEC3FEA1FE9C
:108BF000A2FEC1FEC2FEC2FEA2FEE6FEC7FEE5FE6A
:108C0000C5FEE3FEE3FEC1FEC1FEC1FEE2FEE2FEE2
:108C1000E1FEA2FEA4FEE3FE07FFE5FE25FFA4FEA3
:108C2000E1FEE4FEA1FE02FFC3FE01FFE3FEE2FE61
:108C3000C2FEE2FEE6FEC3FEC5FE04FFC3FEA0FECA
:108C4000E5FEE6FEE6FEE6FEE6FEE5FEE7FEE6FE05
:108C5000C3FEA2FEE7FE07FFC1FEE2FEE1FEC2FE8A
:108C6000E5FEE6FEE3FEE7FEC2FEC4FEE3FEC2FE54
:108C700006FFE6FEE5FE06FFE3FEA1FEE3FEE7FEDD
:108C8000E5FE05FFC4FEC1FEA2FEC2FEE3FEC4FE79
:108C9000C7FEA5FEE5FEC5FEC3FEC5FEE6FEE4FE7C
:108CA000E4FEE7FEE6FEE6FEE3FEC6FEA2FEA3FE4F
:108CB000C4FE07FFE4FEC0FEC3FEE4FE05FFE4FEC3
:108CC000C5FEC5FEE4FEE5FEE6FEC4FEA4FEC1FE52
:108CD000C3FEC2FEE4FEC3FEC3FEC4FE03FFE2FE0B
:108CE000C3FEC3FE83FE27FFE3FEA6FEE6FE05FFEE
:108CF000C7FEA6FEC4FEE5FEA2FEC4FEE6FE06FF1B
:108D0000C3FE07FFE3FEE2FEC4FEE4FEC7FEE5FE8F
:108D1000C3FEE3FE07FFE5FEC3FEC2FEC6FE04FF80
:108D2000C3FEC5FEE4FEE4FE05FFC6FEC5FEC4FEAE
:108D3000E2FEA2FEC2FE83FEA3FEE5FEC4FEC2FE6C
:108D4000C2FEC0FEC3FEE1FEE5FEA0FEC1FEE0FEE7
:108D5000E3FEC4FEE4FE07FFA3FEE4FEE7FE08FF19
:108D6000C5FEC2FEC1FEA4FEC1FEC2FEC2FEE5FEFD
:108D7000A2FEC2FEE6FEE3FEC2FEE3FE62F6E6FEF1
:108D8000E5FEC2FEA3FEA2FE85FEE5FEC2FEE4FEF7
:108D9000E4FEE7FEE3FEA1FEA2FE05FFE5FEE4FE23
:108DA000C4FEC2FEE2FE02FFE5FEC3FEC2FE06FFF7
:108DB000E4FEC3FEE4FEC4FEE2FEC5FEC2FEC3FE48
:108DC000C2FEC1FEE6FEC1FEA2FEC1FEA2FEE2FEA2
:108DD000C3FEC1FEE5FEE6FEA3FEA6FEE5FEC3FE63
:108DE000E5FE06FFE5FEE6FEC2FEE4FE04FFA2FE8F
:108DF000C4FEE4FEE4FEA4FEE3FEE5FE26FFC3FEA1
:108E0000A1FEE3FEE2FE07FFC5FEC3FEC3FEC3FEF6
:108E1000E5FEE3FEE1FEE3FEE9FEE5FEE6FEE2F648
:108E2000E6FEE3FE03FFE7FEC6FEE7FE06FFC0FE2A
:108E3000E4FEC3FEC3FEC3FEC5FEE4FE0AFF08FF58
:108E4000E5FEA2FEC5FE05FFC4FEC2FEC1FEC5FED4
:108E5000E4FEE1FE06FFE5FEE5FEC1FEC1FEE2FE28
:108E6000E7FEE7FE08FF08FFE5FEC4FEE3FEC1FEE5
:108E7000C4FEE4FEE2FEA1FEA3FEC1FEE5FEC4FECA
:108E8000E6FEE4FEE6FEE6FE05FFC2FEE4FEC3FEED
:108E9000E2FEE3FEE7FEC5FEE5FEE6FEC3FEE4FEFF
:108EA000E4FEE5FEE3FEA5FEE6FEE5FEC1FEA6FE4F
:108EB000E2FEE4FEE3FEA2FEA3FEA3FEC2FEA2FECD
:108EC000A2FE81F6A1FEA2FEC1FEC2FE81FEE5FE6B
:108ED000A4FEA4FEC8FEA3F605FFC5FEC2FEC4FEA6
:108EE000E3FEC1FEC2FEC4FEA2FEC5FEE3FEC2FE5C
:108EF000C4FEC3FEC1FEC6FEE6FEC6FEA2FEE4FE42
:108F0000C2FEE3FEE3FEA2FE02FFE6FEC5FE05FF93
:108F100003FFC1FEC4FEC6FEC6FEC3FEE6FEC4FEDF
:108F2000C4FEC5FEC3FEC3FEE2FEE2FEE3FE05FF95
:108F3000C2FEE6FEE3FEE5FEE6FEE6FE06FFE6FE18
:108F4000E6FEE5FEE5FEE4FEC2FEC4FEC0FEC5FE92
:108F500004FFE1FEC1FEC1FEC3FEC4FE06FFE6FE45
:108F6000E4FEE5FEE4FEE6FEE4FEA4FE81FEA1FED4
:108F7000C1FEC1FEC1FEA3FEE4FEE7FE04FF04FF46
:108F800007FFA6FEE7FEE3FEE3FEC5FEC4FEC5FE48
:108F9000E7FEE5FEE7FE09FFE7FEE4FEC3FEC3FED3
:108FA000E2FEE3FEA2FEC1FEE4FEC3FEE4FEC1FE5D
:108FB000E3FEE5FEE2FEE5FEC4FEC4FEE7FEE4FEDF
:108FC000E7FE04FFC3FEC4FEE7FEA2F6E2FEE4FEF7
:108FD000E6FEE5FE06FFE5FEC5FEC4FEE0FE04FF7C
:108FE00004FFE9FEE7FEE4FEC4FEA1FEC3FEE5FECB
:108FF000E4FEE6FEC3FEC2FEC2FEA3FEC4FE04FF04
:10900000C2FEE5FEC5FE08FFE5FEE3FE05FFE4FE49
:10901000C3FEC4FEE3FEC3FEC0FEC2FEC4FEE5FE08
:10902000E4FEC0FE83FEE4FEC4FEE4FEE6FEE5FED2
:10903000E2FEE5FEC5FE07FFC4FEE6FEE7FE04FF16
:10904000E4FEE7FEE3FEE4FEC4FEE6FEE3FEE6FE2B
:10905000C7FEC6FEC2FEE4FEA2FE05FF04FFE3FE5D
:10906000C2FEC5FEC2FEA3FEC0FEE6FEA3F6E5F606
:10907000C2FEE2FEA2FEC3FEC7FEE4FEC5FE05FF81
:10908000C3FEC0FEC1FEE3FEC2FEE1FEE3FEE3FE60
:1090900006FF04FFE6FEE5FEC1F6A1FEE2FEC3FE0A
:1090A00006FFC3FEE2FEA5FEE4FEE4FE07FFE3FECC
:1090B000E4FE02FFE5FEE7FE28FFE3FE06FFC9FE31
:1090C000E6FE06FFE6FEE1FEC4FEC6FEC4FEA3FE0B
:1090D00002FFC2FEA2FEC4FEC4FEC5FEE1FEC6FE45
:1090E000A6FE06FFE6FEC4FEE5FEE5FEA9FEC8FEFE
:1090F000C5FEC3FEC2FEC6FEA2FEC7FEE2FEE3FE42
:10910000A3FEE9FEE4FEC3FE24FFE2FEE4FEE1FE70
:10911000A2FEE1FEA2FEC5FEE1F6E5FEC6FE05FFEB
:10912000E7FEA2FEC1FEE3FEE1FEE1FEC5FE84FE17
:10913000C5FEC2FEA1FEE2FEC3FEC7FEC2FEC1FE28
:10914000C1FEC2FE08FFC1FE04FFE5FEA4FEA3F6B9
:10915000C3FEC3FEC4FEE3FEC4FEE5FEE3FEE9FE7D
:109160002BFF09FFC4FEA2FEA5FEC4FEC4FEC6F688
:1091700082FEC6FEE6FEE9FEE4FEC5FEC5FEC3FEB7
:10918000C5FEC4FEC1FEC3FEC4FEC4FEE1FEC1FEB8
:10919000A2FEC1FEA3FEA2FEE4FEC2FEC3FEE7FEE7
:1091A00007FF81FE07FFE4FEA1FEC2FEC5FEC2FE70
:1091B000C1FEC3FEC3FEE0FEC3FEC3FEC1FEC2FE8F
:1091C000E6FEC2FE07FFC3FEA1FEE6FEC4FEE4FE0D
:1091D000E4FEE4FEA6FEA3FEC4FEE7FE07FFC5FE16
:1091E00006FF05FF06FFE6FEE4FEC1FEE5FEE6FE25
:1091F000C3FEA1FEA1FEC1FEE7FEE5FEC5FEE5FE43
:10920000E7FEE5FEA2FEC2FE04FFC2FEA7FE08FFC7
:10921000E6FEC5FEE9FE06FFE6FEC4FEC5FEE4FE70
:10922000C2FEC3FE06FFE1FEE8FEC2FEA3FEC7FECD
:10923000E5FEE2FE04FFE4FEC4FEE7FEE5FEC6FE38
:10924000E5FEC4FEC6FE07FFE6FE05FFE2FEC4FE25
:10925000E7FEE6FEC2FEC2FEC4FEA3FEA3FEC2FE01
:10926000E4FEE2FEC4FEE2F6E7FE07FF07FFE2FED1
:1092700005FFA3FEC2FEC5FE06FFE2FEC0FE06FF1E
:10928000E5FEE4FEC3FE06FF08FFE7FEE5FEE6FEA0
:1092900003FFE7FEE3FE06FFE3FEC3FEA1FEC3FEFF
:1092A000E0FEC2FEE8FEE6FEC3FEE4FE05FFC3FEEE
:1092B000C4FEE5FEE4FEE8FEC6FE26FFE4FEC3FEB5
:1092C000C3FEC3FEA4FEA3FEC2FEC4FEE4FEA3FED4
:1092D000C7FEC5FE03FFE7FEE4FEC6FEE3FEE4FEB6
:1092E000C3FEE8FEC6FEC4FEE8FEE3FEA7FEE7FE00
:1092F000E6FEE6FEE5FEC2FEE1FEE5FEA2FE06FF9C
:10930000C4FEC3FEE4FEC3FEE3FEE3FEC4FEA4FE11
:1093100082FEA4FEA1FE09FFE7FEE3FEC1FEE3FE1E
:10932000E4FEA2FE82F6C1FEC3FEC1FEA1FE04FF62
:10933000C3FEC3F6E9FE05FFA3F6E3FE01FFC3FE8D
:10934000E5FEC3FEC2FEC0FEC1FEE4FEC4FEC4FED6
:10935000C4FEC5FEC5FEE2FEE1FEC3FE08FFE5FE5B
:1093600007FFE4FEC2FEC7FEE3FEC3FEC5FEE5FE48
:10937000C5FEC5FEE2FEE3FEC2F6E5FEE7FEA3FE85
:10938000E6FEE4FEC3FEC5FEC2FEE2F6E4FEE4FE37
:10939000E5FEE7FEE8FEE6FEE3FEE1FEC7FEE7FED1
:1093A000C2FEA3FEA2FEE4FEE5FE28FFE4FEE4FE0C
:1093B000C5FEE5FE26FFC4FEC4FEA4F6C5FEA7FE5C
:1093C00004FFE4FEC4FE03FFC6FEA2FEC0FEE3FEF1
:1093D000C5FEA6FEC5FEE6FEE4FEE7FEA3FEE7FE32
:1093E000E4FEE5FEE5FEE4FEE5FE08FF07FFE6FE1F
:1093F000E4FEE4FEC5FEE5FEC3FEC4FEC3FEA4FE1D
:10940000E6FEC2FEE5FEA5FEE2FEE0FEE5FEE4FEAF
:10941000E6FE80EEC2FEC3FEE5FEE2FEC4FEE6FE10
:10942000E6FEE4FEE4FEC2FEC3FEE6FEE5FEA3FEAB
:10943000E0FE06FFC4FEA2FEC5FEA4FEA3FEE3FE00
:10944000A1FEC5FEC6F6C4FEE4FEC5FEC7FE06FFCD
:10945000C4FEA6FEE5FEC5FEE4FEE7FEE3FEC2FE98
:10946000A5FEA5FEC3FEA2FEE4FEA4FEC1FEC5FE4F
:1094700008FFC6FEE3FEC1FEE2FEC3FEC1FEC4FE5F
:10948000A5FEC6FEC4FEE3FEE5FEC2FEE6FEC3FE8A
:10949000C2FEE7FE04FF06FFE5FEE4FEA3FEE1FEDA
:1094A000C1FEC2FEE3FEC3FEC1FEA3FEC3FEC2FEBA
:1094B000E5FEC3FE04FFE2FE05FFE1FEA2FEC1FEE3
:1094C000C3FEA1FEE3FEE3FEC4FEC4FEC4FE07FF2E
:1094D000E6FEE4FEC2FEA1FEA2FEC5FEE1FEE3FE44
:1094E000C2FEA2FEE5FEE6FEA1FEE4FE06FFE2FEEF
:1094F000E4FEE5FEA1F6E2FEC4FEC4FEE2FEE4FEEA
:10950000C5FEE6FEC5FE06FFE6FEC2FEC2FEC5FEC5
:10951000E3FEA2FEC4FEC3FEE7FE03FF07FFC3FE99
:1095200004FFE5FEC3FE06FFE6FEE3FEC4FEE5FE25
:10953000C3FEE3FEC6FEE3FEE2FE07FFC6FEC2FE7A
:10954000E6FEC4FEE5FEC5FEC5FEC4FEC6FEE1FEA7
:10955000E5FEC4FE04FFE2FEE5FEE5FEC4FE06FFF6
:10956000E4FEE7FE09FF08FFE4FEC3FE05FFC4FEBC
:10957000E3FEC3FEC3FEC6FEC5FEE2FEC3FEE3FE7F
:10958000C5FE03FFC4FEE4FEC3FEC1FEC1FEE3FE52
:10959000E4FEC2FEC2FEC4FEE6FEE4FE05FFE3FEFC
:1095A000C4FEE4FEE8FEE5FEC6FEC1F6E6FEA2F657
:1095B000C2FEA2F6C2FEC5FEC2FEE6FEC4FEC6FEA6
:1095C000A2F6E7FEC4FEC2FEC3FEC3FEC4FEE5FE75
:1095D00008FF07FFE5FEA5FEC7FEE7FEC2FEC4FECC
:1095E000A4FE07FF06FFE7FEE5FEA5FEC3FEC6FEDE
:1095F00004FF08FFC4FEC7FEC2FEC4FEE4FEE4FE94
:10960000C1FEE3FEE5FE04FFC3FEE3FEC4FEE4FE8E
:10961000C2FEA5FEC4FEC5FEE3FEE3FEC2FEE3FEFF
:10962000E5FEE4FEC3FEE7FEE2FEE5FEE1FEC1FE6E
:10963000C2FEE5FE06FFE6FEE7FEC4FEE4FEE5FE32
:1096400005FFA3FEA3FEC5FEC5FEE3FE05FFC2FEA9
:1096500004FFC6FEE2FEC3FEE7FEC4FEE7FEC5FE53
:10966000E7FEE4FEC2FEC2FEA3FEE3FEC2FEC1FEB2
:1096700004FFC5FEA3FEC3FEC4FEC7FEE6FEE4FE75
:10968000E5FEE6FEC4FEE7FEE7FEC3FEE6FEE3FE01
:10969000A5FEC3FEE7FE05FFE4FEC4FEC2FEE9FE32
:1096A000C4FEC1FEE2FEE5FEC5FEC3FEC6FEE5FE4B
:1096B000E8FEE5FEC5FEC5FEE5FEE1FE07FFC3FED2
:1096C000A2FE07FF06FFE5FEC5F6E5FEC4FEE5FEC9
:1096D000E6FE06FFC7FEE9FE29FFE5FEA2FEA3F6B1
:1096E000C5F6C3FEE2FEC3FEC1FEC2FEC5FEE7FE36
:1096F000E9FEC5FEC4FEE4FEC1FEC0FEC3FEE3FEFD
:10970000E3FEC2FEE5FEE5FEE5FE06FFC5FEE2FE67
:10971000E2FEE3FEC4FEE3FEE7FEC0FEE4FEE3FE7F
:10972000C1FEC1FEC1FEC4FEC4FEC6FEC6FEE2FE10
:1097300005FFC2FEC2FEE6FEE4FEC5FEC3FEC2FE9B
:10974000E7FEE8FEE3FE84FEE5FEE4FEC1FEC1FEA8
:1097500006FFC6FEE5FEC4FEE5FEE6FEC3FEA2FE73
:10976000E2FEE1FEA1FEC5FE06FF07FFC5FE06FF05
:1097700006FFE1FEE8FEC7FEE7FEE7FEC6FEC7FE07
:10978000C5FEE2FEC6FEE7FEC4FEA2FEE3FEC5FE87
:10979000E5FE04FFA5FEE2FEA3FEA2FEC2FEC2FE9F
:1097A000E5FEE8FEE4FE24FFC3FEA4FEE4FEC3FEE5
:1097B000E5FEE3FEE3FEC3F6E6FEC1FEC0FEA7FE45
:1097C000A4FEC2FEC5FEC1FEC4FEE2FEC7FEE7FE69
:1097D000C7FE07FF07FFC7FEE4FEC2FEC4FEE5FEAC
:1097E000C6FEE6F604FFE5FEA4F6C1FEE2FEC2FEFA
:1097F000A1FEC2FEC6FEA2FEA1FEC2FEC2FEE3FEA6
:1098000005FFE6FEE6FE06FFC1FEA3FEC1FEA3FEC7
:10981000A4FEA4FEA3FEE3FEE6FE85FEA4FEE5FE96
:10982000E6FEE4FEE3FEC3FEC4FEC5FEA5FEE5FEC5
:10983000C8FEE6FEC1FEA4FEE6FE06FF06FFC5FE6C
:10984000E5FEC4FE04FFA4FEE1FE03FFE2FEE3FE2C
:10985000C5FEC7FEC6FEC3FEC3FEC4FEA2FEC1F621
:10986000E5FEA1FEC6FE04FFC5FEE6FEC3FE06FF42
:10987000C1FEC1FE04FFE3FEC3FEC3FEC5FE07FF3B
:1098800008FFC7FE05FFC7FEC4FEE4FEC3FEC2FE1E
:10989000C5FE04FF04FFE4FEC2FEE4FEC4FEE5FED6
:1098A000C3FEC3FEE3FE03F7E6FEC7FEA5FEC5FE4C
:1098B000C2FEE4FEA3FEE4FE08FF07FFE4FEE6FEB0
:1098C000E5FEC2FEC2FEA2FEC2FEC2FEC4FEA2FEB3
:1098D000C2FEE2FEE3FEE4FEC4FEC7FEE5FEE4FED9
:1098E000E3FEC3FEE6FEC3FEE3FEE4FEE6FEE4FEA8
:1098F000E6FEE6FEE2FEC2FE05FFE3FEE6FEC1FE78
:10990000C4FEC3FEE7FEE6FEE2FE80FEE2FEE2FEED
:10991000C2FEC2FEC2FEC4FEA3FEC4FEE6FEE4FE1C
:10992000E5FEE3FEE4FEC1FEC4FEE6FEC4FEE4FE88
:1099300008FF09FFE8FE07FFE9FE05FFE5FEE7FE79
:10994000E7FEC1FEC6FEE3FEC6FEC5FE82FE06FFC2
:10995000C7FEC5FEC3FEC5FEC2FEE4FEE4FE05FF73
:10996000E3FE03FFE5FEC3FEA3FEC5FE05FFC4FE46
:10997000E7FEA5FEA4FEE3FEE8FEE6FE07FFE6FE28
:10998000C2FEE1FEC2FEC3FEE6FEE6FE06FFE4FE08
:109990000AFFE4FEC1FEC2FEC2FEE3FE06FF04FFB4
:1099A000C4F6E5FEC5FEC6FEC6FEE8FEE3FEC7FE43
:1099B000E5FEE6FE05FFC1FEC1FEC3FEC4FEC2FE1B
:1099C000C2FEC2FEE5FEE7FEC3FEE3FEC2FEE4FE0B
:1099D000C4FEC2FEC1FEC2FEC7FEE5FEE5FEA3FE5A
:1099E000C2FEC4FEC4FEC4FEC2FEA2FEE6FEE2FE4D
:1099F000C3FEC3FEC2FE25FFC5FEE3FE05FFE7FE74
:109A0000A4FEA2F6E7FEE5FEE4FEC4FEE6FEE6FEE8
:109A1000C6FEA7FEE6FEE3FEC2FEC3FEA2FEE5FE14
:109A2000E3FEC3FEA3FEA2FEC5FEA2FEC2FEC4FE6E
:109A3000C1FE81FE80FE03FFC6FEC3FEE7FEC2FE3E
:109A4000E4FEE3FEC4FEC6FEE5FEE6FEE3FEE2FE45
:109A5000C4FEA4FEA2FEC9FEE3FEC1FEC3FEC3FE19
:109A6000C0FE03FFEAFEE8FEC6FEE3FEC2FEC6FE3F
:109A7000A2FEE2FEC5FEC6FEE3FE07FFC4FE82FEB6
:109A8000E2FEE6FEC4FEE5FEC3FEA2FEC6F6A4FEAE
:109A9000C6FEE8FEE4FEE6FEA3FEC2FEA4FEE6FE6F
:109AA00007FFC6FE06FFE7FEA7FEC4FEC3FEA2FE3A
:109AB000A2FEA2FEE6FEE4FEE2FEE2FEA5FEE5FE5A
:109AC000C6FEC4FEE5FEE2FEE5FEE2FEE4FEA3FE07
:109AD000E5FEE4FEC2FEC4FEE6FEC5FEC5FEE1F6FE
:109AE000C5FEE6FEE9FE06FFC5FEC2FEC2FE03FF9E
:109AF000C2FEE1F608FFE5FEE3FEE2FEE2FEC3FE83
:109B0000E1FEE6FE08FFA5FEE5FEC6FEC1FEC2FEC2
:109B1000E2FEE2FEE4FEE7FE26FFC2FEC1FEA1FE7B
:109B200008FFC3FE04FFC3FEE5FEC6FEE7FEE7FE38
:109B3000E3FEE3FEC5FEC2FEE4FEA4FEE4FEC3FEB9
:109B400007FFE5FE07FFC5FEC4FE07FFE7FEC6FEF2
:109B5000A4FEE5FEC8FEE5FEE6FE04FFE4FE04FF0B
:109B6000C5FEE7F6E4FE06FFC4FEE7FEA5F6E4FE4A
:109B7000A2FEC4FEC4FEC3FEE4FEE1FEC1FEC4FEBE
:109B8000A2FEC5FEE5FEE6FEC4FEC4FEC1FEE4FE86
:109B9000A1FEE6FE05FFE5FEA3FEC2FEC6FEE6FE52
:109BA000C3FEE5FEE6FEC1FEC3FEE5FEA2FEE3FE49
:109BB000C2FEA2FEA2FEC2FEE3FEA3FEC3FEA2FE02
:109BC000A1FE81F6A2FEC3FEC4FEC5FEC4FEE5FEF4
:109BD000C0FEC3FEA3FEA2FEC2FEC1FEC3FEE2FEA5
:109BE000E4FEE3FEE3FEC5FEE3FEC8FE06FF05FF5E
:109BF000C5FEE7FEE5FEC6FE06FFE4FEE7FEE5FE67
:109C0000C4FEC2FEC0FEC3FE05FFC3FEC4FEC3FE0B
:109C1000E3FEA6FEC5FE05FFE4FEE4FEA2FEA1FEF5
:109C2000A0FEA2FEC2FEE3FEC6FE07FFC3FEE4FEE8
:109C3000A2FE07FFC4FEE5FEE4FE06FFE7FE05FF09
:109C4000E5FEC2FEC4FEE5FEE6FEE3FEE5FEE6FE40
:109C5000C4FEC2FEE3FEC3FEC3FEE5FEC5FEC2FEB9
:109C600005FFA4F6C1FEC3FE06FFC7FEE5FE25FF05
:109C7000E5FEC4FEC4FEC5FEC7FEC6FE05FFC3FE6C
:109C8000E2FEC3FEC4FEC4FE03FFE6FE05FFC4FE03
:109C9000C5FEE7FEE4FEE3FEE4FE05FFC2FE06FFAE
:109CA000E6FEC4FEE4FE05FFE5FEE5FEE4FEC5FEBD
:109CB000C4FEC4FEE6FEC3FEC4FEE2FEC2FEC4FE57
:109CC000C4FEC3FE23FFE4FEC2FEC4FEC5FEC5FE05
:109CD000E4FEC3FEE7FE06FFC4FEE4FEE4FEC4FEAF
:109CE000E4FE27FFA2FEE2FEC3FEE2FEE3FEC2FEAA
:109CF000A4FEE5FEC2FEE4FEE6FEC2FEE5FEC2FEF6
:109D0000C3FEA4FEC1FEE4FEC3FEC4FEE4FEC6FE26
:109D1000C3FEC3FEC2FEE6FEC2FEE5FEC3FEC5FEF6
:109D2000A5FEC2FEA7FEC4FEC5FEA2FE81FEC2FEC7
:109D3000C2FEC3FEE4FEC2FEA2FEE4FE82F6C4FE44
:109D4000C4FEE3FEE3FEE4FEE2FEE2FEC3FEE6FE48
:109D5000E6FEC1FEC6FEC4FEC5FEE1FEC1FEE5FE96
:109D6000C6FEE6FEE4FEC6FEC4FEC3FEC4FEE6FE7C
:109D7000E5FEC3FEE7FEC2FEC1FE81FE82FEC4FE1A
:109D8000C5FE05FFE6FEC4FEC8FEC6FEC5F6C8FE5B
:109D9000C4FEC5FEC4FEE7FEA3FEC2FEC3FEC2FEB5
:109DA000E3FEC5FEA3FEC3FEC4FEA1FEC5FEC5FEC6
:109DB000C5FE05FFE2FE07FFC5FE08FFE4FEC6FE86
:109DC000C4FEE3FEC2FEC2FEE1FEE5FEC6FEE4FE08
:109DD000C3FEC3FEE7FEE8FE09FFC3FEE6FEE6FEA5
:109DE000E4FEE4FE06FFE7FEE5FEC8FEA4FEC1FEBB
:109DF000C3FEC4FEC3FEC2FEE3FEA4FEE6FEE5FE15
:109E0000E5FEE5FEC5FE04FFC4FEA3FEE4FEE6FE9D
:109E1000E5FEE4FEC4FEE5FEE5FEE5FEEAFEC7FE65
:109E200009FF03FFE3FEC5FEE6FEE1FEC4FE08FFF8
:109E3000E7FEE3FEE6FEC2FEC2FEC6FEE3FEC6FE8F
:109E4000A1FEC3FEE4FEE6FEC6FEE4FEE3FEC4FEA3
:109E5000C6FEE6FEE5FEE6FEC7FEE4FEE4FEC3FE49
:109E6000C3FEC6FEC2FEC6FEC5FEA3FEE4FEA6FEFF
:109E7000C5FEC2FEC2FE06FFE5FEC3FEE5FEA2FE73
:109E8000E2FEE7FEE3FEE5FEC1FEC3FEC4FEC4FE45
:109E9000A2FEA4F604FFC4FEA2FEC3FEC1FEC1FEE4
:109EA000E2FEA1FEE3F627FFC3FEE3FEE3FEA4FE0F
:109EB000C4FEE2FE02FFC2FEC0FEE4FEE1FEE3FEDF
:109EC000C4FEE3FEE5FEC2FEA2FE83FEC5FEE5FE85
:109ED000A2F6E7FEC5FEA2FEC3FEC5FEC2FEE6FE7A
:109EE000C3FEC2FEC2F6E2FEE1FEA3FEA5FEE9FE4F
:109EF000E8FEC8FEC7FEE2FE82FE61F6A0FE61FE3D
:109F0000A3FEA2FEC4FEC7FEC6FEE6FEE6FEC6FE39
:109F1000E3FE26FFC3F606FF05FFE3FEC4FEA1F63F
:109F2000C1FEC5FEE6FEC7FEC2F6C7FEC5FEE4FEE4
:109F300006FFE9FEC7FEC5FEE2FE05FFE8FE07FFDD
:109F4000C3FE06FFE4FEE6FEC5FEC3FEC5FEA2FE9E
:109F5000E4FEE6FEE5FEE3FEA3FEC3FE89FE06FF89
:109F6000C3FEE3FEE2FEE8FEA3F6E4FE08FFA3F66E
:109F7000E3FE24FFE4FEE4FEC4FEE4FEE4FEE5FEB0
:109F8000E6FEE6FE02FFC2F6C5FEE6FEC7FEC5FE21
:109F9000E4FEA1FEC1FEC2FEC1FEA1FEC5FE05FF9C
:109FA000C7FEC5FEE4FEC3FEE3FEE8FEA4FEE0FE3F
:109FB000E6FEE5FEC3FEC5FEE3FEC5FEE1FE06FFCE
:109FC00003FFE2FE05FFC1FEE3FEE3FEE2FEE3FE69
:109FD000C5FEE4FEA4FEE6FEA1FEA1FE04FFA3FE74
:109FE000E5FEE4FEE7FEE8FEA7FEE5FEC3FEC6FED4
:109FF000E4FEE6FEC4FEE6FEE5FEE4FEA1FEA2FEF1
:10A00000C2FEC1FEA2FEE2FEC4FEC4FEC5FEC6FE46
:10A0100006FFC5FEC7FEE3FE06FFE5FEC0FEC3FE6B
:10A02000E3FEC5FEA4FEA5FEA2FEA4FEC2FEE5FE62
:10A030000AFFE8FEC6FEE5FEC3FEC6FEE5FEC2FE62
:10A04000A3FE83FEC4FEC5FEE8FEC0FEC1FEC2FE46
:10A0500004FFE2FEC2F6E3FEC5FEE6FE06FFE4FEF6
:10A06000C4FEA2FEE3FEE1FE07FF07FFA2FEC2FE62
:10A07000C5FEC1FEC2FEE6FEC0FEC1FE81F6A2FE26
:10A08000C2FEE1FE04FFE5FEC7FEC4FEE7FEC6FE1B
:10A09000C3FEC7FEC3FEC1FEA1FEA4FEC4FEC3FEF6
:10A0A000C5FEE4FEE5FEE6FEA5FEC5FEC4FEA3FE7B
:10A0B000C1FEE4FEC4FEE4FEE6FEA2FEA3FEE5FE53
:10A0C000E2FE06FFE9FEE6FEE9FE06FFC5FEE6FE4D
:10A0D000C6FEA5F6A1FEE1FEC5FEC1FEE1FEE6FE5E
:10A0E000E6FEC4FE07FFE5FEC8FEE5FEE4FEE8FE70
:10A0F000E7FEC4FE03FFE6FEE7FEA4FEC6FE07FF82
:10A10000A3FEA3FE04FFE6FEE1FEA1FEC2FEE3FE07
:10A11000C3FEA2FEC1FEE5FEC9FEC3FEC4FEC4FE30
:10A12000E4FEE4FEC1FEC3FEC2FE07FFE6FEE2FE61
:10A1300004FF03FFE4FEE2FEA6FEE8FEA6FE07FF24
:10A14000C6FEC7FEE7FE05FFC4FEC1FEC5FEA4FEB7
:10A15000C4FEE5FEA5FEC1F6C6FEC4FEE6FEC3FED5
:10A16000E1FEC0FEA3FEC4FE82FEA1FEE3FEE4FE0D
:10A1700005FF04FFC8FEE5FEC5FEC3FEC2FEC5FE28
:10A18000A6FEC3FEA3FEE3FEC5FEE5FEE3FEE4FE7F
:10A19000C3FEE4FEE5FEC4FEC2FEC4FEC1FEC4FE74
:10A1A000E6FEC3FEA4FEE3FEC4FEA5FEE6FEC3FE7D
:10A1B000E2FE06FFE6FE04FFE3FEE7FEC4FEC4FE89
:10A1C000E6FEC3FEC1FEC4FEC4FEC4FEC3FEE3FE43
:10A1D000C5FEC4FEE4FEC3FEC2FEC2FE07FFE6FEED
:10A1E000C4FEE4FEC5FEA4FEC5FEE2FEC5FEC2FE40
:10A1F00002FFE4FEC4FEE6FEC4FEC0FEA2FEE3FED5
:10A20000C3FEA2FEC2FEE6FEE7FEC4FEC2FEE3FE01
:10A21000A2FEC1FEC3FEC4FEE4FEE3FEE5FE05FFB2
:10A22000C4FEC2FEE3FE06FFE5FEC5FEE6FEE7FE57
:10A23000E8FEC3FEE6FEC3FEE4FEE3FEE8FE07FF23
:10A24000E8FEE8FEC6FEA5FEC4FEC3FEE4FEE5FE93
:10A2500005FFE6FEE8FEA1FEC4FEC4FEE4FEE7FE46
:10A2600006FFC4FEC4FEE7FEE4FEC6FEE4FE84FE76
:10A27000C5FEC4FEE1FEE3FEC2FEC1FEC3FEE5FE76
:10A28000E4F6E7FEC5FEC3FEE6FEE6FE85F6C7FE83
:10A29000C1FEE5FEA1FEE4FEA3FEC4FEE3FEC3FE96
:10A2A000A5FEC1F6A8FEE5FEE6FEA5FEC3FEC2FEC3
:10A2B000C3FEE5FEA2FEC4FEC4FE05FFE6FE27FFC8
:10A2C000C1FEE8FEC2FEE3FEC4FEE4FEC7FEA3FE3E
:10A2D000C2FEC1FEE1FEA2FEE5FEC6FEE5FEE4FE14
:10A2E000A2FEC3FEE5FEE6FEE7FEC8FEC7FEC7FE11
:10A2F000A5FEC5FEC4FEE5FEE6FEE4FEC2FEE2FEED
:10A30000C7FE84FEC2FEC4FEC3FEC2FEE2FEC3FE62
:10A31000C8FEE1FEC7FEA5FEC7FEC2FEC2FEC3FE2A
:10A32000C4FEC4FEA2FEE4FEE4FEC2FEC3FEA2FE24
:10A33000C2FEE7FEE7FEC6FEC6FEE6FEE3FEC1FE87
:10A34000C1FEC7FEC3FEC7FEE7FEC6FEC5FEE6FEB3
:10A35000C4FEC2FEA4FEC3FEE4FEC5FEC3FEC7FEED
:10A3600006FFE5FEE2FEC1FEE5FEC5FEC4FEE1FE1F
:10A37000E2FEC4FE07FF08FF09FFE4FEE3FEC2FEA3
:10A38000C3FEE6FEA5FEC5FEE6FEE5FEE7FEE5FE33
:10A39000C5FEC5FEE4FEE7FEC4FEE7FEE7FEE6FE00
:10A3A000C6FEC5FEE4FEC3FEE7FEE4FEE5FEE4FEF7
:10A3B000C3FEE3FEA2FEC5FEC5FEE4FEA3FEC6FE8E
:10A3C000C7FEE3FEC3FEC3FEC1FEE6FEC5FE09FFF7
:10A3D000C6FEC4FEC4FEE3FE07FFC4FEC4FEA2FE2A
:10A3E000C4FEC2FEC2FEE4FEE7FEA3FEC1FE05FF00
:10A3F00005FF07FFE8FEE6FEC6FE03FFC3FEE4FE20
:10A40000E1FEE6FEC3FEC3FE09FFE7FEE5FEE1FE58
:10A41000A4FEA4FEE1FEC6FEE4FE07FFE6FE08FF82
:10A42000E7FEC4FEC4FEC8FEC3FEE9FEC4FEC3FED2
:10A43000C4FEA4FEE5FEE4FE81FEC5FEA1FEC5FE4F
:10A44000A2F6A4FEC5FEE5FEE6FEE5FEC4FEE5FEC0
:10A45000C2FEC3FEC6FEC3FEC4FEC3FEC6FEE7FECA
:10A46000C5FEA4FEE4FEC3FEE3FEA3FEC3FEA2FE01
:10A47000C4FEC3FEE5FEC4FEC5FEC6FEC3FEC4FEAA
:10A48000A3FEC6FEC4FE03FFE5FEA6FEA2FEC3FEBB
:10A4900025FFC2FEC3FEE5FE61FE04FFC5FEC3FE4E
:10A4A000E5FEC5FEE5FEC1FEE4FEC2FEC2FEA6FE5E
:10A4B000C4FEE5FE82FE81FEE7FE05FFC4FEE2FE6D
:10A4C000E2FEE7FEC2FEA2FEA5FEC3FEC5FEE5FE5D
:10A4D000C6FEA4FEC5FEE1FEE5FEE5FE04FFE5FEC8
:10A4E000A1FEC4FE06FFE5FEC6FE06FFC4FEC4FED6
:10A4F000E5FEC3FEC3FEA5FEA7FEE7FEE5FEC3FE26
:10A50000C3FEC4FEE4FEE5FEE4FEC7FE08FFE2FE75
:10A51000E2FEE5FEC3FEC2FE06FF07FFC5FEE7F64C
:10A52000C4FEC3FEE3FEC6FEC4FEE5FEE5FEA3FEDA
:10A53000A1FEC6FEE7FEE8FEE3FEC3F6E7FE06FF69
:10A5400007FFE4FEE4FEE3FEA2FEC3FEE4FE04FF1A
:10A5500009FFE7FEC6FEC4FEC3FEE6FEE3FEC4FE40
:10A5600006FFE8FEE5FEC3FEE2FEA5FEE4FEE5FE14
:10A57000C5FEC5FEC5FEA3FEC5FEC6FEA2FEC2FE0A
:10A58000C1FEE5FEE6FEC6FEC6FEC6FEE3FEC6FE54
:10A59000C8FEE7FE07FFE7FEE5FEC2FEC2FEC3FE01
:10A5A000A2FEC6FEC1FE82FEC3FEE6FEE6FEE3FE9E
:10A5B000E5FEE6FEE5FEE5FE05FF28FFC7FEE6FE3A
:10A5C000C5FE82FEE1FE84FE81F6E6FEE5FE82F631
:10A5D000E6FEA6FEE7FEE5FEC3FEC1FEC4FEA4FE47
:10A5E000C4FEE6FEE2FEE6FEC6FEA2FEC3FEC2FE1C
:10A5F000C2FEC3FEA3FEC2FEC5FEE5FEC4FEA5FE6E
:10A60000E5FEE4FEC0FEE4FEA3FE43F6C4FEC4FE87
:10A61000C6FEE4FEA5FE05FFE4FE06FFA1FEE4FE85
:10A62000C2FEC4FEE5FEC1FEE7FEE4FEE5FEE2FE7C
:10A63000A2FEE4FEC4FEE8FEE5FEC4FEE2FEE3FE8A
:10A64000C2FEC5FEC7FEA2F6E4FEE7FEC6FEA4FEFD
:10A6500008FF05FFC6FE07FFE6FEC6FEE6FEC3FED8
:10A66000C5FE04FFE7FEC7FEE4FEA5FEE5FEA1FE73
:10A67000E4FEE6FEE6FEE3FEC5FEC3FEC2FEE4FE29
:10A68000C3FEC5FEE6FEC7FEC5FEE5FEE4FEA2FE75
:10A69000A2FEE6FEE6FEA1FEA3FEC3FEC5FEC7FEC9
:10A6A000A3FE07FF08FFE5FEE6FEC6FE07FF09FF63
:10A6B00007FFA2FEE3FEE5FEE4FEC5FEE3FEE8FEC4
:10A6C00027FF09FFE5FEC4FEE0FEC4FEC5FEE4FE72
:10A6D00006FFE8FEE7FEE2FEA3FEE5FEE4FEC3FEA3
:10A6E000C5FEC1FEC3FE07FFC2FEC1FE06FFA1FEFE
:10A6F000C1FEE3FEE2FEC3FEC0FEE3FEE1FEC5FED8
:10A70000E4FEE5FEE4FEC3FEC2FEA4FEC4FEE6FED9
:10A71000E2FEC5FEC6FEA4FEE4FEA5FEA3FEC3FE49
:10A7200085FEE6FEC7FEE6FEC2FEC5FEE7FEC3FEF0
:10A73000C5FEC3FE04FFC5FEC3FEC6FEE7FEC5FEA2
:10A74000E2FEA1FEC3FEE3FEC4FEE4FE03FFC4FE80
:10A75000C5FEC3FEC3FEE1FEA3FEC6FEA7FEC4FE09
:10A76000C5FEA6FEE4FEA3FE25FFE7FE06FFA2FE51
:10A77000E4FEC5FEE5FEE6FEE4FEC5FEE7FEE5FE00
:10A78000C2FEC3FEE5FEA0FEA6FEC4FEC1FEE4FEC0
:10A79000C4FEA1FEA2FEE3FEC2FEC2FEE3FE05FF72
:10A7A000E5FEE3FEE4FEC5FEC6FEE3FE81FEA3FE7B
:10A7B00005FF06FFC5FEE2FEE4FEE3FEC4FEE5FE85
:10A7C000E7FEE9FEE8FEE5FEC4FEC4FEE5FEE7FEA8
:10A7D000E7FE07FFE7FEC4F6E7FEC7FECBFEE6FE98
:10A7E000C6FEC4FEC4FEC1FEA1FEC1F6E5FE06FF24
:10A7F00005FF05FFE7FEE5FEE6FEC4FE05FFC5FE1C
:10A80000E4FEE6FEC5FEC3FEC3FEE5FEC6FEE6FEB2
:10A81000C6FEC0FEE1FEC6FEE6FE05FFC6FE07FF61
:10A82000C6FEE7FEC3FEC3FEE5FE06FFE6FE08FF2A
:10A83000C3FEE5FEC3FEE6FEE5FEE8FE09FFA8FE58
:10A84000C2FEC6FEC5FEE5FEC3FEA3FEA2FE83FE5B
:10A85000E3FEA5FEC3FEA3FE05FFE7FEC6FEA3FEC4
:10A86000C3FEE1F608FFE4FEC1FEC4FEC4FEC2FE64
:10A87000E5FEC3FEC2FE07FFE8FEE3FEE5FEE7FEDF
:10A88000E4FEC6FEC3FEC5FEA2FEA2FEE4FEA3FEDB
:10A89000C4FEC3FEE5FEE4FEE4FEC4FEC1FE05FF09
:10A8A000C6FEE5FEE3FEC3FEA4FEC7F607FFE6FE16
:10A8B000E3FEA3FEA3FEE4FEA1FEC2FEA1FEC1FED6
:10A8C000A3FEC3FEE4FEC2FEC5FEA4FEC3FEC5FE9B
:10A8D000C5FEC3FEE5FEC4FEC1FEE4FEC2FE07FFE8
:10A8E000E5FEC3FEC2F6A4FEA3FEC4FEE4FEC1FE66
:10A8F000A1FEC1FE81FEA3F607FFC5FEE3FEC3FE77
:10A90000C6FE07FFC4FEC6FEC1FEC4FEC1FEA3FE16
:10A91000E2FEC4FEC6FEC5FEC1FEE4FEC5FEA5FE07
:10A92000C2FEC4FE27FF04FF04FF06FFE6FEE2FEB0
:10A93000E5FEE5FEE3FEC6FEC2FEC1FEC6FEE4FE87
:10A94000C8FEC5FEC6F6C6FEC3FEE6FEC6FEE4FEB3
:10A95000E4FEC6FEE6FEA5FEC4FEE6FEC4FEE7FE7D
:10A96000A4FEE6FE04FFE4FEC3FE03FFC6FE06FFF0
:10A97000E4FEC3FEE2FEE4FEC4FEE6FEC3FEE2FE2B
:10A98000C3F6E3FEC1FEC6FEE6FEA5F6A0FE06FF88
:10A99000E7FEC3F6A4FEE5FEE5FEC3FEE8FEC5FE47
:10A9A000C3FE06FFC4F6E5FEC2FEC4FEE3FE08FFDA
:10A9B000E7FEC5FEE5FEC4FEC5FEC3FEC9FEE6FE1B
:10A9C000E7FEA4FEE5FEC8FEE7FEC3FEE5FE28FFA7
:10A9D000E4FEE4FEC4FEE8FEE5FEA5FEE8FE07FF99
:10A9E000C5FE06FFC2FEC5FEE4FEE2FEC2FEC1FEDB
:10A9F000E2FEC7FEE5FEC2FEC6FEC6FEA2FEC0FE29
:10AA0000C1FEA7FEC1FEA3FEC5FEC8FEC4FEE7FE52
:10AA1000C5FEC5FEC5FEE4FEE6FEE3FEC2FEC1FEC7
:10AA2000E5FEE5FE04FFC1FEA3FEE3FEC3FEA1FEBC
:10AA3000C2FEC0FEC3FEE5FEC5FEE6FEC2FEE4FEAB
:10AA4000E2FEC4FEC3FEA3FEC1FEE5FE08FFE4FE77
:10AA5000C5FEC2FEC2FEC1FEC2FEE4FEA3FEC4FEEF
:10AA6000C4FEE2FEE3FEE5FEE4FEE3FEC3FEE4FE1A
:10AA7000C5FEE7FEE3F6A3FEA2FEC1FEA2FEC5FEF2
:10AA8000E1FEC5FEC3FEE4FEE6FEE8FEC4FEE5FE12
:10AA9000E6FEE6FEC6FEE5FEC4FEC2FEA1FEC6FE62
:10AAA000C4FEC4FEE4FEE5FEE9FEA4FE07FFE7FEE9
:10AAB000C5FEC4FEE6FEE5FEC4FEA3FEC1FEE1FE49
:10AAC000C2FEE5FEC3FEC1FEC4FEE2FEE6FEA4FE3B
:10AAD000E7FEE5FEC4FEC5FEC4FEC3F6C5FEC7FE26
:10AAE000C5FE07FFC4F6C4FEE4FEE7FE06FFE1FE76
:10AAF000E7FEE7FE04FFE3FEC3FEC3FEA1FE61FE28
:10AB0000C2FEA5FEA4FEE2FEC1FEE1FE80FEC4FE82
:10AB1000C4FEC3FEC4FEC3FEE5FEE5FEE2FEC5FEC6
:10AB2000C3FEE5FEE1FE02FFE5FEC7FEE7FE06FF0F
:10AB3000C7FEE2FEC7FEC4FEE3FEA4FEC4FEC2FEE4
:10AB400082FEE3FE82F6C1FEC3FEC5FEC6FEA3F68C
:10AB5000C2FEC2FEC2FEA5FEC7FEC4FEC1FEA2FE2C
:10AB6000C2FEC5FEE8FEC4FE08FFE6FEE5FEC5FE29
:10AB7000A4FEE5FEC4FEE7FEA4FEC3FEC6FEA2FEE2
:10AB8000C4FEC6FEA4FEE6FE06FFE7FEA5FEA2FE8C
:10AB900081FE04FFC3FEC4FEC6FEC4FEC7FE85FEE2
:10ABA000E6FEC5FEE4FEE6FEE6FEC5FEC6FEE5FEEA
:10ABB000A4FEE5FEA7FEE5FEC6FEE5FEE4FEA3FE5E
:10ABC000C4FEE6FEE7FEE4FEE5FEC1FEC1FEC3FEF6
:10ABD000E3FEC7FEA6FEE6FEA2FEE3FEC5FEE4FE21
:10ABE000C4FEC1FEA1FEA2FEE5FE07FFE5FE08FFD2
:10ABF000E6FE05FFC5FEC6FEC5FEE7FEE6FEE3FE79
:10AC0000A3FE06FFE7FEC7FEE6FEE7FEC3FE05FF66
:10AC1000E5FEE5FEC5FEC4FEC4FEC3FEE5FEC5FEC0
:10AC2000C7FEC3FEC2FEC2FEC2FE09FFC5FEE3FEB2
:10AC3000C3FEC4FEC5FE06FFE6FEE6FEC6FEE5FE5A
:10AC4000E6FEE3FE02FF06FFE7FEC4FEC7FEE7FEE8
:10AC5000C5FEC4FEC3FEC5FEA3FEA4FEC6FE08FFDD
:10AC6000E8FEC2FEE8FEC6FEE5FEC6FEE6FEE4FE27
:10AC7000C3FEC6FEC4FEC2FE04FFC2FEA2FEE6FE86
:10AC8000C5FEC6FEC7FEC6FEC4FEA4FEE4FEC3FEAD
:10AC9000C1FEC1FEA3FEC4FEE2FEE5FEE8FE08FF23
:10ACA000C4FEC1FEC2FEC2FE03FFC1FEE5FEC2FE3F
:10ACB000C7FEE6FEA5FEC6FEE4FEE7FEE5FEE9FEF3
:10ACC000A3FEA6FEA2FEE6FEC3FEC3FEA5FEC4FED4
:10ACD000C5FEA3F6C2FEC2FEC3FEC1FEE4FEC4FE74
:10ACE00005FFA1FEC2FEC4FEA3FEC2FEC3FEA2FE7D
:10ACF000C2FEC3FEE1FEA1FEA4FEA1FEC3FEE9FE6C
:10AD0000C5FEA5FEE5FE04FFC3FEC1FEC2FEC2FEF7
:10AD1000C2FEE4FE02FFA1FEE3FEC2FEC5FEE6FEA9
:10AD2000E5FEC7FEC7FEC3FEE3FEC4FEC0FEA1FEF5
:10AD3000E6FEE7FE05FFC7FEC5FEA8FEE3FEC3FE76
:10AD4000C5FEC8FEE3FEC3FE06FF29FFA1FEA3FE6B
:10AD5000E3FEE6FEA5FEA3FEC3FEC2FEC3FEC5FEE5
:10AD6000E6FEE5FEC5FEC2FEC2FEE5FEC2FEE6FE52
:10AD700008FFC5FEC6FEC5FEE8FEC5FEC4FEC4FE55
:10AD8000C5FEE6FEE4FEA2FEE2FEC6FEE6FE04FF0F
:10AD9000E3FEE3FEC2FEC4FEC5FE08FFC4FEC3FE22
:10ADA00007FFA3FEC2FEE4FE06FFE6FEE2FEE2FEB1
:10ADB000C3FEC6FEE3FEE6FEC4FEC3FEA5FEC4FE61
:10ADC000E3FEC4FE83FEC5FEE6FEC6FEC3FEE4FE51
:10ADD000E8FEE4FEC4FEC5FEE8FE05FFC3FEE4FE99
:10ADE000C4FEC2FEE5FE82FEE7FE82FEC2FEC3FE98
:10ADF000C1FEC5FEA3FEC5FEE8FEE6FEC4FEC2FE21
:10AE0000C5FEC1FEE5FEC6FEC6FEC7FEE6FEE4FECA
:10AE1000A2F6E4FEC4FEC6FE07FFE6FEE5FEE6FE81
:10AE2000C4FE27FFE4FE07FFE6FEC3FEE4FEE5FEE8
:10AE3000E5FEC4FEC5FEA5FEC2FEC4FEE6FEC4FEDF
:10AE400006FFC2FEA3F6E4FEE5FEE6FEE6FEA5FE74
:10AE5000A4FEE4FEC5FEE4FEC8FEE7FEC4FEC5FE99
:10AE6000C3FEA1FEE3FEC1FEA2FEA6FEA5FEC4FE39
:10AE7000C5FEE6FEC4FEA3FEE7FEC6FEA6FEE5FE98
:10AE8000E3FEC4FEC6FEA1F6E5FEC3FEA3FEA6FEDB
:10AE9000C7FEA5FEA3F6C3FEC3FEC3FEC7FEC7FEE4
:10AEA000A3FEC8FEC6FEE7FEE6FEE6FEE8FEE5FE01
:10AEB000C8FEC1FEA1FEC0FEC4FEC2FEE6FE04FF47
:10AEC000C3FEE4FE06FFC5FEC2F606FFE6FE07FF70
:10AED000C3FEE5FEE4FEE4FEC5FEE4FEE8FEE8FE99
:10AEE000C3FEE4FEA5FEE4FEE5FEE2FEC3FE06FFB1
:10AEF000C4FEE6FEE5FEC3FEE5FEC5FE08FFC5FE98
:10AF0000A2FEE5FEA3FEC6FEC4FEE3FEC3FEA3FE54
:10AF1000C3FEC2FEC4FEE3FEC5FEC4FEE5FEE4FEC3
:10AF2000E6FEC5FE09FFC6FEE4FEC2FEC3FEC4FE89
:10AF3000A0F6C5FEC6FEC6FEC4FEE2FEA0FEE4FE0E
:10AF4000A2F6E2FEA2FEC4FEA8FEC4FE04FFA3FE1B
:10AF5000E7FEE7FEC5FEC1FEC4FEA2FE07FFC4FE7B
:10AF6000C5FEC3FEE2FEE0FEC2FEC3FEC3FEC3FE9C
:10AF7000C1FEC6FE06FFC2FEC6FEE8FEC6FEE3FE3A
:10AF8000C6FEE4FEC4FEE5FEC5FEA2FEC5FEA4FEAE
:10AF9000C4FEA2FEC4FEE5FEC4FEC1FEC4FEE4FE85
:10AFA000E4FEE4FEE5FEC3FEC4FEE7FEC7FEA5FE2A
:10AFB00007FFE6FEC6FEE1FEC6FEC3FEE7FEE8FEB4
:10AFC00007FFC2F6C0FEC4FEC3FEC3FEC2FEC3FE40
:10AFD000C4FE05FFE7FEC4FEE7FEE5FEE6FEE4FE76
:10AFE000C6FEA3FEA2FEA2FEC5FEA2FEC1FE81FE1B
:10AFF000A1FEC4FEC5FEC6FEC5FEE3FEC1FE07FF00
:10B00000E5FEE7FEE6FEC8FEC7FEA6FEC4FEC6FEDF
:10B01000E8FE06FF04FF07FFE4FEE5FEC4FEE7FED0
:10B02000E8FEE5FEE6FE0AFFC8FEC2FEC4FEE6FE3E
:10B03000E6FEC5FEC4FEE4FEC3FEC5FEC5FEA6FEDA
:10B04000A3FEA2FEA3FEA3FEC4FEE6FEA4FEC6FE71
:10B0500081FEA1FEC5FEA2FEA2FEA4FEA4FEC5FEC8
:10B06000C3FEC4FEE4FEC2FEC2FEC2FEC6FEE2FE97
:10B07000E6FEC3FEC3FEC3FEC4FEA4FEE7FEC3FE9F
:10B0800005FFE5FEE3FEC2FEC5FEE5FEE6FE05FFAA
:10B09000C2FEE6FEE5FEC5FEE5FEE6FEE1FEA5FE1D
:10B0A000E5FEC4FEE3FEA4FEE4FEE6FEE2FEA5FE2F
:10B0B000E5FEC8FEE6FEE5FEA4FEC3FEA5FEC5FE57
:10B0C000E4FEE5FE07FFE6FEE6FEC6FE05FFE3FE44
:10B0D000E4FEC4F6C6FEC5FEC6FEC4FEC3FEE7FE21
:10B0E00026FFC7FEC2FEC1FEC2FEE3FEC3FEE6FEB1
:10B0F000E7FEC5FEA4FEA8FEC5F6E5FEC6FEC6FE3A
:10B10000A5FEC9FE07FFC5FEE4FE06FFE6FEC6FE7D
:10B11000C6FEA2FEE6FEC7FEC3FEC7FEE5FEA4FE17
:10B12000E3FEC2FEC4FEE6FEE7FEC5FEE7FEE5FE68
:10B13000A6FEC5FEE0FEA1FEC4FEC6FEC3FEC2FE24
:10B14000C3FEC5FEE5FEC7FEE7F6A4FEE5FEE4FE8F
:10B15000C5FEC3FEC5FEE6FE06FFC3FEC4FEC5F681
:10B16000E7FEE8FEAAFEC7FE84F6C3FEE5FEC5FEC6
:10B17000E4FEA2FEA5FEA1FEC3FEC4FEE3FEE3FEC6
:10B18000A4FEE3FEA4FEE5FEC4FEA1FEA4FE07FFAE
:10B19000E4FEC5FEE6FEE5FEA2FEE5FEE5FEE8FEF7
:10B1A000E5FEA5FEC5FE06FFC5FEE9FEE6FEE5FEE0
:10B1B000C3FEC3FE05FFE6FE06FFE6FEC8FEC5FEB3
:10B1C000E3FEC6FEE6FEE7FEC5FEE4FEE5FEA4FEE7
:10B1D000E7FEC3FEC2FEE4FEE3FEC5FEE8FE08FF96
:10B1E000E8FEC4FEE5FEE2FEE3FE07FF06FFC2F650
:10B1F000C4FE82FEE4FEC2FEC4FEC4FEC4FEE7FE40
:10B2000008FFE5FEA4FEC2FEE3FEA3FEC3FEE6FECB
:10B21000C5FEC4FEC4FEE5FEC3FEA8FEC5FEE7FEF5
:10B22000C4FEC3FEE3FEC5FEE5FEC5FEC6FE07FF87
:10B2300085FEC5FEE6FEC7FEC6FEE6FEC3FEC2FEF6
:10B24000E3FEE6FEE2FEA2FEE5FEE7FEC7FE08FF25
:10B25000E7FEC6FEE5FEA2FEE5FEE7FEC3FEC3FE78
:10B2600006FFA5FEE7FE03FFC6FEC2FEC4FEC4FE47
:10B27000C3FEE5FEE5FEC5FEE6FEA4FEC4FEC4FE7A
:10B2800007FFE4FEE5FEC4F681FEE4FEE1FEA3FE58
:10B29000C7FEE5FEE4FEC4FE01FFC1FEC5FEE5FEFD
:10B2A000C2FEE3FEE5FEE6FEA2FEE4FEA4FEA6FE6E
:10B2B000C4FEC4FEA3FEA4FEE6FEC6FEA6FEA6FED7
:10B2C000E5FEE3FE03FF62F6A3FEC2FEE2FEA2FE7F
:10B2D000A2FEC5FE08FFC4FEA1FEA3FEA3FEE6FE7D
:10B2E000C3FEC2FEA5FEC4FEC1FEE8FEC4FEE3FE30
:10B2F000A1FEC3FEA3FE07FFC2FEE2FEC1FEC5FE25
:10B30000C6FEC5FEC7FEC4FEE5FE07FFE5FEE7FE7E
:10B31000E6FEC3F6E4FEC4FE08FFC5FE29FFC4FE38
:10B32000E5FEE5FEC6FEC5FEC2FEA5FEE7FEC5FEC5
:10B33000E5FEE4FEC4FEE6FEC8FEE5FEC2FEC4FE77
:10B34000E1FEE6FE04FFC1F6E7FEE5FEC3FEE3FE16
:10B35000A2FEE1FEC3FEA4FEE3FEE3FEC3F6C3F6D7
:10B36000E6FEE7FEC1FEC5FEA4FEE2FEC3FEC3FE8E
:10B37000E2FEC5FEE6FEE6FEC4FEC5FEC4FEE9FE34
:10B38000E6FEE6FEE6FEE4FEE6FEA6FEC6FEE5FE00
:10B39000E5FEC4FEE4FEE3FEA3FEC2FEE2FEC2FE44
:10B3A000E3FEC4FEE4FEC7FEC6FEE4FEA4FE06FF06
:10B3B000E7FEE4FEC5FEC4FE08FFC8FE83F6C5FE38
:10B3C000E7FE04FFA7FEC6FEC3FEE4FEC5FEC7FE01
:10B3D000C4FEA7FEE5FEE0FEE4FEA4FEC3FEA1FE61
:10B3E000E4FEC3FEC6FEC8FEC1FEE5FEE3FEE2FECD
:10B3F000E2FEC6FEC1FEE2FEC2FEA4FEC7FEE4FE01
:10B40000C4FEA3F6C4FEE3FEC4FEE4FEC6FEC1FE17
:10B41000E4FEE3FEA2FEE6FEC2FEA3FEA1F6A3FE4C
:10B42000C1FEE6FEA1FEC1FEC3FEE4FEE3FEC5FED4
:10B43000A4FE83FEE3FECAFEC6FEE5FEC5FEC4FE14
:10B44000C3FEC6FEE6FEC6FEC4FEC4FEC5FEE6FEA4
:10B45000E5FEE6FEC4FE05FFC7F6A5FEE4FEC3FE5C
:10B46000C5FE82FEC2FEA1FEC2FEE2FEC4FEC3FE17
:10B47000C5FEE5FEA3FEC2FEE8FE06FFC5FEE6FE33
:10B48000E7FEC2FEA3FEC6FEE7FEC4FE02FFE4FE28
:10B49000C1FEE3FEC6FEE7FEC4FEC6FEC2FEC2FE5D
:10B4A000A3FEA2FEC7FE03FFE2FEE4FEA0F6E2FE5C
:10B4B000E3FEC3FEC3FE04FFA3FEE7FEC5FEA1FE3E
:10B4C000E6FEC4FEC1FEC3FEC3FEC3FEA4FE06FF2D
:10B4D000A3FEC5FEC4FEC7FEE5FEC6FEC6FEA3FE75
:10B4E000E5FEA2FEC2FEE5FEC5FEE6FEA4F6C7FE30
:10B4F000E3FEE5FEC6FEA1FEE1FEE5FEC0FEC5FEE2
:10B50000A4F6C5FEE7FE82FEC5FEA4FEC4FEC4FE90
:10B51000A5FEC3FEE2FEE9FEC5FEC4FEC4FEA4FE17
:10B52000C5FEE3FEE6FEE6FEE7FEE7FEC6FEC7FE5C
:10B53000E8FEC5FEC4FEC4FEC2FEE5FEC5FEC4FEB6
:10B54000C6FEA5FEE7FEE8FEE9FEC8FEE7FEC6FE73
:10B55000C6FEC3FEA5FEC5FEE3FEC5FEC2FEC5FED9
:10B56000C7FEE5FEE4FEC1FEE4FEA5FEE8FEA4FE85
:10B57000A3FEC4FEA6FEE4FEC2FEA3F6C1FEE5FEE7
:10B58000E6FEE5FEA3FEC2FEE4FEA0FEE4FEC5FE6E
:10B59000E4FEE5FEC7FEC5FE04FFC3FEA2FEC3FE39
:10B5A000C2FEA3FE03FFA3FEE5FEE4FEE4FEC2FE30
:10B5B00083FEA1FEE7FEE5FEE5FEA3FEC3FEA2FEBE
:10B5C000C2FEC1FEC2FEE7FE06FFC4FEE2FEE5FECD
:10B5D000E6FE06FFE7FEA2FEC2FEE2FEC6FEE5FEB6
:10B5E000C5FEC2FEC3FEC1FEE5FEE5FEC4FEE5FEED
:10B5F000E6FEE5FEE6FEC4FEE7FEE7FEE3FEE2FE53
:10B60000C4FEC3FE06FFC4FEC7FE08FF09FF08FF15
:10B61000E6FEC5FEE7FEE8FEE8FE06FFC4FEC2FE4B
:10B62000E6FE05FFC4FEC3FEA2FE05FFC4FEC3FE88
:10B63000C4FEE2FEE2FEC3FEE8FEE8FEC6FEC6FE73
:10B64000C4FEE6FEC6FEE4FEE6FEC2FEC4FEE4FE66
:10B6500007FFC4FEC2FEC2FEC3FEE5FEE6FEE5FE37
:10B66000C4FEE5FEC2FEC3FEC3FEA3FEE8FEC7FEA7
:10B67000C2FEC1FEA1FEE6FEE4FEE6FEC6FEA2FE9E
:10B68000C5FEC4FEC5FEA3FEC5FEC5FEC5FEE7FEA3
:10B69000A4FEC7FE82F6C4FEA4FEC5FEC9FEC8FE17
:10B6A000C3FEC6FEC4FEC4FEC4FEC1FEE7FEC5FE68
:10B6B000C5FEC5FEE7FEE5FEC4FEA3F6C5FEC3FE5D
:10B6C000E8FE07FFE6FEE4FEE7FEE5FEC5FEE7FE58
:10B6D000C4FEC6FEC5FEC2FEC4FEC4FEC4FEE4FE39
:10B6E000A4FEC3FEA4FEE6FEC6FEC5FEA3FEE6FE65
:10B6F00007FFE6FEC1FEE1FEA3FEA1FEC5FEE8FED9
:10B70000C5FEA5FEC5FEA4FEC6FEC5FEC3FEC2FE66
:10B71000C0FEA1FEC8FEC4FEC3FEA6FEA5FEE5FE59
:10B72000C4FEC6FEE2FEA1FEC3FEE4FEE3FEE4FEAE
:10B73000E6FEC6FEC6FEE6FEC8FEC6FEA3FEC6FECA
:10B74000E6FEE3FEA3FEC2FEC1FE82FEE6FEE5FECD
:10B75000C2FEE3FEA3FEA6FEE5FEE6FEC6FEC1FEB9
:10B76000E3FEC3FEC5FEC3FEE5FEC4FEE4FEC4FE6A
:10B7700008FFC5FEC3FEA1FEC6FEC4FEA3FEE1FE99
:10B78000E5FEC5FEA6FEA3FEE6FEC3FEE5FEE5FE63
:10B79000E7FEC3FEC4FE05FFA4FEE6FEC7FEE4FE10
:10B7A000C5FEE3FEC2FEC3FEA7FEA3FEC3FEC5FEAA
:10B7B000C5FEC1FEC4FEE7FEE4FEC3FEE4FEC6FE17
:10B7C000A2F6C3FEE6FEC3FEA4FEE5FEC3FEC5FE72
:10B7D000C2FEC5FEE3FEA1FEA4FEE6FEC3FEC3FE5E
:10B7E00004FFC5FEC1FEC4FEC6FEE2FEA5FE07FFC5
:10B7F000E8FEA5FEE6FEC7FEE6FEC3FEC4FEC6FEEC
:10B80000E3FEE8FEE7FEE4FEE7FEC6FEA4FEE7FE7A
:10B81000C8FEC5FEC4FEE7FEA6FEE5FEC3FEE7FECB
:10B82000C4FEE6FEE8FEA4FEC5FEA7FEA4FEC2FE20
:10B83000C5FEC6FEC8FEC7FEC5FEE5FEE6FEC6FEA8
:10B84000C9FE08FFC6FEA7FEA2FE09FFE5FEC9FE6F
:10B85000C5FEC2FEE7FEE6FEE6FEE3FEA5FEE8FE4E
:10B86000C6FEE6FEE5FEC3FEE5F6C4FEC2FEC2FE6F
:10B87000C5FE06FFE7FEE6FE06FFE6FEA4FEC7FEE7
:10B88000C5FEE6FE05FFE5FEC3FEC4FEC0FEC5FE26
:10B89000E1FEC4FEC1FEC5FEE5FEE5FEA2FEC2FE5F
:10B8A000A6FEC5FEC4FEE5FEE5FEE7FE06FF06FFBA
:10B8B000C6FEA2FEA3FEE5FEC4FEE4FE0AFFE5FE10
:10B8C000C1FEA3FEE3FEC2FEE4FEC3FEC2FEC3FE53
:10B8D000A1FEE4FEC4FE03FF03FFA6FEE6FEE5FEB6
:10B8E000E5FE04FFC4FEE4FEC8FEC4FEC5FEC5FEC0
:10B8F000E7FEE6FEE5FEC4FEE2FE02FFC4FEC5FE74
:10B90000E5FEE4FE06FFC5FEE5FEC4FEC4FEC6FE7F
:10B91000E6FEC5FEE5FEE8FEC8FEE7FE07FF05FF02
:10B92000E7FEE6FEC2F6E4FEA2FEE4FEE8FEE5FE69
:10B93000E4FEC5FEC5FEE8FECBFEC5FEA6FEC6FEC5
:10B94000C4FEC4FEC5FEC2FEC5FEC5F6A4FEC3FE0F
:10B9500024FFA6FEA4FEC2FE82FEC3FEE7FEE7FEB3
:10B96000E9FEA9FE02FF83FEC3FEE5FEE6FEE5FE5C
:10B97000C7FEC4FEC5FEE7FECAFEC7FEC3FEC2FE8A
:10B98000E4FEC5FEC2FEC2FEA3FEC7FEC4FEC7FEA5
:10B99000E7FEC6FEA6FEC6FEE6FEE3FEE4FEC2F637
:10B9A000C5FE06FFC8FEE9FEE7FEE7FEC7FEE7FEAE
:10B9B000C5FEA1FEA6FEE1FEC1FEE4FEC3FEA3FE9F
:10B9C000A5FEC3FEC3FEE5FE06FFE6FEE2FEA4FE04
:10B9D000C8FE05FFA4FEC4FE86FEC5FE06FFC1FE2E
:10B9E000C4FEE6FEA7FEE1FEC4FEC4FEA3FEA6FE64
:10B9F000C2FEE5FEE0FEA4FEC4FEC4FEC3FEC2FE1F
:10BA0000E4FEE3FE81FEE6FE07FFE2FEE6FEC7FE81
:10BA1000E5FE08FFE5FE03FFA3FEC5F6C5FEA3FE97
:10BA2000C4FEE3FEE7FEC7FE06FFE6FEA3FEC1FE80
:10BA3000C3FEE5FEE6FEE6FEE6FEE6FEC4FEC4FE4E
:10BA400005FFE5FEC5FEC6FEE2FEE5FEA3F6E3FE4B
:10BA5000E5FEA3FEA9FEC8FEA3FEC7FEE7FEE6FEC6
:10BA6000C3FEE3FEC3FEC4FEC5FEE6FEC9FEA4FEA1
:10BA7000C2FEC2FEC8FEC4FEC4FEC5FEA3FEE5FEB5
:10BA8000E6FEA4F6A2FEC2FEC1FEC2FEA4FEC4FEF5
:10BA9000C6FEE7FEA2FEC3FEC3FE09FFE4FEC2FE31
:10BAA000C3FEE4FEE4FEC5FEC3FEC5FEE6FEE5FE03
:10BAB000A4FE85FEC6FEE3FEC7FEE8FEE6FEE4FE4B
:10BAC000E4FEE5FEC6FEE6FEC6FEC8FEC7FEC6FEF6
:10BAD000C6FEC6FE86FEC8FEEBFEE9FEC4F6E7FE25
:10BAE000A4FEE6FEC6FEC4FEC3FEC6FEC8FEE8FE19
:10BAF00008FF02FFE6FEC4FEC5FEC4FEE2FEC6FE6F
:10BB0000C6FEC5FEC8FEE7FEE6FEC5FE05FFE7FE73
:10BB1000C5FEA5FE82FEE3FEC2FEC2FEA2FEA5FE9B
:10BB2000C3FEA5FEC4FEA3FEA2FEC2FEE3FEE5FE2A
:10BB300028FFC6FEC3F6A1FEA3FEC4FEE5FEC3FEBB
:10BB4000E3FEE4FEC3F6E3FEC6FEC5FEA1FEA4FED0
:10BB5000A4FEC1FE06FFA2FEC3FEA3FEC1FEC2FEFE
:10BB6000A5FEE7FEE8FE85FEE3FEC3FEC2FEC5FEBF
:10BB7000C3FEC6FEE8FEE8FEC5FEE5FEC3FEE6FE29
:10BB8000E3FEC2FEE2FE06FF05FFC3FEE5FEE2FEA7
:10BB9000E5FEA3FEC3FEE3FEE6FEC6FEC2FE05FF13
:10BBA00082FE83FEA3FEE4FEE5FEE4FEA4FEA3FE09
:10BBB000E5FEE6FEC5FEE7FE03FFC5FEE3FEE6FE8C
:10BBC00008FFE6FEC4FEC3FEE8FEE4FEA6FEE6FEB7
:10BBD000E3FEA2FEC7FEC1FE05FFE6FEA2FE29FFB0
:10BBE00009FFE9FE02FFA4FEE7FEE7FEE5FEE7FE31
:10BBF000E6FEE5FEC4FEC5FEE7FEA4FEC3FEC5FEEE
:10BC0000C4FEE3FEC4FEE1FEC5FEE8FE83F6C5FE0B
:10BC1000A2FEC3FEE3FEA3FEE6FEC3FEC3FEC6FE17
:10BC2000E5FE08FFE6FEE7FE29FFA5FEC7FEE7FEEC
:10BC3000CAFEE5FEE6FEC2FEC2FEE3FEE6FE03FF2E
:10BC4000E5FEE7FEE8FEA4FEC5FEE6FEA3FEC8FE96
:10BC5000E9FEE8FEC5F6E5FEE4FEC6FEE3FEE4FE10
:10BC6000C3FEE6FEA5FEE6FEC4FEC3FEC5FEA3FEC1
:10BC7000E4FEC7FE07FFA4FEA6FEE4FEE6FEE7FE26
:10BC8000A4FEE5FE08FF07FFC4FEC2FEC2FEE5FEFD
:10BC9000C1FEC2FEC4FE04FFA4FEC5FEA4FEA2FEB9
:10BCA000C5FEC5FE84FEA7FEE7FEC1FEC5FEA3FEDF
:10BCB000C2FEC3FEC7FEC5FEC6FEE5FEE4FEA3FE51
:10BCC000C5FEA4FEA2FEE7FEC7FEC2FEC7FEC4FE7E
:10BCD000A2F6C7FEA2FEC5FEE7FEE5FEC5FEE3FE38
:10BCE000C2FEC5FEC3FEC3FEC2FEC0FEA2FEC3FE70
:10BCF000A3FEE5FEC1FEA2FEC2FEA2FEC4FEC1FE80
:10BD0000C3FEA2FEC2FEE5FEE5FEE7FEE6FE07FF7D
:10BD100083FEE6FEC4FEA2FEC4FEE9FEE5FEC5FE0D
:10BD2000A1FEC4FEE4FEA4FE04FFC3FEE6FEC6FEC2
:10BD3000E4FEC2FEE3FEE6FEE7FEE7FEE7FEC4FE2B
:10BD4000E7FEC6FEE5FEE8FEE9FE0AFFA5F6A3FE55
:10BD5000C2FEC3FE89FEC4FEE6FEC3FEE4FEA2FEF2
:10BD6000C6FEC5FEC6FEC6FEE5FEC5FEC3FEC3FE9C
:10BD7000C6FEA2FEC1FEE5FEE3FEC6FEC5FEE7FE70
:10BD8000C4FEA3F6C4FEE2FEC8FEC8FEC3FEC3FEA8
:10BD9000C4FEC5FEC4FEE5FEC7FE06FFC6FEC5FE28
:10BDA000A5F6A4FEE5FEA4FE08FFE8FEC5FEA3FE80
:10BDB000C6FEC6FEC6FEA8FE08FFC7FEE6FEE7FEFC
:10BDC000E7FEC3FEC2FEA5FEC5FEE6FEC3FEE2FE22
:10BDD000C4FEA2FEC6FEE8FE04FFA2FEE4FEE6FEEE
:10BDE000A2FE83FEA4FEC5FEA1FEE3FEE4FEE9FE84
:10BDF00005FFA3FEA5FEC4FEC4FEC5FEE6FEC6FE0C
:10BE0000C2FEA4FEC1FEC3FEC4FEC5FEA4FEA2FE89
:10BE100007FF07FFC5FEA5FE06FFC9FEC4FEE4FE40
:10BE2000C6FEC6FEC3FEE8FEC7FEE6FEA6FEE5FEB3
:10BE3000C6F6C8FEC6FEA5FEC4FEC5FEC7FEA3FE2E
:10BE4000C5FE82F6C5FEC5FEC3FEA4FEC3FEC3FE4C
:10BE5000E4FEC4FEC5FEC1FEE3FEA5FEE7FEE6FE6F
:10BE6000A4FEC1FEC2FE81F6C3FEC2FEE4FEC4FE15
:10BE7000E4FEE6FEC6FEE6FEE5FE05FFC2FEA4FE0B
:10BE800084FEE7FEC5FEE4FEE3FEC4FE09FFE4FE19
:10BE9000C2FEC3FEC3FEE4FEC5FEE1FEE4FEA3F661
:10BEA000C2FEC6FEC7FEE6FEC0FEE6FEC4FEC3FE40
:10BEB000C5FEC7FEE3FEC5FEC5FEC3FE08FFE7FEE6
:10BEC000C4FEC5FEC4FE06FFE3FEC3FEE6FEA4FEFE
:10BED00005FFE4FEC5FEE7FEE4FEE6FEA1FEC2FEAF
:10BEE000C3FEE4FEE6FEC5FEC8FEE8FEE2FEC5FEB9
:10BEF000C4FEE6FEE5FEC5FEA1FEC4FEA4FEA4FE51
:10BF0000A1FEC3FEC5FEA5FEA3FEC6FEA4FEC5FEA1
:10BF1000C4FEA2FEC4FEC2FEC4FEC2FEC5FEC2F640
:10BF2000C7FEA5FEC7FEE7FE07FFE7FEE6FEA5FE8D
:10BF3000C4FEE6FEE4FEE7FEE4FEC1FEC6FEC5FE6C
:10BF4000E7FEE6FEC5FEE6FEE5FEE3FEC7FEC6FE34
:10BF5000C6FEA4FEC4FEE5FEC2FEC2FEE5FEC6FEAF
:10BF6000E2FEA5F6C5FEC2FEC5FEE7FEC4FEC4FEA7
:10BF7000E4FEA4FEE5FEA6FEC4FEC3FEE2FEC7FE8E
:10BF800083FEC3FEC7FEE6FEE5FEE6FEC2FEE2FE5F
:10BF9000E7FEA6FEC6FE84F6E6FEC3FEA4FEC4FED1
:10BFA000A3FEE5FEA4FEC6FEE6FE82FEA8FEA3FEFC
:10BFB000C5FEC6FEC6FEE5FEC6FEA3FEC2FE84FEAC
:10BFC000C5FEC4FEC5FEC3FEC6FEC7FEC0FEA2FE81
:10BFD000A3FEA4FEA3FEC4FEC3FEE6FEC5FEA1FEB4
:10BFE000A3FEC2FEA5FEC6FEE7FEA1FEC3FEE6FE60
:10BFF000E5FEC7FEC4FEE4FEA5FEC2FEE3FEC5FEEE
:10C00000C6FEE6FEA6FEC3FE04FFE5FEE2FEC3FE9C
:10C01000C5FE07FFE5FEE6FEE6FEC7FEA5F6E4FE6A
:10C02000C5FEA3FEC2FEC7FE03FFE5FEC6FEC4FEBC
:10C03000C4FEE4FEC5FEC7FEC5FEEAFEC2FEE9FE82
:10C04000E8FEC6FEC6FEC5FEE3FEC6FEC2FEC6FE96
:10C05000C3FEC4FEA1FEA4FEE5FEC4FEC4FEC3FEF4
:10C06000C2FEC3FEA3F6C7FEE4FEC4FEE8FE07FF61
:10C07000E7FEC8FEE7FEE7FE09FFE8FEC5FEC4FED8
:10C08000EAFE09FFC4FE04FFC2FEE2FEC5FEE4FEB6
:10C09000E2FEE5FEC6FEE8FEE7FEC6FEC5FEC3FE06
:10C0A000A0FEA1FEC3FEA4FEE3FEC3FEC5FEC4FEC9
:10C0B000E5FEC3FEA1FEC2FEA6FEA1FEE3FEE9FE72
:10C0C000E7FE07FFA8FEC7FEC5FEC6FEE6FEA6FE0B
:10C0D000C7FEE8FEE5FEC5FEE4FEC4FEC4FEC5FEE6
:10C0E000C6FEC7FEE6FEC1FE84FE06FFC2FEC2FE1D
:10C0F000C2FEC5FEA3FEC5FEC4FEE6FEA2FEC4FE51
:10C10000A5FEC6FEC7FEE7FEC6FEC5FE82FEA2FE77
:10C11000C5FEA2FEA2FEA2FEC2FEC3FEE4FEE6FE35
:10C12000E5FE07FFE3FEA2FEC4FEC4FEA2FEC3FEC0
:10C13000C5FEA2FEA5FEE7FEE5FEE6FEC4FEA2F6F3
:10C14000C6FEC2FEE7FEE4FEC5FEE6FEC4FEC5FE78
:10C15000E5FEE5FEE4FE06FFC4FEC3FEE3FEC3FE0D
:10C16000C4FEE6FEA4FE06FFE7FEE7FEC4FEA3FE55
:10C17000C2FEC6FEC4FEE6FEA2FEC4FEC7FE06FF69
:10C18000C2FEA3FEE6FEC3FEC4FEE5FEA1FEC4FEA3
:10C19000A3FEA4FEE5FEC5FEC5FEE2FEC6FEA4FEAD
:10C1A000E2FEC6FEA3F6E8FEC6FEE5FEE6FEA2FE41
:10C1B000C3FEEAFEA5FEC4FEC7FEC8FEA7FEC4FE7F
:10C1C000C1FEA2FEC4FEC6FEC6FEC7FEA4FE82FEDF
:10C1D000C6FEC2FEC7FEC3FEC5FEE6FEE7FEE7FEE4
:10C1E000E6FEE6FEE8FEE7FEC3FEC4FEC1FEC3FEB9
:10C1F000A5FEE8FEE5FEE5FEC3FEC3FEA3FEC1FE0E
:10C20000C2FEA6FEE5FEE5FEE4FEC9FEE4FEC3FEB8
:10C21000C2FEC2FEE6FEE6FEE6FEA4FEA4FEC6FEEA
:10C22000A2FEC2FEA5FEC4FE06FFC5FEE6FEC4FEDB
:10C23000E4FEA4FEC4FEC9FEE7FEC7FEC7FEE7FE9D
:10C24000E7FEC7FEC6FEC4FEA5FEC4FEE5FEE7FE91
:10C25000A7FEC5FEA2FEC4FEC4FEC4FEA5FEC4FE2B
:10C26000E6FEC8FE05FFE4FEA3FEE3FEA4FEC2FE5A
:10C27000C4FEA0FE83FEC8FEE4FE83FEC2FEC3FE33
:10C28000C4FEA3FEA4FEA2FEC3FEA2FEC3FEA6FE43
:10C2900062FEA3FEC2FEC1FEE6FEA2F6C2FEA2FE42
:10C2A000A3FEC2F6C4FEA2FE05FFC2F6A3FEA7FED1
:10C2B000C4FE82F605FFE6FEC5FEC1FEC1FEC6FE57
:10C2C000C1FEC5FEC7FEA4FEE5FEA4FEE4FEA3FE7D
:10C2D000A5FEC5FEC2FEC4FEE5FEE5FEE6FEA4FE2A
:10C2E00006FFE7FEC9FEE6FEC2FEC5FEC7FEEAFE89
:10C2F000C2FEA2FEC7FEC4F6E7FEC6FEA4FE06FF0F
:10C30000E7FEE7FEC4FEE3FEE8FEC5FE05FFC3FE52
:10C31000C2FEA7FEC5FEC6FEC7FEC3FEC2FE05FFE7
:10C32000C6FE27FF05F7C4F6A4FE05FFE3FEE6FE02
:10C33000A2FEC2FEE4FEC5FEC8FEC2FEE3FEE5FEAE
:10C34000A1F6E5FEE3FEE4FE07FFE5FEA4FEA5FE82
:10C3500007FFC7FEC8FEE6FEE7FEA1FEE0FEC2FE46
:10C3600081FEC2FEC3FEE2FEC1FE06FFA4FEC7FEC2
:10C3700081F6C3FE82FEC5FEA4FEC3FEC5FE84FE9A
:10C38000A6FEA2F6A5FEE5FEE4FEEAFEE6FEC2FE7D
:10C39000C2FEC3FEC9FEC3FEE6FEC8FEC6FEA9FE7F
:10C3A000A7FEA5FEC3FEE6FEC7FEC6FEC6FEC7FE8E
:10C3B000A7FEA5FEA6FEA5FEE8FEC5FEA1F6C8FEE8
:10C3C000C7FE08FF24FF05FFC3FE05FFE4FEE5FEF0
:10C3D000E7FEC6FEC4FEC6FEE6FEC6FEC3FEC5FE02
:10C3E000E6FEC3FEA1FEC3FEC7FEA6FEA5FEC5FE79
:10C3F000E4FEA3FEE5FEA4FEC5FEA1FEA1FEA2FE94
:10C40000A1FEC4FEE5FEC4FEC6FEE4FEE3FEA5FEFC
:10C41000E5FEC3FEA4FEC4FEE4FE05FFE7FEC2FE89
:10C42000C4FEC4FEC2FEE6FE08FFE7FEC7FEC1FE74
:10C43000C4FEA3F6E7FEC4FEC5FEC5FEE4FEE4FEB0
:10C44000E4FEA3FEA4FEC2FEA1FEA1FEC3FEC5FE45
:10C45000C5FEC2FEC1FEC2FEA3FEC1FEE4FEC3FED7
:10C46000E6FE08FFC4FEC6FEC7FEC6FEC4FEE6FE2C
:10C47000E8FEE5FEC6FEE7FEA4FEE5FEC2FEE3FE24
:10C48000E3FEE6FEE5FEE7FEA5FE05FFC7FEE6FECF
:10C49000E7FEE6FEE6FEE6FEC6FEC6FEE6FEE4FEBD
:10C4A000E5FEC5FEA5FEC5FEA7FEA2FEC4FEC4FEB7
:10C4B000C1FEC3FEC3FEA6FEA2FEC2FEC2FEA2FED7
:10C4C000A2FEC2FEA1FEC3FEA2FEC2FEA1FEC4FEEB
:10C4D000E5FEC4FEC4FEC7FEE8FEE6FEE6FEE6FE9E
:10C4E000C5FEC5FEC5FEC7FEA6FEE7FEC7FEE9FE09
:10C4F000E6FEC5FEC5FEE9FE09FFC6FEC4FEA4FEBB
:10C50000E4FEE7FE08FFC6FEC4FEE7FEE8FEC6FE48
:10C51000E6FEE5FEA7FEE7FE07FFE6FEC5FEE9FE36
:10C52000E7FEC4FEC4FEC4FEC6FEC5FEE7FEE5FE91
:10C53000C3FEA0FEE6FE83FEC2FEA2FEE7FEE6FE0E
:10C54000C4F6C6FEE6FEE6FEE6FEA4FE000000001F
:10C5500000000000000000000000000000000000DB
:10C5600000000000000000000000000000000000CB
:10C5700000000000000000000000000000000000BB
:10C5800000000000000000000000000000000000AB
:10C59000000000000000000000000000000000009B
:10C5A000000000000000000000000000000000008B
:10C5B000000000000000000000000000F85400042B
:10C5C000F800000000000000000000000000000073
:10C5D000000000000000000000FCF80000FCF8046F
:10C5E00000FCF80000000000000000000000000057
:10C5F0000000000000000000F8000000F8540004F3
:10C60000F800000000000000000000000000000032
:10C610000000000000000000D8580020D85C00EFA7
:10C62000D85C005500000000000000000000000081
:10C63000000000000000000000FCF83C00FCF8EFE7
:10C6400000FCF851000000000000000000000000A5
:10C650000000000000000000D85C004DD85C00EF36
:10C66000D85C004100000000000000000000000055
:10C670000000000000000000D8580014D85C0092B0
:10C68000D85C0079D85C0065F880000000FCF830C8
:10C6900000FCF86D001CF86D0070F89200FCF8FFCB
:10C6A0000088F89E0020F86D00FCF86D00FCF8345E
:10C6B00000000000D85C0069D85C0079D85C00926A
:10C6C000E05C002800000000000000000000000006
:10C6D000000000000000000000000000000000005A
:10C6E000D85C0096D85C00D3D058001C18D4E07DEC
:10C6F00000E4F8FF001CF8FF0040F8FF00FCF8FF22
:10C700000054F8FF001CF8FF00E8F8FF18D8E88292
:10C71000E0600018D85C00DBD85C009A00000000E4
:10C720000000000000000000000000000000000009
:10C7300000000000000000000000000000000000F9
:10C7400000000000E05C0018D85C00FB783470FF4B
:10C750000000F8FF0000F8FF0040F8FF00FCF8FFC1
:10C760000054F8FF0000F8FF0000F8FF703078FF79
:10C77000D85C00FFD85C0010000000000000000042
:10C7800000000000000000000000000000000000A9
:10C790000000000000000000000000000000000099
:10C7A00000000000C0600008D85C00594890B0A2AA
:10C7B00000A8F8FF00A8F8FF00BCF8FF00FCF8FF95
:10C7C00000C4F8FF00A8F8FF00A8F8FF4090B0A64A
:10C7D000D85C0059D0640004000000000000000094
:10C7E0000000000000000000000000000000000049
:10C7F0000000000000000000000000000000000039
:10C8000000000000C0400004D85C003048C8A88A7E
:10C8100028E0D0FF08FCF8FF00FCF8FF00FCF8FF60
:10C8200000FCF8FF08FCF8FF28E0D0FF48C8A892F9
:10C83000D85C0030A8540004000000000000000094
:10C8400000000000000000000000000000000000E8
:10C8500000000000000000000000000000000000D8
:10C8600000000000E05C0014D85C00FBD85C00FF16
:10C87000D86000FF18ECE0FF00FCF8FF00FCF8FFB8
:10C8800000FCF8FF18E8E0FFD85C00FFD85C00FF70
:10C89000D85C00FFC85C000C000000000000000035
:10C8A0000000000000000000000000000000000088
:10C8B0000000000000000000000000000000000078
:10C8C000D85C0086D85C00D7D85C00FFD85C00FF3D
:10C8D000D85C00FF1834E0FF002CF8FF002CF8FFB4
:10C8E000002CF8FF2034E0FFD85C00FFD85C00FF8C
:10C8F000D85C00FFD85C00D3D85C008E000000003C
:10C900000000000000000000000000000000000027
:10C910000000000000000000D05C000CD85C004962
:10C92000D85C00BED85C00FFD85C00FFD85C00DF9C
:10C93000D85C08B61008E8F70000F8FF0000F8FF20
:10C940000000F8FF1808E8F7D85C00B2D85C00DBFC
:10C95000E05C00FFD85C00FFD85C00C3D85C004DF1
:10C96000D858001400000000000000000000000083
:10C9700000000000F8540004D8600028D85C00FFD4
:10C98000D85C00FFE06000FFD85C00FFD85C008E40
:10C990000000F8040004F8DF0004F8FF0004F8FFCA
:10C9A0000004F8FF0004F8DF00000000D860008AEF
:10C9B000D85C00FFE05C00FFD85C00FFD85C00FFA3
:10C9C000E05C0049F8540004000000000000000092
:10C9D000F8FCF800E07020C3D85C00DFD85C00FFF2
:10C9E000D85C00FFD86000FFE05C00FFD85C008EE0
:10C9F00000FCF80400DCF8DF00DCF8FF00DCF8FFE6
:10CA000000DCF8FF00DCF8DF00000000D85C008AE2
:10CA1000D86000FFD85C00FFD86000FFD85C00FF42
:10CA2000D85C00E3D86408AEF8FCF8000000000011
:10CA300000000000E07018DBD85C00FFD85C00FF4D
:10CA4000E05C00FFD85C00F7D85C009AE05C005521
:10CA500000ACF8040098F8E30098F8FF0098F8FF9D
:10CA60000098F8FF0098F8DF00000000D85C005143
:10CA7000E05C009AD85C00FBE05C00FFD85C00FF43
:10CA8000D85C00FFE06C18DBF8FCF8040000000044
:10CA900000000000D86000C7D85C00FFD85C00FF31
:10CAA000D86000FFD85C00EBD068000400000000F4
:10CAB0000000F8040000F8DF0000F8FF0000F8FFB5
:10CAC0000000F8FF0000F8DF000000000000000098
:10CAD00000000000D85C00F3D85C00FFE06000FFBD
:10CAE000D85C00FFE06C18DBF8FCF80400000000E4
:10CAF00000000000D85C00C7D85C00FFE05C00FFCD
:10CB0000D86000FFD85C00E7D06800040000000097
:10CB1000000000000000F8000000F8450000F8FFE9
:10CB20000000F8550000F8000000000000000000C0
:10CB300000000000D85C00F3D85C00FFD85C00FF68
:10CB4000D86000FFE06810D7F8FCF8000000000093
:10CB500000000000D85C005DD85C007DD85C0079E6
:10CB6000D85C007DD85C0071F880000400000000F3
:10CB700000000000000000000000F8200000F8792C
:10CB80000000F82800000000000000000000000085
:10CB900000000000D85C0075D8600079D85C00798E
:10CBA000D85C007DE0681065F8FCF800000000002B
:10CBB0000000000000000000000000000000000075
:10CBC0000000000000000000000000000000000065
:10CBD0000000000000000000000000000000000055
:10CBE0000000000000000000000000000000000045
:10CBF0000000000000000000000000000000000035
:10CC00000000000000000000000000000000000024
:10CC10000000000000000000000000000000000014
:10CC20000000000000000000000000000000000004
:10CC300000000000000000000000000000000000F4
:10CC400000000000000000000000000000000000E4
:10CC500000000000000000000000000000000000D4
:10CC600000000000000000000000000000000000C4
:10CC700000000000000000000000F8FF0000F8FFC6
:10CC80000000F8FF0000F8FF0000000000000000B6
:10CC90000000000000000000000000000000F8FF9D
:10CCA0000000F8FF0000F8FF000000000000000096
:10CCB0000000000000000000000000000000F8FF7D
:10CCC0000000F8FF0000F8FF0000F8FF0000F8FF88
:10CCD0000000F8FF00000000000000000000F8FF66
:10CCE0000000F8FF0000F8FF0000F8FF0000F8FF68
:10CCF0000000F8FF0000F8FF000000000000000046
:10CD00000000F8FF0000F8FF0000F8FF0000F8FF47
:10CD10000000F8FF0000F8FF0000F8FF0000F8FF37
:10CD20000000F8FF0000F8FF0000F8FF0000F8FF27
:10CD30000000F8FF0000F8FF0000F8FF0000F8FF17
:10CD4000000000000000F8FF0000F8FF0000F8FFFE
:10CD50000000F8FF0000F8FF0000F8FF0000F8FFF7
:10CD60000000F8FF0000F8FF0000F8FF0000F8FFE7
:10CD70000000F8FF0000F8FF0000F8FF0000F8FFD7
:10CD80000000F8FF0000F8FF0000F8FF0000F8FFC7
:10CD90000000F8FF0000F8FF0000F8FF0000F8FFB7
:10CDA0000000F8FF0000F8FF0000F8FF0000F8FFA7
:10CDB0000000F8FF0000F8FF0000F8FF0000F8FF97
:10CDC0000000F8FF0000F8FF0000F8FF0000F8FF87
:10CDD0000000F8FF0000F8FF0000F8FF0000F8FF77
:10CDE0000000F8FF0000F8FF0000F8FF0000F8FF67
:10CDF0000000F8FF0000F8FF0000F8FF0000F8FF57
:10CE00000000F8FF0000F8FF0000F8FF0000F8FF46
:10CE10000000F8FF0000F8FF0000F8FF0000F8FF36
:10CE20000000F8FF0000F8FF0004F8FF0000F8FF22
:10CE30000000F8FF0000F8FF0000F8FF0000F8FF16
:10CE40000000F8FF0000F8FF0000F8FF0000F8FF06
:10CE50000000F8FF0000F8FF0000F8FF0000F8FFF6
:10CE60000000F8FF0000F8FF0000F8FF0000F8FFE6
:10CE70000000F8FF0000F8FF0000F8FF0000F8FFD6
:10CE80000000F8FF0000F8FF0000F8FF0000F8FFC6
:10CE90000000F8FF0000F8FF0000F8FF0000F8FFB6
:10CEA0000000F8FF0000F8FF0000F8FF000000009D
:10CEB0000000F8FF0000F8FF0004F8FF0000F8FF92
:10CEC0000000F8FF0000F8FF0000F8FF0000F8FF86
:10CED0000000F8FF0004F8FF0000F8FF0000F8FF72
:10CEE0000000F8FF0000F8FF0000F8FF0000F8FF66
:10CEF0000000000000000000000000000000F8FF3B
:10CF00000000F8FF0000F8FF0000F8FF0000F8FF45
:10CF10000000F8FF0000F8FF0000F8FF0000F8FF35
:10CF20000000F8FF0000F8FF0004F8FF0000F8FF21
:10CF30000000F8FF000000000000000000000000FA
:10CF400000000000000000000000F8FF0000F8FFF3
:10CF50000000F8FF0000F8FF0004F8FF0000F8FFF1
:10CF60000000F8FF0000F8FF0000F8FF0000F8FFE5
:10CF70000004F8FF0000F8FF0000000000000000BF
:10CF800000000000000000000000000000000000A1
:10CF9000000000000000F8FF0000F8FF0000F8FFAC
:10CFA0000000F8FF0000F8FF0000F8FF0000F8FFA5
:10CFB0000000F8FF0004F8FF0000F8FF0000000088
:10CFC0000000000000000000000000000000000061
:10CFD0000000000000000000000000000000000051
:10CFE0000000F8FF0000F8FF0000F8FF0000F8FF65
:10CFF0000000F8FF0004F8FF0000F8FF0000F8FF51
:10D000000000000000000000000000000000000020
:10D010000000000000000000000000000000000010
:10D020000000000000000000000000000000F810F8
:10D030000000F8FF0000F8FF0000F8FF0000F8FF14
:10D040000000F85D0000000000000000000000008B
:10D0500000000000000000000000000000000000D0
:10D0600000000000000000000000000000000000C0
:10D070000000000000000000000000000000F8FFB9
:10D080000800F8FF000000000000000000000000A1
:10D090000000000000000000000000000000000090
:10D0A0000000000000000000000000000000000080
:10D0B0000000000000000000000000000000000070
:10D0C0000000000000000000000000000000000060
:10D0D0000000000000000000000000000000000050
:10D0E0000000000000000000000000000000000040
:10D0F0000000000000000000000000000000000030
:10D10000000000000000000000000000000000001F
:10D11000000000000000000000000000F06C48412A
:10D12000F06C50FFF06C484100000000000000006F
:10D13000000000000000000000000000F06C504DF6
:10D14000F86C4875F06C5096F86C4875F06C504D62
:10D1500000000000000000000000000000000000CF
:10D16000F06C50BEF06C50BE00000000F06C50BE81
:10D17000F86C50BE0000000000000000000000003D
:10D1800000000000F06C48C3F86C50BE00000000C6
:10D19000F06C48C3F06C50BE0000000000000000BE
:10D1A0000000000000000000F06C5086D864609A17
:10D1B0002818E84DD864609AF06C4886000000009A
:10D1C000000000000000000000000000000000005F
:10D1D000201CF041281CF0FF201CF0410000000042
:10D1E000000000000000000000000000000000003F
:10D1F00000000000201CE841281CE8FF201CE8413A
:10D20000000000000000000000000000000000001E
:10D210000000000000000000201CF041281CF0FF6E
:10D220002018F04100000000000000000000000095
:10D23000000000000000000000000000281CE84181
:10D24000281CF0FF201CE841000000000000000046
:10D2500000000000000000000000000000000000CE
:10D260002018F041201CF0FF281CF04100000000B5
:10D2700000000000000000000000000000000000AE
:10D28000000000002018F038201CE8EB2018F038CF
:10D29000000000000000000000000000000000008E
:10D2A000000000000000000000000000000000007E
:10D2B000000000000000000000000000000000006E
:10D2C000000000000000000000000000000000005E
:10D2D000000000000000000000000000000000004E
:10D2E000000000000000000000000000000000003E
:10D2F000000000000000000000000000000000002E
:10D30000000000000000000000000000000000001D
:10D31000000000000000000000000000000000000D
:10D3200000000000000000000000000000000000FD
:10D3300000000000000000000000000000000000ED
:10D3400000000000000000000000000000000000DD
:10D3500000000000000000000000000000000000CD
:10D36000000000000000000020000000200000007D
:10D37000200000002000000020000000200000002D
:10D380002000F083F4A42000200000002000000012
:10D39000200000002000000020000000200000000D
:10D3A000000000000000000000000000000020005D
:10D3B000000000000000200000000000000000004D
:10D3C00000007AD6FFFF20000000000000000000EF
:10D3D000000020000000000000002000000000000D
:10D3E00020000000000000002000000001080000F4
:10D3F00000000108000000000108200000000000FB
:10D40000200079CEFFFF000000000000210800008E
:10D4100000000108000000000108000000000108F1
:10D42000200000000000000020000000000020009C
:10D4300000002000000000002000000001080000A3
:10D4400000007AD6FFFF200000000000200000004E
:10D45000000020000000200000002000000000006C
:10D46000000000000000000000000000200000009C
:10D470000000200000000000000000002000F4A4D4
:10D48000FFFFFFFFFFFFFFFFBBDE0000000000000B
:10D49000200000000000000020000000000020002C
:10D4A000000000000000200001080000000001084A
:10D4B0000000000021080000000000000000F4A4AB
:10D4C000FFFFFFFFFFFFFFFFDBDE000000000108A2
:10D4D000000000000108000000000108000020001A
:10D4E00001080000000000002000000020000000F3
:10D4F0000000000020000000210800000000F4A44B
:10D50000FFFFFFFFFFFFFFFFDBDE0000000020004A
:10D5100000002000200000000000200000000000AB
:10D5200000000000000000000000000000002000DB
:10D530000108000821502140000020000000F4A450
:10D54000FFFFFFFFFFFFFFFFBBDE0000200000002A
:10D5500021302158201800000000200001000000A8
:10D560002000000000000000200001080000200052
:10D570000000201000F820C0000000000000F3A40C
:10D58000FFFFFFFFFFFFFFFFDBDE000000000000EA
:10D59000218800F821480000000800000000200851
:10D5A000000000000000000020000000000000005B
:10D5B0000000211800F800C0000000002000F4A4C2
:10D5C000FFFFFFFFFFFFFFFFDBDE000000000000AA
:10D5D000208800F820480000000000002000000023
:10D5E000000000000000000000000000200000001B
:10D5F0000000201800F821C0000000000000F4A482
:10D60000FFFFFFFFFFFFFFFFBBDE00002000000069
:10D61000218800F8204800000100200000000100DF
:10D62000000000000000000020000108217820B068
:10D630002118621076FD31C42000695276B51CE7CE
:10D64000FFFFCFFBAAFAFFFFBEF776B58E7300008F
:10D65000EC8A76FDA649000021A021A00000000868
:10D6600020000000000000000000000020B000F8D2
:10D6700020208210FFFF18C600006E73FFFFFFFF1F
:10D68000FFFFA6F900F8FFFFFFFFFFFF55AD000009
:10D69000518CFFFF494A000820E820E80000000004
:10D6A00020000000000020000000000020B000F872
:10D6B00021208210FFFF3ECE1B207D83FFFFEFFB6A
:10D6C00025F941F800F825F949FAFFFF5EB51B2856
:10D6D0005D9CFFFF494A000020E820E800000000B0
:10D6E00000000000000000000000010041B041F80F
:10D6F00021208210BFFFFFCD5F30BF8BFFFF2CFBCF
:10D7000000F841F861F800F865F9FFFF7FBD5F3070
:10D710005F9CDFFF494A000062E062E00000000019
:10D7200001000000000000002000000096B5FFFF8F
:10D73000042102001F281F62FFFFFFFFFFFF2CFBD9
:10D7400000F859FEFFFF20F845F9FFFFFFFFFFFF3C
:10D75000DF931F28291000005DEF5DEF000000003F
:10D7600020000000000000002000000096B5FFFF30
:10D7700004212208DF593F83FFFFFFFFFFFF31FC39
:10D78000A7F9DBFEFFFFC7F1ABFAFFFFFFFFFFFFCB
:10D79000BFACBF59891800005DEF5DEF00082000A5
:10D7A00000000000000000000008000096B5FFFF28
:10D7B00004218210FFFFFFFFFFFFFFFFFFFFFFFFBE
:10D7C000FFFFFFFFFFFFFFFFFFFFFFFFFFFFFFFF69
:10D7D000FFFFFFFF494A00005DEF5DEF0000010021
:10D7E00000000000000000002100000096B5FFFFCF
:10D7F000CF7B6E73FFFFFFFFFFFFBBFEF3FCDBFE83
:10D80000FFFFFFFFFFFFFFFF9EFFF4FC18FEFFFF7F
:10D81000FFFFFFFF92942D6BBEF77DEF0000000825
:10D8200020000000000000002000000096B5FFFF6F
:10D83000FFFFFFFFFFFFFFFFFFFFB2FC00F8F3FC5D
:10D84000FFFFFFFFFFFFFFFFBBFE00F8CBFAFFFF6C
:10D85000FFFFFFFFFFFFFFFFFFFF5DEF0000200066
:10D8600000000000000000000000000096B5FFFF6F
:10D87000FFFFFFFFFFFFFFFFFFFF92FC00F8F4FC3C
:10D88000FFFFFFFFFFFFFFFFBBFE00F8CBFAFFFF2C
:10D89000FFFFFFFFFFFFFFFFFFFF5DEF0100000045
:10D8A00000000000000000002000000896B5FFFF07
:10D8B000FFFFFFFFFFFFFFFFFFFFB2FC00F8F4FCDC
:10D8C000FFFFFFFFFFFFFFFFBAFE00F8CBFAFFFFED
:10D8D000FFFFFFFFFFFFFFFFFFFF7DEF00000008DE
:10D8E00020000000000000002000010096B5FFFFAE
:10D8F000FFFFFFFFFFFF9AFE08FA45F900F8F3FC6F
:10D90000FFFFFFFFFFFFFFFFBBFE00F8C3F808FAB1
:10D9100055FDFFFFFFFFFFFFFFFF5DEF0000200051
:10D9200000000000000000000000000096B5FFFFAE
:10D93000FFFFFFFFFFFF38FE00F800F800F8F4FCDF
:10D94000FFFFFFFFFFFFFFFFBBFE00F800F800F83E
:10D9500051FCFFFFFFFFFFFFFFFF5DEF0000010035
:10D9600000000000000000002000000096B5FFFF4E
:10D97000FFFF9EF78210624800F800F800F8616827
:10D9800082107AD6FFFF8210823800F800F800F883
:10D9900061808210F7BDFFFFFFFF5DEF20000008F0
:10D9A00020000000000000002008000096B5FFFFE6
:10D9B0005DEFDBDE0000213820E800E000E82058C1
:10D9C000000079CEFFFF2000202820E000E020E0CA
:10D9D0002068000035AD5DEFFFFF5DEF0000200027
:10D9E00000000000000000000100000096B5FFFFED
:10D9F00024210000000000000000000000000000E2
:10DA000000007AD6FFFF00000000000000000000C8
:10DA100000000000000000005DEF5DEF010000006D
:10DA20000000000000000000200000001084D7BDAE
:10DA3000C3182000000000002000000000002000AB
:10DA40000000B394D7BD20000000000000000000DB
:10DA5000000000000000000075AD55AD200000087A
:10DA60000000000000000000200000000000000096
:10DA7000000801000000200000000100200000005C
:10DA8000000000000000000000002000000021084D
:10DA90000000200000000000200000000000200026
:10DAA000000000000000000000000008210000004D
:10DAB0000000200000000008000000000008000036
:10DAC000000020000000000800000000000000002E
:10DAD0002000000001080000000001080000000014
:04DAE0002100000021
:08DAE4000C27FC7F010000008B
:10DAEC00D501000859120008AD3A000881EF000872
:04DAFC00A106010876
:08DB0000B1010008391300080F
:10DB0800000000005A00000038550208001000000C
:10DB18000030000047430008D94500083B4300088F
:10DB28004143000800000000000000000000000061
:10DB38000000000000000000000000003143000861
:10DB4800354300080000000000000000AD46000852
:10DB580013460008EB450008CB4700083746000885
:10DB68006F46000837470008A54700089547000892
:10DB7800714700080024F4000100000010000000B4
:10DB8800AAAAAAAAE8030000E85F0208046002083B
:10DB980054600208686002087C600208906002080D
:10DBA800086102086C610208CC6002081C61020866
:10DBB800E06002083061020880610208E46102083E
:10DBC800A4600208B8600208F86102084862020806
:10DBD800A86102080C620208BC61020820620208FF
:10DBE800F4600208446102085C620208706202087C
:10DBF8005861020894610208D06102083462020880
:10DC0800853002080000000003000000F8430120EE
:10DC18001401002000000000F843012060440120A6
:10DC2800C8440120000000000000000000000000BF
:10DC380000000000000000000000000000000000DC
:10DC480000000000000000000000000000000000CC
:10DC580000000000000000000000000000000000BC
:04DC68003945012019
:10DC6C0000000000000000000000000000000000A8
:10DC7C000000000000000000000000000000000098
:10DC8C000000000000000000000000000000000088
:10DC9C000000000000000000000000000000000078
:10DCAC000000000000000000000000000000000068
:10DCBC000000000000000000000000000000000058
:10DCCC000000000000000000000000000000000048
:10DCDC000000000000000000000000000000000038
:10DCEC000000000000000000000000000000000028
:10DCFC000000000000000000000000000000000018
:10DD0C000000000000000000000000000000000007
:10DD1C0000000000000000000000000000000000F7
:10DD2C0000000000000000000000000000000000E7
:10DD3C0000000000000000000000000000000000D7
:10DD4C0000000000000000000000000000000000C7
:10DD5C0000000000000000000000000000000000B7
:10DD6C0000000000000000000000000000000000A7
:10DD7C000000000000000000000000000000000097
:10DD8C000000000000000000000000000000000087
:10DD9C000000000000000000000000000000000077
:10DDAC000000000000000000000000000000000067
:10DDBC000000000000000000000000000000000057
:10DDCC000000000000000000000000000000000047
:10DDDC000000000000000000000000000000000037
:10DDEC000000000000000000000000000000000027
:10DDFC000000000000000000000000000000000017
:10DE0C000000000000000000000000000000000006
:10DE1C0000000000000000000000000000000000F6
:10DE2C0000000000000000000000000000000000E6
:10DE3C0000000000000000000000000000000000D6
:10DE4C0000000000000000000000000000000000C6
:10DE5C0000000000000000000000000000000000B6
:040000050800066D7C
:00000001FF
