:020000040800F2
:10000000000003205D060008B1230008B3230008A8
:10001000B5230008B7230008B9230008000000003A
:10002000000000000000000000000000817C0008CB
:10003000BB23000800000000117D00089D7500082A
:10004000AD060008AD060008AD060008AD060008C4
:10005000AD060008AD060008AD060008AD060008B4
:10006000AD060008AD060008AD060008AD060008A4
:10007000AD060008AD060008AD060008AD06000894
:10008000AD060008AD060008AD060008AD06000884
:10009000AD060008AD060008AD060008AD06000874
:1000A000AD060008AD060008AD060008AD06000864
:1000B000AD060008AD060008AD060008AD06000854
:1000C000AD060008AD060008AD060008AD06000844
:1000D000AD060008AD060008AD060008AD06000834
:1000E000AD060008AD060008AD060008AD06000824
:1000F000AD060008AD060008AD060008AD06000814
:10010000AD060008AD060008AD060008AD06000803
:10011000AD060008AD060008BD230008AD060008C6
:10012000AD060008AD060008AD060008AD060008E3
:10013000AD060008AD060008AD060008AD060008D3
:10014000AD060008AD060008AD060008AD060008C3
:10015000AD060008AD060008AD060008AD060008B3
:10016000AD060008AD060008AD060008AD060008A3
:10017000AD060008AD060008AD060008000000004E
:10018000AD060008AD060008AD060008AD06000883
:10019000AD060008AD060008AD060008AD06000873
:0C01A000C9230008AD060008D5230008A4
:1001B00010B5054C237833B9044B13B10448AFF3A1
:1001C00000800123237010BD800300200000000088
:1001D0005443020808B5034B1BB103490348AFF36E
:1001E000008008BD00000000840300205443020882
:1001F00001F0FF01102A2BDB10F0070F08D010F8D8
:10020000013B013A8B422DD010F0070F42B3F6D1DB
:10021000F0B441EA012141EA014122F007047FF0F4
:1002200000070023F0E80256083C85EA010586EA4B
:10023000010685FA47F5A3FA87F586FA47F6A5FA87
:1002400087F68EB9EED1F0BC01F0FF0102F0070293
:1002500032B110F8013B013A83EA010313B1F8D13E
:100260000020704701387047002D06BF354603381F
:10027000073815F0010F07D1013015F4807F02BF58
:10028000013015F4C03F0130F0BC0138704700BFA9
:100290007BB972B90029BEBF00204FF0004106E0D3
:1002A00008BF00281CBF6FF000414FF0FF3000F086
:1002B000D3B9ADF1080C6DE904CE002909DB002BA0
:1002C0001ADB00F04DF8DDF804E0DDE9022304B0AC
:1002D0007047404261EB4101002B1BDB00F040F80E
:1002E000DDF804E0DDE9022304B0404261EB4101A6
:1002F000524263EB43037047524263EB430300F007
:100300002FF8DDF804E0DDE9022304B0404261EBA0
:1003100041017047524263EB430300F021F8DDF8DE
:1003200004E0DDE9022304B0524263EB430370476B
:1003300053B94AB9002908BF00281CBF4FF0FF314C
:100340004FF0FF3000F088B9ADF1080C6DE904CE34
:1003500000F006F8DDF804E0DDE9022304B07047A0
:100360002DE9F047089D8E4604468846002B4AD169
:100370008A42174662D9B2FA82F64EB1C6F120031C
:1003800001FA06F820FA03F3B74043EA0808B4403C
:100390004FEA174E1FFA87FCB8FBFEF1230C0EFB49
:1003A000118843EA084301FB0CF29A4209D9FB1871
:1003B00001F1FF3080F0EA809A4240F2E780023992
:1003C0003B449A1AA3B2B2FBFEF00EFB102243EAA2
:1003D000024300FB0CFC9C4509D9FB1800F1FF32DD
:1003E00080F0D6809C4540F2D3803B44023840EAFE
:1003F0000140A3EB0C0300211DB1F3400022C5E92D
:100400000032BDE8F0878B4205D90DB1C5E9000186
:1004100000210846F5E7B3FA83F1002946D1734578
:1004200002D3824200F20581841A6EEB030201209E
:100430009046002DE5D0C5E90048E2E7002A00F02B
:100440009080B2FA82F6002E40F0A4808A1A030C43
:100450004FEA174E80B2BCB20121B2FBFEFC0EFB8C
:100460001C2243EA024304FB0CF29A4207D9FB1810
:100470000CF1FF3802D29A4200F2E080C4469B1A87
:10048000B3FBFEF20EFB123340EA034302FB04F41B
:100490009C4207D9FB1802F1FF3002D29C4200F2C5
:1004A000CA8002461B1B42EA0C40A5E7C1F12006A8
:1004B0008B4022FA06F71F430EFA01F420FA06F3E6
:1004C0002EFA06FE4FEA1749234300FA01F81FFAF5
:1004D00087FCBEFBF9F01C0C09FB10EE44EA0E444D
:1004E00000FB0CFEA64502FA01F209D93C1900F105
:1004F000FF3A80F09C80A64540F2998002383C4447
:10050000A4EB0E041FFA83FEB4FBF9F309FB1344BA
:100510004EEA044403FB0CFCA44508D93C1903F142
:10052000FF3E80F08280A4457FD9023B3C4443EAF1
:100530000040A4EB0C04A0FB02EC64457346E146CA
:1005400062D35FD05DB1B8EB030264EB090404FA37
:1005500006F622FA01F31E43CC40C5E900640021EF
:100560004FE7B1FBF2FC010C41EA0E4180B240EAD8
:1005700001423B4638463C46B846BE462026B1FBC3
:10058000F7F1A2EB080241EA0C4166E7014618E7E1
:1005900010462CE7C6F120022EFA02F3B740B14014
:1005A00020FA02F24FEA174E0A43B3FBFEF8BCB240
:1005B0000EFB1833110C41EA034108FB04F9B0406B
:1005C00089454FEA104380B23ED9791808F1FF3CC3
:1005D00001D289451FD8A1EB0901B1FBFEF909FB46
:1005E00004F80EFB191192B242EA0142424529D2A7
:1005F000BA1809F1FF31C4D24245C2D2A9F10201B1
:100600003A44BEE7F0459DD2BEEB02036CEB070C0B
:100610000138E14696E7A7EB09094944A8F1020C25
:10062000B1FBFEF909FB04F8DBE773467FE75046B0
:1006300066E70846FDE63B44023A33E7ACF1020CBC
:100640003B441CE749469CE7A1EB0901C446B1FBCA
:10065000FEF909FB04F8C4E7704700BFDFF834D0A7
:10066000002103E00C4B5B58435004310B480C4B0A
:1006700042189A42F6D30B4A02E0002342F8043BA8
:10068000094B9A42F9D304F0B1FA23F0F5F801F0DE
:1006900097F8704700000320D86D04080000002080
:1006A000640100208003002074470120FEE77047AA
:1006B00008B500F0BFFDBDE8084000F041BD00F006
:1006C000BBBD704710B50421044621F08BFE2046C7
:1006D00010BD000038B50C4B0C4C18800C4B822020
:1006E00019806368984740F6110398420AD1094D72
:1006F00023682C60822098472B688220DB6898470B
:10070000002038BD0120FCE7A60300204C0000209B
:10071000A4030020A80300204FF4A071F020FFF7ED
:10072000D9BF0000F7B5394D2B6804461B698220FC
:100730009847208000284ED02B680DF106025B6997
:1007400001A982209847324B1B78002B4BD0BDF873
:10075000062040F674639A423FD9ADF80630BDF8E2
:1007600006209B1A9BB20A2B42D90B22B3FBF2F351
:10077000284A1288934201D9013A93B2BDF8042065
:10078000254840F6B8318A4234D8C2F571620E323B
:10079000016892B20F25B2FBF5F2204D2D88AA42D6
:1007A00084BF05F1FF35AAB28A4215468EB22AD916
:1007B000921B91B21A4E3768BB42BAB28CBF9A1ADA
:1007C000D21A92B211440529C4BF05603360036890
:1007D00063803368A38003B0F0BDB32A9CBFB4220A
:1007E000ADF80620BBE7BDF80630A3F5B473B9E752
:1007F0000023C3E7C2F56D62083292B20E2A016887
:10080000C8D800252A46891A89B2D3E7A803002050
:10081000D0280020A4030020A0030020A60300206D
:100820009C03002037B568460D461446FFF77AFF53
:10083000BDF8000030B1BDF802302B60BDF80430C7
:100840002360012003B030BD032821D8DFE800F089
:10085000020B12190F4B1A68B2FA82F252090421E4
:100860000D4804F089BE0B4B5A68B2FA82F2520965
:100870000821F5E7074B9A68B2FA82F25209102173
:10088000EEE7044BDA68B2FA82F252092021E7E778
:10089000704700BFAC03002000100240032821D89D
:1008A000DFE800F0020B12190F4B1A68003A18BF6C
:1008B000012204210D4804F05FBE0B4B5A68003A38
:1008C00018BF01220821F5E7074B9A68003A18BFC4
:1008D00001221021EEE7044BDA68003A18BF01222A
:1008E0002021E7E7704700BFAC0300200010024062
:1008F00003280DD8DFE800F00206080A04210548A5
:1009000004F03FBE0821FAE71021F8E72021F6E7BE
:10091000704700BF0010024008B5032811D8DFE877
:1009200000F0020A0C0E0421074804F01FFE431ECB
:100930005842584108BD0821F6E71021F4E720216C
:10094000F2E70020F3E700BF0010024070B5084D49
:1009500000240126E0B2FFF7DFFF18B12B68012B5E
:1009600018BF2E600134052C05F10405F2D170BDCD
:10097000AC030020012380F8781080F879307047AC
:100980007047002070470000034B4164003918BFD6
:1009900001211970704700BF333A012070470020D1
:1009A0007047836B0BB10846184770474FF6FF70CE
:1009B0007047406803689B691847704770477047E5
:1009C0007047704710B5044600F04CFD236803499A
:1009D000D3F890302046BDE810401847000000D002
:1009E00008B503680446D3F8843098472368204646
:1009F000DB6F984700F0ECF8236820465B6F984760
:100A0000292001F0ABF900F0E3F8236820465B6F82
:100A10009847F8E710B5044609F04AFF23682046D6
:100A2000D3F8BC30BDE81040184700F0FFBC00F020
:100A300003BD00F035BD00F0D5BC00F045BD00F0B1
:100A40004DBD00F0D9BC09F061B910B58421044650
:100A500021F0C8FC204610BD10B590F8341090F875
:100A600078400C4B8C421A7809D03AB90A4A0B49A3
:100A70001488088810800C8001221A7010BD002A8A
:100A8000FCD0054A05491488088810800C80002293
:100A9000F3E700BF2C3A0120283A01202A3A01202E
:100AA00070B50D46194635B9094B0A4A0A4840F255
:100AB000FF2122F0D3FBC0E90F52084B003A18BFC8
:100AC00001221A700368BDE87040D3F890301847CF
:100AD000C4430208FC4302084A440208323A012097
:100AE00008B5094B1B888B4203D8084B1B889342DF
:100AF00005D9074B074A0848A32122F0AFFB074B53
:100B00001980074B1A8008BD283A01202A3A012093
:100B10008F440208F24402084A4402082E3A012097
:100B2000303A0120034690F87A0018B158680368FB
:100B30001B68184770470000012108B500220846CD
:100B400006F0B6FD0A4B186028B90A4B0A4A28215C
:100B50000A4822F083FB00220421012006F047FE10
:100B6000074B186018B9074B034A2C21F0E708BD62
:100B7000C0030020354502087E450208AD45020845
:100B8000BC030020F3450208024B4FF0FF31186808
:100B900006F0D8BDC0030020014B186806F0FEBD6A
:100BA000C0030020024B0021186806F0CBBD00BF37
:100BB000C0030020FFF7F0BF03480449006800238A
:100BC0001A4606F04FBE00BFBC0300200400002000
:100BD00013B5084C00231A4601A9206806F073FEDD
:100BE00020684FF0FF33002201A906F06CFE02B02E
:100BF00010BD00BFBC03002003685B6C18470120D8
:100C0000704703689B6A1847FEE740F2EF30704771
:100C1000054B0360054B4FF08062C3F88820BFF39B
:100C20004F8FBFF36F8F7047A451020800E100E0BF
:100C300010B504464FF45A61FFF7EAFF204621F051
:100C4000D1FB204610BD000082B0002301930E4B63
:100C50001A6B42F400021A631A6B02F4000201924A
:100C6000019A1A6942F400021A611A6922F4000218
:100C70001A61064B064A1A61064A5A61064B4FF042
:100C800080629A6002B0704700380240742A0020E7
:100C9000E90E0008090C000800E100E008B50A2888
:100CA00009D8DFE800F006100E0808080810101038
:100CB0001000022008BD054B054A0648902122F08D
:100CC000CDFA0020F6E70120F4E700BF3546020820
:100CD000504602089B46020838B50C46887FFFF74D
:100CE000DDFFA58AE28A164B2169586342EA054274
:100CF0005A64628BD963521B1A642568082D0ED181
:100D00009A611A615862207F0E4A42EA0062DA61F3
:100D1000E2681A620C4A5961D9601A6038BD002233
:100D2000D8611A61E1680A0A480902F4784200F4BD
:100D3000FC600243C1F3C4010A439A63034AECE72F
:100D400000B002400900010001230200012303005A
:100D500008B50B280BD8DFE800F00612100A0A0AC3
:100D60000A0808080808022008BD0520FCE7054B12
:100D7000054A06486F2122F071FA0020F4E70120AD
:100D8000F2E700BF35460208DF4602089B4602082C
:100D90002DE9F04191F81D800C464046FFF7D8FF41
:100DA000A77F05463846FFF7D3FF06463846FFF7CC
:100DB00075FFA18A628B444B521A1A649A61228B86
:100DC000521A1A61E28A586342EA01425A6421695E
:100DD0006268D963DA602068802828D0227F0FD823
:100DE000202867D0402865D004281AD0364B45EA21
:100DF000026545F40035B845DD6161D0334A44E011
:100E0000B0F5807F04D0B0F5007FEFD1304800E02E
:100E1000304840EA0262DA61E2681A625E62596151
:100E200032E045EA026242F40032DA61F6E7A06895
:100E3000021DDA62227F45EA026545F40035DD6174
:100E40005E625961017841B1012921D0224B234AC8
:100E500023484FF48D7122F001FADA69418822F4B7
:100E60007F42013922F0100242EA0122DA610121B7
:100E7000154BDA6942F02002DA61DA699206FCD495
:100E800010229A600029B9D0164A1A60BDE8F08194
:100E9000B2F1FF01DA69408822F47F4200F1FF30AD
:100EA00022F0100242EA002242F0100218BF012193
:100EB000DA61DDE745EA0262034B42F40032B4E74F
:100EC00042F20132E1E700BF00B00240012301001D
:100ED000090002000A0002002947020843470208ED
:100EE0009B46020801230200024B1B6858680368F6
:100EF0005B691847343A012070B5044625460A4B11
:100F00000C30002660602672667245F8203B602235
:100F1000294609F023FE04F55A63EE6024359D420C
:100F2000FBD1204670BD00BFA4510208034B1A68D4
:100F3000D207FCD423229A60704700BF00B0024061
:100F40007047000030B50F4C2568ED07FCD4232511
:100F50000904A56041F001010225FF2B656361646E
:100F6000E0630AD00849656241EA0363E361074B25
:100F700022626061E060236030BDE561039BA36392
:100F8000034BF8E700B00240090001000100020035
:100F90000100030030B50E4C2568ED07FCD4232575
:100FA0001204A56042F001020225FF2B6563626412
:100FB000E063E16008D01B0643F00213E361054BD8
:100FC00065626061236030BD034BE3610123F9E793
:100FD00000B0024001000200020002FF30B50B4CDD
:100FE0002568ED07FCD4232512041B06A56043F4F5
:100FF0000033022542F0010265636264E063E16050
:10100000E361034B65626061236030BD00B0024064
:10101000010002000120704714207047142303FBD5
:10102000010008307047142303FB010008307047AB
:10103000012070474FF49D5070474FF49D5303FBC0
:101040000100083070474FF49D5303FB0100083046
:101050007047012070471C2070471C2303FB0100D0
:10106000083070471C2303FB010008307047084616
:1010700001F0F4BD10B5034B0360044608F09DFB7E
:10108000204610BD5C52020810B50446FFF7F2FF7F
:1010900020461C2121F0A6F9204610BD10B5034BB7
:1010A0000360044608F089FB204610BD2852020860
:1010B00010B50446FFF7F2FF204641F2A83121F0B7
:1010C00091F9204610BD000010B5034B03600446A3
:1010D00008F073FB204610BDF451020810B5044619
:1010E000FFF7F2FF2046242121F07CF9204610BDB5
:1010F00010B5084B0360044600F59F50FFF7BAFF98
:1011000004F13800FFF7CAFF04F11400FFF7DCFF19
:10111000204610BD9052020808B50248FFF7E8FFCC
:1011200008BD00BF9C12002010B50446FFF7E0FF89
:10113000204641F2645121F055F9204610BD0000CF
:101140002DE9F34101F0C0F9054601F0C1F9002491
:101150000146234628462246009412F091F8284B77
:10116000284A1A60204602F0D5FC274D274B284A12
:1011700028489A6011F0ECFF2B68BFF35B8FDB0708
:1011800037D4284621F030F998B3234C234B236001
:1011900004F59F5707F1280604F1140004F13808FC
:1011A0006060C4F80880E760266108F007FB1C4B0C
:1011B0006361404608F002FB1A4BA363384608F00F
:1011C000FDFA04F5805303F57F70174AC3F8E02356
:1011D00002F028FD224607F11C01304602F018FDFE
:1011E000304601F03BFD114822F056F8284621F028
:1011F00007F90F4802B0BDE8F041FFF7E3BB00BFBD
:10120000983A012048040020981200206804002029
:101210004C040020080000209C120020905202087C
:10122000F4510208285202085C5202081911000801
:10123000C4030020704700000148FFF7D1BB00BF86
:10124000C403002070B5264E264C274D274B236043
:101250003046FFF751FE284617F018F924480FF0E2
:10126000EDFC244B2448DC6000224FF48071C3E97C
:10127000121222491A86C3E91A12214983F858200A
:10128000C3E91E011F49C3F880101F491F480B60A6
:10129000F021C3E90422C3E90622C3E90822C3E915
:1012A0000A22C3E90E22C3E91022C3E91422C3E9CA
:1012B00017225A6683F870205A67C3E901650180D6
:1012C0001348018013484FF4A07101801248018037
:1012D00012490A70012283F83420114A1A6070BD45
:1012E000F40400209412002068040020B443020893
:1012F0004C040020C4030020000001010100000193
:10130000000450001A001400343A0120283A012049
:101310002E3A01202A3A0120303A01202C3A0120AD
:10132000B85002080148FFF773BC00BFF404002066
:101330000020704781807047C180704701817047ED
:10134000418170477047704770477047704710B4CD
:10135000C4880368121B84885B6D091B12B25DF898
:10136000044B09B218474FF6FF7383814FF0FF33E8
:1013700003621368C36110607047002070478B8858
:10138000838001207047704780F82610704790F8DE
:101390002600704710B50022B1F90840B1F90A10D3
:1013A000028042808480C18010BD00220280428081
:1013B0008280C28070470177704780ED080A7047CD
:1013C00080F82410704780F825107047012070477E
:1013D000983070478C307047843070477047704742
:1013E00070470000034B902283F85A2383F8582358
:1013F000704700BF00E100E0094A0A49D3680A4883
:10140000C3F30A03013B9BB20B801169C1F30A01CC
:10141000013901801364536B43F001035363704738
:10142000006801400228002000280020014BD3F86A
:10143000AC00704700680140024B0122C3F8AC10B9
:101440005A6270470068014010B52C21044620F014
:10145000C9FF204610BD10B5BC21044620F0C2FFD4
:10146000204610BD70B5044608F0A5FC23689D6EAB
:101470000EF054F901462046A8472368054AD3F8E0
:101480008C502046AC460023BDE87040A2F51631D2
:10149000604700BF00B004D008F074BC08F07EBC08
:1014A00008F03ABC08F0A9BD90F8252012B10368F5
:1014B0005B691847704790F825201AB190F82420EE
:1014C00002B1186070470000034B4FF080629A60D1
:1014D0004FF080729A60704700E100E0084B4FF0D7
:1014E0008062C3F88820BFF34F8FBFF36F8F4FF038
:1014F0008072C3F88820BFF34F8FBFF36F8F7047A0
:1015000000E100E070B50023124E8380124B0360AF
:10151000336893F8582005460AB1D86C00B998682A
:101520000368DB6A98473368B0FA80F4D86C6409C2
:1015300030B10368DB6A9847002808BF44F0010413
:101540002CB9064B064A07482C2121F087FE284675
:1015500070BD00BF343A0120A4520208814702083E
:10156000DF4702081848020870B5254E3568BFF3FA
:101570005B8F15F0010540D1304620F035FF002883
:101580003BD0204C204B256104F13400C4E90035E8
:10159000C4E90255E584A562A5850FF034FE04F187
:1015A00058000AF091FF194BA3652046184B40F8EC
:1015B000843BFFF7A7FF174BC4F884302433C4F8EB
:1015C0008C304FF4C803C4E928350023C4F8AC308C
:1015D000C4F8B030C4F8B430C4F8B8300E480F4B7B
:1015E000C4F89050C4F89C50C4F8A850C4F898307F
:1015F00021F052FE304620F003FF024870BD00BFCC
:101600000428002008280020A85A0208C452020812
:101610003C5302085C5A0208E11300083C5A0208D5
:1016200038B5184C23685BB3174B184A1B6C1188EC
:101630008B4216D1164B198804F088FD236893F865
:101640006A200025013283F86A2083F87C50FFF776
:10165000B3FA206809F02CF92846BDE83840FFF7B6
:10166000F3B804F073FD2468236820461B6A98478A
:10167000012384F87C300020BDE83840FFF70EB924
:1016800038BD00BF343A0120006801400228002024
:101690000028002007B5064BADF806001B6805487A
:1016A00001220DF1060105F03DFB03B05DF804FBDE
:1016B0000C0000201029002008B5154C154D2046BF
:1016C00003F088FB4FF0FF31204603F01CFC20465E
:1016D00003F06CFC104B80B218804FF0FF312046B5
:1016E00003F011FC204603F061FC0C4B80B2188023
:1016F000204603F0EDFB0821284603F037FF10B920
:10170000074B01221A70642005F0C6FFD7E700BF1F
:10171000BC2A002000080240CA280020C828002057
:10172000C628002030B595B0102200210AA821F06B
:101730009CFF0021142203A821F097FF00241E4BD8
:1017400001941A6C42F080521A641B6C03F08053AF
:101750000193019B194B02941A6842F440421A60AB
:101760001B6803F440430293029B01224FF4803331
:10177000CDE9082302254FF480034FF4B472CDE97C
:101780000E5308A80823CDE91032CDE9125304F016
:1017900035FD04F0F9FC0F23CDE903354FF4A051DA
:1017A0004FF48053CDE9061303A80521059404F0F6
:1017B00001FF15B030BD00BF00380240007000408E
:1017C0002DE980489BB003F01FFAFFF7ABFF14220E
:1017D00000210DA821F049FF0024C94B00941A6B89
:1017E000C84842F010021A631A6B02F0100200920D
:1017F000009A01941A6B42F020021A631A6B02F0ED
:1018000020020192019A02941A6B42F080021A633C
:101810001A6B02F080020292029A03941A6B42F051
:1018200004021A631A6B02F004020392039A0494EE
:101830001A6B42F001021A631A6B02F00102049261
:10184000049A05941A6B42F002021A631A6B02F0B2
:1018500002020592059A06941A6B42F040021A633E
:101860001A6B02F040020692069A07941A6B42F035
:1018700008021A631B6B03F00803224607933C21FE
:10188000079B03F079FEA0480122022103F074FEB9
:1018900022469D48042103F06FFE22469B484FF4E8
:1018A000405103F069FE22469948102103F064FE7E
:1018B00001263C23032593480F940DA90227CDE967
:1018C0000D36109503F06EFD8F480DA9CDE90D760C
:1018D000CDE90F4403F066FD04238B480DA9CDE943
:1018E0000D36CDE90F4703F05DFD082386480F96BE
:1018F0000DA9CDE90D3403F055FD4FF44053834855
:101900000DA9CDE90D36CDE90F4703F04BFD21239D
:1019100080480F940DA9CDE90D354FF0100803F064
:1019200041FD0DA97A487C4DCDE90D86CDE90F44E6
:1019300003F038FD79487A4B036003F029FCDFF8A7
:1019400000C2784B2C62C5E900C328464FF480439F
:10195000C5E90434C5E90244C5E9064404F01AF8AF
:101960004146284604F05EFA2146284604F079FAFA
:101970006D4DDFF8D0E1AC624FF48273C5E900E34E
:101980004FF400781823C5E9068328460A23C5E9E1
:101990000244C5E90444C5E90844EB6205F066F970
:1019A0008F232246394658488DF824308DF834402C
:1019B00003F0E2FD32464FF47A7309A9284605F098
:1019C000B1F94FF47A7332460DA9284605F056FB5B
:1019D000324639464C48554D03F0CEFD9DF8343023
:1019E000D32B04BF524B1E70524B0126C5E9003663
:1019F0004FF0100A40230024C5E904A34FF4C0733C
:101A0000C5E906344FF40063C5E908344FF40053C8
:101A100002274FF00409AB624FF0030B07230DA917
:101A20002846CDE90D73CDE90F934FF00808C5E9BD
:101A30000249CDE911B7139704F0FCFF4FF6FF728E
:101A400009A92846CDE90A86089409960C9405F060
:101A500011F8304603F004F94FF6FF7209A9284641
:101A6000CDE90978CDE90B6405F004F84FF6FF7273
:101A700009A92846CDE909B8CDE90B9404F0FAFF8D
:101A80004FF40C730893089B0C934FF6FF7209A94F
:101A90002846CDE909980B9604F0ECFF40F26A5114
:101AA000284605F005F8342221460DEB020021F00E
:101AB000DCFD214D214B2C61C5E900340923C5E92A
:101AC00005361D23C5E9073B40F20D1240F24313D2
:101AD000C5E9092340F2171140F247132846C5E92A
:101AE0000B13C5E90244AC8685F8364004F04CFA85
:101AF000FF21F022CDE912144FF0050824E000BFC9
:101B0000003802400010024000080240000C024071
:101B10000004024000000240202A0020B42A0020D5
:101B200000300240A086010010290020DC2800209F
:101B3000D0280020400100A0782900200068014042
:101B4000005C0040005001404FF480614FF4A073EE
:101B5000CDE90E24CDE91418CDE916420DA922468F
:101B60002846CDE91037324D18930D94ADF86440F6
:101B70008DF8664004F0BCFA2E4B2B601B6898472A
:101B80002B682D4DDB6898472C4B2846C5E900345F
:101B9000C5E90274C5E90A47C5E90C4403F008FB2E
:101BA0003146284603F0BAFB524621460DA821F0E3
:101BB0005CFD234D2348AC604FF48033C5E900033E
:101BC000214BAB6228462E612C7685F82040EC62D2
:101BD000EC60EF6185F830406E6103F055F80DA9B7
:101BE0002846CDE90D460F9403F0E4F90DA92846E7
:101BF000CDE90D8703F0DEF91448154B036004F0BE
:101C0000CDFEFEF755FDFEF752FD05F0D5FC114A5D
:101C10001148214605F0FCFC104B114A1860214682
:101C2000104805F0F5FC104B186005F0D7FCFEE7F6
:101C3000CC28002014000020742A002000B00240AC
:101C4000BC2A0020002001400100000F682900206C
:101C500000080650A4530208B9160008D82800202E
:101C600080530208BF060008D42800207047704740
:101C70007FB5094B8DF817201B6802930DF11702F1
:101C80000123009201930A460146044803F02AFF0B
:101C900007B05DF804FB00BF10000020202A0020E0
:101CA0007FB500238DF81730084B1B6802930A4656
:101CB00001230DF11701009101930146044803F03F
:101CC000A1FF9DF8170007B05DF804FB100000208D
:101CD000202A00201FB5084C24680092CDE9013469
:101CE0000A4601230146054803F08CFF003818BF5F
:101CF000012004B010BD00BF10000020202A0020E9
:101D000002F0AEBF10B5064C00222046042103F0BD
:101D100033FC20460122BDE81040042103F02CBC16
:101D20000008024038B50B4D044601220A484FF422
:101D3000005103F021FC00220421284603F01CFC82
:101D40002046FFF7A7FC28460122BDE838400421C1
:101D500003F012BC00080240000C024038B50B4DE5
:101D6000044600220A484FF4005103F005FC00220B
:101D70000421284603F000FC2046FFF78BFC284690
:101D80000122BDE83840042103F0F6BB0008024000
:101D9000000C0240F7B5144E144F05460C46304671
:101DA0000022042103F0E8FB00224FF400513846E2
:101DB00003F0E2FB2846FFF76DFC0D4B0D481B6856
:101DC000224601A905F05AF9384601224FF4005184
:101DD000019C03F0D1FB30460122042103F0CCFB2F
:101DE000204603B0F0BD00BF00080240000C0240D6
:101DF0000C0000201029002002F032BF0268034BC3
:101E00009A4201D102F01ABF704700BF0010004093
:101E10007047000082B00E4B00220092596C41F4D2
:101E200080415964596C01F48041009100990192FC
:101E3000196C41F0805119641B6C03F080530193BD
:101E4000019B0F216FF0010002B003F061B900BFE8
:101E50000038024010B5044688B01422002103A8BF
:101E600021F003FC2268124B9A421ED103F58C33F9
:101E7000002101915A6C0F4842F480725A645A6CE6
:101E800002F480720192019A02911A6B42F00102EF
:101E90001A631B6B03F001030293029B21220323AD
:101EA00003A9CDE9032303F07DFA08B010BD00BFFC
:101EB00000200140000002400268094B9A4282B0B3
:101EC0000BD100230193074B1A6B42F480521A6323
:101ED0001B6B03F480530193019B02B0704700BF5A
:101EE000003002400038024007B50F4B02689A42AA
:101EF00016D10022A3F5F0430192196B41F40001C1
:101F000019631B6B03F40003019305215A20019B05
:101F100003F0FEF85A2003B05DF804EB03F02AB991
:101F200003B05DF804FB00BF00B002402DE9F043B0
:101F3000044689B01422002103A821F096FB2268F0
:101F4000244B9A4243D1244C244800250095236B0E
:101F500043F004032363236B03F004030093009B0B
:101F60000195236B43F001032363236B03F001030B
:101F70000193019B4FF012094FF400734FF00108D9
:101F80000327042603A9CDE90339CDE90587079680
:101F900003F008FA4FF480731148079603A9CDE9BE
:101FA0000339CDE9058703F0FDF90295236C43F46D
:101FB00000032364236C03F400030293029B236A4F
:101FC00043F400032362236A23F40003236209B06D
:101FD000BDE8F083005C0040003802400008024089
:101FE00000000240F0B599B004461422002107A871
:101FF00021F03BFB30220DEB0200002121F035FBEC
:1020000022685E4B9A4240F0B78008230C93C023AD
:102010001093042312930CA84FF40033159304F08B
:1020200091FB08B1FFF7F4FE554B5648002400948D
:102030005A6C42F080625A645A6C02F080620092DC
:10204000009A01941A6B42F020021A631A6B02F094
:1020500020020192019A02941A6B42F001021A6363
:102060001A6B02F001020292029A03941A6B42F078
:1020700002021A631A6B02F002020392039A04949A
:102080001A6B42F040021A631A6B02F0400204928B
:10209000049A05941A6B42F004021A631A6B02F058
:1020A00004020592059A06941A6B42F008021A631C
:1020B0001B6B03F00803069302250E26069B0B9666
:1020C0004FF4806307A9CDE90735CDE9094503F051
:1020D00069F941F658032C480B9607A9CDE9073555
:1020E0000927CDE9094503F05DF9032327480B973C
:1020F00007A9CDE90735CDE9094503F053F94FF4B8
:10210000706322480B9607A9CDE90735CDE909454B
:1021100003F048F94FF40C631D480B9607A9CDE96D
:102120000735CDE9094503F03DF9C02319480B9661
:1021300007A9CDE90735CDE9094503F033F90823AF
:1021400015480B9607A9CDE90735CDE9094503F0F8
:1021500029F94FF4A0530E480B9707A9CDE907358D
:10216000CDE9094503F01EF958202246052102F069
:10217000CFFF582002F0FEFF19B0F0BD006801400B
:1021800000380240001402400000024000040240F7
:102190000018024000080240000C02400268094B8F
:1021A0009A4282B00BD100230193074B5A6B42F045
:1021B00040025A635B6B03F040030193019B02B042
:1021C000704700BF000806500038024010B50446B2
:1021D00088B01422002103A821F047FA2268144B8A
:1021E0009A4223D103F56843002101915A6C1148AA
:1021F00042F480125A645A6C02F480120192019ADD
:1022000002911A6B42F020021A631B6B03F0200349
:102210000293029B4FF4607202230321CDE9032352
:102220000523CDE9061303A903F0BCF808B010BDDF
:1022300000500140001402402DE9F04186B0002317
:1022400003932B4B1C68002C4FD14FF00108C3F8AF
:102250000080284B00949A6B274842EA08029A6350
:102260009B6B03EA08030093022703260C25009BBF
:1022700001A94FF63F03CDE90137CDE9046503F02D
:1022800091F81E48059501A9CDE90187CDE90346DE
:1022900003F088F848F233131948059501A9CDE9F0
:1022A0000137CDE9034603F07DF84FF683731548F7
:1022B000059501A9CDE90137CDE9034603F072F890
:1022C0004CF203731048059501A9CDE90137CDE91A
:1022D000034603F067F860230C48059501A9CDE992
:1022E0000137CDE9034603F05DF806B0BDE8F081A3
:1022F000042B002000380240001402400008024075
:102300000018024000100240000C0240000402408D
:1023100070B588B000230293204B1A6C42F0100273
:102320001A641B6C03F010030293054601A903A86D
:10233000029B04F0E9F9069B4BBB04F0D5F9184E5B
:10234000184B336040F2E733F360174BB0FBF3F305
:10235000013B7360304600233361B360B36105F025
:1023600057F8044680B9304604F02CFF044658B9AB
:10237000362002F0FFFE0F2D0DD8224629463620CA
:1023800002F0C6FE094B1D60204608B070BD04F087
:10239000ABF94000D3E70124F6E700BF0038024064
:1023A000082B00200010004040420F007C0000205D
:1023B0007047FEE7FEE7FEE7FEE77047014804F0DE
:1023C0003FBF00BF082B0020014803F034BE00BF10
:1023D00078290020014802F017BF00BF742A0020AE
:1023E0000120704708B521F041FA162303604FF031
:1023F000FF3008BD08B521F039FA16230360FEE767
:1024000070B50D4614460E46731B9C4201DC2046F7
:1024100070BDAFF3008006F8010BF5E770B50D460F
:1024200014460E46731B9C4201DC204670BD16F814
:10243000010BAFF30080F5E74FF0FF3070474FF42A
:1024400000534B6000207047012070470020704708
:102450000A4A116808B5034609B9094911601068AC
:10246000694603448B4206D921F000FA0C2303602D
:102470004FF0FF3008BD1360FCE700BF502B002079
:1024800078470120704710B5042104461FF0AAFFC9
:10249000204610BD08B5032913D8DFE801F0020675
:1024A0000A0E01F083FB006808BD01F07FFB406865
:1024B000FAE701F07BFB8068F6E701F077FBC06884
:1024C000F2E70020F0E7000000487047DC53020804
:1024D0000820704713B5002451B1036801948DF8AA
:1024E000034001AA9C680DF10303A04702B010BD90
:1024F0000846FBE7C0897047008A7047C08870476C
:1025000080887047807A00F07F007047807AC00929
:1025100070470020704700009FED010A704700BF20
:1025200000000000704710B5082104461FF05AFF54
:10253000204610BD7047704700F5987308684968D9
:1025400003C37047704770474160704770477047DA
:10255000064BC0F84C310023C0F8503100F5A2738F
:10256000C0F84801C0F84031704700BF912A000808
:10257000012303727047704770477047704738B542
:10258000054640680368DB699847044604B938BDCE
:10259000A188AB89C91A236820461B6B09B29847EA
:1025A000A469F3E710B4C26841685410034601EB14
:1025B0006200D20748BF0A599B685DF8044B48BFC8
:1025C000D35818470346406830B19A681AB9D8689A
:1025D00000F0010070470120704710B50C2104463F
:1025E0001FF000FF204610BD10B5142104461FF057
:1025F000F9FE204610BD10B5102104461FF0F2FE72
:10260000204610BD10B5102104461FF0EBFE2046F9
:1026100010BD10B54FF4AE7104461FF0E3FE204626
:1026200010BD10B50DF07AF80368BDE81040DB6B03
:10263000184710B50DF072F80368BDE810405B6BE9
:10264000184710B50DF06AF80368BDE810405B6BE1
:102650001847000013B50446807A637A0130C0B28F
:102660009842A07205D9012323720023A37202B0FD
:1026700010BDB4F90C2000210FF02EFAC30707D5C6
:1026800000284FF6FF73C8BF012313FA80F000B291
:10269000144AE08112880023ADF8023083B2D21AC6
:1026A000ADF80020228A20829B1AADF804300E4B30
:1026B0001B88ADF806300DF031F8036802AA1B6CD8
:1026C00012E906009847A37A012BD0D1074B1B785B
:1026D000002BCCD00DF022F802B0BDE810400DF078
:1026E00023B800BF283A01202A3A0120323A0120BB
:1026F00037B50546807A6B7A0130C0B29842A8722D
:1027000005D901232B720023AB7203B030BDB5F99C
:102710000C20B5F90E4000210FF0DEF9C30707D5F4
:1027200000284FF6FF73C8BF012313FA80F000B2F0
:10273000AB7AE881041B012BA4B206D1174B1B789E
:102740001BB10CF0EBFF0CF0EFFF154A00231288D1
:10275000ADF80230EB891A445B42ADF80430114BFE
:10276000ADF800201B88ADF806300CF0D7FF0368E9
:1027700002AA12E906001B6C984768680368DB69C7
:1027800098470546002DC0D0A9882B6821442846CB
:102790001B6B09B29847AD69F4E700BF323A0120DC
:1027A000283A01202A3A012010B50446D0F8400109
:1027B00058B10368DB68984738B1D4F84001036822
:1027C0009B6898470023C4F8403110BD2DE9F14FB4
:1027D000D0E9556A0746B06803681B6A9847B0F5A8
:1027E0009D5F05D2484B494AA321494820F036FD58
:1027F000706803681B6A98471B2803D8454B434AF7
:10280000A421F2E7F06803681B6A98470F2803D8F1
:10281000414B3E4AA521E8E70CF080FFDFF8049128
:1028200004300CF0C8FFD9F8000010B10368DB6871
:102830009847D9F8000010B103681B689847DFF883
:10284000E880D8F8000010B103685B699847D7F8B2
:102850003C0110B103685B689847D8F8000010B1DC
:1028600003681B689847D7F83C0110B103689B6860
:102870009847F068036800215B6A9847274B03601C
:102880004FF4A0530381264B1B884FF0000B80F8B8
:102890000AB05B420446C0F804B0A0F80EB08381D1
:1028A000B068036859465B6A9847054601F0F0FD39
:1028B0007068036859465B6A98472946064601F0E6
:1028C00039FA331DC7F83C61C9F80040C8F8005018
:1028D000CAF800302B68C6F808A02846DB68EE630B
:1028E0009847336830461B689847214628460FF0C2
:1028F000EDF8236820461B69984723685B692046EA
:1029000001B0BDE8F04F18478F4802081D49020882
:10291000024A0208494A0208EC4A02082455020801
:10292000283A01207C3A0120783A01202DE9F14F24
:10293000D0E955BA0746DBF8080003681B6A9847D8
:10294000B0F5277F05D2494B494AA321494820F0D9
:1029500085FCDBF8040003681B6A98470F2803D83E
:10296000454B434AA421F1E7DBF80C0003681B6ADE
:102970009847132803D8414B3D4AA521E6E70CF0C0
:10298000CDFEDFF8049104300CF015FFD9F80000FB
:1029900010B10368DB689847D9F8000010B10368EC
:1029A0001B689847DFF8E480D8F8000010B103688E
:1029B0005B699847D7F83C0110B103685B6898479A
:1029C000D8F8000010B103681B689847D7F83C019D
:1029D00010B103689B689847DBF80C00036800217E
:1029E0005B6A9847264B03604FF4A0530381254B45
:1029F000002686721B8846600446C6810682838153
:102A0000DBF80800036831465B6A9847054601F029
:102A100051F9DBF80400036831465B6A98472946A0
:102A2000064601F019F9331DC7F83C61C9F80040AA
:102A3000C8F80050CAF800302B68C6F808A028462D
:102A4000DB68EE639847336830461B689847214639
:102A500028460FF03BF8236820461B6998472368F7
:102A60005B69204601B0BDE8F04F18478F48020867
:102A70008F4B0208024A0208494A0208EC4A02083F
:102A800048550208283A01207C3A0120783A012072
:102A90002DE9F14FD0E9556A0746B06803681B6A13
:102AA0009847B0F5277F05D2444B454AA3214548B6
:102AB00020F0D4FB706803681B6A98470F2803D87E
:102AC000414B3F4AA421F2E7F06803681B6A98472C
:102AD0000B2803D83D4B3A4AA521E8E70CF01EFE2F
:102AE000DFF8F09004300CF066FED9F8000010B169
:102AF0000368DB689847D9F8000010B103681B68C9
:102B00009847DFF8D480D8F8000010B103685B69FB
:102B10009847D7F83C0110B103685B689847D8F82C
:102B2000000010B103681B689847D7F83C0110B14A
:102B300003689B689847F068036800215B6A9847C0
:102B40004FF0000B224BC0F804B0044680F808B0E8
:102B50000360B068036859465B6A9847054601F010
:102B6000A9F87068036859465B6A98472946064683
:102B700001F072F8331DC7F83C61C9F80040C8F88D
:102B80000050CAF800302B68C6F808A02846DB6859
:102B9000EE639847336830461B68984721462846BD
:102BA0000EF094FF236820461B69984723685B69F1
:102BB000204601B0BDE8F04F184700BF8F4802081B
:102BC000734C0208024A0208494A0208EC4A020809
:102BD000005502087C3A0120783A0120044B1B681A
:102BE00093F858200AB1D86C00B99868704700BFB4
:102BF000343A0120F8B5174604460E460CF078FE2C
:102C0000124B1C60124B2360124B0025C4E9513556
:102C1000114BC4E953551868036801219B68C4E946
:102C20004F55C4E955769847284600F073FFFFF7E3
:102C3000D5FF17F0D4FAFFF7D1FF17F04BFBFFF7E2
:102C4000CDFF17F053FB2046F8BD00BF883A0120A6
:102C5000AC54020894540208343A0120064BC0F8E0
:102C60004C310023C0F8503100F5A273C0F8480180
:102C7000C0F84031704700BF912A0008064BC0F8E9
:102C80004C310023C0F8503100F5A273C0F8480160
:102C9000C0F84031704700BF2D290008064BC0F82E
:102CA0004C310023C0F8503100F5A273C0F8480140
:102CB000C0F84031704700BFCD270008406A704718
:102CC000806A704770478A880B8810B5D20A4C8892
:102CD000C1699BB251F8220043EA0443184410BD75
:102CE00010B50446BAB1107B68B1537BD27A1B028F
:102CF00003F4E0631A43236A03EB82031A888A42CF
:102D000002D193F9020010BD05D8013880B2043316
:102D10000028F3D1F7E70020F5E710B52C21044691
:102D20001FF060FB204610BD30B58BB00446BDF8E7
:102D300060500895BDF85C5007959DF85050069579
:102D40009DF84C5005959DF8485004959DF84450C9
:102D500003959DF8405002959DF83C500195BDF8B3
:102D6000385000950EF00CFB064B2360159BE36179
:102D7000169B2362199B63621A9BA36220460BB0C9
:102D800030BD00BF6C5502087047704770477047F0
:102D9000704730B5036885B06D460181D3F8843043
:102DA000014604462846984795E807003C3484E8E5
:102DB000070005B030BD30B5036885B06D46418170
:102DC000D3F88430014604462846984795E8070022
:102DD0003C3484E8070005B030BD00220280428008
:102DE0008280C280704780F83610704770B50368E3
:102DF00004461B6B154698472368294620465B6EA0
:102E0000BDE87040184700207047806C70477047DD
:102E100070477047704730B4C26844685510034625
:102E200004EB6200D20748BF62599B6830BC48BFC0
:102E3000D35818470346406830B19A681AB9D86821
:102E400000F0010070470120704710B54C21044686
:102E50001FF0C8FA204610BD10B5102104461FF01F
:102E6000C1FA204610BD10B54FF4227104461FF080
:102E7000B9FA204610BD08B5FEF716FB08BD0000E4
:102E8000036870B55E6B124B1B6804468DB22BB99C
:102E9000104B114A6C21114820F0E0F91049828D45
:102EA0000988914203D80F4B0B4A6D21F3E713F8C1
:102EB00012200D4B1B6853F8220003681B6B9847C8
:102EC000291A3346204609B2BDE87040184700BFB2
:102ED0008C3A0120454D0208874D0208C24D020878
:102EE000903A0120094E0208943A0120E4308842C9
:102EF00008B505D10CF012FCBDE80840FFF7CEBEC6
:102F000008BD00224FF0FF31C0E900218260704708
:102F100070B5036804461B6B15469847236829461D
:102F200020465B6BBDE87040184770B504461D46EF
:102F3000BDF91060FFF7ECFF2368294620469B6B24
:102F40009847236831462046DB6BBDE87040184740
:102F50000022C0E90122C0E90322C0E90522C0E93C
:102F600007224FF480728284014A0260704700BFDA
:102F7000D455020810B526220446002120F075FB26
:102F80002046FFF7E5FF044B2360FF2384F826303B
:102F90000023A362204610BDFC5B020810B5262268
:102FA0000446002120F061FB2046FFF7D1FF0A4BC9
:102FB00023600A4BA3624FF6FF73A3854FF47F0291
:102FC0000023C4E90C3223874FF0FF32C4E91023F9
:102FD000E363204610BD00BF6C5B02088454020806
:102FE0002DE9F04F044691B0A04600250EF0C2FB3B
:102FF000BA4BE56348F8403B04F16C094046FFF7E3
:10300000B9FF04F198074846FFF7B4FF3846FFF7C9
:10301000C5FFB34BC4F898304FF0260A04F1E4031F
:10302000524629461846C4F8E050039320F01DFB91
:103030000398FFF78DFF4FF0010304F58C7B4FF6EB
:10304000FF7684F80831A74BC4F8E430524629468D
:10305000A4F81261A4F8146184F81661C4F80C5144
:1030600084F810515846ADF8386020F0FEFA584602
:10307000FFF76EFF9C4BC4F81831BDF83830A4F848
:103080003E310EA984F84061584609F04CFF04F522
:10309000A27318460493FFF781FF04F5C673184620
:1030A0000593FFF77BFF04F5EA7318460693FFF7D5
:1030B00075FF04F5077318460793FFF76FFF8B4BF7
:1030C000C4E99E348A4BC4E9A0354FF4A073261D91
:1030D0002A4600932946F02340464FF07F4AFFF7E7
:1030E00024FFC4F868A04146304606F079FB4FF44F
:1030F000A0732A4600932946F0234846FFF715FFA0
:10310000C4F894A0494630464FF0120A06F068FB16
:103110008B223846CDF800A051237821FFF705FF18
:10312000744BC4F8C830D4F89830A4F8CC500DF1E2
:10313000200839464046D3F88430DFF8C0919847DC
:1031400098E8070004F1D40383E8070004F5197335
:10315000C4F8E0300EA904233846A4F86452ADF850
:103160003C30CDF8389009F047FD3946304606F03E
:1031700037FB0398ED221421FFF7CAFE07230EAA9E
:103180000398ADF834300DA9ADF8383009F092FD50
:1031900004F51E73C4F80C310399304606F020FB89
:1031A0002E2258461421FFF7B3FE03270EA95846D6
:1031B000ADF8387009F0B7FE5946304606F010FBFE
:1031C0001E230498DFF838B10093B522E0230821CC
:1031D000FFF7ABFE0499C4F874B14046A4F87851E7
:1031E00009F070FA98E8070004F5C07383E8070057
:1031F0000498CDF838900EA9ADF83C7009F0FCFCAD
:103200000499304606F0ECFA0598D3222B21FFF7FB
:103210007FFE394B0599C4F8BC314046A4F8C05133
:1032200009F050FA98E8070004F5E47383E8070012
:1032300002230598ADF83C300EA9CDF8389009F07E
:10324000DBFC0599304606F0CBFA0698CDF800A0D5
:103250008B2251232721FFF768FE264B0699C4F8DD
:1032600004324046A4F8085209F02CFA98E8070006
:1032700004F5047383E807004FF001030698ADF8E6
:103280003C300EA9CDF8389009F0B6FC06993046CE
:1032900006F0A6FA2A4607982946FFF739FE07994D
:1032A000C4F84CB24046A4F8505209F00BFA98E822
:1032B000070004F5167383E807000798CDF83890E7
:1032C0000EA9ADF83C5009F097FC3046079906F07E
:1032D00087FA204611B0BDE8F08F00BFE45602081F
:1032E0003C560208645C0208D85C0208CC5602080E
:1032F000ED2E00080505F0FFF5F5FAFF84540208ED
:10330000F5F5FFFF806A7047704770477047704758
:10331000704730B4C26844685510034604EB62003D
:10332000D20748BF62599B6830BC48BFD358184782
:103330000346406830B19A681AB9D86800F00100B5
:1033400070470120704790F82D3080F85C3070474E
:103350000146343091F82C3013B1623109F0E3BDED
:103360006031FBE710B5642104461FF03BF82046AE
:1033700010BD10B5102104461FF034F8204610BDD2
:1033800010B54FF4377104461FF02CF8204610BDDD
:1033900010B50446006B50B10368DB68984730B144
:1033A000206B036821469B68BDE81040184710BD9C
:1033B0000B7970B590F82C6004460D460BB916B128
:1033C00070BD002EFCD0B3FA83F35B0984F82C3077
:1033D00023682046D3F88C309847236820465B69E1
:1033E0009847002EECD02B79012BE9D12368204699
:1033F000D3F88830BDE87040184700F5BA738B42A7
:1034000010B5044609D10CF089F9FFF737FC2368A1
:103410002046DB6ABDE81040184710BD70B5036850
:1034200004469B6B15469847236829462046DB6B6C
:10343000BDE8704018470B8870B5A0F860300546AD
:10344000138825F8623F044628460FF02DFF0646F4
:1034500028460FF05DFF314602462046FFF7DEFFAB
:1034600023682046D3F88C30BDE870401847000030
:1034700038B5262204460D46002120F0F6F82046F5
:10348000FFF766FD064B23602B88E384FF2320466D
:1034900084F82830294609F046FD204638BD00BF93
:1034A000D85C0208F7B54FF47F430646838540F2A7
:1034B000011300258384134B8562C0E90155C0E9DF
:1034C0000355C0E90555C0E90755056346F8343B87
:1034D00004464FF6FF7701A93046ADF80470FFF7B8
:1034E000C7FF2A4629463046A4F86070A4F86270E7
:1034F000FFF70EFD2046314606F072F9204603B074
:10350000F0BD00BF185702082DE9F04F04468FB0F8
:10351000A14600250EF02EF9C14BE56349F8403B6A
:1035200026222946484620F0A0F84846FFF710FD1D
:10353000BC4B2364FF2384F8663004F16C034FF620
:10354000FF7704F1980618460CA9A56604F1C40B90
:103550000293ADF83070FFF78BFF0CA93046ADF841
:103560003070FFF785FF0CA95846ADF83070FFF7B3
:103570007FFF04F1F0030CA918460393ADF83070F7
:10358000FFF776FF04F58E730CA918460493ADF887
:103590003070FFF76DFF04F5A4730CA904F5BA7A37
:1035A00018460593ADF83070FFF762FF5046FFF7FD
:1035B00079FF04F5EC7318469B4F0093FFF7EEFC80
:1035C00004F5097304F51B78C4F8D8711846C4F8DB
:1035D00020520193FFF7E2FC4046FFF7DFFC934BDC
:1035E000C4F86C72C4E9B334914BC4F8B452C4E962
:1035F000B5352A4629464846FFF78AFC4FF4A072A3
:103600004846F021271DFFF709FF4FF07F43A366CF
:103610004946384606F0E4F8062202982946FFF7A4
:1036200077FC4FF004090298ADF830900CA909F02E
:103630007AFC0299384606F0D3F806223046122169
:10364000FFF766FC0CA93046ADF8309009F06BFC32
:103650003146384606F0C4F8062258462421FFF7C2
:1036600057FC0CA95846ADF8309009F05CFC59465F
:10367000384606F0B5F83E2203986C21FFF748FC67
:1036800002260398ADF830600CA909F04CFC0399B0
:10369000384606F0A5F840F20F1204987421FFF79F
:1036A00037FC4FF0050B0498ADF830B00CA909F0C9
:1036B0003AFC0499384606F093F84FF49072059856
:1036C0006821FFF725FC06230598ADF830300CA9DA
:1036D00009F029FC0599384606F082F80122ADF878
:1036E0002C20ADF830200BA90CAA5046FFF7A3FE02
:1036F0002A46294604F5D470FFF70AFC04F5337214
:10370000C4F8A421504640F21D12D221FFF700FC5C
:10371000232250461E21FFF781FE5146384606F00F
:103720005FF80098DFF814A13246A921FFF7F0FBFB
:10373000009811224721FFF771FE3E4AC4F8082283
:10374000D4F8D8210099D2F88420A4F80C5206AEFF
:103750003046904796E8070004F5057C8CE80700A2
:1037600006230098ADF834300CA9CDF830A009F04C
:1037700043FA0099384606F033F8019803223821BD
:10378000FFF7C6FB2C4BC4F854320199A4F85852E9
:10379000304608F097FF96E8070004F5187C8CE89F
:1037A00007000198CDF830A00CA9ADF834B009F0AD
:1037B00023FA0199384606F013F82A4640466C2150
:1037C000FFF7A6FB132240463D21FFF727FE1A4BC9
:1037D000C4F89C32D4F86C32A4F8A052414630466A
:1037E000D3F88430984796E8070004F52A7383E8F5
:1037F000070004F52E73C4F8B4320CA94046A4F8AF
:10380000B852CDF830A0ADF8349009F0F5F938464B
:10381000414605F0E5FF20460FB0BDE8F08F00BF40
:10382000D0570208FC5B02083C560208B857020851
:10383000FB3300081010E8FF0505F0FF8454020870
:103840007047000030B5164D2C6814F001048FB09D
:10385000BFF35B8F21D128461EF0C6FDE8B13F23A0
:103860000993104B0893104B104911480A94CDE965
:10387000064301220423CDE90332142300930C22D2
:10388000CDE90B44CDE901440594FFF74DFA094811
:103890001FF002FD28461EF0B3FD05480FB030BDF5
:1038A000542B0020DC780208EC7802085C740208D3
:1038B000582B0020413800087047000030B5174DE4
:1038C0002C6814F001048FB0BFF35B8F23D128461E
:1038D0001EF08AFDF8B13F230993114B0893114B59
:1038E00007930223CDE9053301220423CDE90332F6
:1038F0000B230D4900932B220D23CDE90B44CDE979
:1039000001440A480A94FFF70FFA09481FF0C4FC63
:1039100028461EF075FD05480FB030BD842B0020F1
:10392000E0780208F078020804750208882B00206D
:10393000B93800087047000030B5174D2C6814F0F6
:1039400001048FB0BFF35B8F22D128461EF04CFDDF
:10395000F0B13F230993114B0893114B07930123B7
:10396000CDE9054304930423CDE902430D230D491A
:10397000009317220F23CDE90B440B480A940194BE
:10398000FFF7D2F909481FF087FC28461EF038FDE2
:1039900005480FB030BD00BFB42B0020E47802080A
:1039A0000079020860770208B82B0020353900083A
:1039B0007047000030B5164D2C6814F001048FB02C
:1039C000BFF35B8F21D128461EF00EFDE8B13F23E7
:1039D0000993104B0893104B079302230422CDE95F
:1039E00005430123CDE9032314230C490093CDE9BA
:1039F0000B44CDE901440A480A94FFF795F90948B8
:103A00001FF04AFC28461EF0FBFC05480FB030BDF5
:103A1000E42B0020E878020804790208A478020860
:103A2000E82B0020B13900080020704700207047C3
:103A30000EB403B503AB002153F8042B01930CF033
:103A40001DFF02B05DF804EB03B070470CB407B57E
:103A500004AB53F8042B01930CF010FF03B05DF896
:103A600004EB02B070470000436C10B5044673B31A
:103A7000038F2BB9184B194AC52119481FF0EEFBCB
:103A8000C38E00EB43035B8C0BB30EF0AAFD238FB8
:103A9000012B03D8134B144ACB21EEE7E28E531CC3
:103AA0009BB2092B194688BFA3F10A0104EB41011F
:103AB00040F63F10498C814209D10A2B04EB4202A7
:103AC00028BF002304EB4303508C588451842046C4
:103AD000BDE810400EF088BC474E0208504E020868
:103AE000FB4E0208454F0208534F02080EF043BC3C
:103AF00010B586B002AC84E806001A460AAB0593FE
:103B00000193099B00932146089B0BF0A5F906B091
:103B100010BD000038B518BB124B13481C68134980
:103B2000B4B1226822440260626822440A60A2683A
:103B300014440F4B00221A8000F038F8054600F0BC
:103B400033F80C4B1C600C4B1D600C4B188007E0CD
:103B50000B4B03600B4B0B600B4B1C68002CE8D12C
:103B600038BD00BF202C0020182C0020142C002071
:103B70001C2C00208C3A0120943A0120903A01201C
:103B80002479020808790208007A0208044B1B68AD
:103B900053F82100034B1B6803EB4000704700BF44
:103BA000142C0020182C0020072070470048704774
:103BB000242C002010B5FFF7BFFE064C2060FFF755
:103BC00041FE6060FFF77AFEA060FFF7F3FEE06061
:103BD00010BD00BF242C002010B5002404600C6030
:103BE00014601C6010BD704710B54FF4AE710446F0
:103BF0001EF0F8FB204610BD10B50446D0F8580161
:103C000000F015F82046BDE810400BF031BE000072
:103C100010B50446FEF7EEFF014B2360204610BDB1
:103C20000858020800220260828082607047704754
:103C3000704704387047D0E9022003689168DB6A56
:103C40001847704710B5102104461EF0CBFB2046E4
:103C500010BDA0F10400F5E700228260024A026074
:103C600018324260C16070475C580208704700001B
:103C7000D0F8882203680132C0F88822014ADB6A42
:103C800011881847C428002010B5034B0360044670
:103C9000FFF7BFF8204610BD8458020810B504464F
:103CA000FFF7F2FF20464FF427711EF09BFB2046E2
:103CB00010BD000010B50446FFF792F9034B2360D6
:103CC0000023C4F88832204610BD00BF8458020883
:103CD000FFF7A0B838B5044600F523750B46284613
:103CE000054A08210FF026FAC4F8E05004F19800C4
:103CF000BDE838400CF0ECBE25500208704704388F
:103D00007047C0680368DB68184710B51C2104467B
:103D10001EF068FB204610BDA0F10400F5E710B5C9
:103D20000446C06800F0AEFBA3689A689042C8BF22
:103D3000986010BD10B5054C046000221834C0E92D
:103D40000312826044604261028310BDBC580208C5
:103D5000704700F5805210B5002304460321C0F8D7
:103D6000FC32C2E9E413C2F8883382F88C33C2F81B
:103D7000983382F89C332146C0F8F03DC2F8843372
:103D8000024600F5167082F808330C32824281F840
:103D90007D3501F12C01F6D104F5A470CE22672106
:103DA000FDF7D5FA236820461B6B0021984723684E
:103DB00020465B6BBDE810401847C36B00F5805090
:103DC000D0F894231A83704738B5044600F6F455AA
:103DD0000B462846054A08210FF0ACF9C4F8B45246
:103DE00004F51B70BDE838400CF072BE2550020887
:103DF00000F5805310B5D3F890330446032B0AD84E
:103E0000DFE803F002171E2703689B6B98470BF04F
:103E100085FCFEF723FF04F16C000CF059FE04F161
:103E200098000CF055FE04F1C400BDE810400CF001
:103E30004FBE012380F89130002384F8BD3005E0A7
:103E4000012380F8913080F8BD30002384F8E930F8
:103E5000E1E7012380F89130EFE700000F4B70B5E8
:103E60000446036041F2503540F60476B54205D071
:103E7000635960191B6898472C3DF7E740F6C45515
:103E800040F22C56635960191B682C3D9847B54287
:103E9000F8D12046FFF73BFA204670BDE4580208EF
:103EA00010B50446FFF7DAFF20464FF49D511EF08F
:103EB00099FA204610BD000013B50A4B0A4A1B8828
:103EC000128892B2044600929BB2084A0C2100F577
:103ED00038700FF02FF904F5EC7002B0BDE8104017
:103EE0000CF0F6BDCA280020C8280020285002087F
:103EF00038B5084D0C4601221021284601F03CFB44
:103F0000204600F0ADFE28460022BDE838401021D2
:103F100001F032BB000402402DE9F74F2C4FDFF8CF
:103F2000B89005460E464FF0000AB24502DB03B0DA
:103F3000BDE8F08F002405F60C620C2101FB04F8AB
:103F400012F8080000283FD16946384602F03EFDCD
:103F500001A9384602F03AFD2C214C4305EB040B35
:103F60001C4BBBF9381F1A88521A0099B1FBF2F0AA
:103F700002FB1011BBF93A0FB9F80020C0EB520058
:103F8000019AB2FBF0FC05EB080300FB1C2240F297
:103F90000110A3F80C0EC3F8041EC3F8082E04F594
:103FA0007364DBF8303F2C449B6D204612B209B29B
:103FB000984701238BF8553FDBF8303F20465B697B
:103FC00098470AF1010AB0E70134192CB6D1F8E795
:103FD00068290020283A01202A3A01202DE9F04FD3
:103FE0002DED028B074683B0064600F5736A00F597
:103FF000967800F58059B7EE008A96F80C3E002BB3
:1040000059D096F80D3E002B55D0B7F95021D9F86C
:104010007C53D6F8043EB7F95241D6F808BE019356
:1040200002EBD27205EB6205BAF9082002EBD272FC
:1040300003EB6202AD1A04EBD472D9F8804304EBAF
:104040006204BAF90A2002EBD2720BEB6202A41AE4
:1040500004FB04F205FB052300EE103AB8EEC00A9B
:104060001EF0EAF9B4EEC80AF1EE10FA23DD6D0095
:1040700007EE905AF8EEE77A640087EE807A019BAB
:104080005046FDEEC77A17EE901A07EE904AF8EE0A
:10409000E77A194487EE807ADAF80030C6F8041E11
:1040A0009B6D09B2FDEEC77A17EE902A5A44C6F806
:1040B000082E12B298470C3646450AF12C0A9CD1BC
:1040C00003B0BDEC028BBDE8F08FB2F90400B2F989
:1040D000083010B5B1F9044003449C4215DAB1F937
:1040E00008302344984210DAB2F90600B2F90A30D7
:1040F000B1F9064003449C4207DAB1F90A3023447F
:104100009842ACBF0020012010BD0020FCE7000059
:104110002DE9F04FD0F8FC32B84DB0F8DC22013375
:1041200087B0C0F8FC322B889BB29A42044606D076
:10413000298889B2FFF7C0FE2B88A4F8DC32B04B87
:10414000B4F952611A882B8840F2D3619BB28B423A
:1041500040F2F680288840F62C1380B298428CBF3B
:1041600003200020A7490B8840F2D3659BB2AB42E5
:1041700040F2E9800B8840F62C119BB28B428CBF39
:104180000323002304F580559F49D5F87C730988E3
:10419000B4F950C1C01900F1D980A1EB0C018142E2
:1041A000A8BF0146D5F88003C5F87C131B1800F1A1
:1041B000CF80921B0A3A9A42A8BF1A4604F5A47B04
:1041C00009B2C5F88023584612B2FDF7C0F8204660
:1041D000FFF704FF8D4B1A7800211970002A40D098
:1041E000D5F88473002F3CD1D4F8F02D884B9A4237
:1041F00037DC04F542710C2000FB07F3CE5C002E87
:1042000040F0A8802344012632442C2083F8086320
:104210007843C4F8F02DB4F95021B4F94C112718A3
:1042200002EBD27201EB6201B7F9602502EBD272A8
:10423000A1EB6201B4F94E21C3F80013C3F80423C3
:10424000D7F8583500F5AB6009B220449B6D98470C
:1042500087F87D650A212046FFF74AFE0F23C5F83F
:104260008433D5F88433002BC4BF03F1FF33C5F882
:10427000843304F55F63019304F60C63A24604F5EE
:10428000AB66274602934FF0000897F808336BB1EE
:10429000D7F80423B6F90A30033A5B429A42C7F8CA
:1042A00004235CDA87F8088386F82580019B2C3686
:1042B0009E4207F10C07E8D195F88C7304F5736200
:1042C000002604F60C690C2303FB06F819F8081005
:1042D00041B13FB959462046FFF7F7FE0C230028AD
:1042E00040F09A800136192E02F12C02ECD1002FF9
:1042F00040F0B18004F596739AF80C2EEAB90AF1F1
:104300000C0A5345F8D1D5F89833312B15DC05A9A3
:10431000404802F05BFB05990523B1FBF3F303EB87
:104320008303C91AD5F8983301315A18322AC8BF05
:10433000C3F132012046FFF7EFFD07B0BDE8F08F73
:104340006FF002000EE76FF002031BE7002129E780
:10435000002233E70137322F7FF44EAF7EE7336818
:10436000B7F900139B6D12B2304698474FF0000921
:1043700004F573620C2303FB09F302990393C95CF0
:10438000A1B331462046FFF7A0FE039B70B3234440
:1043900087F8088386F8258083F80C8E2C2303FB8E
:1043A0000943104683F8558FD3F8303F5B6998472F
:1043B00032212046FFF79CFDD5F8941323680A317B
:1043C0001B6BC5F8941320469847D5F898330133F2
:1043D000312BC5F898337FF769AF95F89C33002BE4
:1043E0007FF464AF012385F89C335FE709F101098D
:1043F000B9F1190F02F12C02BCD157E7CA280020ED
:104400002A3A0120C8280020283A0120C628002086
:10441000FFC99A3B68290020D5F89033013BC5F8C5
:1044200090332C2303FB06461046D6F8303F86F81F
:10443000557F5B699847A044236888F80C7E5B6BC6
:1044400020469847FA212046FFF752FD012385F8C0
:104450008C33C5F88873D5F888330133DA0758BF31
:1044600094F86D21C5F888335CBF82F0010284F8AE
:104470006D213B2BC1BF002385F88C33012384F8C9
:104480006D3137E700F58050D0F894037047000095
:104490002DE9F74F0446FFF737F8364B236000232A
:1044A000C4E9BE3304F5AB66A4F8DC32A04604F5DB
:1044B0005F6935464FF6FF77284601A92C35ADF8E0
:1044C0000470FEF7D5FF4D45F6D1002304F5736562
:1044D00004F59B57C4F8F03D1C37AA464FF6FF7B06
:1044E000504601A90AF12C0AADF804B0FEF7C0FF4E
:1044F000BA45F5D104F580534FF0000AC3E9E1AAAB
:104500000322C3E9E42A83F88CA3C3F898A383F8B1
:104510009CA3052204F1040B336888F808A31B6EE2
:10452000ADF80420304601A9984786F825A0314609
:1045300058462C3605F054F94E4508F10C084FF05A
:104540000502E9D14FF0020800262B6828461B6EB1
:10455000ADF8048001A9984785F82560294658469A
:104560002C3505F03DF9BD42EFD1204603B0BDE842
:10457000F08F00BFE45802082DE9F74F0446FEF71C
:10458000C7FE04F53873C4F82032454B198820461D
:1045900089B2FFF791FC234604F5167022460021EC
:1045A00083F808130C33834282F87D1502F12C0244
:1045B000F6D1DFF8F4A0BAF800300522143B142736
:1045C00093FBF2F34FF0000900934FF0010B3AB266
:1045D00005254FF000080099019209EB08060C230D
:1045E00003FB064308FB01F10A31C3F8041EA3F8DC
:1045F0000CBEC3F8087E2C235E4306F57360264488
:1046000009B2D6F8303F20449B6D9847013D019A8E
:1046100086F855BF08F10108DDD11437782F09F16C
:104620000509D4D1B4F95011BAF8003001EBD171B9
:104630004910C1EB53011B4B1A88B4F9523104F5F0
:104640008056D21A0A3AC6F87C13C6F8802309B2FB
:1046500012B204F5A470FCF77AFE0323C4F8FC52EE
:10466000C6E9E4352368C6F8985320465B6B86F8A4
:104670009C5398472368D6F894131B6B20469847A1
:1046800004F1F00084F815510CF022FA04F58E7054
:1046900084F8415103B0BDE8F04F0CF019BA00BFE7
:1046A000CA2800202A3A0120283A0120F020704729
:1046B0004FF4A07070472920FDF750BB2820FDF76C
:1046C0004DBB08B5FDF71EFBCA20FDF747FBC32015
:1046D000FDF728FB0820FDF725FB5020FDF722FB06
:1046E000CF20FDF73BFB0020FDF71CFBC120FDF7B1
:1046F00019FB3020FDF716FBED20FDF72FFB6420A2
:10470000FDF710FB0320FDF70DFB1220FDF70AFB60
:104710008120FDF707FBE820FDF720FB8520FDF752
:1047200001FB0020FDF7FEFA7820FDF7FBFACB2015
:10473000FDF714FB3920FDF7F5FA2C20FDF7F2FA0E
:104740000020FDF7EFFA3420FDF7ECFA0220FDF728
:10475000E9FAF720FDF702FB2020FDF7E3FAEA2053
:10476000FDF7FCFA0020FDF7DDFA0020FDF7DAFA8C
:10477000B120FDF7F3FA0020FDF7D4FA1B20FDF776
:10478000D1FAB620FDF7EAFA0A20FDF7CBFAA2200B
:10479000FDF7C8FAC020FDF7E1FA1020FDF7C2FAD4
:1047A000C120FDF7DBFA1020FDF7BCFAC520FDF7AC
:1047B000D5FA4520FDF7B6FA1520FDF7B3FAC72064
:1047C000FDF7CCFA9020FDF7ADFA3620FDF7C6FADA
:1047D000C820FDF7A7FAF220FDF7C0FA0020FDF788
:1047E000A1FAB020FDF7BAFAC220FDF79BFAB62075
:1047F000FDF7B4FA0A20FDF795FAA720FDF792FA23
:104800002720FDF78FFA0420FDF78CFA2A20FDF708
:10481000A5FA0020FDF786FA0020FDF783FA0020B4
:10482000FDF780FAEF20FDF77DFA2B20FDF796FAD1
:104830000020FDF777FA0020FDF774FA0120FDF75C
:1048400071FA3F20FDF76EFAF620FDF787FA012096
:10485000FDF768FA0020FDF765FA0620FDF762FA19
:104860002C20FDF77BFAC820FDF7C6FA2620FDF7BD
:1048700075FA0120FDF756FAE020FDF76FFA0F20D8
:10488000FDF750FA2920FDF74DFA2420FDF74AFAEA
:104890000C20FDF747FA0E20FDF744FA0920FDF73A
:1048A00041FA4E20FDF73EFA7820FDF73BFA3C2016
:1048B000FDF738FA0920FDF735FA1320FDF732FA33
:1048C0000520FDF72FFA1720FDF72CFA1120FDF730
:1048D00029FA0020FDF726FAE120FDF73FFA002033
:1048E000FDF720FA1620FDF71DFA1B20FDF71AFA36
:1048F0000420FDF717FA1120FDF714FA0720FDF741
:1049000011FA3120FDF70EFA3320FDF70BFA4220A1
:10491000FDF708FA0520FDF705FA0C20FDF702FA6D
:104920000A20FDF7FFF92820FDF7FCF92F20FDF7FD
:10493000F9F90F20FDF7F6F91120FDF70FFAC8205D
:10494000FDF75AFA2920FDF709FABDE808402C20A6
:10495000FDF704BA08B5FDF7D5F90321D320FDF71B
:1049600019FA80B208BD10B5C4B202220321204654
:10497000FDF77EF90A20FDF7C3F920460022032146
:10498000FDF776F9BDE810400220FDF7B9B938B55A
:104990000446E4B2FDF76AF900212046FDF780F9EC
:1049A000012105462046FDF77BF940EA052080B24B
:1049B00038BD10B5C4B240212046FDF771F9030699
:1049C00007D54C212046FDF76BF9003818BF0120B0
:1049D00010BD01224B212046FDF74AF92046002256
:1049E0004B21FDF745F90020F2E773B50423C4B26B
:1049F0000E461546D7210DEB03022046FDF76AF956
:104A0000019B1BBA1A0DC3F30B23328020462B8067
:104A100001224B21FDF72CF900224B212046FDF706
:104A200027F902B070BD000010B50A4A1378984209
:104A300004460DD0517888420AD00BB141B9012308
:104A4000D454FDF713F92046BDE81040FFF78BBFA3
:104A500010BD00BF342C002010B5C4B2092120467F
:104A6000FDF71EF940F00102D2B220460921BDE84F
:104A70001040FDF7FDB810B5C4B209212046FDF77E
:104A80000FF9092100F0FE022046BDE81040FDF7B5
:104A9000EFB838B5C4B20D4620460A21FDF700F93B
:104AA00040EA0502D2B220460A21BDE83840FDF7AF
:104AB000DFB810B50446FDF7DAF820461F21FFF7EE
:104AC000E8FF2046BDE81040FFF7C6BF38B5C4B2C6
:104AD0000D4620460A21FDF7E3F820EA0502D2B28E
:104AE00020460A21BDE83840FDF7C2B810B504469B
:104AF000FFF7C1FF20461F21BDE81040FFF7E6BFCA
:104B000010B5C0B20C460B21FDF7CAF8204010BD0D
:104B10001F21FFF7F5BF0A46C0B20B21FDF7A8B869
:104B20001F21FFF7F8BF38B5C4B20D462046172144
:104B3000FDF7B6F820EA0502D2B220461721BDE8FB
:104B40003840FDF795B870B5C4B20646042120463A
:104B5000FDF7A6F8042100F0FB0205462046FDF70C
:104B600087F83046F021FFF7DEFF05F0F802204617
:104B70000421FDF77DF8492220212046FDF778F831
:104B80000220FDF7BDF8204601222121FDF770F833
:104B900020469A224121FDF76BF8204601224A2146
:104BA000FDF766F8204601224B21FDF761F820460B
:104BB00000224B21FDF75CF8204601225621FDF72B
:104BC00057F8204601225821FDF752F820460122CD
:104BD0004021FDF74DF82046FF220B21FDF748F854
:104BE000BDE870400220FDF78BB80000054BD3F8FC
:104BF000882042F47002C3F888204FF000629A6067
:104C0000704700BF00ED00E008B50B4B1A6842F496
:104C100000721A601A6842F480621A601A6842F4DC
:104C200080721A60032000F061FA0020FDF770FB2B
:104C3000FDF7F0F8002008BD003C0240034A044B99
:104C400011681B780B441360704700BF382C00209C
:104C500078000020014B1868704700BF382C0020F6
:104C600038B50446FFF7F6FF631C1CBF054B1B78E5
:104C7000054618BFE418FFF7EDFF431BA342FAD324
:104C800038BD00BF7800002038B50446002800F089
:104C90009B80056C25B9FDF7DDF8656484F83C5010
:104CA000236CDB0600F18E80236C23F4885323F001
:104CB000020343F002032364444B5A6822F4403257
:104CC0005A605A6861680A435A60236821695A68C1
:104CD00022F480725A605A6842EA01225A605A6885
:104CE000A16822F040725A605A680A435A609A6872
:104CF000E16822F400629A609A680A439A60344933
:104D0000A26A8A4252D0996821F0706199609968CC
:104D10000A439A609A68E16A22F040529A609A685F
:104D20000A439A609A6822F002029A609A68217E89
:104D300042EA41029A6094F82020002A3ED05A6844
:104D4000616A42F400625A605A6822F460425A6012
:104D50005A68013942EA41325A60DA6AE16922F45A
:104D60007002DA62DA6A013942EA0152DA629A685A
:104D700022F400729A609A6894F8301042EA412254
:104D80009A609A68616922F480629A609A68002049
:104D900042EA81229A606064236C23F0030343F0AB
:104DA00001032364002384F83C3038BD9A6822F064
:104DB00070629A609A6822F04052B2E75A6822F410
:104DC0000062C9E70120EDE70120EEE70023014082
:104DD0000100000F82B00023019390F83C30012BBA
:104DE00069D0012380F83C3003689A68D2070BD55C
:104DF0009A68D1071AD4036C43F010030364436C20
:104E000043F0010343644CE09A682C4942F00102EC
:104E10009A602B4A1268B2FBF1F202EB4202019255
:104E2000019A002AE4D0019A013AF8E7026C22F4D0
:104E3000E06222F0010242F4807202645A68520574
:104E400041BF026C22F4405242F480520264026C70
:104E500012F480521CBF426C22F00602426400220F
:104E600080F83C206FF022021A60164A516811F057
:104E70001F0F15491CD18B4207D001F580718B4261
:104E80000CD1526812F01F0F0BD19A6812F0405FDC
:104E900007D19A6842F080429A6002E00B498B4247
:104EA00002D0002002B07047526812F0100FEBE7FA
:104EB0008B42F6D1E9E70220F4E700BF40420F0041
:104EC0007400002000230140002001400022014026
:104ED00090F83C30012B14D003689A6822F001024C
:104EE0009A609B68DB0707D4036C23F4885323F094
:104EF000010343F001030364002380F83C301846AB
:104F000070470220704703689A68520570B50446DE
:104F10000D460BD59B68DE0508D5036C43F02003D6
:104F20000364002380F83C30012070BDFFF792FE3F
:104F3000064623681A6891070CD56FF012021A60B2
:104F4000226C42F4007222649A6812F0405F17D01B
:104F50000020EAE7681CEDD065B923681B6813F0F0
:104F60000203E6D1226C84F83C3042F00402226451
:104F70000320DAE7FFF76EFE801BA842EDD8D8E7E2
:104F8000227E002AE4D1DA6A12F4700F02D09B6804
:104F90005A05DDD4236C23F480732364236CDB0473
:104FA000D6D4236C43F001032364D1E70368D86CA3
:104FB00070470000F7B50023019390F83C30012BB7
:104FC000054600F08680012380F83C3008682B6895
:104FD0008E68092884B233D904EB4402DF681E3A94
:104FE0004FF0070C0CFA02FC27EA0C07DF60DF68C1
:104FF00006FA02F23A43DA604968062901EB8102B7
:105000002DD8596B053A1F26964021EA06015963AF
:10501000596B04FA02F20A435A632F4A93420AD1A7
:10502000122837D12D4B5A6822F400025A605A6870
:1050300042F480025A60002085F83C0003B0F0BDC5
:105040001A6900EB400C072707FA0CF722EA07025F
:105050001A611A6906FA0CF616431E61CCE70C2990
:105060004FF01F010BD81E6B233A914026EA010135
:105070001963196B04FA02F20A431A63CDE7DE6A78
:10508000413A914026EA0101D962D96A94400C4321
:10509000DC62C2E7124B984201D01128CBD10F4BF2
:1050A0005A6822F480025A605A6842F400025A6038
:1050B0000B4B9842BFD10B4B0B4A1B68B3FBF2F36F
:1050C0000A2253430193019B002BB4D0019B013B67
:1050D000F8E70220B2E700BF0020014000230140B2
:1050E000120000107400002040420F000749CA68F7
:1050F00022F4E0620302120403F4E063120C13438F
:1051000043F0BF6343F40033CB60704700ED00E031
:10511000164B30B5DC68C4F30224C4F10703251D27
:10512000042B28BF0423062D4FF0FF358CBF033C12
:10513000002405FA03F321EA0303A54022EA05024D
:10514000A340002843EA0203ACBF00F16040084AD4
:105150004FEA0313B8BF00F00F00DBB2AABF00F59F
:105160006140135480F8003330BD00BF00ED00E013
:1051700014ED00E0002807DB044A4109012300F098
:105180001F00834042F82130704700BF00E100E07B
:1051900010B5044650B1437903F0FF0213B9027110
:1051A000FCF78AFE01236371002010BD0120FCE79B
:1051B00010B5044620B390F8393003F0FF021BB954
:1051C00080F83820FCF790FE022384F839302368F9
:1051D00061681A6822F440320A431A605A6BA16867
:1051E00022F007020A435A631A6CE1686FF30D025A
:1051F0000A431A6400200123E06384F8393010BDAB
:105200000120FCE770477047036870B55E681D6851
:10521000F207044614D5E90512D51A6822F4807203
:105220001A60C26B42F00102C26301229A60042339
:1052300080F83930002380F83830436903B198474B
:10524000B20616D5AB0414D523681A6822F40052AE
:105250001A6020229A60E36B43F00203E3630423A5
:1052600084F83930002384F8383063690BB1204664
:105270009847300716D5290514D523681A6822F4F3
:1052800000621A6008229A60E36B43F00403E36350
:10529000042384F83930002384F8383063690BB173
:1052A0002046984772070BD56B0509D523681A6805
:1052B00022F480621A6004229A602046FFF7A2FF5F
:1052C000B00714D5A90512D523681A6822F4007214
:1052D0001A6002229A60E36BE363012384F8393099
:1052E000002384F8383023690BB120469847F20632
:1052F00013D5EB0411D523681A6822F480521A6082
:1053000010229A60E36BE363012384F839300023B1
:1053100084F838302046FFF776FF70BDF0B590F87E
:105320003820012A03464FF002002BD0012283F8D7
:10533000382083F8390003EB0112D2E90740556A9F
:10534000174F44EA0040093C012C9CBF05F07F4206
:1053500010434FEA01161A6888BF40EA056091B908
:10536000516A394001435162012C9969916103D816
:10537000596A21F07F4191620122002083F839208F
:1053800083F83800F0BDD16939400143D1619919E2
:10539000012C896911619CBF25F07F451562EBE7FF
:1053A000F0FFFC002DE9F74FDFF8BC916C4A0023B9
:1053B0000D6801249C4004EA0506AC4340F0B78028
:1053C0004D68032705F003044FEA430807FA08FC79
:1053D000671E012F6FEA0C0C34D8876807EA0C0EA1
:1053E000CF6807FA08F747EA0E078760476827EA99
:1053F000060EC5F300179F4047EA0E074760C768CF
:1054000007EA0C0E8F6807FA08F747EA0E07022C26
:10541000C76019D14FEAD30A00EB8A0A03F0070BE1
:10542000DAF820704FEA8B0B4FF00F0E0EFA0BFEDE
:1054300027EA0E0E0F6907FA0BF747EA0E07CAF8BC
:10544000207001E0032CDAD1076804FA08F407EAB7
:105450000C073C4315F4403F046068D000240194DD
:10546000D9F8444044F48044C9F84440D9F8444051
:1054700023F0030707F1804704F4804407F59C37C5
:10548000019403F0030C019CD7F808E04FEA8C0C60
:105490000F2404FA0CF42EEA040E324CA0424DD034
:1054A00004F58064A0424BD004F58064A04249D04A
:1054B00004F58064A04247D004F58064A04245D042
:1054C00004F58064A04243D004F58064A04241D03A
:1054D00004F58064A0423FD004F58064A0423DD032
:1054E00004F58064A04214BF0A24092404FA0CF4D1
:1054F00044EA0E04BC609468F74315F4801F0CBFA7
:105500003C4034439460D46815F4001F0CBF3C4009
:105510003443D460546815F4003F0CBF3C4034431E
:1055200054601468ED0354BF3C40344314600133AD
:10553000102B7FF43DAF03B0BDE8F08F0024D5E71A
:105540000124D3E70224D1E70324CFE70424CDE7E5
:105550000524CBE70624C9E70724C7E70824C5E7E5
:10556000003C01400000024000380240036919423B
:1055700014BF0120002070470AB1816170470904FF
:10558000FBE7436901EA030221EA030141EA024120
:105590008161704701684B6913F480634FF000022A
:1055A00010D06FF480634B612023026380F83D309C
:1055B00080F83E20036C80F83C2043F00403036431
:1055C00001207047184670472DE9F84606460F46F9
:1055D00091461D464FEA114A3368BAF1010F0CBFDC
:1055E0005C699C6927EA0404A4B2B4FA84F46409EF
:1055F000A14501D0002025E06A1CEED0FFF72AFB70
:10560000089BC01AA84201D8002DE5D13368BAF131
:10561000010F0CBF5B699B6927EA03039BB2B3FAD6
:1056200083F35B099945D7D100232022336386F8A1
:105630003D2086F83E30326C86F83C3042F0200245
:1056400032640120BDE8F8862DE9F04104460F469A
:10565000164698462568686927EA000080B2C0B1FE
:105660006B695A0517D52B6843F400732B606FF4F0
:1056700080636B6120220023236384F83D2084F83B
:105680003E30236C43F004032364002384F83C3051
:105690000120BDE8F081731CDDD0FFF7DBFAA0EB41
:1056A0000800B04201D8002ED4D123685A6927EAF5
:1056B000020292B2002ACDD000232022236384F874
:1056C0003D2084F83E30236C1343DDE770B504467B
:1056D0000D46164623685B691B0601D500201EE0B7
:1056E0002046FFF757FFC8B96A1CF3D0FFF7B2FA9C
:1056F000801BA84201D8002DECD123685B6913F010
:105700008003E7D12022236384F83D2084F83E30D3
:10571000226C84F83C3042F020022264012070BDEB
:105720002DE9F0431546026885B0DDE90C7899460D
:10573000136843F4807313600E463B46CDF8008037
:1057400000224FF001110446FFF73EFF236838B1F5
:105750001B68DB0502D54FF400732364032620E0A9
:1057600006F0FE061E611A4943463A462046FFF7F8
:105770006BFFA8B9236803905A6903929B6903934E
:10578000424639462046039BFFF7A0FF064660B11C
:10579000236C042B01BF2268136843F40073136069
:1057A0000126304605B0BDE8F083B9F1010F23684A
:1057B00002D1EDB21D61F4E72A0A1A613946424668
:1057C0002046FFF783FF0028E2D12368F1E700BFFE
:1057D000020001002DE9FF479A46036815461A6842
:1057E00042F480621A601A68DDE90C7842F4807233
:1057F0001A600E463B46CDF8008000224FF00111A2
:105800000446FFF7E1FE236838B11B68DB0544BF9F
:105810004FF400732364032021E05FFA86F906F059
:10582000FE061E612B4943463A462046FFF70CFF11
:10583000A0B9236803905A6903929B690393424677
:1058400039462046039BFFF741FF58B1236C042BD8
:1058500001BF2268136843F400731360012004B091
:10586000BDE8F087BAF1010F23681AD1EDB24246C4
:105870001D6139462046FFF729FF02460028E5D181
:1058800021680B6843F480730B602046CDF80080DC
:105890003B464FF00111FFF797FE226860B1136895
:1058A000B4E72A0A1A61394642462046FFF70EFF3E
:1058B0000028CBD12368D9E749F0010313610549DA
:1058C00043463A462046FFF7BFFE003818BF012086
:1058D000C5E700BF0200010070B504460D4616463C
:1058E00023685B695B0701D500201EE02046FFF7B7
:1058F00051FEC8B96A1CF3D0FFF7ACF9801BA8426F
:1059000001D8002DECD123685B6913F00403E7D1C3
:105910002022236384F83D2084F83E30226C84F8F2
:105920003C3042F020022264012070BD70B5044674
:105930000D46164621684B6913F0400301D0002044
:1059400011E04A69D2060FD56FF010024A61202299
:10595000236384F83D2084F83E30236C23640023C5
:1059600084F83C30012070BDFFF774F9801BA84219
:1059700001D8002DDED123685B6913F04003D9D133
:105980002022236384F83D2084F83E30236C1343A7
:10599000E4E7000070B5044608B9012070BD90F836
:1059A0003D3003F0FF021BB980F83C20FCF7BEFA43
:1059B000242384F83D3023681A6822F001021A601B
:1059C0001A6842F400421A601A6822F400421A600F
:1059D00000F08AFE3F4B65689D4294BF3E4B3F4BB3
:1059E00098428CBF00230123002BD6D12268394E68
:1059F00051683B4BB0FBF3F321F03F011943B54233
:105A0000516088BF4FF49676116A88BF734321F0C6
:105A10003F0184BF4FF47A76B3FBF6F301330B43B7
:105A20001362D169431E2B4821F44F41854221F076
:105A3000FF0132D86D0040F6FC70B3FBF5F3013383
:105A4000034242D0C3F30B031943D161D4E90730B9
:105A50001168034321F0C0010B4313609168D4E93E
:105A6000030321F40341034321F0FF010B4393603F
:105A7000D4E90530D168034321F0FF010B43D36023
:105A8000136843F00103136000202023206484F88E
:105A90003D30206384F83E0080E7A06850B905EBF4
:105AA0004505B3FBF5F30133C3F30B037BB143F4BB
:105AB0000043C9E719206843B3FBF0F30133C3F394
:105AC0000B0323B143F44043BEE70423BCE70123A7
:105AD000BAE700BFA08601007F841E00FF083D00DA
:105AE00040420F002DE9F743044699460C9E0F46AD
:105AF0009046FFF7AFF894F83D30202B054603D0D1
:105B0000022003B0BDE8F08300903C491923012234
:105B10002046FFF759FD0028F2D194F83C30012BC4
:105B2000EED02068012384F83C300368D9075EBFBB
:105B3000036843F001030360036823F40063036018
:105B4000212384F83D30402384F83E300023236431
:105B50000A9B6362BDF82C306385638D2385284BD7
:105B6000E3624246CDE900654B4639462046FFF7E1
:105B7000D7FD00282AD00120C3E7FFF7A7FD40B1D9
:105B8000236C042B01BF2268136843F40073136075
:105B9000F1E7636A27681A4612F8011B39616262ED
:105BA000628D218D013A92B262857A69481E80B277
:105BB000520720850AD548B15A783A6102336362A8
:105BC000638D013B02399BB221856385238D2A4673
:105BD00031462046002BD0D1FFF77EFE0028CFD1E2
:105BE0002268136843F400731360202384F83D3067
:105BF00084F83C0084F83E0083E700BF02001000F8
:105C00000000FFFF2DE9F043044687B09946109F3E
:105C10000D469046FFF71EF894F83D30202B0646BF
:105C200004D00225284607B0BDE8F08300907A49E9
:105C3000192301222046FFF7C7FC0028F1D194F870
:105C40003C30012BEDD02068012384F83C30036800
:105C5000DB075EBF036843F001030360036823F4BE
:105C600000630360222384F83D30402384F83E30F3
:105C7000002323640E9B6362BDF83C306385638D13
:105C80002385664BE3622946CDE900764B464246C2
:105C90002046FFF79FFD054608B10125C2E7228D8A
:105CA0002368B2B902905A6902929A690292029AE2
:105CB0001A6842F400721A60DFF86481238D002BA9
:105CC0002CD1202284F83D2084F83C3084F83E30EA
:105CD000A8E7012A0AD11A6822F480621A600390A8
:105CE0005A6903929A690392039AE1E7022A0ED154
:105CF0001A6822F480621A601A6842F400621A601C
:105D000004905A6904929B690493049BD4E705901C
:105D10005A6905929B690593059BCDE7032B56D8DD
:105D2000012B15D1324639462046FFF7FFFD0028EA
:105D3000B3D123681A69636A1A70636A01336362B4
:105D4000238D013B2385638D013B9BB26385B5E7C2
:105D5000022B00963B464FF000024146204619D1E7
:105D6000FFF732FC002898D123681A6842F40072C9
:105D70001A601A69636A1A70626A531C6362238D1F
:105D8000013B2385638D013B9BB2638523681B69BF
:105D90005370D2E7FFF718FC024600287FF47DAF6E
:105DA0002368196821F4806119601969636A1970A0
:105DB000636A01336362238D013B2385638D013B5D
:105DC0009BB26385414600963B462046C8E7324673
:105DD00039462046FFF7AAFD00287FF45EAF23680E
:105DE0001A69636A1A70628D616A013A92B24B1C39
:105DF000628522686362238D5069013B9BB2400734
:105E000023857FF55BAF032B02BF136823F4806308
:105E1000136013694B7090E7020010000000FFFF51
:105E20000400010010B590F83D30202BDCB216D1F3
:105E3000242380F83D3003681A6822F001021A60BA
:105E40005A6A22F010025A625A6A114359621A6859
:105E500042F001021A6080F83D40002010BD02208F
:105E6000FCE730B590F83D30202BDCB216D102684B
:105E7000242380F83D30136823F001031360556A32
:105E80004FF6F0732B400B439BB25362136843F001
:105E90000103136080F83D40002030BD0220FCE784
:105EA0000068D20184328318F0B5C7685D684C6819
:105EB0000E6805F470455D60C56806F1010CC5F318
:105EC0000B45C7F30B472744654445EA07455D602A
:105ED000C768CD68C7F30A072F449D6805F470456D
:105EE0009D60D0F80CC08D68CCF30A0C0135654478
:105EF00045EA07459D601D69D1F810C08F6925F0FE
:105F000007051D61C3F810C091F8305045EA0765D8
:105F100091F8317045EA072591F8327045EA074556
:105F20009D615D6925F0FF055D614D695D61DD691C
:105F300025F4E06525F00705DD61D1E907573D430C
:105F4000DD61BCF1070F4D6A9D629CBF0D4D15F8D8
:105F50000C70DD6A05F0E025DD6288BF01278D6ADF
:105F6000C96AA41B7C437D43033444EA0544DC62D4
:105F70001C6B6FF30A041C631963835843F001031D
:105F80008350F0BD3859020838B5044600284ED079
:105F900090F8A13003F0FF021BB980F8A020FCF7B5
:105FA00021F8022384F8A13023689A6922F0704214
:105FB0009A61D4E901200243E068996902432069AB
:105FC00002430A439A61D4E9051242EA01429A6007
:105FD000D4E9071242EA0142DA60D4E9091242EA3E
:105FE00001421A61D4E90B1242EA01425A61DA6AAB
:105FF00094F8350094F8361002F07F42DA62DD6AD8
:1060000094F834202A4342EA002242EA0142DA624A
:106010005A6B42F006025A639A6942F001029A6191
:1060200000200123C4F8A40084F8A13038BD012069
:10603000FCE770477047036870B59E6B5D6B720735
:10604000044614D5690712D55A6B22F004025A632C
:106050000422DA63D0F8A43043F00103C0F8A4307E
:10606000002380F8A12080F8A030FFF7E2FFB207FC
:1060700016D5AB0714D523685A6B22F002025A6377
:106080000222DA63D4F8A4301343C4F8A430042302
:1060900084F8A130002384F8A0302046FFF7C9FF20
:1060A000F00710D5E9070ED523685A6B22F00102DC
:1060B0005A630122DA63002384F8A12084F8A03017
:1060C0002046FBF7ADFA320711D52B070FD5236811
:1060D0005A6B22F008025A630822DA63012384F81B
:1060E000A130002384F8A0302046FFF7A3FF70BD45
:1060F0002DE9F04190F8A030012B06460F4694465A
:106100004FF002001FD04FF0010886F8A08086F8FB
:10611000A10034240D4604FB02640FCD38340FC4B3
:106120000FCD0FC40FCD0FC42B68236030466246DD
:106130003946FFF7B5FE33680020C3F8248086F89F
:10614000A18086F8A000BDE8F081000090F8A020B2
:10615000012A03464FF0020012D01A6883F8A1000A
:10616000506B20F00100506306480164516B41F010
:10617000010151630020012283F8A12083F8A000CF
:10618000704700BF0068014037B500230193184BEA
:10619000184D1A6C42F080521A641B6C03F0805345
:1061A0000193019B144B01221A64FEF753FD044630
:1061B0006B68DA030BD5104B0E4D01225A64FEF7C3
:1061C00049FD04466B689B030AD5002006E0FEF7F4
:1061D00041FD001BB0F57A7FEAD9032003B030BD42
:1061E000FEF738FD001BB0F57A7FEBD9F5E700BF6D
:1061F000003802400070004000000E422DE9F341DB
:10620000044640B30368DE0710D423689D075BD4BF
:106210002368190700F19D8023685A0700F1BD80AB
:10622000A369002B40F0248100202CE08D4B9A685C
:1062300002F00C02042A07D09A6802F00C02082A25
:106240000BD15B68590208D5864B1B689A03DCD5D5
:106250006368002BD9D1012015E06368814DB3F547
:10626000803F13D12B6843F480332B60FEF7F2FCA0
:106270007C4E054633689B03C7D4FEF7EBFC401BFE
:106280006428F7D9032002B0BDE8F081B3F5A02F50
:1062900004D12B6843F480232B60E3E72A6822F4BF
:1062A00080322A602A6822F480222A60002BDDD105
:1062B000FEF7D0FC06462B689F03A6D5FEF7CAFC66
:1062C000801B6428F7D9DDE7664B9A6812F00C0F43
:1062D00007D09A6802F00C02082A11D15B685D02AF
:1062E0000ED4604A1368990702D5E368012BB2D136
:1062F0001368216923F0F80343EAC103136087E7B9
:10630000E268594BB2B101221A60FEF7A3FC554D69
:1063100006462B689B0707D52B68226923F0F803F4
:1063200043EAC2032B6073E7FEF794FC801B02284C
:10633000EFD9A7E71A60FEF78DFC4A4E0546336891
:106340009F077FF565AFFEF785FC401B0228F6D955
:1063500098E76269444B82B10122C3F8802EFEF7B0
:1063600079FC404E0546736F9B073FF555AFFEF72E
:1063700071FC401B0228F6D984E7C3F8802EFEF793
:1063800069FC384E0546736F9F077FF545AFFEF7F2
:1063900061FC401B0228F6D974E7324B1A6C12F0EC
:1063A000805228D101921A6C42F080521A641B6C00
:1063B00003F080530193019B01272C4D2B68D805D6
:1063C0001BD5A368274D012B27D12B6F43F0010369
:1063D0002B67FEF73FFC234E054641F28838336FAA
:1063E0009A0739D5002F3FF41BAF1E4A136C23F0D8
:1063F0008053136414E70027DFE72B6843F48073AE
:106400002B60FEF727FC06462B68D905D9D4FEF78A
:1064100021FC801B0228F7D934E7052B04D12B6F10
:1064200043F004032B67D0E72A6F22F001022A67AA
:106430002A6F22F004022A67002BCAD1FEF70AFC59
:1064400041F2883806462B6F9B07CBD5FEF702FC3E
:10645000801B4045F7D915E7FEF7FCFB401B404584
:10646000BDD90FE7003802400000474200700040ED
:10647000374DAA6802F00C02082A3ED0022B354B99
:106480004FF000021A662BD1FEF7E4FB06462B689C
:1064900099011FD4D4E907321343626A43EA821395
:1064A000E26A43EA0263A26A5208013A43EA0243FB
:1064B0006B60284B264D01221A66FEF7CBFB044683
:1064C0002B689A013FF5B0AEFEF7C4FB001B022813
:1064D000F6D9D7E6FEF7BEFB801B0228D7D9D1E656
:1064E000FEF7B8FB04462B689B017FF59DAEFEF7D7
:1064F000B1FB001B0228F6D9C4E6012B3FF4ABAE7A
:106500006B68E26903F4800191427FF4A4AE216AD2
:1065100003F03F028A427FF49EAE616A47F6C07282
:106520001A40B2EB811F7FF496AEA26A520803F4C0
:106530004031013AB1EB024F7FF48DAEE26A03F0D5
:106540007063B3EB026F14BF012000209BE600BF15
:106550000038024000004742134908B58B6803F039
:106560000C03042B1CD0082B1CD14A684B684968CB
:1065700013F4800314BF0D480D48C1F3881118BFF0
:10658000002302F03F02A1FB0001F9F7D1FE064B08
:106590005B68C3F3014301335B00B0FBF3F008BD5C
:1065A0000248FCE70248FAE70038024000127A008D
:1065B0000024F4002DE9F0410D46044610B90120F5
:1065C000BDE8F081434B1A6802F00F028A4228D3DB
:1065D00021688F072DD4C80740D43E4B1A6802F0BB
:1065E0000F02AA4265D8226851076BD4130707D55A
:1065F000394A2169936823F4604343EAC1039360F5
:10660000FFF7AAFF344B354A9B68C3F30313D35CEF
:10661000D840334B1860334B1868FBF779FE0020E5
:10662000CEE7CAB21A701B6803F00F038B42C6D1C3
:10663000CEE7294B11F0040F1EBF9A6842F4E052D6
:106640009A600E0742BF9A6842F460429A609A6864
:10665000A06822F0F00202439A60BCE762681E4B19
:10666000012A1CD11B6813F4003FA8D01A4EB3684E
:1066700023F003031343B360FEF7ECFA41F28838CA
:106680000746B368626803F00C03B3EB820FA4D033
:10669000FEF7E0FAC01B4045F3D9032090E7911EB6
:1066A00001291B6802D813F0007FDEE713F0020F08
:1066B000DBE7EAB21A701B6803F00F03AB427FF40A
:1066C0007EAF90E70449E0688B6823F4E05303430E
:1066D0008B608BE7003C02400038024028590208DA
:1066E000740000207C000020044B054A9B68C3F323
:1066F0008223D35C034A1068D840704700380240B8
:1067000020590208740000200F2303600B4B9A6885
:1067100002F0030242609A6802F0F00282609A6816
:1067200002F4E052C2609B68DB0803F4E0530361AB
:10673000034B1B6803F00F030B60704700380240E7
:10674000003C0240036813F0430FF7B5044640F0E5
:106750008880236813F00C0F45D08C4B8C4D0022A1
:106760001A67FEF777FA06462B68990000F1CB808E
:1067700021684A0715D5D4E90403D5F888201B06FB
:1067800002F0E04243EA80131343C5F88830D5F89D
:106790008C30226A23F4F853013A43EA0223C5F805
:1067A0008C300B0714D57A4AA369D2F88810206977
:1067B0001B0701F0706143EA80130B43C2F8883075
:1067C000D2F88C30616A23F440330B43C2F88C302A
:1067D0006E4B6F4E01221A67FEF73CFA054633688E
:1067E0009F0040F197802368980634D500230193D9
:1067F000674B684D1A6C42F080521A641B6C03F0B0
:1068000080530193019B2B6843F480732B60FEF748
:1068100021FA06462B68D80540F183805C4DA26AB8
:106820002B6F13F4407340F08380A36A03F440722B
:10683000B2F5407F564A40F09E80916823F0704048
:1068400021F4F81120F4407001439160116FC3F3FB
:106850000B030B4313672368DB0600F190800020D5
:106860004FE04A4B4A4E00229A66FEF7F3F905467E
:1068700033681F013FD42168C80741BFD4E9012311
:106880001B0743EA8213C6F884308A0715D5404AAD
:10689000E368D2F8840065681B0600F0E04043EA34
:1068A00085130343C2F88430D2F88C00E36920F0EA
:1068B0001F00013B0343C2F88C304B060AD5E36846
:1068C00062681B0643EA8213A26843EA0273304AF5
:1068D000C2F884302D4B2E4E01229A66FEF7BAF98B
:1068E000054633681F013FF534AFFEF7B3F9401B8F
:1068F0000228F6D904E0FEF7ADF9401B0228B7D90B
:10690000032003B0F0BDFEF7A5F9801B02287FF637
:106910002BAFF5E7FEF79EF9401B02287FF65FAF2D
:10692000EEE7FEF797F9801B02287FF673AFE7E7E3
:1069300002F4407293423FF478AF2B6F134A012167
:10694000C2F8401E23F440730021C2F8401E2B679A
:106950002B6FD9077FF569AFFEF77CF941F28837D5
:1069600006462B6F9A073FF560AFFEF773F9801B61
:10697000B842F6D9C4E7916821F4F81165E7064BEF
:1069800094F82C20C3F8E02169E700BF00004742DB
:1069900000380240007000400010474210B5044625
:1069A00090B1437903F0FF0213B90271FBF7F6FBD4
:1069B000226802236371136843F00403136000200C
:1069C00001236371A06010BD0120FCE7F8B50379D5
:1069D000012B04460E462BD0427901239A420371C3
:1069E000D5B221D102234371FEF734F9074623685B
:1069F0005A68D20707D59B68E3603360012363714F
:106A0000002500230DE0FEF725F9C01B0228EED972
:106A100023685B6813F00103E9D10122627102224D
:106A2000A26023712846F8BD042282601D46E8E773
:106A30000225F7E738B50D460446C8B190F82C306A
:106A400003F0FF021BB980F82D20FBF7F5FB0223B2
:106A500084F82C30211D206800F008FD6268206851
:106A6000294600F039FD012384F82C30002038BD80
:106A70000120FCE770B590F82C30022B05460E463D
:106A8000D8B212D000F0FB04012C0FD1022385F8FC
:106A90002C30286800F056FD3368022B06BF052312
:106AA00085F82C3085F82C40002070BD0120FCE7D3
:106AB00038B590F82C30022B0446D8B20DD094F89B
:106AC0002C30012BDDB209D10223206884F82C3050
:106AD00000F05CFD84F82C50002038BD0120FCE75C
:106AE0002DE9F3471F46894690460446FEF7B2F863
:106AF0000A9D3D442D1AFEF7ADF8264B1E68C6F3DD
:106B0000CB366E43824601962268936839EA0303C6
:106B10000CBF01230023434501D100202EE07B1C44
:106B2000F3D0FEF797F8A0EB0A00A84229D3236818
:106B30005A6822F0E0025A606268B2F5827F0AD198
:106B4000A268B2F5004F02D0B2F5806F03D11A6887
:106B500022F040021A60A26AB2F5005F07D11A68FB
:106B600022F400521A601A6842F400521A6001239B
:106B700084F85130002384F85030032002B0BDE87F
:106B8000F087019B1BB1019B013B0193BCE71D46B4
:106B9000BAE700BF74000020F0B585B00B46009244
:106BA0000E461746022101220446FFF799FF0546CB
:106BB00028B1636D43F020036365032515E0124B94
:106BC0001868124BB0FBF3F04FF47A7358436368C4
:106BD0000390B3F5827F0BD1009733462A4680217C
:106BE0002046FFF77DFF0028E3D1284605B0F0BD21
:106BF000039B002BF9D0039B013B039323689B6805
:106C00001B06F5D4F1E700BF7400002000366E01CA
:106C100037B50B464168B1F5827F044608D0009233
:106C200001210022FFF75CFFD0B9002003B030BD86
:106C30008168B1F5004F02D0B1F5806F07D12568AA
:106C40002868B1F5806F20F04000286004D00092E1
:106C5000802100222046E5E7009201210022F9E789
:106C6000636D43F0200363650320DFE710B504463E
:106C7000002855D0436A002B4ED14268B2F5827F7E
:106C800000D0C3610023A36294F8513003F0FF02E7
:106C900023B984F850202046FBF798FA2168A068B1
:106CA000A269022384F851300B6823F040030B6083
:106CB000636800F4044003F482730343E06800F463
:106CC00000600343206900F002000343606900F0A4
:106CD0000100034302F400700343E06900F0380050
:106CE0000343206A00F080000343A06A00F40050D0
:106CF00003430B60636A120C03F0100302F00402FA
:106D00001A434A60CB6923F40063CB61002001235E
:106D1000606584F8513010BD0023C0E90433B1E749
:106D20000120F8E72DE9F74304461F460D4690463B
:106D3000FDF790FF94F85130012B8146D8B240F016
:106D40009F80002D74D0B8F1000F71D094F85030AE
:106D5000012B00F09580032384F8513000236365F4
:106D6000C4E91033A4F83680A363A387E387A3683C
:106D7000266884F85000B3F5004F2563A4F83480EA
:106D800007D1336823F040033360336843F4804312
:106D900033603368E2685B065EBF336843F04003EC
:106DA0003360B2F5006F636845D113B1B8F1010FDC
:106DB00007D135F8023BF3602563E38E013B9BB2BC
:106DC000E386E38E9BB2D3B94A4639462046FFF7A5
:106DD000E3FE002851D1A36833B901932368DA6830
:106DE00001929B680193019B012384F85130606DEF
:106DF0000023C01A84F8503018BF012018E0226820
:106E00009368980705D5236B33F8021BD160236381
:106E1000D3E7FDF71FFFA0EB0900B842D1D3791CDF
:106E2000CFD0012384F85130002384F85030032060
:106E300003B0BDE8F08313B1B8F1010F08D12B788E
:106E40003373236B01332363E38E013B9BB2E386F1
:106E5000E38E9BB2002BB7D023689A68920703D5C4
:106E6000226B12781A73ECE7FDF7F4FEA0EB090031
:106E7000B842EDD37B1CEBD0D3E720236365AAE7B0
:106E80000220D5E72DE9F74304460D4691461E46FC
:106E9000DDF82880FDF7DEFE94F851306268012BA2
:106EA0000746D9B20AD0B2F5827F40F0E580A368E8
:106EB000002B40F0E180042940F0DE80002D4BD013
:106EC000B9F1000F48D0002E46D094F85030012B75
:106ED00000F0D280012384F8503094F85130C4F887
:106EE0003890042B1CBF052384F8513000236365C0
:106EF000C4E910332368E687E6861968A687490641
:106F000058BF1968256358BF41F04001A68658BF95
:106F10001960E168B1F5006F55D10AB1012E07D1B2
:106F200035F8022BDA60E38E2563013B9BB2E386E2
:106F30000125E38E9BB28BB9E38F9BB273B93A46BE
:106F400041462046FFF728FE002800F081802023DC
:106F50006365002384F85030012031E021688B689C
:106F60009A070DD5E38E9BB253B145B1236B33F82D
:106F7000022BCA602363E38E013B9BB2E3860025AC
:106F80008A6812F001020CD0E38F9BB24BB1A36B65
:106F9000C96823F8021BA363E38F013B9BB2E3871D
:106FA0001546FDF757FEC01B4045C2D3B8F1FF3F61
:106FB000BFD0012384F85130002384F850300320DF
:106FC00003B0BDE8F0830AB1012E08D12A781A7304
:106FD000236B01332363E38E013B9BB2E3860125E0
:106FE0002DE0226893689B070ED5E38E9BB25BB1C0
:106FF0004DB1236B1B781373236B01332363E38E33
:10700000013B9BB2E38600252268916811F00101E3
:107010000DD0E38F9BB253B1A36BD2681A70A36BF0
:107020000133A363E38F013B9BB2E3870D46FDF77A
:1070300011FEC01B404502D3B8F1FF3FB9D1E38E2A
:107040009BB2002BCDD1E38F9BB2002BC9D176E749
:10705000A36833B901932368DA6801929B680193AE
:10706000019B012384F85130606D0023C01A84F81D
:10707000503018BF0120A3E70220A1E72DE9F74314
:107080001E4690F85130012B044689461746DDB262
:1070900004D00225284603B0BDE8F0830029F9D0CA
:1070A000002AF7D04368B3F5827F0BD183684BB9D0
:1070B000042380F85130134600960A46FFF7E2FE9B
:1070C0000546E7E7FDF7C6FD94F85030012B8046F2
:1070D000DFD0A268C4F838900123002584F850302E
:1070E000B2F5004F4FF0040384F85130C4E9105555
:1070F00065652368E787A7872563A586E58607D1A9
:107100001A6822F040021A601A6822F480421A605B
:107110001A6855065EBF1A6842F040021A60E368BA
:10712000F3B1E38F9BB2FBB123689A68D2073CD5D9
:10713000DA68A36B23F8022BA363E38F013B9BB2B6
:10714000E387EEE723689A68D0071ED5A26B1B7B06
:107150001370A36B0133A363E38F013B9BB2E387FF
:10716000E38F9BB2002BEDD1424631462046FFF71C
:107170004FFD18BB012384F85130656D0023ED1AD3
:1071800084F8503018BF012584E7FDF763FDA0EBBC
:107190000800B042E4D3711CE2D0012384F85130DE
:1071A000002384F85030032574E7FDF753FDA0EB6E
:1071B0000800B042B5D3731CB3D0EEE7202363655B
:1071C000D8E7704790F83D30012B30D1022380F88A
:1071D0003D300368DA6842F00102DA60154A9342F2
:1071E0001AD0B3F1804F17D0A2F57C42934213D04E
:1071F00002F5806293420FD002F5806293420BD079
:1072000002F57842934207D002F57052934203D0C0
:10721000A2F59432934204D19A6802F00702062A3A
:1072200003D01A6842F001021A6000207047012062
:10723000704700BF000001407047704770477047BB
:10724000036870B5DD681E69B10704460DD5AA074D
:107250000BD56FF002021A61012202779B699B072E
:1072600069D0FFF7EAFF00232377710710D56A077B
:107270000ED523686FF004021A61022222779B69FF
:1072800013F4407F20465CD0FFF7D7FF002323771D
:1072900033070FD528070DD523686FF008021A6150
:1072A00004222277DB699907204650D0FFF7C5FFFB
:1072B00000232377F20610D5EB060ED523686FF076
:1072C00010021A6108222277DB6913F4407F2046FE
:1072D00043D0FFF7B2FF00232377F00708D5E90773
:1072E00006D523686FF001021A612046FAF786FD81
:1072F000320608D52B0606D523686FF080021A6186
:10730000204600F0B2F8700608D5690606D5236855
:107310006FF040021A612046FFF791FFB20622D5B6
:10732000AB0620D523686FF0200220461A61BDE825
:10733000704000F099B8FFF77FFF2046FFF77EFF0F
:1073400091E7FFF779FF2046FFF778FF9EE7FFF709
:1073500073FF2046FFF772FFAAE7FFF76DFF204695
:10736000FFF76CFFB7E770BD274A0368904212D061
:10737000B0F1804F0FD0A2F57C4290420BD002F5C5
:107380008062904207D002F58062904203D002F5FD
:107390007842904208D14A6823F070031343CA68C8
:1073A00023F44073134316E0184A9042F7D002F5D5
:1073B00080629042F3D002F580629042EFD0A2F555
:1073C00098329042EBD002F580629042E7D002F50D
:1073D00080629042E3D04A6923F0800313438A68B5
:1073E000C2620A688262084A904203D002F5806253
:1073F000904201D10A690263026842F0040202600D
:1074000001224261036070470000014000400140DA
:1074100010B5044630B390F83D3003F0FF021BB9BD
:1074200080F83C20FFF7CDFE0223206884F83D3031
:10743000211DFFF799FF012384F84630002084F8CE
:107440003E3084F83F3084F8403084F8413084F88E
:10745000423084F8433084F8443084F8453084F86E
:107460003D3010BD0120FCE7704770472DE9F04129
:10747000D1E90738D1E9012CD1E90376D1E90554E6
:10748000D1F824E0096843EA080381B943EA0E030E
:10749000134343EA0C033B43016833432B43234329
:1074A0006FF30E010B4303600020BDE8F08101681B
:1074B00043EA0E0321F4F8410B43036042EA0C0354
:1074C00041683B4333432B4321F4FF42234322F0E3
:1074D0007F0213434360E7E7CB6803F1FF3C4B694E
:1074E000F0B54C688F680E698D690968013B1B0512
:1074F000013C013F013E013D24013F0236042D06BF
:10750000013943EA0C335AB90B43234382683B43A6
:1075100033432B4302F07042134383600020F0BDDD
:10752000826822F4700222F470421343836044EABA
:107530000703C2680B4333432B4302F070421343EB
:10754000C360EBE770B5044615460269D1E9003027
:107550000343C8686FF3150243EA402313438A6864
:10756000013A43EA42132361FDF774FB0646A06922
:1075700010F0200003D06B1CF9D00DB9032070BDB2
:10758000FDF768FB801BA842F1D9F7E743696FF369
:107590004D0343EA410343610020704708B54FF0B3
:1075A000E0231B6901F014FE012803D0BDE8084068
:1075B00000F0E0BB08BD0000EFF305832BB9064BDC
:1075C000186828B901221A6070476FF005007047EB
:1075D0004FF0FF30704700BF9433002010B5EFF339
:1075E00005845CB9084B1A68012A0AD1074AD47786
:1075F00002221A6001F05AFB204610BD6FF0050010
:10760000FBE74FF0FF30F8E79433002000ED00E097
:10761000F0B587B0144600220B460592EFF30582C1
:10762000FAB9F0B154B3A56925B1691E372902D959
:10763000002017E018256268D207F9D466699EB168
:10764000B208D4E9027C216887B1BCF1AB0F08D93C
:10765000246934B12EB1CDE90147009501F0C0FA9B
:107660000590059807B0F0BD8022EAE7BCF1000F55
:10767000F7D12469002CF4D10C4601E018258022B2
:1076800005A9CDE9005192B2214601F0E1FA0128A5
:107690001CBF00230593E4E708B5EFF3058222B988
:1076A00008B101F06BFC002008BD6FF00500FBE79E
:1076B000F7B504460E461546EFF3058242B938B1D8
:1076C000884205D355B1D5E902372BB14F2F22D8C7
:1076D0000024204603B0F0BD002FF9D1012C0CD0BE
:1076E0002046314600F07EFD04460028F0D085B9E2
:1076F0002946204601F09CF8EBE7032200210120F7
:1077000000F027FD0EE01A4600F04AFD044600286E
:10771000DED02D68ECE70128F5D103210091114658
:1077200000F0C9FC04460028D2D0002EDFD0002390
:107730001A46194600F074FD0128D8D0204601F001
:10774000A1F8C5E713B50C4628B3EFF30583CBB119
:1077500009BB01AA019101F01EF8012803D06FF0C6
:10776000020002B010BD019B0BB90020F9E74FF0F9
:10777000E0234FF08052C3F8042DBFF34F8FBFF3C7
:107780006F8FF2E700F04AFF0128EED0002CE6D020
:107790006FF00100E5E76FF00300E2E707B518B30B
:1077A000EFF30583CBB1002301A9019300F047FE5D
:1077B000012804D06FF0020003B05DF804FB019BC8
:1077C0004BB14FF0E0234FF08052C3F8042DBFF3CC
:1077D0004F8FBFF36F8F0020EEE71A46194600F077
:1077E0001FFD0128F7D0E5E76FF00300E4E7F7B5E8
:1077F00005460E461446EFF305871FB100252846BF
:1078000003B0F0BD0028F9D00029F7D0DAB1D2E9F1
:10781000023283B14F2AF1D92269002AEED066697B
:107820004D43AE42EAD3009700F045FC05460028E0
:10783000E4D0246811E0002AE0D12369002BDDD1D7
:107840006369002BDAD128460022314600F081FC22
:1078500005460028D2D0002CEBD12146284600F066
:10786000E7FFCCE773B51C46EFF30586DEB138B30E
:1078700031B32BBB01AA019300F084FD012803D092
:107880006FF0020002B070BD019B0BB90020F9E758
:107890004FF0E0234FF08052C3F8042DBFF34F8F19
:1078A000BFF36F8FF2E758B151B13346224600F073
:1078B000B7FC0128EAD0002CE2D06FF00100E1E72C
:1078C0006FF00300DEE737B51C46EFF30583DBB14D
:1078D00030B329B324BB01AA019400F05CFF012856
:1078E00003D06FF0020003B030BD019B0BB9002044
:1078F000F9E74FF0E0234FF08052C3F8042DBFF3B7
:107900004F8FBFF36F8FF2E750B149B1224600F0BD
:10791000E7FD0128EBD0002CE3D06FF00100E2E797
:107920006FF00300DFE70000034B0360034B0B60C5
:1079300080231360704700BFE8320020E830002049
:10794000034B0360034B0B604FF48073136070476D
:107950003C3000203C2C002010B5104B1A461B6810
:107960008342FBD354681119884201BF4168104615
:1079700009195160446801198B420CD10849096802
:107980008B4203D0596821444160196801609042DC
:1079900018BF106010BD1946F8E700BFB0330020D3
:1079A000AC3300202DE9F041044601F0CFF9424903
:1079B000424D0B680BBB424A56071FBFD01D20F03B
:1079C000070002F58032131A0CBF4FF480330246D1
:1079D00013443C4E083B23F00703002070603260E4
:1079E000C3E90000981AC2E900300B60364B1860FA
:1079F000364B18604FF000432B602E68264255D15D
:107A0000002C46D004F1080360071CBF23F00703D5
:107A10000833002B4AD02D4F3C689C4246D3294A5C
:107A200015686868984204D2D5F800C0BCF1000F10
:107A300015D10968A94239D02968D2F800801160AF
:107A4000C21A102A12D9E81841070BD04FF0500380
:107A500083F31188BFF36F8FBFF34F8FFEE72A4682
:107A60006546DEE742606B60FFF776FF6A6816499D
:107A7000A41A1643164A08683C6000232B6013685A
:107A80006E60844203F1010338BF0C60136008F19B
:107A9000080401F0FFF963070AD04FF0500383F3A5
:107AA0001188BFF36F8FBFF34F8FFEE70024F0E71D
:107AB0002046BDE8F08100BFAC33002098330020A1
:107AC000B8330020B0330020A4330020A8330020B6
:107AD000A033002010B5044690B31A4A50F8043C75
:107AE0001268134208D14FF0500383F31188BFF39B
:107AF0006F8FBFF34F8FFEE750F8081C41B14FF076
:107B0000500383F31188BFF36F8FBFF34F8FFEE7EE
:107B100023EA020340F8043C01F018F90A4A54F839
:107B2000043C1168A4F108000B441360FFF714FF34
:107B3000064A1368BDE810400133136001F0AAB98A
:107B400010BD00BF98330020A83300209C330020D4
:107B500000F108034FF0FF32C0E9022343600361E4
:107B600000230360704700230361704743684B6044
:107B70009A688A6051609960036808610133036004
:107B8000704730B50C68631C0AD103695A684A60B3
:107B900091608B605960036808610133036030BDF8
:107BA00000F10802134652681568A542FAD9EDE7BC
:107BB000D0E9011203698A6051605968814208BFA7
:107BC0005A60002202611A68013A1A601868704708
:107BD00008480068006880F308884FF0000080F3D0
:107BE000148862B661B6BFF34F8FBFF36F8F00DFAB
:107BF00000BF000008ED00E0DFF80C00016841F470
:107C0000700101607047000088ED00E082B0002341
:107C100001930D4B1B68013308D04FF0500383F3E1
:107C20001188BFF36F8FBFF34F8FFEE74FF0500304
:107C300083F31188BFF36F8FBFF34F8F019B002B2E
:107C4000FCD002B0704700BF800000204FF080736E
:107C500040F8043C074B40F80C3C21F001016FF068
:107C6000020340F8081C40F8202C40F8243C44381B
:107C7000704700BF0D7C00080000000000000000FD
:107C8000074B19680868B0E8F04F80F30988BFF324
:107C90006F8F4FF0000080F311887047AFF30080C2
:107CA000F83801204FF0500383F31188BFF36F8F32
:107CB000BFF34F8F0A4A13680133012B13600ED1B3
:107CC0004FF0E023D3F8043DDBB243B14FF0500353
:107CD00083F31188BFF36F8FBFF34F8FFEE77047B9
:107CE00080000020084A136843B94FF0500383F323
:107CF0001188BFF36F8FBFF34F8FFEE7013B136017
:107D00000BB983F311887047800000200000000049
:107D1000EFF30980BFF36F8F154B1A681EF0100F39
:107D200008BF20ED108A20E9F04F10602DE909000E
:107D30004FF0500080F31188BFF34F8FBFF36F8F68
:107D400001F040F94FF0000080F3118809BC196878
:107D50000868B0E8F04F1EF0100F08BFB0EC108AB2
:107D600080F30988BFF36F8F704700BFAFF30080C7
:107D7000F838012008B54FF0500383F31188BFF3A2
:107D80006F8FBFF34F8F00F0EFFF28B14FF0E0236C
:107D90004FF08052C3F8042D002383F3118808BDEF
:107DA0004FF0E022002313619361054B4FF47A7189
:107DB0001B68B3FBF1F3013B536107231361704769
:107DC000740000204FF0E02337B5D3F8001D384A87
:107DD000914208D14FF0500383F31188BFF36F8FA6
:107DE000BFF34F8FFEE7D3F8002D324B9A4208D1F4
:107DF0004FF0500383F31188BFF36F8FBFF34F8FA2
:107E0000FEE72D4B1A78D2B20192FF221A701B782E
:107E10002A4ADBB28DF803309DF8033003F050039B
:107E20001370274A072313609DF80310136809068F
:107E30000AD4032B11D04FF0500383F31188BFF302
:107E40006F8FBFF34F8FFEE7013B13609DF8033048
:107E50005B00DBB28DF80330E6E74FF4407313604C
:107E6000019B154A4FF0E024DBB21370D4F8203D9B
:107E700043F47003C4F8203DD4F8203D43F0704330
:107E8000C4F8203DFFF78CFF0E4B00251D60FFF767
:107E9000B3FED4F8343F43F04043C4F8343FFFF717
:107EA00097FE01F08FF8FFF7B1FE284603B030BD12
:107EB00071C20F4170C20F4100E400E0BC330120E9
:107EC000B833012080000020EFF305830F2B0ED97B
:107ED000114A9B5C114A12789A4208D94FF050031C
:107EE00083F31188BFF36F8FBFF34F8FFEE74FF01F
:107EF000E0230B4AD3F80C3D126803F4E06393428D
:107F000008D94FF0500383F31188BFF36F8FBFF38D
:107F10004F8FFEE7704700BFF0E300E0BC33012065
:107F2000B833012010B50446FFF7BCFEA46BFFF781
:107F3000D9FEB4FA84F0400910BD70B51646026C43
:107F4000856B044642B906689EB9806801F08EF9D7
:107F5000A6600135A56370BD6EB940681BF0B3FC27
:107F60006368226C1344A2686360934224BF236851
:107F700063600020EDE7C0681BF0A5FC226CE3689D
:107F800051429B1A2268E36093423EBFA3685B188C
:107F9000E360022EEDD10DB1013DEAE72846D8E7B6
:107FA000034610B41A6C08466AB1DC689968144438
:107FB0008C4228BF1968DC6028BFD960D9685DF899
:107FC000044B1BF080BC5DF8044B704770B5044651
:107FD000FFF768FE94F8455004F124066DB2002DB9
:107FE00001DD636AB3B9FF2384F84530FFF77AFEF9
:107FF000FFF758FE94F8445004F110066DB2002DBE
:1080000001DD23697BB9FF2384F84430BDE870406B
:10801000FFF768BE304601F04DF808B101F0D2F824
:10802000013D6DB2DBE7304601F044F808B101F0E4
:10803000C9F8013D6DB2E2E738B50D46044640B9D6
:108040004FF0500383F31188BFF36F8FBFF34F8F4F
:10805000FEE7FFF727FED4E90F31226862604B4349
:10806000D0185B1A1A44A060FF230020A063E260CE
:1080700084F8443084F84530A5B9236973B104F11C
:10808000100001F017F848B14FF0E0234FF0805294
:10809000C3F8042DBFF34F8FBFF36F8FFFF722FE9E
:1080A000012038BD04F11000FFF752FD04F1240057
:1080B000FFF74EFDF2E737B50D461C4640B94FF0CD
:1080C000500383F31188BFF36F8FBFF34F8FFEE729
:1080D00043B94FF0500383F31188BFF36F8FBFF3A1
:1080E0004F8FFEE74AB191B94FF0500383F31188E7
:1080F000BFF36F8FBFF34F8FFEE741B14FF05003D7
:1081000083F31188BFF36F8FBFF34F8FFEE75023C8
:108110000193019B502B08D04FF0500383F311883B
:10812000BFF36F8FBFF34F8FFEE70121002D08BF14
:108130002246C4E90F0584F8461022602046019BC0
:10814000FFF77AFF9DF8183084F84C30204603B0D2
:1081500030BDF8B50D461746064640B94FF05003FE
:1081600083F31188BFF36F8FBFF34F8FFEE7484350
:108170005030FFF717FC044670B1002380F84630FA
:1081800065B100F15003C4E90F6523600121204669
:10819000FFF752FF84F84C702046F8BD0346F2E723
:1081A00013B513460C4640B94FF0500383F31188C2
:1081B000BFF36F8FBFF34F8FFEE7884208D24FF0B7
:1081C000500383F31188BFF36F8FBFF34F8FFEE728
:1081D0000222009200221146FFF76DFF00B1846376
:1081E00002B010BD10B50C4640B94FF0500383F3F8
:1081F0001188BFF36F8FBFF34F8FFEE7884208D21D
:108200004FF0500383F31188BFF36F8FBFF34F8F8D
:10821000FEE702220021FFF79CFF00B1846310BD3E
:108220002DE9FF410F4601921E46044640B94FF02A
:10823000500383F31188BFF36F8FBFF34F8FFEE7B7
:1082400051B9036C43B14FF0500383F31188BFF36E
:108250006F8FBFF34F8FFEE7022E0BD1E36B012B25
:1082600008D04FF0500383F31188BFF36F8FBFF333
:108270004F8FFEE700F0ACFF054620B300254FF01E
:108280000008FFF70FFDA26BE36B9A4227D232463C
:1082900039462046FFF751FE636A1BB104F1240002
:1082A00000F008FF48B14FF0E0234FF08052C3F8D0
:1082B000042DBFF34F8FBFF36F8FFFF713FD012026
:1082C00004B0BDE8F081019B002BD8D04FF05003E3
:1082D00083F31188BFF36F8FBFF34F8FFEE7022E3A
:1082E000D5D0019B1BB9FFF7FDFC0020E8E715B9CD
:1082F00002A800F01FFFFFF7F5FC00F027FDFFF7D5
:10830000D1FC94F84430FF2B08BF84F8448094F8E3
:108310004530FF2B08BF84F84580FFF7E3FC01A937
:1083200002A800F013FF38BBFFF7BCFCA26BE36BA5
:108330009A420ED1FFF7D6FC019904F1100000F02B
:1083400081FE2046FFF742FE00F0A4FD48B1012562
:1083500097E7FFF7C7FC2046FFF738FE00F09AFDCD
:10836000F5E74FF0E0234FF08052C3F8042DBFF340
:108370004F8FBFF36F8FEAE72046FFF727FE00F02D
:1083800089FDB2E72DE9F843894617461E460446A3
:1083900040B94FF0500383F31188BFF36F8FBFF3E1
:1083A0004F8FFEE751B9036C43B14FF0500383F395
:1083B0001188BFF36F8FBFF34F8FFEE7022E0BD1F3
:1083C000E36B012B08D04FF0500383F31188BFF308
:1083D0006F8FBFF34F8FFEE7FFF776FDEFF3118846
:1083E0004FF0500383F31188BFF36F8FBFF34F8FAC
:1083F000A26BE36B9A4201D3022E1ED194F8455032
:10840000A36B6DB2324649462046FFF796FD6B1CC2
:108410000ED1636A3BB104F1240000F04BFE10B1B1
:108420000FB101233B60012088F31188BDE8F88378
:1084300001356DB284F84550F5E70020F4E770B5DA
:108440000D46044640B94FF0500383F31188BFF343
:108450006F8FBFF34F8FFEE7036C43B14FF05003B4
:1084600083F31188BFF36F8FBFF34F8FFEE703686D
:1084700053B9836843B14FF0500383F31188BFF3BE
:108480006F8FBFF34F8FFEE7FFF71EFDEFF31186EF
:108490004FF0500383F31188BFF36F8FBFF34F8FFB
:1084A000A26BE36B934219D994F845100132FF296E
:1084B0004BB2A2630DD1636A3BB104F1240000F01A
:1084C000F9FD10B10DB101232B60012086F3118855
:1084D00070BD01335BB284F84530F6E70020F5E764
:1084E0002DE9FF410E460192044640B94FF050037A
:1084F00083F31188BFF36F8FBFF34F8FFEE751B93E
:10850000036C43B14FF0500383F31188BFF36F8FB7
:10851000BFF34F8FFEE700F05BFE054618B3002562
:108520004FF00008FFF7BEFBA76B47B3314620466C
:10853000013FFFF735FDA763236973B104F1100014
:1085400000F0B8FD48B14FF0E0234FF08052C3F87F
:10855000042DBFF34F8FBFF36F8FFFF7C3FB0120D5
:1085600004B0BDE8F081019B002BD9D04FF050033F
:1085700083F31188BFF36F8FBFF34F8FFEE7019B2B
:108580001BB9FFF7AFFB0020EAE715B902A800F01E
:10859000D1FDFFF7A7FB00F0D9FBFFF783FB94F8B1
:1085A0004430FF2B08BF84F8448094F84530FF2BFB
:1085B00008BF84F84580FFF795FB01A902A800F0E9
:1085C000C5FD00BB2046FFF7ADFCB0B1019904F139
:1085D000240000F037FD2046FFF7F8FC00F05AFCBD
:1085E00048B94FF0E0234FF08052C3F8042DBFF399
:1085F0004F8FBFF36F8F012594E72046FFF7E6FC0E
:1086000000F048FCF7E72046FFF7E0FC00F042FCF2
:108610002046FFF787FC0028EDD0B4E7F0B585B021
:108620000446019140B94FF0500383F31188BFF322
:108630006F8FBFF34F8FFEE7056C45B14FF05003CE
:1086400083F31188BFF36F8FBFF34F8FFEE700F006
:10865000BFFD064620B32E460027FFF723FBA36B82
:1086600053B3013BA363236813B900F08FFEA060EE
:10867000236973B104F1100000F01CFD48B14FF004
:10868000E0234FF08052C3F8042DBFF34F8FBFF3A8
:108690006F8FFFF727FB012005B0F0BD3546DBE704
:1086A000019B002BFAD04FF0500383F31188BFF3E6
:1086B0006F8FBFF34F8FFEE7019B53B9002D66D03C
:1086C0004FF0500383F31188BFF36F8FBFF34F8FC9
:1086D000FEE716B902A800F02DFDFFF703FB00F03E
:1086E00035FBFFF7DFFA94F84430FF2B08BF84F81E
:1086F000447094F84530FF2B08BF84F84570FFF7AD
:10870000F1FA01A902A800F021FD50BB2046FFF7B5
:1087100009FC00B323683BB9FFF7C4FAA06800F076
:1087200067FD0546FFF7DEFA019904F1240000F029
:1087300089FC2046FFF74AFC00F0ACFB48B94FF03B
:10874000E0234FF08052C3F8042DBFF34F8FBFF3E7
:108750006F8F012681E72046FFF738FC00F09AFB77
:10876000F7E72046FFF732FC00F094FB2046FFF7C6
:10877000D9FB0028EDD065B1FFF794FA616A19B111
:10878000236B1968C1F13801A06800F0B1FDFFF753
:10879000A9FA002080E72DE9F8438946904604466F
:1087A00040B94FF0500383F31188BFF36F8FBFF3CD
:1087B0004F8FFEE751B9036C43B14FF0500383F381
:1087C0001188BFF36F8FBFF34F8FFEE7FFF77CFB7E
:1087D000EFF311874FF0500383F31188BFF36F8FCE
:1087E000BFF34F8FA56B0DB394F84460494676B242
:1087F0002046FFF7D5FB013D731CA56311D123690A
:1088000053B104F1100000F055FC28B1B8F1000F8D
:1088100002D00123C8F80030012087F31188BDE899
:10882000F883013676B284F84460F5E72846F4E729
:1088300030B5074A002352F8335002EBC3041DB988
:1088400042F83310606030BD0133082BF3D1FAE7F2
:10885000C033012010B5094A002352F83310814279
:108860004FEAC30406D1064A002142F833102244DD
:10887000516010BD0133082BEFD1FAE7C43301205A
:10888000C033012010B540B94FF0500383F3118875
:10889000BFF36F8FBFF34F8FFEE7FFF7DBFF90F85B
:1088A00046301BB9BDE81040FFF714B910BD70B5D4
:1088B00004460D461646FFF7F5F994F84430FF2BB1
:1088C00004BF002384F8443094F84530FF2B04BFE4
:1088D000002384F84530FFF705FAA36B2BB9324625
:1088E000294604F1240000F0C7FB2046BDE8704093
:1088F000FFF76CBB2DE9F0410446FFF7D3F9304B8D
:10890000304E1A68304F01321A603568002D4BD155
:1089100034601B68012B1FD1B84640460135FFF774
:1089200017F9382D08F11408F7D1DFF8C480274D66
:108930004046FFF70DF92846FFF70AF92448FFF7EC
:1089400007F92448FFF704F92348FFF701F9234BFF
:10895000C3F80080224B1D60224A13680133136064
:10896000214A63641168E36A14208B4200FB0370A0
:1089700004F1040188BF1360FFF7F8F8FFF7B2F9BC
:108980001A4B1B6873B13368DA6AE36A9A4209D2F8
:108990004FF0E0234FF08052C3F8042DBFF34F8F08
:1089A000BFF36F8FBDE8F081104B1A68E36A002AAD
:1089B000D2D13268D26A9A4298BF3460CCE700BF05
:1089C00024340120F838012098340120703401202B
:1089D0005434012040340120283401206C3401201B
:1089E00068340120083401201C340120183401208F
:1089F00084340120F8B5154B154D1C6806462868CF
:108A000004300F46FFF7D4F8731C07D137B129683B
:108A10001048BDE8F8400431FFF7A8B82B68A41946
:108A20005C6007D30C4B18682968BDE8F840043136
:108A3000FFF7A7B8094B186829680431FFF7A1F8B8
:108A4000074B1A68A24288BF1C60F8BD2034012081
:108A5000F838012028340120683401206C340120CA
:108A600004340120064A13681968064B19B94FF0FF
:108A7000FF321A6070471268D268D2685268F8E70D
:108A80006C3401200434012010B5044658301AF02B
:108A900035FE94F8A9303BB9206BFFF71BF8204650
:108AA000BDE81040FFF716B8012BF8D0022B08D014
:108AB0004FF0500383F31188BFF36F8FBFF34F8FD5
:108AC000FEE710BD80B5134C134F144D236873B9E6
:108AD000134B1B68012BF8D94FF0E0234FF0805265
:108AE000C3F8042DBFF34F8FBFF36F8FEDE7FFF790
:108AF000D9F8FB68DE68301DFFF75AF82B68013B98
:108B00002B602368013B2360FFF7ECF83046FFF74A
:108B1000BBFFDBE73C34012040340120243401203A
:108B2000983401202DE9F047DDE90994960032469A
:108B300007460D46206BA52198461AF096FD236B3B
:108B4000043E1E4426F00706002D43D06B1E04F1A0
:108B500033020F3513F8011F02F8011F09B1AB42B0
:108B6000F8D1002384F84330089D372D28BF3725DE
:108B70004FF0000AE562E564201DC4F850A0FEF73E
:108B8000F2FFC5F1380504F11800FEF7ECFFC4F858
:108B9000A4A04C2251462461A5616462C4F854A08B
:108BA00084F8A8A004F158001AF05FFD0B4BE365B0
:108BB00003F16802D0332266636642463946304686
:108BC000FFF744F82060B9F1000F01D0C9F8004068
:108BD000BDE8F08784F83450C6E700BF9844012010
:108BE00070B586B0DDE90B5445B94FF0500383F3FF
:108BF0001188BFF36F8FBFF34F8FFEE744B94FF07B
:108C0000500383F31188BFF36F8FBFF34F8FFEE7DD
:108C1000AC260596059EAC2E08D04FF0500383F38A
:108C20001188BFF36F8FBFF34F8FFEE725630225D7
:108C300084F8A95004AD01950A9D02940095059E03
:108C4000FFF770FF2046FFF755FE049806B070BD91
:108C50002DE9F043074685B09000884616469946B0
:108C6000FEF7A0FE054620B94FF0FF3005B0BDE885
:108C7000F083AC20FEF796FE044698B1002380F8FE
:108C8000A9300D9B056301930C9B02900093324623
:108C90004B4641463846FFF745FF2046FFF72AFE80
:108CA0000120E3E72846FEF715FFDDE710B588B0A1
:108CB000002407AA06A905A8CDE90544FEF734FE5D
:108CC000059B0293069B079A19491A48CDE9004370
:108CD0002346FFF785FF40B300F0B6FB012819D10A
:108CE0004FF0500383F31188BFF36F8FBFF34F8FA3
:108CF000114B124A1B6858331360114B4FF0FF326F
:108D00001A60104B1860104B1C6008B0BDE8104092
:108D1000FFF758B8013008D14FF0500383F31188A2
:108D2000BFF36F8FBFF34F8FFEE708B010BD00BFDA
:108D30002E500208C58A0008F838012010010020D2
:108D4000043401201834012020340120024A136821
:108D500001331360704700BF00340120014B1868D5
:108D6000704700BF203401203F4B1B682DE9F74FAF
:108D7000002B72D13D4B1C6801341C60BCB93C4BCC
:108D80001A68126842B14FF0500383F31188BFF3A1
:108D90006F8FBFF34F8FFEE7364A1968106818606F
:108DA0001160354A136801331360FFF75BFE334DE2
:108DB000334E2B68334F9C424FF0000B12D23A686F
:108DC000D26A14214A43B258022A2F4A126828BF95
:108DD0004FF0010B002A18BF4FF0010B584603B0AB
:108DE000BDE8F08FDFF88890DFF8A4A0D9F8002064
:108DF00012681AB94FF0FF322A60E0E7D9F8002074
:108E0000D268D2F80C80D8F804108C4201D22960C4
:108E1000D5E708F1040318460193FEF7C9FED8F818
:108E2000281019B108F11800FEF7C2FED8F82C007E
:108E3000DAF800101423884288BFCAF800000199AC
:108E400003FB0060FEF792FE3868D8F82C10C26A67
:108E5000914228BF4FF0010BC8E70C4A1368013359
:108E600013604FF0000BB9E70034012020340120DB
:108E70006C340120683401200C34012004340120BA
:108E800098340120F83801201034012014340120D6
:108E90001C3401202DE9F041304C236843B94FF0D8
:108EA000500383F31188BFF36F8FBFF34F8FFEE73B
:108EB000FEF7F8FE2368013B236024682CB10024F0
:108EC000FEF710FF2046BDE8F081254B1B68002B04
:108ED000F5D0244D244EDFF8A0801DE0EB68DC685F
:108EE000271D04F11800FEF763FE3846FEF760FE0A
:108EF000E36A32681420934200FB0380394688BF3E
:108F00003360FEF733FE194BE26A1B68DB6A9A4254
:108F100002D3174B01221A602B68002BDED10CB153
:108F2000FFF7A0FD134D2C6844B1114E0127FFF748
:108F30001BFF00B13760013CF9D12C600C4B1B6862
:108F4000002BBCD04FF0E0234FF08052C3F8042D2B
:108F5000BFF34F8FBFF36F8F0124B1E700340120BF
:108F600024340120543401201C340120F83801201D
:108F700010340120143401209834012008B550B970
:108F80004FF0E0234FF08052C3F8042DBFF34F8F12
:108F9000BFF36F8F08BD0A4B196841B14FF0500302
:108FA00083F31188BFF36F8FBFF34F8FFEE7FFF797
:108FB000CDFEFFF71FFDFFF76DFF0028E0D0E9E7CA
:108FC00000340120194B1A68194B70B512B10122F7
:108FD0001A6070BD174D1A602A681749142606FBDF
:108FE00002F3C818CC58ACB14468083364684460D4
:108FF0000B449C4204BF63684360142303FB0211CB
:109000004B68D9680D4B19602A601B680C4A5833AD
:109010001360DEE742B94FF0500383F31188BFF3CA
:109020006F8FBFF34F8FFEE7013AD8E7003401207E
:10903000103401201C34012098340120F83801201C
:109040001001002010B50C4640B94FF0500383F3D7
:109050001188BFF36F8FBFF34F8FFEE7054B196881
:109060001831FEF78EFD20460121BDE81040FFF7C4
:10907000C1BC00BFF838012038B50D46144640B9D0
:109080004FF0500383F31188BFF36F8FBFF34F8FFF
:10909000FEE7074B19681831FEF768FD002C2146E2
:1090A0000CBF28464FF0FF30BDE83840FFF7A2BCA8
:1090B000F838012038B5C368DC6844B94FF0500374
:1090C00083F31188BFF36F8FBFF34F8FFEE704F177
:1090D00018052846FEF76CFD104B1B68DBB9251DF3
:1090E0002846FEF765FD0E4AE36A11688B4288BF89
:1090F00013600C4A1420294600FB0320FEF736FDBE
:10910000094BE26A1B68DB6A9A4283BF074B012066
:109110001860002038BD06482946EFE700340120DA
:109120001C34012098340120F8380120103401202B
:1091300054340120034B1B680360034B1B684360DE
:10914000704700BF0C3401202034012070B50C465C
:10915000054640B94FF0500383F31188BFF36F8F7A
:10916000BFF34F8FFEE741B94FF0500383F31188EF
:10917000BFF36F8FBFF34F8FFEE7FEF793FD0F4BEB
:10918000196823685A1C10D00D482E6800686A6858
:10919000864201D08A420FD9881A83420AD95B1AC3
:1091A000134423602846FFF7C5FF0024FEF79AFD0D
:1091B000204670BD002323600124F7E720340120FE
:1091C0000C340120014B01221A6070471034012039
:1091D000054B1B6833B1054B1868B0FA80F04009A5
:1091E00040007047012070471834012000340120EE
:1091F000F8B5044638B31A4DC36A2A68D26A934256
:1092000026D28269174E002AA1BF2A68D26AC2F10B
:1092100038028261142202FB036342699A4213D12D
:10922000071D3846FEF7C4FC2B680F4ADB6A11683D
:10923000E36214208B4200FB0360394688BF136051
:10924000FEF794FC0120F8BD2B68DB6AC362F9E7E6
:109250002B68C06CDB6A98422CBF00200120F2E72B
:10926000F8380120983401201C34012038B508B9A1
:10927000002038BD1B4B1C68844208D04FF05003BF
:1092800083F31188BFF36F8FBFF34F8FFEE7236D1A
:1092900043B94FF0500383F31188BFF36F8FBFF3CF
:1092A0004F8FFEE7E16AE26C013B91422365DFD01C
:1092B000002BDDD1251D2846FEF77AFCE36CE36226
:1092C000C3F13802A261084A11688B4288BF13605B
:1092D000064A142000FB03202946FEF747FC012024
:1092E000C7E700BFF83801201C3401209834012062
:1092F00070B50446002841D0026D42B94FF05003CA
:1093000083F31188BFF36F8FBFF34F8FFEE7C36CFA
:10931000994238BF1946C36A8B422FD0012A2DD1FA
:10932000174A1268824208D14FF0500383F3118824
:10933000BFF36F8FBFF34F8FFEE78269114DC1629C
:10934000002A4FF0140202FB03534269A4BFC1F18B
:10935000380181619A4211D1061D3046FEF728FC82
:10936000094AE36A116814208B4200FB035031461E
:10937000BDE8704088BF1360FEF7F8BB70BD00BF4A
:10938000F8380120983401201C340120044B1A685D
:109390001AB119680A6D01320A651868704700BF72
:1093A000F8380120914208B5416000610AD8D21A0C
:1093B00083699A420DD2084B011D1868FEF7E1FB44
:1093C000002008BD9A4201D2994202D2034B011DEE
:1093D000F3E70120F5E700BFF8390120FC3901204F
:1093E000F7B5114CFEF75EFC2568BDB90F4F104E66
:1093F0003846FEF7ADFB3046FEF7AAFB0D4B0E4A92
:109400001F600E4B10211E600A200D4B0095FEF7C9
:1094100052FE206010B10B49FFF70AFA03B0BDE815
:10942000F040FEF75FBC00BFF4390120143A012080
:10943000003A0120FC3901204C390120F839012083
:10944000FC3801203350020810B588B0FFF7C8FF80
:10945000124B1B68B3B1002407AA06A905A8CDE9E1
:109460000544FEF76DFA059B0293069B01930223C8
:109470000093079A0A490B482346FFF7B1FB0A4BB2
:10948000186040B94FF0500383F31188BFF36F8F1A
:10949000BFF34F8FFEE7012008B010BDF439012063
:1094A00038500208A9950008F03901207FB516460A
:1094B00004461A4640B94FF0500383F31188BFF3B6
:1094C0006F8FBFF34F8FFEE70D4D286880B10529E0
:1094D000CDE9001602940DDCFFF77AFE0023022886
:1094E00008BF089A286818BF1A466946FEF798FE12
:1094F00004B070BD00236946FEF744FFF8E700BFE3
:10950000F43901202DE9F347DFF898800646FFF78C
:1095100025FCD8F800308342054609D91F4F3B6827
:109520001A686AB91E4A116839601360012300E0A5
:10953000002328463360C8F8005002B0BDE8F08729
:10954000DB68DC68D3F8009004F1040A5046FEF7AB
:109550002FFB236A2046984794F828305B07DED516
:10956000A3694B44994506D238686360246151462B
:10957000FEF707FBD3E7002300934A46194620462F
:10958000FFF794FF0028CAD14FF0500383F31188EE
:10959000BFF36F8FBFF34F8FFEE700BFFC39012091
:1095A000F8390120EC3901202DE9F0436E4D6F4E62
:1095B00089B02B68D3F80080B8F1000F35D0DB6894
:1095C000D3F800800024FFF7C1FB04A8FFF79AFF3F
:1095D000049B8146002B69D1002C4CD1404550D3CF
:1095E000FFF758FC2B68DB68DF68381DFEF7E0FAF0
:1095F00097F8283058071AD5B96943464A46414476
:109600003846FFF7CFFEB0B10094234642462146CC
:109610003846FFF74BFF70B94FF0500383F31188C2
:10962000BFF36F8FBFF34F8FFEE70124CBE723F02B
:10963000010387F828303B6A384698473068002293
:1096400004A9FEF74DFF0028B3D0049B0698002B19
:109650002FDB069C6369002B32D103A8FFF752FF72
:10966000049B0246092BE9D8DFE803F02E2E2E5783
:109670005E762E2E575E3E4B1B681C68B4FA84F44F
:10968000640930682246A8EB0901FFF710F9FFF7DB
:1096900001FC0028D2D14FF0E0234FF08052C3F8F4
:1096A000042DBFF34F8FBFF36F8FC7E7FFF7F2FBB8
:1096B000C4E7059B07999847049B002BBEDBC8E7CE
:1096C000201DFEF775FAC8E794F82830A16943F029
:1096D000010384F82830059B20461944FFF762FEF9
:1096E0000028ABD0236A2046984794F828305907C1
:1096F000A4D5A269059900230A440093194620467F
:10970000FFF7D4FE002899D14FF0500383F311885E
:10971000BFF36F8FBFF34F8FFEE794F8283023F02D
:10972000010384F8283089E794F8283043F00103D6
:1097300084F828300599A16141B94FF0500383F3B3
:109740001188BFF36F8FBFF34F8FFEE703460144CD
:109750002046FFF727FE71E794F828309A07DED4F9
:109760002046FEF7B7F969E7FC390120F4390120FA
:10977000F83901208088704770B5036805460C46AB
:109780005B6A002198472B6806461B6A2846984763
:10979000A41BA4B2B4FBF0F070BD0023838070471B
:1097A00010B5036881885B6A04469847A388013333
:1097B000A38010BD03685B6A18477047024A0260C5
:1097C00000228280704700BF48590208836A002047
:1097D0002BB120B95A1A504250419B69F8E77047A3
:1097E000002348618B61836A13B981627047134615
:1097F0009A69002AFBD1996170470022836A23B1DC
:1098000099698162C3E90522F8E770470023836202
:1098100070470022028042808280C280704770B50B
:10982000846A0D4616463CB1236820465B6D32467D
:1098300029469847A469F6E770BD38B5846A0D4695
:1098400034B12B6821469B6828469847A469F7E7FE
:1098500038BD704710B52C21044618F0C3FD2046D2
:1098600010BD836A9BB18B4209D19A69002159616D
:10987000826202B970479961704713463AB19A699A
:109880008A42FAD18A699A610023C1E90533704797
:1098900010B4836A04462BB903685DF8044B1B6E51
:1098A0001146184741B99361826254615DF8044BD7
:1098B000704703460028F9D099429869F9D1906120
:1098C0008A61F2E72DE9F0411F4690F824300D46F9
:1098D000164603B13860846A14B394F82530EBB1AE
:1098E000B4F904108D4219DB238989B20B441BB2F1
:1098F0009D4213DAB4F9062096420FDB638992B2D7
:1099000013441BB29E4209DA2368B21A691AD3F8CB
:10991000248012B23B4609B22046C047A469DBE767
:10992000BDE8F0812DE9F04F6E4CA1B024682A9D6E
:1099300094F84990039300242C802B9D2C801C606C
:109940000646CDE90112FFF7BDFFB9F1030F40F361
:10995000C28031460CA807F057F9BDF930300693A4
:10996000BDF932300793039BD3F800A0BAF1000F82
:1099700000F0B480514610A807F046F9019B069A02
:10998000BDF944109D18BDF94030079A022091FBA3
:10999000F0F119446D1A029BBDF942101344BDF950
:1099A000462092FBF0F20A449B1A5B4305FB053507
:1099B0004D4F0FCF10AC0FC40FCF0FC40FCF0FC43C
:1099C00097E80F00B9F10C0F84E80F004FF0030384
:1099D000C8BF9846CDF800904FF00004DCBF09F1F5
:1099E000FF3292FBF3F8631C10AA04F00104089301
:1099F00002EB4414009B93FBF8F39BB204344FF04A
:109A0000000B0493049A54F8043C13FB02F3019AEC
:109A10009BB299180593B6F9043009B299424DDB0F
:109A2000328913441BB2994248DA049B276817FB1A
:109A300003F7029BBFB2FA18B6F9063012B29A4287
:109A40003CDB708903441BB29A4237DA00230B9344
:109A500030460BABFFF736FF0B9A7AB352452DD049
:109A600011460EA8099207F0CFF8069ABDF9380002
:109A7000019BBDF93C10BDF93EC013444FF0020EEE
:109A800091FBFEF10144581A079A029BBDF93A1066
:109A90009CFBFEFC13448C44A3EB0C035B4300FBD8
:109AA0000033AB42099A08D203980B9901602A99B6
:109AB000059808802B991D460F8092460BF1010BEB
:109AC000BBF1040F04F108049CD1009B089C4B449B
:109AD0004445009387D121B0BDE8F08F4FF0FF35AA
:109AE00066E700BF343A01206C4302082DE9F043D9
:109AF000B1F900708C88B0F900903C44A4B20FFA20
:109B000084F8C1452FDA82884A4492B20FFA82FE65
:109B1000774528DAB1F90250CB88B0F902602B44BE
:109B20001BB29E421FDAC38833449BB20FFA83FCF8
:109B3000654518DA4F45B8BF4F46B542B8BF354600
:109B4000F045D8BF2246D21B82804A88C988078048
:109B50000A4492B211B28C45A8BF13465B1BC38066
:109B60004580BDE8F0830023038043808380C38069
:109B7000F7E7B0F90430002B06DDB0F90600002845
:109B8000CCBF002001207047012070472DE9F04133
:109B900000238D6A0380044643808380C380002DA8
:109BA00040D0281DFFF7E5FF88B92046FFF7E1FF09
:109BB000B5F90420B5F90630B5F908E0B5F90AC0E1
:109BC00038B122806380A4F804E0A4F806C0AD692F
:109BD000E5E7B4F90000B4F90210B4F8048090424B
:109BE0000746A8BF17467244B4F806E0278099429A
:109BF0000E464044A8BF1E467144634400B212B2F0
:109C000009B21BB29042ACBFC7EB0002C7EB020225
:109C10009942ACBFC6EB0103C6EB03036680A2808A
:109C2000E380D4E72046BDE8F0812DE9F34190F8C8
:109C3000253083B3846A74B3B1F90050B1F902607E
:109C4000B1F90470B1F9068094F8253003B3684681
:109C5000211DADF80050ADF80260ADF80470ADF80C
:109C60000680FFF743FF6846FFF783FF80B9BDF822
:109C70000030A2889B1AADF80030E288BDF80230AF
:109C80009B1AADF80230236869469B6820469847C6
:109C9000A469002CD8D102B0BDE8F08173B590F86A
:109CA00025300D46164623B3846A14B394F8253044
:109CB000EBB1286869686B4603C36846211DFFF74E
:109CC00015FF6846FFF755FF88B9BDF80030A28838
:109CD0009B1AADF80030E288BDF802309B1AADF84F
:109CE000023023683246DB6D694620469847A469F6
:109CF000DBE702B070BD13B50368D3F8B4400023AE
:109D0000CDE900336B46A04702B010BD012380F8B7
:109D10004B3080F86D307047012380F84B3080F86D
:109D20006D307047436801225A72406803681B69AE
:109D30001847406803689B68184730B58BB00468C3
:109D40009DF8585009959DF8545008959DF850502D
:109D50000795BDF84C5006959DF8485005959DF81F
:109D600044500495BDF840500395BDF83C50029511
:109D7000BDF83850CDE900351346246C0022A047C9
:109D80000BB030BD044B1B7823B190F86E0080F00F
:109D90000100704701207047323A012010B5044697
:109DA000406803689B68984794F86D3013B10123AD
:109DB00084F86E3010BD10B50446F6F7BDFEF6F718
:109DC000C5FD60680368DB689847E06803689B68C6
:109DD0009847236820469B6FBDE810401847000055
:109DE0007FB50368624DD3F8C03004469847002819
:109DF00000F09E8094F84830022B02D00120F6F744
:109E000023FD94F86A3084F86B3094F8793000269A
:109E100084F86A6084F84B6033B123682046D3F835
:109E2000D430984784F8796094F84A30626883F0B7
:109E30000103537201262E7005F070FC03685B6B02
:109E4000984794F86B300BB984F86B6005F066FCAA
:109E500003685B699847E06D03681B69984794F84D
:109E60006B3094F86C20013BDBB284F86B300AB1A4
:109E7000002BEBD13F4A94F96810137801335BB2A1
:109E80009942137010DCE06800231370036803AA82
:109E9000DB6802A998472368002859D0D3F8CC3052
:109EA000DDE9021220469847606900238DF80730EB
:109EB00058B103680DF10701DB68984728B1E06DE0
:109EC0009DF807100368DB68984704F11C0017F041
:109ED00069FC94F870300BB3206903681B699847DC
:109EE000636F064603B96067636F234AF31A9342B0
:109EF00014D9206903689B699847636F6422F31A39
:109F0000B3FBF2F3B0FBF3F0002826DC84F8692001
:109F1000206903680021DB6998476667236820464B
:109F2000D3F8E030984705F0F9FB03689B6B98473E
:109F300023682046D3F8C430984794F84830022B61
:109F400002D00120F6F7AAFC00232B7004B070BDEC
:109F5000D3F8D03020469847A6E76328CBBF00232C
:109F6000C0F1640084F8693084F86900D0E700BF6C
:109F7000383A0120393A012000E1F50510B50446D0
:109F8000F6F70AFE636800229A7210BDC1651C30A4
:109F900017F006BC30B587B0044604A8CDE904121A
:109FA00005F0A4F9049BADF80C3006A9059B21F837
:109FB0000A3D03A805F0ECF994F86F10BDF80C20E9
:109FC000BDF80E3004F11C0089B1B4F86450009360
:109FD000B4F8601013462A4617F0F2FB28B1BDF919
:109FE0000C302366BDF90E30636607B030BD17F044
:109FF00027FC012384F86F30F1E710B5002B46D021
:10A0000081EA0200C40708D50B44013A8B423ED9CD
:10A0100012F8010F01F8010BF8E7D00742BF12F860
:10A02000010B01F8010B03F1FF33012B11D981EA78
:10A030000204A407104622D023F001040C448C42F1
:10A04000024604D9128821F8022B0230F7E703F008
:10A05000010323F0030008448842144604D924680D
:10A0600041F8044B0432F7E703F003030B44013AD1
:10A070008B420CD912F8010F01F8010BF8E7900799
:10A08000E7D032F8020B21F8020B023BE1E7012096
:10A0900010BD10B590F86F30044653B1B0F864307D
:10A0A000B0F8602001211C3017F0CAFB002384F8AF
:10A0B0006F3010BD2DE9F04385B004AD044600209B
:10A0C00045F8040DA06906680195BDF8305000956B
:10A0D000356899460F469046A847104D0646A5F8A4
:10A0E0000090F8F77BFD0368DB6A984728B10128E8
:10A0F0000BD0304605B0BDE8F0832B8808FB037217
:10A10000039BA3EB4203E363F3E72A88039B08FB6B
:10A11000027202EB42029A1AE263EAE72E3A012047
:10A12000F8B5154B90F87D401B88C56B93FBF4F494
:10A130000F460646F8F752FD0368DB6A9847012888
:10A140000BD003D3022810D0F563F8BD0B4B198850
:10A150007C434C43A5EB4405F6E7084B19887C4348
:10A160004C4304EB44042D1BEEE7044B19887C435D
:10A170004C43A5EB8405E7E7303A01202E3A012055
:10A18000F0B58BB0174604460E461D46F8F726FD7F
:10A190000368DB6A98479DF854300790CDE90803BF
:10A1A0000D4B22681B8806939DF8503005939DF84F
:10A1B0004C300493BDF848300393BDF8443002930B
:10A1C000BDF84030CDE900533146156C3B460022C6
:10A1D0002046A8470BB0F0BD2E3A01202DE9F043F0
:10A1E000984603681D6C154B8BB01746B3F800906A
:10A1F0000E460446F8F7F2FC0368DB6A98479DF8C0
:10A200005830CDE908030223CDE9069301230593D5
:10A210009DF854300493BDF850300393BDF84C3092
:10A220000293BDF848300022CDE9008331463B4619
:10A230002046A8470BB0BDE8F08300BF2E3A0120AE
:10A240002DE9F04398460368DD6D114B87B0B3F8F4
:10A2500000900E4617460446F8F7C0FC0368DB6A18
:10A2600098479DF84430CDF80C90CDE904039DF853
:10A2700040300293BDF83C300193BDF83830009374
:10A280003A46434631462046A84707B0BDE8F0832A
:10A290002E3A01202DE9F04F04468FB010460D46AE
:10A2A00091461E4608F06CFF002800F09D80236850
:10A2B000DFF898B1DB6ADFF898A1614F2046984734
:10A2C000236820461B6B9847BBF8003001930DF1C3
:10A2D0003808BAF8003002933B8828F81C9D039395
:10A2E000584B05931A880492404608F0DDFF3880E9
:10A2F000404609F00DF8059B80B21880524B1B7840
:10A30000002B74D13B88ABF80030AAF80000484617
:10A31000D4E90F8708F034FFC4E90F00002211468A
:10A320002846B5F90490B5F906A0F8F7F1FD012328
:10A3300095F825B085F82530B6F90430002B5CDDA2
:10A34000B6F90630002B58DD2A460AAB52F8040F46
:10A35000516803C331460AA8FFF7C8FB384BB3F96D
:10A360000020ADF8342000210AAA364B0C9192E867
:10A370000300B3F90030ADF8363008AB83E80300D2
:10A3800018460CA9FFF7B2FBE36C002B3CD1002070
:10A3900084F8580000262A686B696E6105939268FC
:10A3A00008A928469047059B6B61524684F858607F
:10A3B0004946284685F825B0F8F7AAFD234B019AAF
:10A3C0001A80234B029A1A801D4B039A1A801D4B48
:10A3D000049A1A80C4E90F8723682046DB6A9847ED
:10A3E000236820461B6B98470FB0BDE8F08F3B8871
:10A3F000ABF80000AAF8003089E72A460AAB52F809
:10A40000040F516803C3A9E707A809F0C3F806467B
:10A41000E06C0368DB6A98478642B8D1F8F7DEFB48
:10A42000036806465B6B059307A809F0B3F8059B24
:10A4300001463046984780F00100C0B2A8E700BF4F
:10A44000283A01202A3A01202C3A01202E3A0120F4
:10A45000303A012010B5074B1B7804463BB1036826
:10A460005B6B9847E36B834201D1206C10BDE06BBE
:10A47000FCE700BF323A01202DE9F0418AB01D46C9
:10A480004FF48063CDE90131BDF84030ADF81830AC
:10A49000BDF84430ADF81A300024BDF84830BDF89E
:10A4A0004C60ADF81C309046074604948DF820406F
:10A4B000FFF7D0FF06FB058500EB4505786805959D
:10A4C000ADF81E608DF822408DF821408DF82340B4
:10A4D0008DF82440036801A95B6898470AB0BDE87D
:10A4E000F0812DE9F0438BB000241D464FF400634A
:10A4F00088469146BDF8506004940746CDE9013482
:10A50000FFF7A8FF06FB0595BDF84830ADF81830F9
:10A5100000EB4505BDF84C3078680595ADF81A306C
:10A52000ADF81C40ADF81E60CDF81080ADF82040AD
:10A530008DF822408DF823408DF82440036801A94E
:10A540005B6898470BB0BDE8F08300002DE9F0414F
:10A550008AB098469DF85C509DF854C0BDF858707C
:10A560009DF8604000230B2D064604939DF8500093
:10A5700038D18023CDE90131BDF84430ADF8183031
:10A58000BDF84830ADF81A308DF82000BDF84C30D9
:10A59000ADF81C3030460392FFF75CFF0B2C98BFE0
:10A5A0001B4BBDF8402098BF195DADF81E7088BFE9
:10A5B000002102FB0783C91001FB03009DF86430F2
:10A5C00005908DF8233070688DF8215000238DF8A8
:10A5D00022408DF82430036801A95B6898470AB0CF
:10A5E000BDE8F081022D09D1FF2805D1BCF1000F93
:10A5F00014BF40232023BDE74023BBE7FF2805D13C
:10A60000BCF1000F14BF04230123B3E70423B1E717
:10A61000045A02082DE9F04F8BB01D469DF8589062
:10A620009DF86060BDF85CA0B9F1FF0F14BF08236E
:10A6300002230024CDE9013488469346049407465A
:10A64000FFF708FF0B2E98BF154B9DF8642098BFAD
:10A650009C5DBDF85030ADF8183005FB0AB5BDF86B
:10A660005430ADF81A30E41004FB05040023786878
:10A670000594ADF81C30ADF81EA0CDF810808DF813
:10A6800020908DF823208DF824308DF821608DF8EE
:10A690002260036801A95B6898470BB0BDE8F08FA2
:10A6A000045A02082DE9F0411E460A4B0F461D8848
:10A6B0009046F8F793FA0368DB6A98470B289ABF2D
:10A6C000054B1C5C002408FB0570E41004FB0060D3
:10A6D000BDE8F0812E3A0120045A0208F0B58BB093
:10A6E0001F46BDF85430CDE90131BDF84030ADF81A
:10A6F0001830BDF84430ADF81A30BDF84830ADF828
:10A700001C3000259DF850308DF820300446164648
:10A710000495FFF79FFE3A46314603462046FFF771
:10A72000C1FF0E4B05901B88ADF81E30F8F756FAA6
:10A730000368DB6A9847139B8DF822008DF821008F
:10A74000049360689DF858308DF823308DF82450BC
:10A75000036801A95B6898470BB0F0BD2E3A012051
:10A76000F0B58DB06B4683E80600002306930368BE
:10A77000BDF800605B6BBDF80270012503950446CF
:10A7800098473A46314603462046FFF78BFF636CF5
:10A790000793BDF80430ADF82030BDF80630ADF8B1
:10A7A00022300F4B04901B88ADF82430ADF82630D2
:10A7B000F8F714FA0368DB6A9847FF238DF829003D
:10A7C0008DF82A0060688DF828308DF82B508DF8B0
:10A7D0002C50036803A95B689847606C0DB0F0BD0E
:10A7E0002E3A01202DE9F0418CB01E466D46002323
:10A7F00085E8060006930368BDF800705B6BBDF842
:10A80000028001250395044698474246394603468F
:10A810002046FFF747FFBDF80430ADF82030BDF803
:10A820000630ADF82230114B04901B88ADF824306F
:10A83000129BADF826300796F8F7D0F90368DB6A6B
:10A840009847FF238DF829008DF82A0060688DF85D
:10A8500028308DF82B508DF82C50036803A95B68C5
:10A86000984730460CB0BDE8F08100BF2E3A012079
:10A87000F0B585B002AC84E806000546BDF8086076
:10A88000BDF80A70FFF7E6FD3A4603463146284612
:10A89000FFF708FF054A2B68128800921E6F94E8A4
:10A8A000060003462846B04705B0F0BD2E3A012009
:10A8B00070B590F86E3004469BB10220F6F718F898
:10A8C000002384F86E3084F86D3023682046D3F876
:10A8D000C850FFF7BFFD2B4601462046BDE870403B
:10A8E000184770BD38B590F87B308B4204460D4652
:10A8F00006D0036829B9D3F8D830984784F87B503C
:10A9000038BDD3F8DC30F8E710B50C4B1B780446A3
:10A9100053B990F848303BB9406800F02BF918B1B2
:10A920006268537A002BFCD0F6F72EF920460021FE
:10A93000FFF7D8FF2046FFF78DFD10BD323A01200A
:10A9400070B50446036819B9DB6ABDE87040184762
:10A95000002290F87B6080F87B20DB6A9847636870
:10A96000012105469972204684F87B60FFF7BAFF03
:10A97000284670BDD0E90320131A58425841704749
:10A98000D0E903239B1A002BDCBF82689B18012BA4
:10A99000CCBF00200120704702694368242000FBDF
:10A9A0000230704703681B69184770B501230372B2
:10A9B0000446406803689B6998470368402B054636
:10A9C0000CD010D8042B1DD004D8012B06D0022B9C
:10A9D0002CD070BD082B1DD0202BFAD12368204627
:10A9E000DB6B984713E0B3F5007FF7D004D8802BDA
:10A9F000F4D0B3F5807FF0E7B3F5806FEED0B3F518
:10AA0000006FE5E72368017F9B6B2046984723682A
:10AA10001B6B06E02368017F9B6B204698472368E9
:10AA20005B6B29462046BDE87040184723682046E6
:10AA3000DB6B9847F3E7704770477047D0E9033204
:10AA4000D21A002A10B5DCBF84681219012A16DD5B
:10AA50004268242404FB032301F1200251F8044B33
:10AA600043F8044B9142F9D10A781A70C36882689E
:10AA7000BFF35B8F01339A42D8BF9B1AC36010BDEE
:10AA800003698268BFF35B8F01339A42D8BF9B1A78
:10AA90000361704770B504460E46606803685B68E2
:10AAA00098470028F9D10D4D28680368D3F8803005
:10AAB0009847F6F777F828680121FFF713FF6068D9
:10AAC000036831469B68984723682046DB6A9847AD
:10AAD00028680368BDE87040DB6F1847343A0120EE
:10AAE00008B5F6F751F8BDE80840F6F755B810B5C7
:10AAF0001421044617F076FC204610BD10B504461C
:10AB0000406803681B68984748B9637A3BB1237A69
:10AB10002BB9236820465B6ABDE81040184710BD7A
:10AB200070B50446406803681B689847054630B90D
:10AB3000237A23B1606803685B699847257260686F
:10AB400003681B68984728B9236820465B6ABDE8FC
:10AB500070401847BDE87040F6F72CB810B5044CAB
:10AB600082600022C0E90041C0E9032210BD00BF9D
:10AB7000185A0208406803681B6818470000000064
:10AB80002DE9F048204F9DF8185080FB0101A0FBF3
:10AB900007BC07FB01CC0BFB0CF7ABFB0B011C4606
:10ABA00001EB470100FB0CF30BFB0133A0FB0B0196
:10ABB0001646194412A3D3E90023F5F769FBF72ED3
:10ABC00090B29EBF02F00702B618F6B2FB2C9EBFF1
:10ABD000C0F3C103E418E4B2F72D9CBFC0F34210E8
:10ABE0002D180A484FEAC40400EA062004F4FC6465
:10ABF00098BFEDB2044344EAD50080B2BDE8F088C6
:10AC0000778D7A7900000000A74BEC0000F8FFFF79
:10AC10002DE9F04F2DED028B01EB420487B0417C12
:10AC2000BDF94890BDF94C609DF850A0054600293B
:10AC300000F09A80B0F9082090ED087AC0684A4583
:10AC400025DBB5EEC07AF1EE10FA40F6FC72C8BF13
:10AC50000022825800212D7C4FEA1228500908F466
:10AC6000784E00F4FC60C2F3C40C04EB4607002DE0
:10AC700044D0BAF1FF0F41D161BB4EEA00004CEA6B
:10AC80000005BC4280F0178224F8025BF9E7B5F9B1
:10AC90000A704F4508DCB5EEC07AF1EE10FA40F6C6
:10ACA000FC72D8BF0022D4E7A9EB020207EE902A7B
:10ACB000F8EEE77AB5EEC07A67EE877AF1EE10FA31
:10ACC000FDEEE77A17EE902AD8BF02F2FF3292002B
:10ACD0008258C0E7D5B25FFA88F8C2F3074A1E4629
:10ACE000BC4280F0E88130460095434652464946D2
:10ACF000FFF746FF013624F8020BF1E7120E02FBC4
:10AD00000AF2531C03EB2222121202FB0CF502FB87
:10AD10000EF15043DFF8B0C3D24302F0FF02FF262A
:10AD2000BC4280F0C881B4F800E00EEA0C030EF4D7
:10AD3000FC6802FB031302FB080893FBF6F398FB85
:10AD4000F6F803EA0C0308F4FC680EF01F0E43EA61
:10AD5000080302FB0E5E9EFBF6FE0EF01F0E43EA9A
:10AD60000E0324F8023BDBE7827C002A4FD0B0F9C7
:10AD7000082007EE902AF8EEE77A07EE103AF8EE90
:10AD8000C76A1F46F4EEE76AF1EE10FA00F295800A
:10AD9000B7EE007A37EE877A40F6FC7137EE667AC6
:10ADA00006EE906AF8EEE66AEA6895F810C0B4EE2E
:10ADB000E67AF1EE10FA4ABFBDEEC77A02968DED43
:10ADC000027A95ED087AB5EEC07AF1EE10FAC8BFB6
:10ADD0000021525802994FEA122B04EB410150090D
:10ADE00003910BF4784B00F4FC60C2F3C401BCF196
:10ADF000000F24D0BAF1FF0F21D14BEA000B41EA3A
:10AE00000B01039A944255D224F8021BF9E707EE8E
:10AE1000109AD0ED067AD0ED056AB8EEC77A37EE13
:10AE2000677AC7EE267A90ED087AB5EEC07AF1EE31
:10AE300010FA44BF90ED077A77EEC77A9DE7120EBD
:10AE400002FB0AF202F1010C0CEB22221212504317
:10AE5000514302FB0BFBDFF870820490D243059153
:10AE600002F0FF024FF0FF0E03998C4222D220889D
:10AE700000F4FC610F46049900EA080C02FB0CBCCC
:10AE800002FB07119CFBFEFC91FBFEF10CEA080C97
:10AE900001F4FC614CEA010100F01F0C059802FB73
:10AEA0000C0C9CFBFEFC0CF01F0C41EA0C0124F87E
:10AEB000021BD9E7029A1A4417461E4436B2BE4214
:10AEC00040F3F98095ED077A06EE907A37EE877AAF
:10AED000F8EEE66AB4EEE67AF1EE10FA40F3B580E9
:10AEE00006EE106AB8EEC66A9FED758A2B7CB4EE4A
:10AEF000C67AF1EE10FAD8BFBDEEC77A9FED716A3F
:10AF0000D8BF17EE108A95ED087AB5EEC07AC8BFA3
:10AF1000B04676EEE77AF1EE10FAA8EB0707D8BF55
:10AF2000B0EE468A04EB4707A7EE278ADBB1BAF1F9
:10AF3000FF0F18D1BC4262D2FDEEC87AEB6817EE63
:10AF4000900A53F82020D3B200934946C2F3072356
:10AF5000C2F30742FFF714FE24F8020BD5ED087A7E
:10AF600038EE278AE6E7DFF860B14FF0FF09BC4210
:10AF700045D2FDEEC87AEB68B4F800E017EE902AEF
:10AF800053F82220130E03FB0AF3581C00EB232076
:10AF900000126FEA000C5FFA8CFC0BEA12210EEA39
:10AFA0000B030CFB03F389B200FB013191FBF9F1B8
:10AFB00001EA0B030293530903F4FC6319460EF4F0
:10AFC000FC630CFB03F300FB01330EF01F0E029930
:10AFD00093FBF9F3C2F3C40203F4FC630CFB0EFC15
:10AFE000194300FB02C090FBF9F000F01F00014381
:10AFF00024F8021BD5ED087A38EE278AB7E74645D4
:10B0000059DDD5ED087AEA68297CF5EEC07AF1EED3
:10B0100010FA40F6FC73D8BF0023A6EB0806D258FE
:10B02000100A530904EB460600F4784003F4FC636D
:10B03000C2F3C40759B1BAF1FF0F08D1184338431E
:10B04000B44238D224F8020BFAE7B846D9E7120E18
:10B0500002FB0AF14A1C02EB2122121202FB07F545
:10B0600050435343DFF860C0D24302F0FF02FF2792
:10B07000B44220D2B4F800E00EEA0C010EF4FC68F1
:10B0800002FB010102FB083891FBF7F198FBF7F88E
:10B0900001EA0C0108F4FC680EF01F0E41EA0801F9
:10B0A00002FB0E5E9EFBF7FE0EF01F0E41EA0E0144
:10B0B00024F8021BDCE707B0BDEC028BBDE8F08F83
:10B0C00000000000FEFF7F4400F8FFFF704770475C
:10B0D00010B52421044617F085F9204610BD000064
:10B0E000064BC1604A0903EA112302F4FC621343D0
:10B0F000C1F3C40119430182704700BF00F8FFFF8C
:10B10000A0F10800ECE700BF08B5054B186803681C
:10B11000D3F8AC309847431E5842584108BD00BF91
:10B12000343A012070470838704730B401EB4204CC
:10B13000BDF90C50028A02929DF81030C26829466F
:10B14000204630BCF5F7FEBEF5F7F0BE10B5142171
:10B15000044617F047F9204610BDA0F10800F5E7B6
:10B160000023C384038543858385806910B1036808
:10B170001B691847704780ED0C0A704738B50B0EF5
:10B1800083770368DB6B04460D46984703682946BE
:10B190009B689847236820461B6C9847A06138BD80
:10B1A0004177704730B50D4600F134040FCD0FC420
:10B1B0000FCD0FC42B68236030BD38B50446031D86
:10B1C0000868496803C31368C4F826305368C4F894
:10B1D0002A300025A56104F1340006F007F8FF23AA
:10B1E0006377A3774FF07E532363012384F82430E1
:10B1F00084F8255038BD00002DE9F0432DED0A8B71
:10B2000070EE417A87B0F5EE407AF1EE10FA05461D
:10B21000F0EE409AB0EE60AAB0EE419AF0EE618A8C
:10B22000B0EE42CAF0EE62CA9DF86060199F0268F3
:10B2300012D170EEE17AF5EE407AF1EE10FA0BD110
:10B2400001F180410139926A53F8211007B0BDEC39
:10B250000A8BBDE8F0431047FF23AB77936BDFF811
:10B26000C4922846984705F13408B5F90830C380E0
:10B27000F0EE4A0AB0EE690A0446404606F065F868
:10B280004046B0EE40BAF0EE60BA8DED000ACDED6A
:10B29000010AB0EE490AF0EE680A06F056F8B4EE7C
:10B2A00040BAF1EE10FAF4EE60BA0CBF01230023AD
:10B2B000F1EE10FAB4EE40BA63740CBF0123002320
:10B2C000F1EE10FAB0EE408AF0EE60AA8DED020ABF
:10B2D000CDED030AA37430D0F4EE60BAF1EE10FAAB
:10B2E0002BD039EE699A78EECA8A89EE0C7A4046FC
:10B2F000C8EEAC7AF0EE4A0AB0EE690AA7EECC0AC4
:10B30000ECEE870A06F021F899F80030CDED050A39
:10B3100070EEEB0A012B8DED040A30EE4B0A02BFF2
:10B32000F1EE607AF0EE400AB0EE670AB5EE400A40
:10B33000F1EE10FA34D10123A37499F80020637C54
:10B34000012A40F0A380002B72D03AEEEB7ADFEDB9
:10B35000736AC6EE877AF4EEEABAC4ED087AFDEEB7
:10B36000EA7AF1EE10FA17EE903AFDEEEB7A1AB2A5
:10B3700017EE903A1BB247BF23816281228163811D
:10B38000B4F90A30B4F908209B1A07EE903AF8EEA7
:10B39000E77A00236374C4ED077A0123A3743FE0C6
:10B3A00080EE807AB5EE407AF1EE10FA84ED057AFF
:10B3B00002D101236374C0E7012B03BFB4F9062057
:10B3C00007EE902AF8EEE77AF0EE6B7A0ABF77EE96
:10B3D000CB7AEBEE477AEBEEC77A012B38EE4B8A4D
:10B3E0007AEEEBAAC4ED067A02BFF1EE487AB0EE2F
:10B3F0006A8AF0EE67AACAEE877A9FED497A38EE3C
:10B40000678AC7EE087AB5EEC08AF1EE10FA84EDCD
:10B41000078AC4ED087A03D5B1EE488A84ED078A1D
:10B42000E7602674AC6107B0BDEC0A8BBDE8F08321
:10B43000A37C002BF4D0B4F90630DFED386A00EEBF
:10B44000103AB8EEC00A30EE488A30EE4B0A38EEB9
:10B45000407AB4EEC08AC6EE877AF1EE10FAC4EDF7
:10B46000087AFDEEC87A17EE903AFDEEC07A1AB26D
:10B4700017EE903A1BB2CCBF238163814FF00103DA
:10B480006374CCBF62812281002387E7DBB13AEE8F
:10B49000EB7ADFED226AC6EE877AF4EEEABAC4ED03
:10B4A000087AFDEEEA7AF1EE10FA17EE903AFDEE28
:10B4B000EB7A1AB217EE903A1BB247BF2381628132
:10B4C00022816381ACE7A37C002BA9D038EE4B7AB4
:10B4D000DFED126AC6EE877AB4EEC8BAC4ED087A18
:10B4E000FDEEC87AF1EE10FA17EE903AFDEECB7A47
:10B4F0001AB217EE903A1BB247BF238162812281B4
:10B500006381B4F90A30B4F908209B1A07EE903A27
:10B51000F8EEE77AC4ED077A82E700BFFEFF7F44CA
:10B52000000080442C3A012010B500212DED028B43
:10B53000F0EE628A0446B0EE428A16F0C3FCF0EEEA
:10B54000687AFEEEED7A236817EE902AF0EE487ADC
:10B55000BDEC028BFEEEED7A20469B6817EE901A4A
:10B56000BDE81040184710B500212DED028BF0EE1C
:10B57000638A0446B0EE438A16F066FDF0EE687A00
:10B58000FEEEED7A236817EE902AF0EE487ABDECD5
:10B59000028BFEEEED7A20469B6817EE901ABDE80E
:10B5A0001040184713B50446406F05F0CEFEF0EE8C
:10B5B000607AFEEEED7A204617EE902AF0EE407AA1
:10B5C000FEEEED7A17EE901A02B0BDE8104016F0CC
:10B5D000D3BB13B50446406F05F0B7FEF0EE607ABA
:10B5E000FEEEED7A204617EE902AF0EE407AFEEE5F
:10B5F000ED7A17EE901A02B0BDE8104016F009BCC3
:10B60000F0B5DDE9050C0024079F634426464FF0A2
:10B61000010E63452DD013F8015D062DF9D80EFA01
:10B6200005F515F0660F0DD115F0100F17D12D0788
:10B63000EFD501381EB907EB80052D680D606CB998
:10B640000126E6E726B907EB800353F8083C0B60B8
:10B6500024B907EB800050F8043C1360F0BD0138BA
:10B660001CB907EB800424681460002EF6D1012475
:10B67000CFE70EB900230B60002CEFD10023ECE7DD
:10B6800038B504462DED0A8B0D46F0EE40BAB0EE0B
:10B6900060CAF0EE41AAB0EE61BAB0EE429AF0EEA6
:10B6A000629AB6EE00AA7BEE298A3AEE898A68EEA3
:10B6B0008A8A28EE0A8A3CEE680A7BEEC87A20EE77
:10B6C000000AA7EEA70A16F0B7FEB5EE400AF1EEA3
:10B6D00010FA2ED179EE6A7A39EECB7AB0EE6A8A18
:10B6E000F0EE4B8AA7EE8A8AE7EE0A8AA7EE0A8A6C
:10B6F000E7EECA8A022D2FDC0135F0EE4B1AB0EED0
:10B700006A1A2946F0EE682AB0EE482AF0EE4C0A92
:10B71000B0EE6B0A2046FFF7B3FFF0EE680AB0EE1A
:10B72000480A2046FFF755FFB0EE68BAF0EE48AA87
:10B73000B9E7D4ED1F7A38EE6B8A78EECC8A28EE22
:10B74000277A68EEA77A87EE008AC7EE808A3BEEFA
:10B75000888A7CEE288ACDE7F0EE680AB0EE480AC7
:10B760002046FFF736FFBDEC0A8B38BD10B52DED36
:10B770000A8B90F88430022B0446B0EE40CAB0EE3B
:10B78000609AF0EE419AF0EE618AB0EE42BAF0EEC5
:10B7900062BAB0EE43AAF0EE63AAB0EE448AF0EECD
:10B7A00064CA2CD1F0EE620AB0EE420AFFF711FF34
:10B7B00079EECB9A7AEEECCA78EEEB8A3AEE488ACA
:10B7C00069EEAC9A28EE888AF4EEC89AF1EE10FA87
:10B7D0000FDB0121F0EE6A2AB0EE4A2AF0EE6B1A76
:10B7E000B0EE4B1AF0EE490AB0EE4C0A2046FFF7D5
:10B7F00047FFF0EE6A0AB0EE4A0A204635E0012B18
:10B8000038D131EEE24A33EE486A71EE427A73EE95
:10B81000E46A26EE447AA7EEA67AB5EE407AF1EE17
:10B8200010FA27D028EE638A61EEC28AA4EE838ADA
:10B83000E1EE228A68EE677A28EE448AE6EE287AFC
:10B84000A6EEA88A87EE870AC8EE070A3CEE40CA31
:10B8500039EE609AD0ED207A29EE099AACEE0C9A76
:10B86000F4EEC97AF1EE10FA04DBFFF7B2FEBDEC9C
:10B870000A8B10BDF0EE6B0AB0EE4B0A2046FFF7C4
:10B88000A8FEB6E710B52DED0C8B90F88530044678
:10B89000B0EE409AF0EE609AF0EE41AAB0EE61BAD6
:10B8A00033B9FFF796FEF0EE4B0AB0EE6A0A15E0E8
:10B8B00071EE408A31EEE08AF6EE007A022B68EEF5
:10B8C000A78A28EE278A0FD170EEE80A30EE080A20
:10B8D000FFF77FFE7BEE680A3AEE880A2046FFF704
:10B8E00078FEBDEC0C8B10BDFFF773FEDFED4D7ADB
:10B8F000DFED4DBA9FED4DCADFED4DCA9FED4DDA3C
:10B90000F0EE690AB0EE490AE8EE270A2046A8EEF2
:10B91000A70AB1EE68AAEAEE2B0AA8EE2B0AFFF7F7
:10B9200058FEDFED457AF0EE690AB0EE490AE8EE1E
:10B93000270A2046A8EEA70AEAEE0C0AA8EE0C0A8F
:10B94000FFF747FEDFED3D7AF0EE690AB0EE490AF7
:10B95000E8EE270A2046A8EEA70AEAEE2C0AA8EE8F
:10B960002C0AFFF736FEDFED367AF0EE690AB0EE0C
:10B97000490AE8EE270A2046A8EEA70AEAEE0D0AD1
:10B98000A8EE0D0AFFF725FE79EE880A39EE280A9F
:10B9900070EEE80A30EE080A2046FFF71AFEDFEDE7
:10B9A000297AF0EE690AB0EE490AE8EE270A204645
:10B9B000A8EEA70AEAEE0D0AA8EE0D0AFFF709FEA7
:10B9C000DFED217AF0EE690AB0EE490AE8EE270AC7
:10B9D0002046A8EEA70AEAEE2C0AA8EE2C0AFFF7EA
:10B9E000F8FDDFED1A7AF0EE690AB0EE490AE8EEEA
:10B9F000270A2046A8EEA70AEAEE0C0AA8EE0C0ACF
:10BA0000FFF7E7FDDFED127AF0EE690AB0EE490AC2
:10BA1000E8EE270A2046A8EEA70AEAEE2B0AA8EECF
:10BA20002B0A3EE70AD7233D295C8F3E9A99193F9E
:10BA3000CDCC4C3F8FC2753FCDCC4C3ECDCCCC3E17
:10BA4000EC51383F0AD7A33FCDCCCC3F6666E63FEA
:10BA500048E1FA3F70B52DED068B90ED238A90ED0D
:10BA6000229A30EEC88A30EE499AF0EE40AA28EECB
:10BA7000080A0446A9EE090AB0EE60AA16F0DCFC3A
:10BA8000B5EEC00AF1EE10FA36DDD4ED1F7AD4ED32
:10BA9000230A94F87850C0EE276A002684F879606B
:10BAA00094ED220AC8EE268A89EE268A70EE289A3C
:10BAB00030EEC89A78EEAA8A3AEE488AFDB1C4ED13
:10BAC000249A84ED259AC4ED268A84ED278AF0EE27
:10BAD000490AB0EE690A2046FFF764FD84F87860F1
:10BAE000C4ED289A84ED299AC4ED2A8A84ED2B8A24
:10BAF000C4ED22AA84ED23AABDEC068B70BD94F898
:10BB00007A3094ED2A2AD4ED2B2A6BB1F0EE491A43
:10BB1000B0EE691AF0EE620AB0EE420A2046FFF774
:10BB2000B1FE84F87A50DBE7F0EE484AB0EE684A9E
:10BB3000F0EE493AB0EE693AD4ED291A94ED281A9C
:10BB40002046FFF713FECBE707EE902A07EE101A08
:10BB5000F8EEE70AB8EEC70ADFED037A60EEA70A4F
:10BB600020EE270AFFF776BF0000003D38B52DED27
:10BB7000028B90F8795004461DB3D0ED1F7A90EDFA
:10BB8000238A90ED220A78EE678A38EE278AF0EE53
:10BB9000680AFFF707FD94ED221AF0EE481AB0EE9E
:10BBA000410AF0EE680A2046FFF76CFE94ED221A77
:10BBB000F0EE681AF0EE480AB0EE410A2046FFF7B0
:10BBC00061FEBDEC028B284638BD10B52DED028B11
:10BBD0000446B0EE408AF0EE608AFFF7C7FFD0B9A6
:10BBE0002046D4ED274A94ED264AD4ED253A94ED2B
:10BBF000243AD4ED2B2A94ED2A2AD4ED291A94ED77
:10BC0000281AF0EE680AB0EE480AFFF7AFFD0120EF
:10BC1000BDEC028B10BD0020FAE7D0ED251A90EDA7
:10BC2000241AD0ED2B0A90ED2A0AFFF72BBE000054
:10BC30002DE9F04F89B01C460DF120089DF85030D9
:10BC40000493159E05910023DDE91297069348F8A9
:10BC5000043D049B86F87A3082461546059B9D423A
:10BC60006DD9013D19F80530062BF7D801A252F81D
:10BC700023F000BF93BC00085DBC000891BC000825
:10BC8000B5BC0008B5BC0008B9BC0008F9BC000888
:10BC9000023C5046CDE9019700942B46424606A946
:10BCA000FFF7AEFCDDED070A9DED060A3046FFF713
:10BCB000D1FED3E7013CECE7A4F1040B023C07EB17
:10BCC00084045046CDE90197CDF800B02B4642469A
:10BCD00006A9FFF795FCDDED072A9DED062A54ED38
:10BCE000011A14ED021AD4ED010A94ED000A30464F
:10BCF000FFF71AFC5C46B1E7A4F1060B023C07EB28
:10BD000084045046CDE90197CDF800B02B46424659
:10BD100006A9FFF775FCDDED073A9DED063A54EDF7
:10BD2000032A14ED042A54ED011A14ED021AD4ED7D
:10BD3000010A94ED000A3046FFF715FCDAE7049B90
:10BD400013B13046FFF769FF09B0BDE8F08F00BFBF
:10BD5000F0EE607AFEEEED7A036817EE902AF0EED0
:10BD6000407AFEEEED7A9B6817EE901A18470000B5
:10BD700010B5044B044640F8143B01F051F920463D
:10BD800010BD00BF886102082DE9F04F2DED048B36
:10BD9000D0ED0C7AB5B0F5EEC07AF1EE10FA0546AA
:10BDA0008B4606921E464FF0000440F24E81FF2360
:10BDB0000093021D8169439B9FEDA59A08A815F089
:10BDC0008FFED5ED0C7AA34BD5ED086A0893F5EEFE
:10BDD000C07AF1EE10FAB6EE007A48BFF1EE677A5B
:10BDE00067EE877A05F1340301222593002326EEBE
:10BDF000A77A8DF898308DF899208DF89A308DF8C3
:10BE000064306A7FAB7FCDED277A5A4327EE267ADE
:10BE1000531C03EB122367EE277A4FF0000895F8C6
:10BE2000240095F825102A94C3F307232B942C940F
:10BE30002D942E942F943094319432943394CDEDEC
:10BE4000287A8DF8A4008DF8A5108DF8A630F0EEB4
:10BE5000499AB0EE498AF0EE498A4446C14608AF95
:10BE60004FF0010A069B4B4500F0CC8009F101031D
:10BE700005931BF80930062B39D8DFE803F0043BA3
:10BE8000606F7C81A000C1452BD9F0EE490AB0EE6D
:10BE9000690A3846FFF7DEFD3846FFF767FE814640
:10BEA000F8B9F0EE490AB0EE690A3846FFF78DFEA0
:10BEB0002846CDE90297CDE900B62346059ACDED97
:10BEC0002A9A41468DED2B9A8DF898A08DF899A06D
:10BED000FFF7AEFEF0EE490AB0EE690A3846FFF70A
:10BEE00074FEDDF81480B0EE498AF0EE698ADDF860
:10BEF0001490B7E7C1450DD93846FFF737FE48B96A
:10BF0000CDE902A7CDE900B623464A464146284678
:10BF1000FFF78EFE06EB8403D3ED008A93ED018AD2
:10BF2000CDED2A8A8DED2B8A8DF898A08DF899A0F9
:10BF30000234C846B0EE489AF0EE689AD7E706EBAE
:10BF40008403D3ED008A93ED018AB0EE680AF0EE27
:10BF5000480A3846FFF77EFD0234C8E706EB840343
:10BF6000D3ED008AF0EE480AB0EE680A3846FFF7D3
:10BF700071FD0134BBE706EB840393ED008AF1E722
:10BF8000A30003F1080203F10C0932443344B14425
:10BF900092ED002AD9ED002AD3ED011A93ED001A93
:10BFA0000792F0EE480AB0EE680A3846FFF7BCFA8E
:10BFB000079A99ED008AD2ED008A043497E7A3002E
:10BFC00003F1100203F1140932443344B14492EDF9
:10BFD000003AD9ED003AD3ED032A93ED022AD3EDCE
:10BFE000011A93ED001A0792F0EE480AB0EE680AC3
:10BFF0003846FFF7B8FA079A99ED008AD2ED008A21
:10C00000063474E7069B434508AF0FD93846FFF75F
:10C01000ADFD58B90123CDE901630397CDF800B018
:10C020002346069A41462846FFF702FE9DF8A610D1
:10C03000384615F0E9FD04463846FFF799FE2046DC
:10C0400035B0BDEC048BBDE8F08F0124F7E700BFED
:10C0500000000000945A020810B50446FFF788FE5D
:10C060002046B02116F0BEF9204610BD2DE9F0475C
:10C070002DED068BAAB09846FF230746009389460C
:10C0800092468169399B9FED828A021D0DA815F0A9
:10C0900027FD3B7FDFED7E0A5A1E534207F1340530
:10C0A0005341B0EE600A28468DF8783005F04DF91E
:10C0B000CA44B0EE409AF0EE609AF0EE488A00244E
:10C0C000CA4500F0CD8019F8013B062BF8D8DFE80F
:10C0D00003F004082A3F53588A000DA815F072FD9A
:10C0E000EEE708EB8403D3ED008A93ED018AB0EE0E
:10C0F000680AF0EE480A284605F027F9F0EE607A63
:10C10000FEEEED7A0DA817EE902AF0EE407AFEEEE4
:10C11000ED7AB0EE409A17EE901AF0EE609A15F0B4
:10C120002BFE0234CCE708EB8403D3ED008A93EDB9
:10C13000018AB0EE680AF0EE480A284605F005F9D3
:10C140000DA8B0EE409AF0EE609AFFF701FEE8E726
:10C1500008EB8403D3ED008AF0EE480AB0EE680ADB
:10C16000284605F0F2F80DA8B0EE409AF0EE609A7D
:10C170000134FFF7EDFDA3E708EB840393ED008A9C
:10C18000EAE7A31C08EB830353ED010A13ED020A4F
:10C19000D3ED008A93ED018A284605F0D6F82846AB
:10C1A0008DED090ACDED0A0AB0EE680AF0EE480AF4
:10C1B00005F0CBF8DDED0A1A9DED091AF0EE602AC4
:10C1C000B0EE402AB0EE40AAF0EE60AAB0EE490A06
:10C1D000F0EE690A0DA8FFF7A7F90434F0EE6A9AA9
:10C1E000B0EE4A9A6CE7261D08EB860656ED030A68
:10C1F00016ED040AD6ED008A96ED018A284605F070
:10C20000A4F828468DED070ACDED080A16ED020ABE
:10C2100056ED010A05F099F828468DED090ACDED95
:10C220000A0AB0EE680AF0EE480A05F08EF8DDED75
:10C230000A2A9DED092ADDED081A9DED071AF0EE98
:10C24000603AB0EE403AB0EE40AAF0EE60AAB0EE2E
:10C25000490AF0EE690A0DA8FFF785F90634BDE733
:10C260007B7FB97F59434B1C03EB1121C1F307219D
:10C270000DA815F0C9FC074B0D93044612A800F059
:10C28000CFFE20462AB0BDEC068BBDE8F08700BF8C
:10C29000000000008861020810B4047F1CB15DF842
:10C2A000044BFFF7E3BE5DF8044BFFF76DBD0000E4
:10C2B0002DE9F04F91460246054652F8260F85B00B
:10C2C00088465168DDF838B09A4602AB03C3BDF921
:10C2D0000C30002B02AF08DDBDF90E40002C04DD50
:10C2E0002E4A127822B1012A2DD005B0BDE8F08F78
:10C2F000BDF80A301C44A4B226B2BDF90A30B342DC
:10C30000F3DACDE900B753464A4641462846FFF7DF
:10C31000C3FF40B9BDF90E30012B04D001335B10CF
:10C32000ADF80E30EDE7BDF80E20BDF80A3013442D
:10C330009BB21A4412B29642ADF80A30DDDAE31A23
:10C34000ADF80E30D9E7BDF808401C44A4B226B2BF
:10C35000BDF90830B342C8DACDE900B753464A46C2
:10C3600041462846FFF798FF40B9BDF90C30012B34
:10C3700004D001335B10ADF80C30EDE7BDF80C20B4
:10C38000BDF8083013449BB21A4412B29642ADF87D
:10C390000830DDDAE31AADF80C30D9E72C3A012089
:10C3A0007FB503680D46044601469B6E02A8984778
:10C3B000286869686B4603C368461946FDF796FB13
:10C3C000A06A88B10368211DDB68984760B1BDF998
:10C3D0000430002B08DDBDF90650002D04DD2B4A8A
:10C3E00012781AB1012A29D004B070BDBDF802300C
:10C3F0001D44ADB22EB2BDF90230B342F4DA236867
:10C400006946DB6E2046984740B9BDF90630012BDE
:10C4100004D001335B10ADF80630F0E7BDF806201C
:10C42000BDF8023013449BB21A4412B29642ADF8E2
:10C430000230E0DAEB1AADF80630DCE7BDF8005068
:10C440001D44ADB22EB2BDF90030B342CCDA236840
:10C450006946DB6E2046984740B9BDF90430012B90
:10C4600004D001335B10ADF80430F0E7BDF80420D0
:10C47000BDF8003013449BB21A4412B29642ADF894
:10C480000030E0DAEB1AADF80430DCE72C3A01209A
:10C490001FB50368044601469B6E68469847002115
:10C4A000B4F90820B4F90A300291684602A9ADF83F
:10C4B0000C20ADF80E30FDF719FB236869461B69A7
:10C4C0002046984704B010BD012180F825100B4983
:10C4D00001600022FF218280C2800281428182812C
:10C4E000C28102824282C0E90522C2610284428482
:10C4F00080F8242080F8261082627047F45A0208DF
:10C5000000207047074B828D1B88934281BF064BEA
:10C510001B6803EB420358788CBF00F00300002037
:10C52000704700BF903A01208C3A0120704700000C
:10C530002DE9F041104B818D1B888B42044618D9A0
:10C5400003689D6F0D4B1868F7F720FB23680646BC
:10C55000DB6F2046984723680746D3F88030204693
:10C5600098473A46034631462046AC46BDE8F0417E
:10C5700060470020BDE8F081903A0120983A012000
:10C580002DE9F743174B818D1B888B42044626D932
:10C59000154B1B6803EB410213F81100134B557840
:10C5A0001B6853F820603368DF69114B1868F7F790
:10C5B000EDFA23688046DB6F204698472368814662
:10C5C000D3F8803020469847C5F3810500904B464C
:10C5D000424629463046B84703B0BDE8F083002004
:10C5E000FAE700BF903A01208C3A0120943A0120EA
:10C5F000983A01200EB42DE9F0472F4B1A88838D0D
:10C600009A429DB0044654D9DFF8B090DFF8B0806C
:10C6100026AA0292D9F8002012F81320D8F8003088
:10C6200053F822502B6828469B6B984707B2064662
:10C6300003A805F084FA2B682846DB6C98472B6822
:10C6400082461B6D2846984753460090029A2599CA
:10C6500003A805F0CFFAA28DD9F8003094F837C0BE
:10C66000258913F8120003EB4201A5EB0C054A786B
:10C67000D8F8003094F839102DB2009553F82030D6
:10C68000C2F3810203A802F0B7FBB4F93420B91851
:10C69000002903B20BDD013B13FB02F316FB003351
:10C6A0001FB238461DB0BDE8F04703B07047002BFD
:10C6B000F7DC0027F5E700BF903A01208C3A012013
:10C6C000943A01202DE9F04FBC4B0C461B88898D14
:10C6D0008B42A9B0804609D800234FF0FF32C0E951
:10C6E00000328360404629B0BDE8F08FB44E336815
:10C6F00013F81120B34B1B6853F82250B24B186843
:10C70000F7F744FA2B6881469B6B28469847A78E1B
:10C7100003B207440493BBB2039394F839308246C2
:10C720000FA8002B40F0A68005F009FA2B682846D8
:10C73000DB6C98472B6806461B6D28469847236894
:10C740000746DB6F2046984723688346D3F880303E
:10C75000204698473B46CDE900B0494632460FA8EF
:10C7600005F05DFA94F83830DFF854B213F0FD0F9D
:10C770004FF000060CBFB4F90A90B4F908903746A0
:10C78000A28DDBF8003003EB420329465B7847F6C5
:10C79000FF72C3F381030FA802F035F8039B8642B2
:10C7A000B8BF06460137A9EB03090FA836B2BFB2DE
:10C7B0000FFA89F905F0EAF918B92B7A4B44002BE6
:10C7C000DEDC039B049A95F8099013FB07F7A38E10
:10C7D000FF1ABFB23BB29A42A8BF574694F838300E
:10C7E00013F0FD0F236808BFB4F908A0DB6E18BF73
:10C7F000B4F90AA0204698474F441FFA87F9012848
:10C800000FFA89F7B3B200F0E180022894F837609C
:10C8100000F0E280EA7A2D7B36B2B61A2A4413443D
:10C8200094F838201FFA86FA9BB2022A0FFA8AFB84
:10C830001EB200F0D580032A00F0DD80012A40F00E
:10C84000E58025893346A5EB09093E465D461F462E
:10C850000FFA89FB5C4BA18D1868F7F797F9A8F8D8
:10C8600000B0A8F80250A8F80460A8F80670C8F84C
:10C87000080037E705F063F92B682846DB6C98471A
:10C880002B6807461B6D2846984723688346DB6F55
:10C890002046984722680590D2F88020204690478D
:10C8A000059B01903A46494600930FA85B4605F068
:10C8B000B6F994F83830B4F90890A18D94F839009D
:10C8C00013F0FD0FB4F90A300ABF4A461A469946DA
:10C8D00094F83730D21A3368B4F9346003EB41036B
:10C8E0000FAF597807970023C1F38101ADF81830D5
:10C8F0008DF820108DF821000995ADF82820ADF8AD
:10C900002A90ADF82C60ADF82E30ADF83030ADF88F
:10C910003230ADF83430ADF83630ADF838308DF80F
:10C920003A3050B32B6828465B699847074620B3D6
:10C93000099803683946DB6898470646E8B1437BA7
:10C94000827A5B0003F480731343ADF838309DF8AE
:10C950002130062B11D10998036832465B6C3946A9
:10C960009847737B5B0003F48072B37A13431844D7
:10C97000BDF838301844ADF838000026374606A810
:10C9800002F036F9BDF83600039B8642A9EB030995
:10C99000BDF81830B8BF0646013736B2BFB20FFA3D
:10C9A00089F9002B3FF40DAF9DF83A30002B7FF44E
:10C9B00008AF2B7A4B44002BE1DC02E7903A0120D0
:10C9C0008C3A0120943A0120983A0120AAEB0606FD
:10C9D000022096FBF0F61DE71E44AAEB060619E7B7
:10C9E0002589ED1AA5EB0A050FFA85FB6589A5EBEC
:10C9F00009052DB22EE76589ED1AA5EB0A05334628
:10CA00002DB23E464FF0000B1F4623E7002521E7DD
:10CA100010B54821044615F0E5FC204610BD000085
:10CA200013B590F836300446FBB1164B818D1B8848
:10CA30008B421AD9B0F90830002B16DDB0F90A3054
:10CA4000002B12DD104B1868F7F7A0F8B4F942304C
:10CA50002268002B06DBB4F94030002B02DB636C4C
:10CA6000984204D053692046984702B010BD04F1A3
:10CA70003C0103C96B4683E803001269194620464E
:10CA80009047F2E7903A0120983A01202DE9F041D1
:10CA9000444B828D1B8893428EB004467ED9086831
:10CAA000414D496805AB03C311462868F7F76EF896
:10CAB000B4F94230002B11DBB4F94030002B0DDB10
:10CAC000636C98420AD104F13C0292E8030009AB7E
:10CAD00083E80300194605A8FDF708F8BDF91830EA
:10CAE000002B5BDDBDF91A30002B57DD2F4FA28DD7
:10CAF0003B6813F812202E4B1B6853F82260002E5F
:10CB00004CD0236894F83680DB6E20469847A28D7F
:10CB10003B68B4F934C094F838E094F83770216B6E
:10CB200003EB420394F839205B780996C3F3810341
:10CB30008DF829301F4B8DF828001B688DF82AE0EE
:10CB40000B91ADF830C08DF832808DF833708DF8D0
:10CB5000342093F858200AB1DE6C06B99E6807AFFE
:10CB60002146384604F050F8A18D2868F7F70EF8F2
:10CB700023680546DB6F2046984723688046D3F834
:10CB8000803020469847CDE9028009AB009301959B
:10CB900005AB97E806003046F6F7AAFF0EB0BDE8F1
:10CBA000F08100BF903A0120983A01208C3A012090
:10CBB000943A0120343A012038B50E4B828D1B88FF
:10CBC0009A42044614D203685B6F9847236805466F
:10CBD0001B6F2046984794F838302DB213F0FD0FA4
:10CBE000014606BF024629462A462046F6F716FCAD
:10CBF00038BD00BF903A012030B58B888385B0F9ED
:10CC0000083085B0044623B9B0F90A300BB9FFF7F4
:10CC1000D3FF23686D4621462846D3F884309847D1
:10CC200095E807003C3484E8070005B030BD0023D8
:10CC30008380C3800380438091F82630FF2B01BF9F
:10CC40000B8983804B89C3807047000037B5044649
:10CC5000086849686B4603C323686946DB6A204657
:10CC60009847084B1B6893F858200AB1D86C00B954
:10CC700098680368A26A1D6A94F826306946A84736
:10CC800003B030BD343A0120704710B52C21044662
:10CC900015F0A8FB204610BD90F826202AB190F888
:10CCA000252012B103685B691847704790F82C0083
:10CCB0007047704770B50B88C3850546138825F803
:10CCC000303F0446284606F0EFFA0646284606F0AE
:10CCD0001FFB23680546314620469B6B9847236817
:10CCE00029462046DB6BBDE87040184710B534215B
:10CCF000044615F077FB204610BD10B50446806A47
:10CD000050B10368DB68984730B1A06A03682146D8
:10CD10009B68BDE81040184710BD10B591F832303F
:10CD2000FF2B044606D00023038043808380C3800A
:10CD3000204610BD91F82C301BB1303106F01CFBA1
:10CD4000F6E72E31FAE700002DE9F04190F82C309B
:10CD50008AB004468846002B66D0038EADF81430A6
:10CD600005A806F0A1FA074605A806F0D1FAB8F919
:10CD70000060B8F80420324492B200230FFA82FC1B
:10CD80009C45069352DDB74250DDB8F90250B8F821
:10CD900006302B449BB219B2002947DDA84245DD7D
:10CDA0006745B8BFBAB2884226EAE67625EAE57555
:10CDB000B8BF83B2921B5B1BADF81C20ADF81E30D0
:10CDC000ADF81860ADF81A50BDF814204FF6FF7397
:10CDD0009A4226D0BDF91C30002B22DDBDF91E3051
:10CDE000002B1EDD0023CDE90833236808A9DB6A88
:10CDF000204698470F4B1B6893F858200AB1D86C0F
:10CE000000B998680168BDF92230BDF920200125DC
:10CE1000029594F83240019406AC00948C6805A900
:10CE2000A0470AB0BDE8F081C38D97E700230793C0
:10CE3000CAE700BF343A012090F832202AB190F8B6
:10CE4000252012B103685B69184770472DE9F0434C
:10CE50002F4B828D1B8893428DB004460F4654D9C8
:10CE60002C4B196801EB420311F812102A4A126880
:10CE700052F82110002948D05A7894F839308DF8AA
:10CE80002C30264B90F83650B0F934C090F838E08A
:10CE9000266B90F837000791C2F30108C2F38102B4
:10CEA0008DF821201A688DF8208092F858308DF87E
:10CEB00022E00996ADF828C08DF82A508DF82B0095
:10CEC0000BB1D56C05B9956805AE2146304603F027
:10CED0009BFE134BA18D1868F6F758FE2368804619
:10CEE000DB6F2046984723688146D3F88030204680
:10CEF0009847CDE9029007AB0093CDF804803B46FC
:10CF000096E806002846F6F7F3FD0DB0BDE8F0837D
:10CF1000903A01208C3A0120943A0120343A0120C1
:10CF2000983A0120704770B50B88C38404460846C0
:10CF30000D4606F0B9F90646284606F0E9F92368D9
:10CF40000546314620469B6B984723682946204674
:10CF5000DB6BBDE87040184710B52C21044615F076
:10CF600041FA204610BD10B591F82830FF2B044639
:10CF700006D00023038043808380C380204610BDF9
:10CF8000263106F0F9F9F9E790F828202AB190F84F
:10CF9000252012B103685B69184770472DE9F041FD
:10CFA000044688B054F8263B0025DB6A0F46CDE9DD
:10CFB000045504A906469847204606F075F98046B0
:10CFC000204606F0A5F9069506ADADF81E003946D7
:10CFD0002846ADF81C80FCF789FDBDF91C30002BFC
:10CFE00019DDBDF91E30002B15DD0C4B1B6893F8C5
:10CFF00058200AB1D86C00B998680168BDF91230A0
:10D00000BDF910200127029796F82860CDE9005657
:10D010008D682146A84708B0BDE8F081343A012068
:10D02000704710B53021044615F0DCF9204610BDDC
:10D0300010B5044600F082FEE06000F085FEE36873
:10D040002361C008002247F6FF7101386060A260CA
:10D05000198059809A80DA80636A23F0010343F0D3
:10D060000203636210BD000010B50A4B0360002389
:10D07000C0E90133C0E90333C0E90533C0E9073330
:10D0800043626FF000430446C0E90A33FFF7D0FF64
:10D09000204610BD445D02082DE9F04F93B05611B3
:10D0A0001C9C059304F01F0553110495651103930F
:10D0B000AE424FEA6413069302F01F0340F0F8807B
:10D0C000049C059AA3424FEA621E026925D1B2F977
:10D0D00000309E4503D1B2F902309E4235D0D1884E
:10D0E00093880B4310D0B2F90230002B0CDBC16ADD
:10D0F0008B4209DAD0E901138B4238BF083203F1C1
:10D10000010338BF026183600369039AA3F800E05A
:10D110005A8000229A80DA8017E0059CB2F80480D9
:10D12000B2F806A004F01F044E110294049C764548
:10D1300001F01F0CA4EB03040AD1029B9C44A04401
:10D1400004FB0CA4A2F80480D48013B0BDE8F08FD7
:10D15000059D691A5BBFCCF120056C430025202595
:10D1600044BF04FB0CF449420195019F94FBF1F587
:10D1700001FB154454BF4FF001094FF0FF39002C5B
:10D18000B8BF05F1FF35BC44A84405FB0CACA2F8C0
:10D190000480A2F806C0D0F810C0BCF80680BCF825
:10D1A0000420B8BF641858EA02024E4411D0BCF9FA
:10D1B0000280B8F1000F0CDBC26A904509DAD0E9B1
:10D1C000012890453CBF0CF10802026108F1010200
:10D1D0008260D0F810C0BDF90C20ACF800600027C8
:10D1E000B645ACF80220ACF80470ACF806702B44DD
:10D1F0004DD0049FFF1A3D446D0195FBF1F801FBF2
:10D200001855002DB8BF08F1FF3808F10107B8BF65
:10D210006D18641A03974FF0000AD0F810C0641913
:10D2200058BF039FBCF804B048BF4746BB44ACF8A6
:10D2300004B0BCF806B00BEB471BACF806B0D0F856
:10D2400010C03B44BCF806B0BCF8047058BF641A68
:10D250005BEA07074E4411D0BCF902B0BBF1000FE6
:10D260000CDBC76ABB4509DAD0E9017BBB453CBF93
:10D270000CF1080707610BF1010787600769B645E4
:10D280003E807A80A7F804A0A7F806A0C5D1049A2A
:10D29000D31A02699188D68819449180029901F1C4
:10D2A000200C0199ACEB010C03FB0C63D3804CE721
:10D2B000059DA21AA5EB01050895029240F128816F
:10D2C000039A002AFFF641AF029A52420292069A4E
:10D2D00042EAE2724FF0FF3406922A460B945A4318
:10D2E0000024029D0194029C92FBF4F405FB14229D
:10D2F000002A0792BCBF52190792019A0569B8BF6C
:10D3000004F1FF3404EB01099A424FEA691640F038
:10D310001281B5F900309E4204D1B5F90230039A6A
:10D320009A421BD0EA88AB88134310D0B5F902208B
:10D33000002A0CDBC36A9A4209DAD0E901329A4228
:10D3400038BF083502F1010238BF05618260036908
:10D35000039A5A8000221E809A80DA800B9B039ADF
:10D3600001691A44B1F90030B34203D1B1F9023076
:10D370009A421AD0CC888B88234310D0B1F902404E
:10D38000002C0CDBC36A9C4209DAD0E901349C42D0
:10D3900038BF083104F1010438BF016184600369BA
:10D3A00000211E805A809980D980069B934200F00C
:10D3B0008280089B029C02995B0193FBF1F104FBC4
:10D3C0001133002B0391089304DA4B1E0393089B3F
:10D3D00023440893079B02995B1A0793019BC3F1AF
:10D3E00020030E930E99019B5B1A4F460A93002669
:10D3F000DDE907315B1858BF029907935DBF5B1ADF
:10D400000793039B039958BF591C8944002A4FEA8C
:10D41000691A2EDBC36A93422BDD019C0569A04685
:10D420000E9CB5F904C0B5F906E0A04540F04F8167
:10D43000B5F90010514503D1B5F90210914218D049
:10D440005CEA0E010FD0B5F9021000290BDB8B420C
:10D4500009DDD0E90131994238BF083501F10101F8
:10D4600038BF056181600369A3F800A05A809E80DF
:10D47000DE800B9B01691A44CC888B88234310D033
:10D48000B1F90240002C0CDBC36A9C4209DAD0E9F6
:10D4900001349C4238BF083104F1010438BF0161F6
:10D4A00084600369A3F800A05A809E80DE80069BFA
:10D4B00093424F469CD1019B0769C3F12006059B0F
:10D4C0004FEA631E049B9E4240F0CC81B7F90030C6
:10D4D0009E4504D1B7F902309A423FF436AEF9883E
:10D4E000BB880B4310D0B7F90230002B0CDBC16AAC
:10D4F0008B4209DAD0E901138B4238BF083703F1B8
:10D50000010338BF076183600369A3F800E0FFE50A
:10D51000C26A039CA242FFF618AE069CA242B8BFA4
:10D520000132089CB8BF0692C3F120026243012475
:10D530000B942024D5E609F01F024FEA61180C92E3
:10D54000019AB5F804E0B5F806A0B04501F01F0156
:10D55000A2EB030208D10C9B1944964402FB01A1E3
:10D56000A5F804E0E980F9E6002CC0F2A9800127C3
:10D57000C1F1200C0A9702FB0CF22027099792FBBD
:10D58000F4FC099F04FB1C22002AB8BF0CF1FF3CED
:10D5900039440CFB01A1E980E6440A99A5F804E0AE
:10D5A00008EB01050169B1F80680B1F804E0B8BFE5
:10D5B000121958EA0E0710D0B1F902E0BEF1000FBF
:10D5C0000BDBC76ABE4508DAD0E9017EBE453CBF29
:10D5D000083101610EF1010181600169BDF90C8022
:10D5E0000D804FF0000EAE42A1F80280A1F804E0D9
:10D5F000A1F806E0634454D00199C91A6144490175
:10D6000091FBF4FE04FB1E110029B8BF0EF1FF3E92
:10D610000EF10107B8BF0919121B0D97D0F810A021
:10D620000A9FBAF804B0521854BFDDF834C0F4466B
:10D63000E344AAF804B0BAF806B00BEB4C1BAAF806
:10D6400006B06344D0F810C0BCF806B0BCF804A023
:10D6500058BF121B3D445BEA0A0714D0BCF902A074
:10D66000BAF1000F0FDBC76ABA450CDAD0E9017ACC
:10D67000BA4538BF0CF1080C0AF1010A38BFC0F8EE
:10D6800010C0C0F808A0D0F810C04FF00007AE429C
:10D69000ACF80050ACF80280ACF80470ACF806703E
:10D6A000BCD10469019A0C99D31AA2881A44A280A9
:10D6B000099A2031891AE28803FB0123E3804DE6B1
:10D6C0004FF0FF370A974A436442002756E74FEA74
:10D6D000671809F01F03D04507F01F070F931FFAC3
:10D6E0008CFC1FFA8EFE0AD10A9B9C440F9BA5F866
:10D6F00004C01F440A9B03FB07E7EF80B9E600293B
:10D70000C0F2A8800A9CC7F12003634301240D9452
:10D7100020240C9493FBF1F401FB143B0C9BBBF114
:10D72000000FB8BF04F1FF341F4404FB07E7A44413
:10D73000A5F804C0EF80D0F810C00D9BBCF806E03F
:10D74000BCF80470B8BF8B4408EB03055EEA07031E
:10D7500011D0BCF902E0BEF1000F0CDBC76ABE4578
:10D7600009DAD0E9017EBE453CBF0CF1080707612C
:10D770000EF101078760076913B210937B800E9B3F
:10D780003D805545BE80FE8004EB030C51D0019BCB
:10D79000A3EB0C073C44640194FBF1F801FB184433
:10D7A000002CB8BF08F1FF38ABEB010308F101070B
:10D7B000B8BF641809931197099BD0F810E01B19A2
:10D7C00058BF119FBEF804B0099348BF4746BB44F9
:10D7D000AEF804B0BEF806B00BEB471BAEF806B0CF
:10D7E000D0F810E0BC440D9FBEF806B03D44BEF832
:10D7F00004705CBF5B1A09935BEA070311D0BEF9A2
:10D8000002B0BBF1000F0CDBC76ABB4509DAD0E9F7
:10D81000017BBB453CBF0EF1080707610BF1010717
:10D8200087600769109B3D8055457B80BE80FE80E8
:10D83000C2D1019B0F9FA3EB0C0C03699988614433
:10D8400099800C9920377F1AD9880CFB071CA3F804
:10D8500006C00EE60A9B4FF0FF340D947B4349420D
:10D86000002456E70599B7F80480B7F806A001F040
:10D870001F014FEA691B02910499F34509F01F0C3F
:10D88000A1EB060408D1029B9C44A04404FB0CA419
:10D89000A7F80480FC8058E40599B1EB09015BBF4F
:10D8A000CCF120056C430025202544BF04FB0CF47B
:10D8B00049420195019B94FBF1F501FB154454BFCE
:10D8C0004FF001094FF0FF39002CB8BF05F1FF35CB
:10D8D0009C44A84405FB0CACA7F80480A7F806C03C
:10D8E000D0F810C0BCF80680BCF80470B8BF64184B
:10D8F00058EA07070BEB090311D0BCF90280B8F115
:10D90000000F0CDBC76AB84509DAD0E90178B845E1
:10D910003CBF0CF10807076108F101078760076940
:10D920004FF0000C12B29E453B807A80A7F804C0ED
:10D93000A7F806C02E444DD0049FBF1B3D446D0187
:10D9400095FBF1F801FB18556545B8BF08F1FF38A4
:10D9500008F10107B8BF6D18641A03974FF0000A69
:10D96000D0F810C0641958BF039FBCF804B048BF7A
:10D970004746BB44ACF804B0BCF806B00BEB471B01
:10D98000ACF806B0D0F810C03E44BCF806B0BCF805
:10D99000047058BF641A5BEA07074B4411D0BCF906
:10D9A00002B0BBF1000F0CDBC76ABB4509DAD0E956
:10D9B000017BBB453CBF0CF1080707610BF1010778
:10D9C000876007699E453B807A80A7F804A0A7F886
:10D9D00006A0C5D1049B9E1B03699A8832449A8095
:10D9E000029A02F1200C019AACEB020CDA8806FBD9
:10D9F0000C26DE80FFF7A9BB436A9B07F7B50E46EE
:10DA0000154611D5D0E9051286EA010785EA020319
:10DA10003B4309D033460095FFF73EFB436AC0E91C
:10DA2000056543F00103436203B0F0BDF8B5436AF6
:10DA300015469A0704460E4601D4FFF7F9FA636AC1
:10DA4000DB0704D5D4E907122046FFF7D5FF236989
:10DA5000B3F90020701190424FEA651103D1B3F978
:10DA6000022091421AD0DF889A883A4310D0B3F945
:10DA70000220002A0CDBE76ABA4209DAD4E9017213
:10DA8000BA4238BF083302F1010238BF2361A260F5
:10DA900023690022188059809A80DA806661C4E97F
:10DAA00006562562F8BD2DE9F047D0B06C4600EB74
:10DAB000C10127460D1A482D00F1080340F3D58017
:10DAC0002D1100EBC502B0F900901668B0F9028084
:10DAD00006605668B0F906C0B0F904E0466020F868
:10DAE0003590A2F80280A2F804E0A2F806C031F94D
:10DAF000065CB0F90AC06545A1F1080206DB19D140
:10DB0000B0F9086031F9085CAE4213DD0E46B0F999
:10DB1000089056F8085DB0F90C80B0F90EE01D6071
:10DB200075685D6021F8089C21F806CC21F8048C0A
:10DB300021F802ECB0F90260B0F90A50AE4206DBFF
:10DB400016D1B0F900C0B0F90850AC4510DA1D6824
:10DB5000B0F9008005605D68B0F904E0B0F906C076
:10DB6000A0F8088045604681A0F80CE0A0F80EC03F
:10DB700031F9065CB0F902C0654506DB19D131F90F
:10DB8000086CB0F90050AE4213DA0E46B0F90090BE
:10DB900056F8085D0560B0F90480B0F906E07568D4
:10DBA000456021F8089C21F806CC21F8048C21F866
:10DBB00002EC0833B0F902C0B3F902E0E645F8DB45
:10DBC00005D1B3F90060B0F90050AE42F1DB154663
:10DBD000083AB2F90260B445F9DB05D1B0F900802A
:10DBE000B2F90060B045F2DB9342A5F1080616D801
:10DBF000D6F800C0B3F900A0C3F800C0B3F9049090
:10DC0000B3F90680D6F804C0C3F804C025F808AC00
:10DC100025F806EC25F8049C25F8028CC9E7D6F80F
:10DC200000E0B0F900A0C0F800E0B0F90490B0F94D
:10DC30000680D6F804E0C0F804E025F808AC25F822
:10DC400006CC25F8049C25F8028CCD1A161AED1086
:10DC5000B5EBE60FB5BFC4E90002C4E900310A46DE
:10DC6000034608341846114624E7994228D9A3F1FF
:10DC70001002B2F912C0B2F90A50AC4506DB1DD150
:10DC8000B2F91060B2F90850AE4217DA1546B2F98F
:10DC9000109055F8086F16616E68B2F91480B2F9E9
:10DCA00016E0A2F80890A8425661A2F80AC0A2F8AD
:10DCB0000C80A2F80EE0A2F10802DAD10833D4E712
:10DCC000BC4203D954E90201083CF3E650B0BDE878
:10DCD000F08710B5436ADA07044607D5D0E9071282
:10DCE000FFF78AFE436A23F001034362636A9B07DE
:10DCF00021D52369D9889A880A4310D0B3F9022024
:10DD0000002A0CDBE16A8A4209DAD4E90112914265
:10DD100088BF083302F1010288BF2361A260A168B5
:10DD200029B16368994202D8E068FFF7BCFE636AD4
:10DD300023F002036362E06810BD0000014B186825
:10DD4000704700BF3C3A0120014B1868704700BF84
:10DD5000403A012010B50368DB6A0C469847031B64
:10DD60005842584110BD0000014B1960704700BF78
:10DD7000443A01202DE9F04F9646054614460E46DA
:10DD80001F46BEE80F0097B00DF11C0CACE80F0069
:10DD9000DEF80030CCF8003004F1140EBEE80F00BD
:10DDA0000DF1300CACE80F00DEF80030CCF800309C
:10DDB00004F1280EBEE80F000DF1440CACE80F0092
:10DDC0009DF88C90BDF890A0BDF88880DEF80030FA
:10DDD000CCF80030219A2B680192CDE9039A209A61
:10DDE0000092CDF80880D3F83CB007AA3B463146F4
:10DDF0002846D847A646BEE80F000DF11C0CACE83B
:10DE00000F00DEF80030CCF8003004F1280EBEE838
:10DE10000F000DF1300CACE80F003C34DEF80030A0
:10DE2000CCF800300FCC0DF1440CACE80F002368A7
:10DE3000CCF800302B68CDE9039A219A0192209A00
:10DE40000092CDF80880DC6B07AA3B463146284695
:10DE5000A04717B0BDE8F08F2DE9F04F8DB0884690
:10DE60001699D3F800C00F68BDF8704092ED094ACA
:10DE7000D2ED0B4AD3ED076A1899DDF864A0B1F929
:10DE80000090BAF90010D3ED0A1A93ED0D2AA7EB12
:10DE90000C07BC42A8BF3C4607EE904AB8EEE75AD2
:10DEA000D2ED0D7A25EE044A65EE244A25EE275A76
:10DEB000F7EE007A87EEA67A09EB0C0E714571EE4B
:10DEC000A40A32EE051A36EE840A61EE871A22EEB3
:10DED000072A40F38D80A1EB0E0696FBF4F507EEC2
:10DEE000105AB8EEC77A002D04FB1566A7EE040A97
:10DEF000E7EE240AA7EE051A13DD70EE446A70EE11
:10DF0000E41AF5EE406AF1EE10FA18BF87EEA67A31
:10DF100031EE452A08BFB0EE677A61EE871A22EE2D
:10DF2000072A05FB04F2BF1A9444BAF804201144EE
:10DF300009EB0C023A4409B28A42C4BFA1EB0902C0
:10DF4000A2EB0C07002F50DD97FBF4F104FB1172DC
:10DF50000AB901392246C7EE803A40680B90D0F8E2
:10DF600000A0179808909DF86CB01898CDF824B0D0
:10DF7000B0F902B05B690B985B44F0EE426A60EE68
:10DF8000A32A21EE233A72EEE17AFEEEC86AFEEE93
:10DF9000C87A079317EE907A73EE427AB0EE617A00
:10DFA000FEEEC87A16EE903A97FBF4F717EE90CA99
:10DFB000BEEEC87A9CFBF4FC0CFB0633029317EE12
:10DFC000103AB64404FB05E5CDE9037C07FB0637B0
:10DFD000CDE90585CDE900470029CCBFA146914692
:10DFE000A9EB0603DAF80840A0470DB0BDE8F08FB2
:10DFF00000252E4699E700002DE9F04FDBB01D46C5
:10E00000BDF898310A939DF89C310B93BDF8A0316F
:10E01000109303680F915F6C099014462946DDE95F
:10E020000A23DDF894B1B847099B5860002800F036
:10E03000A1832B6814936B681593C44B94ED027AFB
:10E040001978D5E90223F2EE047A0029B4EEE77AD2
:10E0500016BF194611461346F1EE10FA1691CDE996
:10E06000173240F2878394ED077AB4EEE77AF1EE47
:10E0700010FA40F27F8394ED0C7AB4EEE77AF1EE79
:10E0800010FA40F277832268B14B9A42C0F2728351
:10E09000B04963698A4200F36D8303F51C33AE48CF
:10E0A000FF33834200F26683A36AAC4D03F51C3351
:10E0B000FF33AB4200F25E83626802F51C33FF332C
:10E0C000834200F25783A16901F51C33FF33834279
:10E0D00000F25083E36A03F51C30FF30A84200F2DF
:10E0E00049838A4280F210819A4200F31981994251
:10E0F00080F21D8102250127A946B8464FF0000A8B
:10E10000214649A804F08CFA2246534649A9CDF885
:10E11000009019A804F0B4FB2246534649A9CDF853
:10E12000008029A804F0ACFB4346224649A9CDF85B
:10E13000009039A804F0A4FBAF42B5BF002301232F
:10E140000E930E930F9B93E8030012AFB9BF29AD56
:10E1500019AC19AD29AC87E8030028B9804B1868C1
:10E160000368DB6A98473860649BBBF80600B3F924
:10E1700002300C930C9963692F9A0B44BBF902107F
:10E18000084400B283420D9080F2DD808B4208DAB1
:10E19000002A06DDCB1A9A42C0F2E480002B00F37D
:10E1A000E28067690C9B3B441F460D9BDF1B974237
:10E1B000A8BF17460DF15008002F40F36681649BFD
:10E1C0002968B3F90020BBF9003020681144994256
:10E1D0001ADDBBF804100B4402441BB29A4213DC54
:10E1E000099B109A1B6806920B9A05920A9A009551
:10E1F000CDE903B2649A0998CDE9018212A9D3F856
:10E20000489049AA2346C847D4E900231A446369C1
:10E2100094ED0A7AD4ED0B7AD4ED0E6AA16894EDF0
:10E22000086A226001336361A36937EE277A013BF4
:10E23000D4ED0D7AA361236984ED0A7A77EEA67A8C
:10E24000D4ED076AC4ED0D7A0B44E168236176EEE4
:10E25000866A8B42C4ED076A15DB94ED096A76EE97
:10E26000266A0132C4ED076AD4ED0C6A226036EEEC
:10E27000877A5B1A84ED0A7A94ED0F7A236177EE40
:10E28000277AC4ED0D7AD5E900231A446B6995ED20
:10E290000A7AD5ED0B7AD5ED0E6AA96895ED086A74
:10E2A0002A6001336B61AB6937EE277A013BD5ED0C
:10E2B0000D7AAB612B6985ED0A7A77EEA67AD5EDFA
:10E2C000076AC5ED0D7A0B44E9682B6176EE866A24
:10E2D0008B42C5ED076A15DB95ED096A76EE266A75
:10E2E0000132C5ED076AD5ED0C6A2A6036EE877AF1
:10E2F0005B1A85ED0A7A95ED0F7A2B6177EE277A16
:10E30000C5ED0D7A013F57E7994213DC9A4214DAC2
:10E3100002250327A9464FF000084FF0010AEFE657
:10E3200001250027A946B8464FF0020AE8E6012574
:10E330000227E1E600250127F4E7022703254FF035
:10E340000009B846E9E7134628E700BF2C3A012048
:10E35000018FFDFF00710200FFE10400FEE10400F7
:10E36000343A012013462B991191DDE9290ADDE9A0
:10E370002C812E9FDDED344A9DED337A9DED374A99
:10E38000DDED367ADDED313ADDED306A9DED325A64
:10E39000DDED355A9DED386A9E469C464FF00009EA
:10E3A000BCF1000F47D103EB070CD71AB9F1000FEE
:10E3B00009D0CDE92EC729908DED337ACDED367A8F
:10E3C000CDED306A2D911B991191DDE9190ADDE936
:10E3D0001EC7DDE91C91DDED244ADDED236A9DEDCC
:10E3E000274A9DED267ADDED213ADDED207A9DED7F
:10E3F000225ADDED255A9DED286A4FF00008BEF146
:10E40000000F31D0119E31444945504476EEA46A44
:10E4100037EE047A77EEA37A08DB77EE857A76EE2C
:10E42000A56A37EE067A0130A1EB09010EF1FF3E35
:10E430004FF00108E3E7119E31444145504437EE67
:10E44000247A77EE847A76EEA36A08DB76EE856A24
:10E4500037EE257A77EE867A0130A1EB08010CF1D0
:10E46000FF3C4FF001099BE79C44FF1AB8F1000FF5
:10E4700009D0CDE91EC71990CDED236A8DED267A1E
:10E48000CDED207A1D91D21A8BE60E9B3F9A002B80
:10E4900000F0D18019AD39AC649BBBF80600B3F92C
:10E4A00002300C930C9963690B44BBF902100844C9
:10E4B00000B283420D9080F2C1808B4208DA002ABC
:10E4C00006DDCB1A9A42C0F2BB80002B00F3B98064
:10E4D00067690C9B3B441F460D9BDF1B9742A8BFFF
:10E4E00017460DF15008002F40F33C81649B2968CA
:10E4F000B3F90020BBF900302068114499421ADDBD
:10E50000BBF804100B4402441BB29A4213DC099B73
:10E51000109A1B6806920B9A05920A9A0095CDE90B
:10E5200003B2649A0998CDE9018212A9D3F8489000
:10E5300049AA2346C847D4E900231A44636994EDE5
:10E540000A7AD4ED0B7AD4ED0E6AA16894ED086ACC
:10E55000226001336361A36937EE277A013BD4ED72
:10E560000D7AA361236984ED0A7A77EEA67AD4ED59
:10E57000076AC4ED0D7A0B44E168236176EE866A82
:10E580008B42C4ED076A15DB94ED096A76EE266AC4
:10E590000132C4ED076AD4ED0C6A226036EE877A48
:10E5A0005B1A84ED0A7A94ED0F7A236177EE277A6D
:10E5B000C4ED0D7AD5E900231A446B6995ED0A7A0A
:10E5C000D5ED0B7AD5ED0E6AA96895ED086A2A603B
:10E5D00001336B61AB6937EE277A013BD5ED0D7ADC
:10E5E000AB612B6985ED0A7A77EEA67AD5ED076ADD
:10E5F000C5ED0D7A0B44E9682B6176EE866A8B4295
:10E60000C5ED076A15DB95ED096A76EE266A0132DB
:10E61000C5ED076AD5ED0C6A2A6036EE877A5B1A7B
:10E6200085ED0A7A95ED0F7A2B6177EE277AC5EDA5
:10E630000D7A013F57E739AD19AC2DE7134644E792
:10E640001346DDE9390A3B9EDDF8F8C09DED437ABB
:10E65000DDED444ADDED467A9DED474ADDED406A49
:10E66000DDED413A3D99DDF8F0809DED425ADDED5A
:10E67000455A9DED486A0E969E461F464FF000098A
:10E68000002F46D19C44D71AB9F1000F09D0CDE92B
:10E690003EC739903D91CDED406A8DED437ACDED89
:10E6A000467A1B990E91DDE9190ADDE91EC7DDE9FD
:10E6B0001C91DDED244ADDED236A9DED274A9DED99
:10E6C000267ADDED213ADDED207A9DED225ADDED51
:10E6D000255A9DED286A4FF00008BEF1000F30D09A
:10E6E0000E9E31444945504476EEA46A37EE047AD2
:10E6F00077EEA37A08DB77EE857A76EEA56A37EEB9
:10E70000067A0130A1EB09010EF1FF3E4FF001083E
:10E71000E3E70E9E31444145504437EE247A77EECC
:10E72000847A76EEA36A08DB76EE856A37EE257A80
:10E7300077EE867A0130A1EB0801013F4FF0010925
:10E740009EE79C44FF1AB8F1000F09D0CDE91EC71F
:10E750001990CDED236A8DED267ACDED207A1D91AD
:10E76000D21AB5E60F9B1B6823B9044B18680368DF
:10E770001B6B98475BB0BDE8F08F00BF343A0120B7
:10E7800070B504469DF81C600598616000259DF8F1
:10E7900010106382BDF91830258021726672E06026
:10E7A0002282A382E58225836583A583E583258470
:10E7B00084F822502EB303685B699847064600B37D
:10E7C000E06803683146DB6898470546C8B1437B7B
:10E7D000827A5B0003F4807313432384637A062BED
:10E7E0000FD1E06803682A465B6C314698476B7B23
:10E7F0005B0003F48072AB7A13431844238C1844F3
:10E800002084204670BD2DE9F04F002485B081465C
:10E81000884692469B4627462546264654452ADA90
:10E82000002303934FF6FF639D4204D042F20B0393
:10E830009D4218BF2F4603AB42465946484603F057
:10E8400005FD0546B8B10A2815D0039A8AB1507B58
:10E85000937A9588400000F4807003430193D8F8C0
:10E86000003039465B6C40469847019B184406448B
:10E87000B6B20134D2E7304605B0BDE8F08F022AC7
:10E8800030B511D0032A1CD0012A0CD18B88018805
:10E89000B0F90420448804805B1A9B1AB0F9061072
:10E8A00043808180C28030BDCB8842889B1AC28859
:10E8B0009B1A8A8801884380521A8188521A0280E2
:10E8C000F1E7CB884188B0F90620B0F90050B0F9E3
:10E8D000044045805B1A9B1A03808280C480E2E773
:10E8E0002DE9F04F9FB00F921293299A299B2A9DF0
:10E8F00012889B880E901344286817911BB21193BD
:10E9000003689DF8ACB05B6D9DF8B84098472B68E4
:10E9100013901A7BDB7A15921693BDF9A060002C38
:10E9200067D02B7C2D9A062B14BF0123022313449E
:10E930004FF000091093CDF834904C46CDF830904C
:10E940000D9B109A934280F28B800023CDE91C33FB
:10E950008DF86F304FF6FF639C4206D00C9B42F25D
:10E960000B02944218BF23460C930D9B2D992A68E5
:10E970008B4240DB136810465B6998470446286861
:10E9800003681DAA9F6821460DF16F03B8471C90CC
:10E990004FF6FF639C4200F0EA8042F20B039C4278
:10E9A00000F0E580002C00F00C810A2C5ED01C9A4F
:10E9B0006AB39488BBF1000F3AD092F80D904FEAF9
:10E9C000490909F4807392F80A90BBF1010F49EAF2
:10E9D000030933D10C9BA6EB0906002B4DD1159AE8
:10E9E00009EB06031344299AB2F9002093424EDA48
:10E9F00036E02D9B9CE70DF16F0301931DAB009357
:10EA000059461CAB2C9803F06AFC0446C0E7286802
:10EA100003681B6998474FF6FF63984200F0A78090
:10EA200042F20B03984200F0A280BBF1000F00D12C
:10EA30004E441C9A002AC0D1914698E00C9B002BB2
:10EA400000F0C180BBF1000F17D128680C99036852
:10EA50005B6C98470644169B119AF31A934216DD95
:10EA6000002C00F0AE800A2C40F09C800A24B4FAFE
:10EA700084F040091FB0BDE8F08F28680C99036846
:10EA80005B6C9847BBF1010FA6EB0006A7D01C9862
:10EA9000299B90F90910B3F90080437B5B0103F4D3
:10EAA00080728379314413430B4443455FDB119BF0
:10EAB00099425CDA28680368B045C8BFA8EB06082D
:10EAC0001B6BCCBF1FFA88F84FF0000898471C9AC0
:10EAD000537BD90001F48077117A39435F06129F86
:10EAE00044BFA1F5007109B2C7197F1A2999BFB2B5
:10EAF000B1F902100FFA87FA51453CDD1B01D079BC
:10EB000003F4807303439A44514530DCCF1B3FB27A
:10EB10008A461992139A1D9B2868002A2DD11893B2
:10EB20000E9B1968CB6C01681493096C8847A9790E
:10EB30000B91A97B0A919DF86F100991A968189B08
:10EB40000693BFB2CDE90287299B0493B044CDE977
:10EB500007010FFA88F30093199A0F9B0592CDF8DD
:10EB600004A01A6817995B680E98149FB8470D9B0C
:10EB700001330D93E4E60027CBE70E9AD2F808C0E4
:10EB8000129ADCF80010CDE90462AA790392AA7BFC
:10EB90000292AA68CDE90002299A8F680F9960460F
:10EBA000B847E4E70D9D2D9B01359D42BFF65FAF51
:10EBB00059462C98F4F758FF044610B10A28F2D1B0
:10EBC00054E7002453E7BBF1000F3FF444AF5EE786
:10EBD00030B5C48A458B43832C44E41AC482838BAA
:10EBE000048B22440C44591AC2830483818330BDB0
:10EBF0002DE9F04F0446478AC068036885B09B6BD7
:10EC00009847B4F91460637A06EB4006B74203F103
:10EC1000FF33ACBF4FF000094FF00109052B04D8BA
:10EC2000DFE803F054080E474C4C0025A9462E4659
:10EC30002F460DE0B742B4BF002601260025F7E7B6
:10EC4000B7424D464FF00009B4BF002601264F469B
:10EC50004FF00008A4F81680A4F81880CDF80480BE
:10EC6000002303932388202B34D042F20B015A1A3D
:10EC7000D2F1000A4AEB020A4FF6FF62934209D032
:10EC80008B42019A18BF1A4601920CBF4FF0010A3D
:10EC90004FF0000A03ABE268217A606803F0D6FA0D
:10ECA0002080D8B9A28B002311462046FFF790FFA1
:10ECB0006EE00025A9462E460127C9E7B7424FF06E
:10ECC0000005B4BF002701272E46C1E70025A9464D
:10ECD0000126ADE701934FF0010ADBE7638B0A28B9
:10ECE00003F101036383DDD0039A62BB4FF6FF6338
:10ECF000984203D042F20B039842B1D12388A18BF2
:10ED0000202B03D042F20B00834231D1BAF1000F25
:10ED10000ABF8846504601200A44238BB4F810C02D
:10ED200092B2A2831344B9F1000F02D1002D42D058
:10ED300000B3218C19448C4537DAE18A002934D09C
:10ED400063458DDD1DE09388238092F80DB0019915
:10ED50004FEA4B0B0BF4807092F80AB04BEA000BB1
:10ED6000E06803685B6C98470BEB000292B2C5E762
:10ED70000020D1E763457FF773AFE38A002B3FF4B0
:10ED80006FAF012384F82230228CE38B1344E3839A
:10ED9000E06803689B6B9847B4F914301844638AA1
:10EDA000181A608205B0BDE8F08F00231146204696
:10EDB000FFF70EFF54E7634514DD17B101230A4640
:10EDC00072E7002E3FF44CAF00287FF449AFBAF150
:10EDD000000F02D00123424667E7E38A002B3FF48D
:10EDE0003FAFD5E700287FF43BAFBAF1000F3FF407
:10EDF00037AF01234246DAE7F0B505468FB0174634
:10EE00001C460E46D1B11B6820469B6B984740427A
:10EE100000B2CDE90140039600974FF6FF73BDF8AD
:10EE20005020294605A8FFF7ABFC012405A8FFF7F1
:10EE3000DFFEBDF8143063B10134F7E703F0D4FA14
:10EE400001240A28284608BF013403F0CDFA00281F
:10EE5000F7D1A0B20FB0F0BD2DE9F04FE3B01C46E2
:10EE60006C9B83468846002B00F012812368002BA0
:10EE700000F00E81A37B002B00F00A81106851681E
:10EE8000B8F90420ADF834200AAD2B4603C30021A5
:10EE9000B8F906300C91A279ADF836300CA92846A5
:10EEA000FFF7EDFC0CA90846A279FFF7E8FC17A8CC
:10EEB00002F045FE20680368DB6C98470646206830
:10EEC00003681B6D984733466D9A6C99009017A89C
:10EED00002F090FE206894F804A003689B6B9847AA
:10EEE000B4F90C6023680746064430A893F80990EB
:10EEF00002F025FE237C7BB120680368DB6C984719
:10EF0000099020680268126D9047099B00906D9AE5
:10EF10006C9930A802F06EFEBDF83410E27BBDF8AB
:10EF200036308A1A217C0391B4F90C1002912168C1
:10EF300001916179009192B230A90EA8FFF720FCEF
:10EF4000002E5BDC17AF4FF00009237C002B00F094
:10EF5000B1800EA8FFF74CFEBAF1000F00F0A580BB
:10EF6000237C09936422394649A814F0ACFC099B20
:10EF7000002B00F0A780BDF956302279012A40F01D
:10EF80008A80BDF93400C01A022390FBF3F000B26E
:10EF9000237C002B00F08B80BDF84E209DF85A108A
:10EFA000BDF93230CDE90521BDF83020104400B262
:10EFB0000090CDE90397CDE901544246002158461F
:10EFC000FFF78EFC002863D1BDF83230BDF8361053
:10EFD000B2B213448A1AADF836209DF85A201BB2FB
:10EFE000ADF83230002A53D122686988127A9B1A10
:10EFF000EA880A4412B29342A7DD49E0237C4F44D9
:10F00000C3B14FF6FF79BDF93230B5F902203B4468
:10F01000934297DA0EA8FFF7EBFDBDF84E30013BA7
:10F020009BB24B45099321D0617917A8F4F71CFDD9
:10F03000099BF4E71FFA86F9BDF93230B5F90220D1
:10F040003B449342BFF67EAF17A803F0CDF9F8B169
:10F050000A28F1D1BDF832304B44ADF83230BDF85A
:10F060003630A3EB0903ADF83630E5E7BDF83220C2
:10F07000B3B21A44ADF83220BDF83620D31AADF839
:10F080003630BDF838301BB19DF85A30002BBAD05D
:10F0900063B0BDE8F08F022A05D1E27BBDF83400F1
:10F0A000801AC01A73E7002072E7E07B70E747F62A
:10F0B000FF7273E7BAF1000FF7D06422394649A80E
:10F0C00014F001FC002347F6FF72216849A8FFF7FE
:10F0D0009AFB03B251E7032B18D8DFE803F00206CE
:10F0E0000D13B0F900205018704703888088184429
:10F0F00000B2801A0138704703888088184400B233
:10F10000401AF7E7B0F9000010447047002070473C
:10F11000032B17D8DFE803F002060910B0F902103C
:10F1200050187047B0F90220FAE74388C0881844A5
:10F1300000B2801A013870474388C088184400B272
:10F14000401AF7E700207047014B00221A60704711
:10F15000443A01200346C8B1020C1204A2B90304C8
:10F16000102013F07F4F04BF1B02083013F0704FC4
:10F1700004BF1B01043013F0404F04BF9B0002305A
:10F18000002B04DB013070470020EAE720207047A5
:10F190002DE9F04F87B00D4616469846DDE9104739
:10F1A000014620B11AB11F2D01D81F2B04D9002010
:10F1B000386007B0BDE8F08F7DB943B10246CDE9B4
:10F1C00000472B4641463046FFF7E2FFF1E74FF09C
:10F1D000FF333B606FF00040EBE732FA05FA06D1EF
:10F1E0004643B6FBF4F004FB10663E60E1E7012203
:10F1F000AA40013A164000FA05FB3046BBFBF4F981
:10F200000AFB09F30393FFF7A5FF2B460A46CDE956
:10F21000004701463046FFF7BBFF04FB19B906461D
:10F22000484605EB0801FFF795FF05ABCDE9004324
:10F230004A4603465046FFF7ABFF3968059A039BE1
:10F240001144B1FBF4F2D3181E4404FB12143044F1
:10F250003C60AEE72DE9F04385B0B0F100090C9CAD
:10F260001D46BFBF23685B42C9F100092360B4BFDC
:10F270004FF0FF360126002A174604DA23685B4266
:10F28000574276422360002D3846BABF6D424FF098
:10F29000FF384FF00108FFF75DFF03ABCDE90053E6
:10F2A0003A4603464846FFF773FF2368039A4645EC
:10F2B0001A4492FBF5F3184418BF404205FB132390
:10F2C000721C236005D1002BC3F100020BDB22600E
:10F2D00006E0012E04D1002B02DA2B440138236012
:10F2E00005B0BDE8F0830138521BF0E72DE9FF417E
:10F2F0001C4C0768A36905462BB94068C5E9007036
:10F3000004B0BDE8F081A268206804AE4FF00208A6
:10F3100093FBF8F10A4446F8042DE16900963A4659
:10F32000FFF798FFA3696A68216A0096074660683C
:10F33000FFF790FF6269A36993FBF8F842440392D8
:10F34000616A2A6800960744E068FFF783FF009629
:10F350008046A3696A68A16A2069FFF77BFF404481
:10F36000CCE700BF483A0120074B1B78012B09D19D
:10F37000B1F90030B0F900200380044B1B88013B39
:10F380009B1A0B80704700BF2C3A0120283A0120BD
:10F3900010B5074B1B78012B08D1064B0C881B8836
:10F3A000B0F90020013B1B1B03800A8010BD00BF89
:10F3B0002C3A0120283A012010B50A4B1B78012B6A
:10F3C0000ED1B0F906104388B0F900404480CA1845
:10F3D000054B1B889B1A0380B0F90430C3808180E1
:10F3E00010BD00BF2C3A0120283A0120084B1B78A1
:10F3F000012B0CD10388B0F90410428802805A18FE
:10F40000044B1B889B1A4380C3888380C18070474C
:10F410002C3A0120283A012010B5074B1B78012B0C
:10F4200008D1B1F90030B0F9004003809388013B66
:10F430001B1B0B8010BD00BF2C3A012010B50A4BDE
:10F440001B78012B0A460DD1818803880B440146A5
:10F45000013B21F8023BFFF7DFFFB0F90430C2881F
:10F460008280C38010BD00BF2C3A0120064BB3F947
:10F470000020064BA0F83421B3F90030A0F8363153
:10F480000021C0F830117047283A01202A3A0120A3
:10F49000034B186810B103689B691847704700BF99
:10F4A000783A01207047000007B5094BB3F90020F6
:10F4B000084BADF80420B3F90030ADF8063003680E
:10F4C000002100919B6C6946984703B05DF804FBEE
:10F4D000283A01202A3A0120094BB3F90020094BB0
:10F4E00082B0B3F90030ADF804200021ADF8063049
:10F4F0000091036802AA12E906001B6C02B01847CB
:10F50000283A01202A3A0120034B186810B10368F9
:10F51000DB691847704700BF783A0120034B186831
:10F5200010B103681B6A1847704700BF783A012082
:10F530000023A0F8EC307047034B186810B1036843
:10F540009B6A1847704700BF783A0120704710B592
:10F550004FF49E71044612F045FF204610BD10B5D1
:10F56000B1F900408A88B0F90030224412B29342C7
:10F5700015DA828813441BB29C4210DAB1F90230CA
:10F58000C988B0F90220194409B28A4207DAC08852
:10F59000104400B28342ACBF0020012010BD002007
:10F5A000FCE7B0F90030002B10B504DA848823445E
:10F5B000838000230380B0F90040B0F90430091BB8
:10F5C0008B42B0F90230C8BF8180002B04DAC188B9
:10F5D0000B44C38000234380B0F90210B0F9063019
:10F5E000521A9342C8BFC28010BD000010B5104B24
:10F5F000B3F900200F4B0C462046B3F90010FFF77B
:10F60000D0FF0D4B186890B1036821469B6898475E
:10F610000A4B186818B1036821469B689847084B45
:10F62000186803682146DB69BDE81040184710BD23
:10F630002A3A0120283A0120783A0120743A012020
:10F64000343A0120F8B5064608460F46FAF791FA13
:10F65000E8B9B7F90050B6F90040A54217DBB7F991
:10F660000220B6F902309A4211DBB9880D44B18804
:10F670000C442DB224B2A54209DCF8881044F2886B
:10F68000134400B21BB29842CCBF00200120F8BD49
:10F69000F8B5044608460D46FAF76BFA78B92046E5
:10F6A000FAF767FAB5F9006050B12680B5F9023073
:10F6B0006380B5F90430A380B5F90630E380F8BD66
:10F6C000B4F90010B5F90220B4F90230B5F804C05D
:10F6D000ED88B1420F46A8BF3746934218466644AC
:10F6E000A8BF1046B4F804C027802A44E58860808B
:10F6F00061442B4436B209B212B21BB28E42ACBF87
:10F70000C7EB0601C7EB01019A42ACBFC0EB020296
:10F71000C0EB0302A180E280D1E70000014B186832
:10F72000704700BF883A0120F8B5104B1B7805469A
:10F73000D3B10F4B0F4F1C8800F1EE06B5F82E31F8
:10F74000A3420ED93B6893F858200AB1D86C00B98F
:10F750009868036806EBC401DB6901349847A4B2DA
:10F76000ECE70023A5F82E31F8BD00BF323A0120A6
:10F7700084000020343A012010B50023A0F8A43002
:10F78000B0F88030A0F8A6300446B4F8A430B4F83D
:10F79000A6209A420ED9E21892F8842022B154F899
:10F7A000230003681B6D9847B4F8A4300133A4F814
:10F7B000A430EAE710BD0023A0F8803000F18402F5
:10F7C000A43002F8013B8242FBD1704770B50B4C6C
:10F7D000054620680E4610B103685B699847281DEE
:10F7E000FFF7E9FF266033683046DB6898472B68EF
:10F7F00028465B6CBDE87040184700BF783A01208E
:10F800000023B0F880C0B0F8A410F0B51A461C462A
:10F810001D469C451ADDC61896F884606EB19A4262
:10F8200008D01FFA82FE50F8237040F82E70871817
:10F8300087F8846001320133EBE7B0F8A6609942A3
:10F84000A8BF01359E42C8BF0134F4E7B0F8A63026
:10F85000491B1B1BA0F8A410A0F8A630B0F88030FC
:10F86000934203DD013BA0F88030F7E7F0BD0000D4
:10F8700070B5164D0446286840B1037A33B984F850
:10F88000383103689B68BDE87040184794F83831F8
:10F890000F4E73B968B1037A5BB1306810B1036879
:10F8A0001B69984728680368DB689847012384F838
:10F8B000383104342046FFF75FFF2046FFF7A0FFF2
:10F8C000306810B103685B6ADDE770BD7C3A0120E7
:10F8D000783A0120034600F1400100221A805A8044
:10F8E0009A80DA8008338B42F8D1A0F84020704724
:10F8F000F8B506461C4B46F8043B04460025A822F2
:10F900000021304613F0B1FEA4F8845004F1AC009D
:10F91000FFF7E0FF04F1EE00FFF7DCFFA4F8305141
:10F92000A4F83251A4F83451A4F8365184F838516F
:10F930000E490F480F4F11F0C1FE0F4B58B11D80FB
:10F940000E4A002313600E4A3B6030461360FFF7F7
:10F9500032FF2046F8BD4FF4806202201A803860E2
:10F9600001F040FFECE700BF545D0208CDB5E8B5FB
:10F97000C2A507F4783A012084000020883A0120CB
:10F980007C3A0120B0F84030013B9BB28B4210B56D
:10F99000A0F8403008D900EBC30300EBC1041A689B
:10F9A00040F831205A68626010BD00002DE9F04F28
:10F9B000924B8FB00AAC84E80600B3F90020904B5C
:10F9C0008346B3F900102046FFF7EBFD2046FAF717
:10F9D000D0F8002870D18B4B1B6893F84830022B6D
:10F9E0006AD00394BBF8EC400BF1AC030BEBC405FD
:10F9F000A43501935CB129460398FFF723FE013C2F
:10FA000018B1A1B20198FFF7BDFF083DF2E7BBF8BE
:10FA1000ECA0CDF810A00AF1FF3302934FEACA031D
:10FA200003F1A40406935C4400252646CDF814A0F7
:10FA30002F46059B002B73D003993046FFF78FFDAF
:10FA400050B3BDF928E0B6F900C0BDF92A80B6F977
:10FA50000290E64533DBBDF82C20B3887244634442
:10FA600012B21BB29A422ADCF388BDF82E101FFA9C
:10FA700089F213449BB2C8451FFA88FC0FFA83FE33
:10FA80000FDBA3EB0C03C91A09B20029ADF82E1045
:10FA900012DDADF82AE00546059B013B0593083EC3
:10FAA000C7E7614409B2714538DCA2EB0C0212B21F
:10FAB000ADF82E20002AEEDC0FB0BDE8F08FC8456F
:10FAC0002CDBF3889944BDF82E3098440FFA89F95D
:10FAD0000FFA88F8C14521DBB388BDF82C101FFA56
:10FAE0008CF213449BB2E6451FFA8EF80FFA83F9A5
:10FAF0000ADBA3EB0803C91A09B20029ADF82C10E0
:10FB0000DADDADF82890C6E7414409B2494505DC85
:10FB1000A2EB080212B2ADF82C20CBE70746BBE7F8
:10FB2000002D81D1002F00F0DF81BDF92860BDF9E3
:10FB30002A70BDF82EA0B3B20593059ABDF82C30FB
:10FB40001344BAB292449BB21FFA8AFA0FFA83F8AE
:10FB50000FFA8AF9CDE90723049B002B54D00399AF
:10FB60002046FFF7FCFCDDE90723C0B1B4F900E053
:10FB7000B4F90210764522DCB4F804C0F4440FFA5C
:10FB80008CFCE0451BDB8F421FFA81FCE1880DDC19
:10FB9000AAEB0C0CA1EB0C01A4F80290E180284622
:10FBA000049901390491083C0546D3E7614409B240
:10FBB0004945F5DCA2EB0C0CA4F806C0EFE78F4238
:10FBC000EEDCB4F806C0614409B28945E8DB76454D
:10FBD0001FFA8EFCA18807DCA3EB0C0CA1EB0C0137
:10FBE000A4F80080A180DAE7614409B28845D7DB38
:10FBF0000599A1EB0C0CA4F804C0D0E72A3A012027
:10FC0000283A0120343A0120002D00F06D81069B36
:10FC10005B441C46029B013300F0668104F1A4059D
:10FC200029460398FFF70EFD20B1BDF80810019892
:10FC3000FFF7A8FE03992846FFF791FC002800F083
:10FC40009C80B4F9A490B4F9A830BDF928000993B8
:10FC50001FFA89F101EB030C1FFA8CFABDF82CC0D6
:10FC6000BDF92AE0B4F9A62083B203EB0C05ADB2CE
:10FC70000595BDF9145004954845BBF8EC5040F388
:10FC800099805B1A9BB296450FFA8AF01EB22EDD60
:10FC9000029FBDF82E400BEBC708049F3F1AB8F82F
:10FCA000B2001FFA8EFE92B2AEEB0201A6440244ED
:10FCB00089B20FFA8EFE12B20DB2AEEB02026F43A2
:10FCC0007243974209DBB8F8AC20A8F8B250ADF8FF
:10FCD00028209C44ADF82CC084E62144B8F8AE300E
:10FCE000A8F8B060ADF82E10ADF82A307AE6049F7F
:10FCF000B84227DA0299BDF82E500BEBC10405EB90
:10FD00000E011FFA81F8B4F8B2101144A1EB0801FA
:10FD100089B20FFA88F9A2EB0E020FFA81F83F1AA6
:10FD2000724308FB07F7BA4206DCA4F8AE90A4F8C9
:10FD3000B280B4F8AC20CAE7A4F8B0602944ADF8AA
:10FD40002E104FE60598AAEB000080B2062D0FFAA0
:10FD500080FE17D8049BA4F8A4306B1CB4F9AA1039
:10FD6000A4F8A8E0ABF8EC30019B019803EBC503C5
:10FD700020F835905A809E80D980029B013B0293E7
:10FD8000083C47E7029AB6454FEAC2020DDB9C44A5
:10FD90001FFA8CFC5A44ADF82CC08C44ADF8289066
:10FDA000A2F8ACC0A2F8B0E01CE65A448444A2F821
:10FDB000B0608FE7BDF82E601FFA8EF101EB0608E8
:10FDC00093B21FFA88F806930FFA88F30793069FF9
:10FDD000B4F8AA303B449BB29645089324DA0599BF
:10FDE000A3EB0803AAEB0104A4B29BB225B219B29B
:10FDF000A2EB0E02A9EB00006A4348438242029A3A
:10FE00004FEAC2025A4406DC079BA2F8B210A2F8DD
:10FE1000AE30A4445EE70499A2F8B050A2F8AC104A
:10FE20003344ADF82E30DDE5069F049BC91B0FFA65
:10FE30008AF789B29F420FFA81FE23DD059ABDF948
:10FE40002030079DAAEB020292B2A5EB030A14B27E
:10FE5000A9EB0000029B0EFB00F004FB0AFADB009A
:10FE600050455B4403DBA3F8B2E0944432E7049AC4
:10FE7000A3F8AC20A3F8B040B3F8AE30ADF82A3008
:10FE800031445CE7089BA3EB08039BB2062D18B234
:10FE900013D8079BA4F8A6306B1CA4F8AA00ABF8F3
:10FEA000EC30019B019903EBC50321F835905A8092
:10FEB000099A9A80A3F806E05FE7029C70454FEA32
:10FEC000C4040DDB3144069BADF82A2089B25C44A2
:10FED000ADF82E101944A4F8AE10A4F8B20081E5D4
:10FEE0005C44A4F8B2E09BE7BBF8EC40651EADB201
:10FEF0000BEBC4044FF6FF76B54244D0BDF92A207F
:10FF0000B4F9A600BDF92810B4F9A47082421FD13B
:10FF1000BDF92EC0B4F9AA309C4519D1B4F8A83067
:10FF2000BDF82C20D81900B2884209D1ADF828704C
:10FF30001344ADF82C3029460198FFF723FD03E068
:10FF4000114409B2B942F3D0013DADB2083CD3E748
:10FF5000B942F9D1BDF92C10B4F9A8309942F3D1C6
:10FF6000B4F8AA30BDF82E101F183FB2BA4205D11E
:10FF7000ADF82A000B44ADF82E30DCE70A4412B28B
:10FF80009042E1D1F6E7BBF8EC60072E4FEAC604D9
:10FF900012D8751CABF8EC50019DBDF92800BDF9D5
:10FFA0002A10BDF92C20BDF92E3025F836002C443E
:10FFB0006180A280E3807FE50BF1AC03013E5C44ED
:10FFC0006FF0004A4FF0FF3700250593B4F9A830D1
:10FFD0000293721EB4F9AA300493914604F1A4036B
:10FFE000B9F1FF3F14BF0599DDF80CE018680792DE
:10FFF00018BF01EBC90E0DF1300CBEF80610BEF8AB
:020000040801F1
:100000000480069318FB01F85968ACE803007146B8
:100010000CA8FFF73DFBBDF83610BDF83400049B7B
:10002000029A10FB01F002FB0388A0EB08014FF0DD
:10003000080C90FBFCF0884220DC5145DDE90632DB
:1000400003DAD9B18A464F46354609F1FF3919F12D
:10005000020FC5D116460132A4F10804B6D1019BA6
:10006000ACB2ED0058197B1C0BD101460398FFF789
:100070000FFB21460198FFF785FCB3E44F46354658
:10008000EDE7019BFF00D919FFF702FB039B03CBB0
:100090005F445D44C7F8AC00C7F8B01055F8AC0F2A
:1000A000039B696803C3E4E72DE9F04F00F59876F8
:1000B000A1B004463046F9F75CFD054648B923680F
:1000C00096E806001B6C20469847C4F83051C4F8E7
:1000D0003451B4F8EC30002B49D1B14B1B6893F884
:1000E0004870BB1E5F425F41AE4B1B68002B40D087
:1000F000AD4D2846F9F73DFD0646002839D1284682
:10010000FFF75AF9236829681B6C6A6820469847EC
:100110002E806E80AE80EE800FAFA44E3846FFF783
:10012000D9FB3588B4F8ECC02B4604F1AC0063452C
:1001300024D2BDF87C10072916D800EBC30230F991
:100140003390B2F902A0B2F90480B2F906E04A1C79
:10015000ADF87C2007EBC10227F83190A2F802A08D
:10016000A2F80480A2F806E001339BB2DFE7012782
:10017000BAE7002FD0D121B0BDE8F08FB4F82E310E
:10018000AB420CD904EBC5032268D3F8EE10176C10
:10019000D3F8F22020460135B847ADB2EEE7804DE6
:1001A000286890F84830012B40F03B81804A338822
:1001B0001278B4F8EC00012A14D004EBC302AE327A
:1001C0004FF00009834202F1080280F2828032F887
:1001D000041C32F8087C394409B28945B8BF894605
:1001E0000133EFE7734F3A889346834208DA04EB12
:1001F000C3010133B1F9AC108B45A8BF8B46F4E7BE
:1002000000230F2ADFF8B091ADF82C208CBF4FEA05
:10021000D2084FF00108ADF82E30ADF83030ADF80F
:100220003230BDF92C3028685B4540F3C780036845
:10023000B7F800A0D3F8A8309847BDF92CC02B68B8
:10024000AAEB000080B2ACEB080E704593F87C106E
:1002500093F86A2005DD584503DD01B992B358468D
:1002600006E00029FBD1002AF9D15845B8BF58460D
:10027000B9F90030ADF82C000022ACEB0000B6F864
:1002800000A0ADF82E20ADF83000ADF83230B4F853
:10029000EC305345C5DD04EBCA020DAB52F8AC0F90
:1002A000516803C30DA80BA9F9F720FC0DA8F9F7B5
:1002B00060FC20B923680DA99B6C204698470AF181
:1002C000010AE4E71A680121D2F8A42018469047F1
:1002D000A7E7394BDFF8DC801F880023CDE90B331B
:1002E0000F2F8CBFFF080127BDF83230BDF82E203C
:1002F000286813441BB24B4560DA0368D3F8A83072
:100300009847BDF82EE0BDF832302A6873441BB21E
:1003100003EB070E704592F87CC092F86A100DDA74
:1003200048450BDABCF1000F38D1002936D11368EB
:100330000121D3F8A43010469847D5E7BCF1000F4F
:100340002CD159BB4845A8BF4846B8F90020B6F89B
:1003500000A0ADF82E300021C01AADF82C10ADF879
:100360003020ADF83200B4F8EC305345BCDD04EB7E
:10037000CA020DAB52F8AC0F516803C30DA80BA90C
:10038000F9F7B4FB0DA8F9F7F4FB20B923680DA920
:100390009B6C204698470AF1010AE4E74846D4E7F7
:1003A000343A0120743A0120803A01208400002070
:1003B0002C3A0120283A01202A3A012028680368B3
:1003C0005B6A9847A54B1B78002B3FF4D4AE002303
:1003D000A4F82E31A24BBDF87C601B880FA804F155
:1003E000EE05B342BFF4C7AEB4F82E11072915D8F5
:1003F00000EBC30230F93380B2F902E0B2F904C075
:10040000B2F906704A1CA4F82E2105EBC10225F8AA
:100410003180A2F802E0A2F804C0D78001339BB279
:10042000DFE7022B40F0D180B0F880300893B0F8BD
:100430007E300793036890F87DB0D3F8A8309847D2
:10044000884B1B880293884B1E88884B1B780BF1C6
:10045000FF37012B1CBF029B0296BFB20FFA87F831
:1004600082464FF0000018BF1E46F0F7EDF996FBEC
:10047000FBFB0BFB08F8C2450CDA286803680A216D
:10048000D3F89C30984728680368D3F8A830984779
:100490008246F0E70020F0F701FA1FFA8BF317FB12
:1004A00003F70493BBB205934FF000087309704F34
:1004B00006934546B54285D038680368D3F8A8301E
:1004C00098478245814607D9B8F1000F07D03868B0
:1004D0000368D3F8B83074E7B8F1000F03D04D4586
:1004E000F5D34FF00108049A95FBFBF30393013316
:1004F00013FB02F399B2B8F1000F4ED009EB0B03D6
:10050000B342A8BF334607989BB28B4294BFC5EB5A
:100510000302C5EB01028242A8BF024608981FFAF7
:1005200082FA824505D215FA82F0864201D09942BC
:1005300040D201200992F0F787F93868BDF90C1014
:100540000368D3F898309847484B099A1B78BDF94F
:100550000810012B12B24FF0000022D1731BA3EB45
:100560000A03ADF83430ADF83600ADF83820ADF8F8
:100570003A1023680DA99B6C204698473868039B66
:100580005942036809B2D3F898309847554401207E
:10059000ADB2F0F783F9CA468CE7059BA9EB0303DC
:1005A000B1E7ADF83400ADF83650ADF83810ADF81D
:1005B0003A20DEE7386803689B6A984738680699EE
:1005C0000368D3F89C309847E5E7032B40F030816F
:1005D000264BB0F982901B78012B04F1AC0A00F095
:1005E00093803288B4F8EC10013292B200293FF4C3
:1005F000E9AEB4F8B250B4F8AE301D442DB2944612
:100600004FF000081FFA8CF399424FEAC80740F2F6
:10061000BA80274404EBCC0EB7F9AE30BEF9AE0079
:10062000834240F39C80BEF8B25005442DB29D42F7
:10063000A8BF1D46E0460CF1010CE3E70AD1B7F96B
:10064000B200BEF9B2106245B8BF62468842B8BF78
:10065000984682E08A42B8BF0A467EE0323A0120DC
:10066000840000202A3A0120283A01202C3A012057
:10067000343A0120E1190DAB51F8AC0F496803C3BE
:10068000BDF93830BDF834104B45B8BFBDF9342042
:10069000ADF834200B449B1A0DA8ADF83830FEF7A6
:1006A000A5FE0DA8F9F765FA70BBBDF93AC0286838
:1006B000BDF83830D0F800E0BDF83620BDF8341071
:1006C000CC45D4BF1FFA8CFC1FFA89FCCDF800C0C2
:1006D000DEF894B0D8478346ADF83A000DA8FEF78F
:1006E0006BFE2368274420469B6C0DA99847B7F8FA
:1006F000B000A0EB0B0000B2A7F8B00020B91FFAC1
:1007000088F15046FFF73EF9B4F8ECB0BBF1000FAA
:100710003FF458AE3388B4F9AC2001339BB24FF0AC
:10072000000899B28B454FEAC807A3D9274404EBC8
:10073000C30EB7F8B010B7F8AC00BEF9ACC00844AF
:10074000BEF8B010614400B209B28842BFF676AF7D
:10075000844562469846B8BF02460133E1E70ED1B0
:10076000BEF9B000BEF8B2E0B7F9B07073441BB286
:100770009D42A8BF1D468742B8BFE0465BE7854261
:10078000A8BF054657E70AEB07002744CDE9022139
:10079000B7F9B2B0CB45BEBFB7F8AE505D442DB28D
:1007A000F9F7E7F9DDE9022100287FF41FAFB7F977
:1007B000AE20ADF83A002B48B7F9AC10B7F9B0301D
:1007C0000068ADF83410AD1A4D45ADF83620ADF8DF
:1007D0003830A8BF4D46D0F800C0ADB21FFA8BFB31
:1007E0005D4594BF0095CDF800B092B2DCF894500E
:1007F0009BB289B2A8472368ADF83A009B6C0DA95B
:1008000020469847BDF83A10B7F8B230B7F8AE2096
:100810005B1A0A441BB2A7F8AE20A7F8B230002B2F
:100820007FF4DFAE1FFA88F15046FFF7ABF8D8E649
:100830003588B4F8EC30AB427FF6C4AD04EBC502AA
:100840000DAB52F8AC0F516803C30DA8F9F791F93D
:1008500020B923680DA99B6C204698470135ADB29D
:10086000E7E700BF343A0120034B00221A805A8088
:100870009A80DA80704700BF803A01202DE9F04F5E
:1008800006469DB003A814468A461D4601F057F956
:1008900033683046DB6C9847336807461B6D30463B
:1008A00098472A46009021463B4603A801F0A2F94A
:1008B00000252C46A946A84642F20B0B00230293C2
:1008C0004FF6FF639C4202D05C4518BF254602AB41
:1008D0003246514603A801F0B9FC044608B10A2883
:1008E0000AD1C14538BFC1464FF00008002CE5D100
:1008F00048461DB0BDE8F08F029A002ADED0577B33
:10090000336894885B6C7F0007F48070977A29467F
:10091000074330469847384480441FFA88F8E5E793
:1009200008B50368DB68984728B1437B807A5B0091
:1009300003F48073184308BD0EB4F0B59EB023AB2A
:10094000054653F8044B039305A801F0F8F82B680B
:100950002846DB6C98472B6806461B6D284698474F
:1009600033461EAE21460090039A002405A801F0EC
:1009700041F946F8684D2A463346214605A801F05C
:1009800065FCF0B10A2818D0049FB7B1787B3B7A98
:10099000EA88C10001F480711943430644BFA1F500
:1009A000007319B20001FB7900F480700343134413
:1009B0005B1A1BB29C42B8BF1C4633462A46002134
:1009C000DCE7A0B21EB0BDE8F04003B07047437A48
:1009D0008088184480B2704703681B6B18470EB4B8
:1009E00070B59DB021AB044653F8045B029303A895
:1009F00001F0A5F823682046DB6C9847236806467B
:100A00001B6D2046984733460090029A294603A85A
:100A100001F0F0F803A801F0E7FC0124A3B240B113
:100A20000A2808BF013303A808BF1CB201F0DCFC90
:100A3000F4E718461DB0BDE8704003B070470EB42F
:100A4000F0B59EB023AB044653F8045B039305A8AE
:100A500001F075F823682046DB6C9847236806464A
:100A60001B6D20469847334629460090039A05A8F7
:100A70001EAD01F0BFF8002145F8681D22462B4647
:100A800005A801F0E3FB47F6FF76D8B10A2812D09B
:100A9000049880B1477BE288FB0003F48071037AFD
:100AA0000B43790644BFA3F500731BB2D31A1BB2E4
:100AB0009E42A8BF1E462B462246002105A801F0F3
:100AC000C5FBE2E730461EB0BDE8F04003B070471A
:100AD00013B50368B0F90810B0F90A20ADF8041096
:100AE00000240094ADF806201B696946984702B0BF
:100AF00010BD38B50B680C46DB680546984723687F
:100B00002046DB6A29469847284638BD10B40A8833
:100B1000848822440A80C4884A8822444A804069E2
:100B200020B103685DF8044BDB6A18475DF8044B9D
:100B3000704770B582880B8813440B80C2884B883D
:100B40000C4613444B800546011D2046F8F7CEFFA6
:100B5000B4F90430002B0BDDB4F90630002B07DDAF
:100B6000686928B1036821469B6ABDE87040184750
:100B700070BD000070B582880B8813440B80C2885A
:100B80004B880C4613444B800546011D2046F8F760
:100B9000ADFFB4F90430002B19DDB4F90630002B99
:100BA00015DD686928B1036821461B69BDE87040FE
:100BB0001847074B1B6804339D4208D1FEF7AEFD72
:100BC0000368216862681B6CBDE87040184770BDFF
:100BD000783A012070B5044616460D4601B992B127
:100BE000236820469B699847E288A18832442944BB
:100BF000204612B209B2F2F78BF9236820469B69AE
:100C0000BDE87040184770BD10B504460846002383
:100C1000238063800368B0F90A20B1F90810A1802D
:100C2000E280DB6A21469847204610BD704710B528
:100C30001C21044611F0D6FB204610BD044A026078
:100C40000022C0E90122C0E90322C0E90522704761
:100C5000A85D02082DE9F04F044687B0458BB2F835
:100C600000C00591E1680392681C01EB85011CF04E
:100C70000105B3F90020029580B27DD007EE902ADD
:100C8000F8EEE76A6083C1ED006AB3F90220618B78
:100C900007EE102AE268B8EEC77A4FF0000E481C43
:100CA00002EB810206EE10EA608382ED007A218B6E
:100CB000A2680125481C208355540022043307EE06
:100CC000902A0093AA46134611462E460192F6EE4C
:100CD000005AB4F818800598D4F808B008F1010754
:100CE000A842BFB20BEB080940F3DB804CFA06F9CF
:100CF00009F001095FFA89F30493009BB3F900102E
:100D0000B3F90230B9F1000F7DD005EE101AF8EEFC
:100D1000C54A05EE103A2783B8EEC55ABAF1000F5E
:100D200050D04FF002000BF80800B4F81A80E768C2
:100D300008F1010907EB8807A4F81A90C7ED004AEB
:100D4000B4F81A80E76808F1010907EB8807A4F8EE
:100D50001A9087ED005A0136102E06D1019E039895
:100D60000136019630F816C000260098DDF810A074
:100D7000043001350090ACE706EE102AB3F90420E8
:100D8000B3F902E016EE105A2A4406EE902AB3F99F
:100D900006206083F8EEE66AF6EE007A724407EE0B
:100DA000102A66EEA76AB8EEC77AC1ED006A618BB9
:100DB000E26827EE277A481C02EB8102608382ED0D
:100DC000007A74E74FF005000BF80800B4F81A80B9
:100DD000E768B8EEE74A08F1010907EB8807A4F8CD
:100DE0001A9087ED004A04EE102AB4F81A80E768DA
:100DF000B8EEC44A08F1010907EB8807A4F81A9075
:100E000087ED004A91E7BAF1000F46D14FF0050097
:100E100027830BF80800B4F81A80E768B8EEE75AA1
:100E200008F1010907EB880717EE900AA4F81A9059
:100E300087ED005A05EE102AB4F81A80E7680844D6
:100E4000B8EEC55A07EE900A08F1010907EB8807CA
:100E5000A4F81A90F8EEE77A87ED005AB4F81A80F1
:100E6000E76867EEA57A08F1010907EB88071A44DD
:100E7000A4F81A90C7ED007A07EE902AF8EEE77A08
:100E8000B4F81A80E76867EEA57A08F1010907EB64
:100E90008807A4F81A90C7ED007A1A4607EE901A50
:100EA00059E7BAF1000F45D005EE901AF8EEE55A71
:100EB000F4EE665AF1EE10FA08D105EE903AF8EE2B
:100EC000E55AF4EE475AF1EE10FA33D0029B27832D
:100ED000B3B1022389F80030628BE368511C03EB45
:100EE00082036183C3ED006A628BE368511C03EBEC
:100EF0008203618383ED007A009807B0BDE8F08F2C
:100F0000052389F80030628BE368B8EEC66A511C8D
:100F100003EB8203618307EE90EA83ED006A628B44
:100F2000E368F8EEE77A511C03EB82036183C3EDBB
:100F3000007AD1E705EE902A029927830523B8EEBF
:100F4000E75AF8EEE55A89F8003081B1628BE36820
:100F5000511C03EB8203618383ED005A628BE368CB
:100F6000511C03EB82036183C3ED005AB4E7658B28
:100F7000E1686E1C01EB8501668381ED005A658B8B
:100F8000E1686E1C01EB85016683C1ED005A658B3B
:100F9000E1686E1C01EB850117EE900A16EE105AFF
:100FA000284407EE900AF8EEE77AF6EE005A67EE6C
:100FB000A57A72446683C1ED007A07EE902AF8EEB6
:100FC000E77A618BE56867EEA57A4E1C05EB810137
:100FD0006683C1ED007A228BA168551C25838B5452
:100FE00091E700002DE9F0478EB00446884615468B
:100FF0009946169E9DF864A01A9FF0F7B5FA6060B6
:10100000B9F1000F00F0E880002800F0E58005A8A5
:1010100000F0F9F8336830469B6D984705A8F0EE6C
:10102000400A00F0F4F86068BAF1030F3BD8DFE83B
:101030000AF00210719F03682A469B684146984750
:10104000DDED1B7AF8EEE70A07EE907AB8EEE70AD4
:1010500026E0B5F90620B8F804306988ADF810200C
:101060009B1A5B1AADF80C302B88ADF80E30AB88AC
:10107000ADF81230036803AA9B68414698479FED7C
:10108000580A05A800F0E8F8B8F904301B9A07EEF2
:10109000907A9B1A00EE103AF8EEE70AB8EEC00A12
:1010A00005A800F027F96068036805A95B6B9847FD
:1010B00060681799036841F07F419B6A98476068B0
:1010C0009DF860100368DB6A984760680368012137
:1010D000DB6800259847B9F80070A56104F110039A
:1010E00004F1080204F1140104F10C0009F10206F4
:1010F000F2F772FDAF4260DD318801F10F03B21CDF
:10110000C3F3071302EB43032046FFF7A3FD0135AA
:101110000646EFE7B5F90420B8F804302988ADF8A1
:1011200010209B1A5B1AADF80C30B5F90610B8F810
:1011300006306D88ADF812105B1A5B1BADF80E30EF
:10114000036803AA9B68414698479FED260A05A8B5
:1011500000F082F8B8F906301B9A9B1A00EE903A1C
:10116000B8F90430DB1B00EE103AF8EEE00A95E720
:101170006B88ADF80C30B5F90420B8F80630298832
:10118000ADF812209B1A5B1AADF80E30EB88ADF863
:101190001030036803AA9B68414698479FED120AE6
:1011A00005A800F059F8B8F90630DDED1B7ADB1B15
:1011B00000EE903AF8EEE00A48E76068228B036898
:1011C00000210191618B00911D6AD4E90213A847A7
:1011D00060680368DB6998470EB0BDE8F08700BF20
:1011E0000000B442000034430000874300234FF066
:1011F0007E52026043608360C36002614361836129
:10120000C3610262704708B5FFF7F0FF08BDD0ED7B
:10121000007A67EE807AC0ED007AD0ED017A67EE51
:10122000807AC0ED017AD0ED027A27EE800AD0ED07
:10123000037A80ED020A67EEA07AC0ED037AD0ED62
:10124000047A67EEA07AC0ED047AD0ED057A67EEF5
:10125000A00AC0ED050A704710B5DFED247A20EE34
:10126000270ADFED237A2DED028BC0EE278A044694
:10127000B0EE680A11F0FEF8B0EE408AB0EE680AEF
:1012800011F03CF9D4ED036AD4ED004A94ED047AF0
:1012900094ED015AD4ED025A60EE667A66EE886AE1
:1012A000E8EE247AE0EE246AC4ED007A60EE477A34
:1012B00027EE087AE8EE057AA0EE057AC4ED017A09
:1012C000D4ED057AC4ED036A20EE676A67EE887A8A
:1012D000A8EE256ABDEC028BE0EE257A84ED026A69
:1012E00084ED047AC4ED057A10BD00BFDB0F4940E0
:1012F0000000344390ED066AD0ED007AD0ED076A25
:1013000090ED087AE6EE007AC0ED007AD0ED017A31
:10131000E6EE807AC0ED017AD0ED027AE7EE007A4F
:10132000C0ED027AD0ED037AE6EE207AC0ED037AC2
:10133000D0ED047AE6EEA07AC0ED047AD0ED057A1D
:10134000E7EE207AC0ED057A7047D0ED016AD0ED66
:10135000047A90ED037A60EEA77A60EEA60AD0EDEB
:10136000006AE7EE007A84B0E6EE800A90ED057A36
:1013700090ED020A30EE800A77EE870A04B07047DB
:1013800030B58380BDF80C30C3809DF810300372F7
:101390009DF814309DF818504372837A416165F3CB
:1013A00006039DF81C50028365F3C71383729DF8F2
:1013B0002030C3729DF824300373BDF82830C381F8
:1013C000BDF82C300382014B036030BDBC5D0208C8
:1013D000F0B54469BCB3A388028BCB1A02F1FF328B
:1013E00031D493420CDD0E2303FB02439B885B1A2E
:1013F000D31A9A4227DB002BBCBF022392FBF3F3E4
:1014000000250E2695421EDC06FB03408788B94264
:101410001AD00DD25A1E954215DC30F80A3C5B1AE0
:10142000D31A9A420FDB9D42ECDD53195B10E9E7BA
:101430005D1CAA4207DB438ACB1A2B449D4202DC87
:101440009A42DFDAF1E70020F0BDF8B5044617460E
:101450001E4611B900252846F8BD0A29FAD04FF6D4
:10146000FF629142F6D042F20B029142F2D0FFF7B6
:10147000AFFF054650B9236820461B6998470146CF
:101480002046FFF7A5FF05460028E3D0236829463C
:10149000DB6D20469847386023682046DB6B984711
:1014A0003070D8E700207047012070470220704755
:1014B000704770477047704710B50C21044610F014
:1014C00091FF204610BD10B51021044610F08AFF90
:1014D000204610BD10B50C21044610F083FF2046B5
:1014E00010BD10B53C21044610F07CFF204610BD15
:1014F00030B50D46016B87B0044601B301A8FFF774
:1015000083FB2A89BDF804302879B5F906108DF8D7
:101510001000D21AA38E206BADF812101A446B89FA
:10152000BDF80650ADF814205B1BE58E2B44054D2D
:101530000395ADF81630036803A99B6C984707B074
:1015400030BD00BF4C5E02082DE9F041036B8AB04C
:1015500004460D4613B10B79002B44D004F1040866
:10156000414603A8FFF750FB2B79BDF90C70BDF97C
:101570000E6083B92A89E98804F13603921BC91BDE
:10158000019304F13403009312B204F1300309B261
:101590004046F8F7C7F9216B29B305A8FFF734FBDC
:1015A000BDF814202B79206B8DF82030BF1AEA8803
:1015B0001744A28E1744BDF81620ADF82270B61A53
:1015C0002A891644E28E1644ADF82460074A079231
:1015D0000026ADF82660036807A95B6C98472B7955
:1015E0000BB1C4E90C660AB0BDE8F081245E0208C4
:1015F0002DE9F0410C46016B88B0054600296DD0FD
:101600006846FFF701FBA98EE388BDF90080BDF9AC
:1016100002700B441BB2434531DBBDF804C0C44427
:101620000FFA8CFC63452ADAEA8E2689164436B214
:10163000BE4224DBBDF80600384400B286421EDA02
:101640006389194409B2414508DB614506DAA3897B
:101650001A4412B2BA4201DB824210DB214B0493DE
:1016600002238DF81430286B0023ADF81630ADF846
:101670001830ADF81A30036804A95B6C9847291D2F
:1016800002A8FFF7C1FABDF80830E0882179B5F863
:1016900034C02289EE8E8DF81410A3EB0808BDF833
:1016A0000A30DF1BBBB21FFA88F86789A48940445F
:1016B00060441A44B8442344ADF81600334432441D
:1016C000E044094C286B0494ADF81820ADF81A805A
:1016D000ADF81C30036804A9DB6C984708B0BDE87E
:1016E000F08100BF245E0208385E020837B5044668
:1016F00034F90C2F013212D10368B0F90810B0F997
:101700000A20ADF80410002500956D462946ADF875
:1017100006209B6A984795E8030084E8030020466A
:1017200003B030BD13B5B0F920300133044609D100
:1017300001466846FFF768FABDF800302384BDF81B
:1017400002306384B4F9200002B010BD13B5B0F9C3
:1017500022300133044609D101466846FFF754FAA6
:10176000BDF800302384BDF802306384B4F9220050
:1017700002B010BD70B50546164B45F8043B00237A
:10178000038143818381C381038243828382C38235
:10179000C0E9063303628384C38480F828300E4A8C
:1017A0004363C0E90B330D4B4260B3F90060936BA8
:1017B0000B4A0446012180F8291080F83810B2F94C
:1017C00000102846984763682846DB6B31469847E7
:1017D000204670BD605E02087C5902082A3A01204A
:1017E000283A012007B5094BB3F90020084BADF8A2
:1017F0000420B3F90030ADF80630036800210091F1
:101800009B686946984703B05DF804FB283A0120BD
:101810002A3A01202DE9F04FB1F90430002B89B0AC
:1018200080460C4615460EDDB1F90630002B0ADD68
:101830002846FFF75BFF2146FDF791FEEB6928B9CB
:101840001D46002BF4D109B0BDE8F08F04AE002B8B
:1018500000F0B5802B682946DB6802A89847284627
:10186000FFF760FFBDF8087007442846FFF76EFFDA
:10187000BDF80A30BDF90C20ADF8142018442146FB
:10188000BDF90E30ADF812003FB23046ADF816305B
:10189000ADF81070F8F72AF92846FFF727FF02463F
:1018A00096E8030006AB83E8030011461846F8F7F4
:1018B0001DF9BDF91830B4F90010BDF91AA0BDF931
:1018C0001CB0BDF91E9099420BD1B4F902205245CB
:1018D00007D1B4F904205A4503D1B4F906204A458A
:1018E0006DD0BBF1000F65DDB9F1000F62DDB4F919
:1018F00002201FFA8AF05245009012DA0193009BF1
:10190000B4F90400ADF812209A1AADF81010ADF831
:101910001400ADF81620EA6931464046FFF77AFF19
:10192000019BB4F900209A429FB20DDAADF8102065
:10193000BA1AADF812A0ADF81420ADF81690EA6905
:1019400031464046FFF766FF2288A3885F44134470
:101950009BB2BFB23AB219B291420DDDDB1BADF8BA
:101960001020ADF812A0ADF81430ADF81690EA6969
:1019700031464046FFF74EFFE28863881344009AE1
:101980004A449BB21FFA82F90FFA89F219B28A42CD
:1019900015DAB4F90410B4F90000ADF81410A3EB93
:1019A0000903ADF81000ADF81220ADF81630EA6961
:1019B000314601E0EA6921464046FFF72BFF284601
:1019C000FFF794FE616802462068334603C3114660
:1019D0003046F8F78BF8BDF91430002B7FF733AFA2
:1019E000BDF91630002B7FF72EAF2846FFF79AFE81
:1019F000BDF81030181AADF810002846FFF7A6FE03
:101A0000BDF81230181AADF812002B6831469B68E9
:101A10002846984717E770B50C4686B0061D002388
:101A20003146054602A80193FFF7EEF8BDF80830ED
:101A30002288BDF80A10B4F90400ADF81400D21AD7
:101A40006388ADF810205B1AB4F90610ADF81610D3
:101A500001AA04A93046ADF81230F8F71FF9019A2F
:101A60001AB121462846FFF7D5FE06B070BD30B545
:101A70000246044652F8080F85B00D4651686B4681
:101A800003C329466846F8F731F894F838302BB18B
:101A900069462046FFF7BFFF05B030BD043421463C
:101AA00002A8FFF7B1F8BDF80030BDF808209B1A76
:101AB000ADF80030BDF80A20BDF8023069469B1A27
:101AC0002046ADF80230F8F7B0F8E5E70A680B46B3
:101AD0009269011D18461047984200D213B90A4472
:101AE00010B2704707EE900AF8EE676A07EE903A78
:101AF000F8EEE77A86EEA77AF7EE006A37EE667AB6
:101B000007EE902A67EE075AB8EEE76AE5EE876AB5
:101B100007EE901AF8EEE77AB6EE007AE6EE267A4D
:101B2000F5EEC07AF1EE10FACCBF77EE877A77EE59
:101B3000C77AFDEEE77A17EE903A18B2704738B5DB
:101B4000002502230446C0E900550374456105766B
:101B5000C5830584C5860587C587A0F84050C0E9C0
:101B600011550E2229464C3011F07FFD01232046ED
:101B7000A4F85A50A4F85C50A4F85E5084F8603081
:101B800084F86150F1F7B2FF204638BDC38E00EBF8
:101B90004300408CB0FA80F04009704730B5002512
:101BA0000124436813B9036813B34360037E43B150
:101BB00043692BB11A881AB19A1C4261188830BD4A
:101BC00005764368198899B19A1C02294260F5D1BB
:101BD000037C012BE5D85A1C0233027450F82330E1
:101BE0004361002BDDD01B88002BDAD00476D8E7C8
:101BF0000020E4E730B40160002141601568856091
:101C000052684364029BC26001744161017601879E
:101C10000184A0F84010836430BCF1F767BF08B4BA
:101C200010B585B007AC54F8043B00931346224628
:101C30000394FFF7DFFF05B0BDE8104001B0704727
:101C4000F0B505460846E9B105F14C040B4601F133
:101C50000807224618685968264603C60833BB425F
:101C60003446F7D1186830609B88B38095F85930B6
:101C70005B0103F4807195F852300B435B4285F8A9
:101C800055301046F0BD38B50C4611681046CD6889
:101C90001946A847002808BF204638BD2DE9F04165
:101CA0008C460546144642B9A5F85A20A5F85C2092
:101CB000A5F85E202046BDE8F081507B93880601A0
:101CC00006F48072E6796FF4636116435A1891B294
:101CD0001D29B7B27ED801228A408A490A424FEABA
:101CE000E6062DD112F4607F74D005F14C02234634
:101CF00004F1080E1446186859689446ACE80300CD
:101D0000083373456246F6D11868CCF800009B880A
:101D1000ACF80430B5F85C1095F85900B3B2CA1AA3
:101D200092B285F85420D21020F0600002F06002D8
:101D30000243CF1B85F85920FB1AA5F85C30B9E7A0
:101D400005F14C02234604F1080814461868596846
:101D50009646AEE80300083343457246F6D118684C
:101D6000CEF800009B88AEF80430EB8E05EB430301
:101D7000598C40F63363994211D1DCF8003060464B
:101D8000DB689847417BCB0003F48072037A1343EE
:101D90004A0644BFA3F500731BB2A5F85A30B5F844
:101DA0005A3095F859203B4433449BB2A5F85A3039
:101DB00085F85430DB1022F0600203F06003134317
:101DC00085F8593095F85E2095F855309B1A85F8BE
:101DD00055306FE723F0040240F61B618A4203D0BE
:101DE00040F61D62934237D105F14C06224604F1BC
:101DF0000808344610685168B646AEE80300083259
:101E000042457646F6D11068CEF800009288AEF8CA
:101E10000420013B9BB2624621462846FFF733FF70
:101E2000417BCB0003F48072037A480643EA020345
:101E300044BFA3F500731BB2A5F85A3095F859308A
:101E400095F856205B0003F4807313435A1102EB9C
:101E50009303A5F85E3046E0C20002F48071227A56
:101E60000A43410644BFA2F5007212B2A5F85A20F7
:101E700040F6096123F010028A4203D040F6136253
:101E800093423DD105F14C0204F1080896462068C2
:101E90006168164603C6083444453246F7D12068C7
:101EA0003060A188B18095F85960760006F48072A0
:101EB00095F85660164340F6136293421ABF03F139
:101EC000FF339BB240F60C63624671462846744667
:101ED000FFF7D9FE437B827A5B0003F480731343E0
:101EE000F61AA5F85E60617BCB0003F48072237A5A
:101EF00013434A0644BFA3F500731BB2DB1B1CE768
:101F00000023A6E77900C03F2DE9F043044642B91B
:101F10004FF40043A0F85A30A0F85C30A4F85E30CB
:101F200047E0517B93880D0105F48070D579054316
:101F3000042DCCBF4FEA950E4FF0010EB3F5DD6FC7
:101F400000F2AB8040F2E760834216D240F25B6061
:101F5000834259D840F2576083420ED2B3F5CA6F1C
:101F60004AD240F24E60834207D240F21A60834266
:101F70002AD021D8B3F5C26F5BD3B4F95A3013F528
:101F8000004F40F0D080B4F95C0010F5004F40F0F5
:101F9000CA80CB0003F48070137A490643EA000339
:101FA00044BFA3F500731BB2A4F85A305D1BA4F81C
:101FB0005C501046BDE8F08340F24B60834238D35A
:101FC00040F24C608342D8D9B4F95A00B4F95C307D
:101FD00010F5004F40F0F28013F5004F40F0EE8016
:101FE000CB0003F48070137A4E0643EA000344BF2B
:101FF000A3F500731BB2D9E740F254608342E3D8E3
:10200000B3F5CA6FE0D9B8E740F274608342B4D048
:102010002DD840F25E60834204D840F25D60834276
:10202000D2D3AAE740F25F608342CDD0B3F5CE6F42
:10203000A3D0CB0003F48070137A490643EA00036F
:1020400044BFA3F500731BB25D1BA4F85A30A4F87B
:102050005C50537B5B0103F4807193790B435B000D
:10206000052193FBF1F392F909100B4456E740F276
:10207000E260834209D840F2DF608342BFF47DAF63
:10208000A3F2D663052BD4D877E740F2E36083420E
:102090009AD040F2E4608342CAE7B3F50F6F2BD2C7
:1020A00040F6ED0083428FD240F6E500834216D819
:1020B00040F6E4008342BFF460AF40F2EC6083423C
:1020C0000AD840F2EB608342BFF457AF40F2EA60B7
:1020D00083423FF479AFACE740F2ED60F8E740F6B9
:1020E000E800834202D840F6E70098E740F6E900AE
:1020F00083427FF442AF67E740F6F60083423FF445
:1021000063AF02D840F6F200F2E740F6FA008342ED
:1021100005D840F6F9008342FFF42FAF54E740F6AC
:10212000FE008342AFE704F14C0C174602F10808A9
:10213000664638687968E646AEE8030008374745E2
:10214000F446F6D13868CEF80000B988AEF804102D
:10215000B4F95E0010F5004F09D0517B9279490126
:1021600001F480711143A0EB510084F8550013F580
:10217000004FADB20DD02B449BB294F8592084F897
:102180005430DB1022F0600203F06003134384F844
:10219000593094F85910CB0003F4807294F85430FD
:1021A0004F0643EA020344BFA3F500731BB2A4F831
:1021B0005A305B1BA4F85C303246FAE604F14C0C52
:1021C000174602F10809664638687968E046A8E8CB
:1021D000030008374F45C446F6D13868C8F80000F8
:1021E000B988A8F80410B4F95E0010F5004F09D0C2
:1021F000517B9279490101F480711143A0EB5100A8
:1022000084F8550013F5004F0ED0A3EB0E0394F89D
:1022100059209BB284F85430DB1003F0600322F0A5
:102220006002134384F8593094F85910CB0003F43A
:10223000807294F85430480643EA020344BFA3F581
:1022400000731BB25D1BA4F85C50B5E72DE9F041AB
:102250001E46C38E00EB430304461746B3F82280A4
:10226000F1F702FC054618B930602846BDE8F08158
:102270003B680146DB6838469847A8F5C063B3F56C
:10228000407F0246306013D2434639462046FFF76E
:102290003BFE3060336843B15A7B9B7A520002F4B4
:1022A000807213430CBF0123002384F86130DCE704
:1022B000A5F560639BB27F2B04D839462046FFF713
:1022C000EDFCE6E794F86130002BE3D040F6021312
:1022D0009D42DFD101462046FFF7B2FCD9E72DE948
:1022E000F8431E46C38E00EB430304461746B3F87B
:1022F0002280F1F7B9FB054618B930602846BDE8E1
:10230000F8833B680146D3F808903846DDE9082396
:10231000C847A8F5C063B3F5407F0246306013D2CA
:10232000434639462046FFF7EFFD3060336843B13E
:102330005A7B9B7A520002F4807213430CBF012334
:10234000002384F86130D9E7A5F560639BB27F2B49
:1023500004D839462046FFF7A1FCE6E794F861303F
:10236000002BE3D040F602139D42DFD10146204608
:10237000FFF766FCD9E710B50446B4F84010238F88
:10238000F1B10A2B2FD0E28F04EB42000139408FCC
:10239000A4F84010511C89B2012984BF02F1FF3218
:1023A000E28703F101022287E28E98BFE18713449E
:1023B0009BB2092B88BF0A3B04EB43035884DCE73C
:1023C000238F0A2B0FD02046FFF7E8FB238F5A1CE0
:1023D0002287E28E13449BB2092B88BF0A3B04EB91
:1023E00043035884ECE710BD38B5C38E00EB4302BD
:1023F0000446558C028F013A02875A1C92B2092A70
:1024000086BF093BC386C286FFF7B5FF238C012B2D
:102410009CBF01332384E38B0BB90223E383E38B5B
:10242000013B9BB2E38304EB43042846658338BD3C
:102430008A422DE9F047C78E31D9058FB0F8408028
:10244000B0F83EC0EE19541A013E1FFA84FEB4B231
:10245000A4EB0E091FFA89F9092C264688BFA4F1BE
:102460000A06BCF1000F08BF4FF0020C00EB460655
:102470000CF1FF3C1FFA8CFC013CB6F822A0A4B280
:1024800000EB4C064C45A6F83AA0E5D1A5EB0E05AD
:102490000EEB08040587A0F84040A0F83EC0048F6A
:1024A000641A394489B2092988BF0A390487C18668
:1024B0000A258AB1018F013A92B2013133F81240F4
:1024C0000187C18E01B9C586C18E013989B2C18625
:1024D00000EB41014C84ECE7BDE8F047FFF74BBF50
:1024E00070B50025954211D0C48B31F8026B1444AD
:1024F000013C641BA4B2012C88BF023C00EB4404E5
:10250000648BB44217D10135ADB2EBE7BDF81020B2
:1025100000241344A2B29A420FDAC68E31F8145046
:10252000324492B2092A88BF0A3A00EB42020134CF
:10253000528CAA42EED0002070BD0120FCE72DE9AC
:10254000F74F054616468C1C09884FEA113A34F8B5
:102550001A30B34224D1C1F30329C1F3031801F0A7
:102560000F07CDF800804B46524621462846FFF71C
:10257000B7FF834668B10AEB0901414404EB41030C
:102580003A4649462846FFF753FF584603B0BDE890
:10259000F08F07EB0A014944414404EB4101D2E7C3
:1025A0004FF0000BF1E770B51088984217D8481E1D
:1025B00032F82000984212D300248C420FD26018C7
:1025C0004010850032F82060B34202D9013084B255
:1025D000F3E701D281B2F0E72A44508870BD0020B1
:1025E000FCE72DE9F041456C6F8804467F080B2617
:1025F000013E13D0E38E04EB43032A46B3F8228056
:10260000394643462046FFF7CEFF38B105EB40017F
:1026100042462046FFF793FF0028E9D1BDE8F0814C
:1026200070B54A698D6A4B68CE6A541B00F006810A
:102630009B1B03D06343102293FBF2F30C688A695F
:10264000651B00F0FD80921B03D06A43102492FBAF
:10265000F4F29B1A07EE903A9FED884AF8EEE77A7B
:10266000B7EE007A67EE847A0A4687EE273A034689
:1026700000F10C04B1EE436AD2ED027AC7EE276A8C
:102680001432E3EC016A52ED027A67EEA67A9C42BC
:10269000C3ED027A52ED017A67EEA67AC3ED057AB0
:1026A000EAD1CA6A8B69D0ED024AD0ED003AD0ED8A
:1026B000016A90ED055A90ED032AD0ED045A90ED91
:1026C000071AD0ED062A9B1A07EE903A4B689B1A20
:1026D00007EE103AF8EEE77A76EEE46A67EE847A6F
:1026E00073EEE44AB8EEC77A64EEE77A27EE047A2E
:1026F00075EEC55AE6EE877A32EE455A67EE837A72
:10270000C0ED097A8C6A4A69131B07EE103AB8EEDD
:10271000C77A0B6827EE047A1B1B64EEC74A07EEE4
:10272000103AB8EEC77A27EE047AE6EE874A64EEEE
:10273000864AC0ED0A4ACA6A8B699B1A06EE903A2D
:102740004B689B1A07EE103AF8EEE66AB8EEC77AC5
:1027500066EE846A27EE047A65EE666AE5EE876ABD
:1027600066EE836AC0ED0B6A8C6A4A69131B07EE3A
:10277000103AB8EEC77A0B6827EE047A1B1B25EED9
:10278000475A07EE103AB8EEC77A27EE047AA5EE5C
:10279000875AD0ED085A25EE065A31EE651A80EDBB
:1027A0000C5ACA6A8B699B1A07EE103A4B689B1A3F
:1027B00001EE903AB8EEC77A72EEE55A27EE047A47
:1027C000F8EEE11A25EEC77A61EE841AA1EE217ABD
:1027D00027EE037A80ED0D7A8C6A4A69131B03EEAB
:1027E000103AB8EEC33A0B6823EE043A1B1B65EEB1
:1027F000C35A03EE103AB8EEC33A23EE044AE1EEB0
:10280000045A25EE866A62EE675A80ED0E6AE3EEA0
:10281000A65AF5EEC05AF1EE10FA13DD4FF400435C
:1028200062EEE77AC363E3EE877AF5EEC07AF1EE03
:1028300010FA15DD4FF40043036470BD2346FDE636
:102840002A4606E702D547F6FF73E9E722EE642A37
:10285000A3EE852AB5EEC02AF1EE10FADEDAF2E731
:1028600002D547F6FF73E7E762EEE44AE3EE864AF5
:10287000F5EEC04AF1EE10FADCDAF2E70000803D36
:102880002DE9F04714275F4302EB070CDCF80450F6
:1028900015F10F0E00F1A2804FEA2E1E089CC0F821
:1028A00014E01426664302EB0608D8F8045015F12C
:1028B0000F0400F19F802411A4EB0E048461002C0E
:1028C00000F08A80DCF80490D8F804409559A4EB15
:1028D0000908D459A5EB040A4FEA0A150EFB05FEB8
:1028E0000AFB19EE08FB04E44FEA0816013CA419A0
:1028F00000F18C8094FBF6FEC0F800E006FB1E445D
:102900000461002DC0F2958095FBF6F4446006FB4F
:1029100014558560C660DCF804404569D259DFED86
:102920004D6A91ED0A6AC4EB051407EE104A04687B
:10293000C2EB041207EE902AB8EEC77AF8EEE77AF7
:1029400001EB830327EE267A67EEA67AD3ED006AC1
:10295000E6EE076A91ED096AE6EE276AC0ED076ABE
:10296000D0ED016AD1ED095A91ED0A6AF8EEE66AF6
:10297000A6EEA56A80ED086A4A6A4262D1ED0C5A59
:1029800093ED036AA5EE876AD1ED0B5AA5EEA76A0F
:1029900080ED0A6AD1ED0B5A91ED0C6AA6EEA56A9C
:1029A00080ED0B6ACA6A026393ED066AD1ED0E5A96
:1029B000A5EE876AB0EE467A91ED0D6AA6EE277A0B
:1029C00080ED0D7A91ED0D7AD1ED0E7AE6EE877AF3
:1029D000C0ED0E7A4B6BC363BDE8F087C5F101050E
:1029E00015F00F0518BF012510249EFBF4FEAEEB79
:1029F000050E53E7C5F1010515F00F0518BF0125B8
:102A00004FF0100994FBF9F4641B55E7644294FB02
:102A1000F6FECEF1000806FB1E44C0F800800461FB
:102A2000002C3FF46EAF6FEA0E0EC0F800E0341BCE
:102A300066E76D4295FBF6F4C4F1000E06FB1455F3
:102A4000C0F804E08560002D3FF464AFE4434460C7
:102A5000751B5EE70000803D024648B1002398B236
:102A6000013302EB430131F8021C0029F7D1704712
:102A7000704730B5044659B148B1002398B282423C
:102A800005D9CD5C24F813500133002DF6D130BDAB
:102A90000846FCE7F0B58BB08C4600218DF8241079
:102AA00004461F2601AF94FBF3FE03FB1E4484EA99
:102AB000E475A5EBE475ECB2092DD4BF303457347E
:102AC000E4B2BC557446711E74B9002805DA0AAB2D
:102AD00019442D2301F8243CB11E013139446046CC
:102AE000FFF7C7FF0BB0F0BD0E46DCE7F0B58BB0CB
:102AF0008C4600218DF8241001AE1F21B0FBF3F7A6
:102B000003FB1705ECB2092DD4BF30345734E4B2BF
:102B10008C5538464C1E2FB931446046FFF7A9FF4B
:102B20000BB0F0BD2146E9E72DE9F04F914685B0A5
:102B300002680192884683469DF840100391104632
:102B40001C469DF848300293FFF786FFB8F1000F4E
:102B50000CBF844600F1010CB9F1690F9DF8386093
:102B60000F9F139DDDF854A003991FFA8CFCDDE93B
:102B7000012341D034D8B9F1630F59D0B9F1640FB2
:102B80003AD0B9F1580F34D00024BDF85020013AA2
:102B900069B111998C4509DAA1EB0C0189B233B9FD
:102BA000002E51D000284FD00C44A4B200212B6835
:102BB000934207DAB8F1000F04D02AF813802B688B
:102BC00001332B603027002C4ED02E68013CB242DE
:102BD000A4B249DD2AF816702B6801332B60F2E7A6
:102BE000B9F1730F1DD0B9F1780F02D0B9F16F0FA1
:102BF000C9E784464FF00008002CC6D047B9012829
:102C000006D11488302C02BF0232CBF8002038469F
:102C1000BC4514DABFB2A7EB0C04A4B2BC46002634
:102C2000B3E784466CB1B84200DDB8B2002403E0DB
:102C30004FF0010C002460462646A046A5E700247C
:102C4000EDE72646A046A0E70029B0D020272E6851
:102C50000029ACD00139964289B2A7DA2AF8167059
:102C60002B6801332B60F2E788B12B6801389A4258
:102C700080B20CDDDBF800309C1CCBF800401C88D7
:102C80002B682AF813402B6801332B60ECE72026D1
:102C900051B128680139824289B205DD2AF81060F5
:102CA0002B6801332B60F3E705B0BDE8F08F2DE909
:102CB000F043DDE9078CDDE909E6DDE90B75002469
:102CC00014801C7088F800408CF800408EF800409A
:102CD0003C700468A4B124884FF0010914B32B2C74
:102CE00001D0202C10D1148004680CB1023404608F
:102CF0000C680CB101340C6004687CB12488EDE7E9
:102D00000C687CB12478E7E72D2C02D183F8009081
:102D1000EAE7232C07D188F80090E5E70C680CB1AE
:102D20002478DBE70024A4F13003092B01D92A2CF5
:102D300022D10123302C8EF800300DD18CF80030D8
:102D400003680BB1023303600B680BB101330B60F6
:102D50000368002B2FD01C882A2C35D14FF0FF336D
:102D6000336003680BB1023303600B680BB10133AE
:102D70000B6003681BB31C882E2C1AD101233B70F7
:102D800003680BB1023303600B680BB101330B60B6
:102D90000368002B36D01B882A2B37D14FF0FF3326
:102DA0002B6003680BB1023303600B680BB1013376
:102DB0000B60BDE8F0830C6834B12478CCE70B6875
:102DC000002BF6D01C78D7E7002333600A22A4F149
:102DD000300C1FFA8CF3092BCED8336802FB03C3E7
:102DE000336003680BB1023303600B680BB101332E
:102DF0000B6003680BB11C88E9E70C68002CE6D077
:102E00002478E4E70B680BB11B78C5E700222A6041
:102E10000A24303B9EB2092E2A6813D804FB0233E1
:102E20002B6003680BB1023303600B680BB10133F5
:102E30000B6003680BB11B88EBE70B68002BE8D035
:102E40001B78E6E7062AA8BF06222A60B1E72DE92B
:102E5000F04FA3B000260DF1440907468846CDE99E
:102E600008323146422248462C9C0D9610F0FDFB5C
:102E70005FB108F1FF3A099A0D9B52B112880AB16D
:102E80009A452EDC002227F81320384623B0BDE8EF
:102E9000F08F089A002AF5D01278F0E7002DEAD0DA
:102EA0002A7842B1252A01D09A4508DCBBF1000FEF
:102EB00021D1002DDFD02A784FF0000B1DE0BBF1AF
:102EC000000F78D0BBF8002027F81320BBF1000FCB
:102ED00002D00BF1020209920DB1013508950133C0
:102EE0000D93DDE9085B0D9BBBF1000FD6D0BBF85D
:102EF0000020002AD6D1BBF80020002ABBD09A457A
:102F0000B9DDADF832608DF82D608DF82E608DF84A
:102F10002F608DF830600E968DF831600F96BBF102
:102F2000000F02D00BF1020309930DB16B1C089343
:102F30000FAB05930DF1310304930EAB03930CAB70
:102F400002930DF12F0301930DF12E0300930DF168
:102F500032020DF12D0308A909A8FFF7A8FE0E9B68
:102F6000002BBEBF236823EAE3730E930F9BB8BF09
:102F70000434002BB8BF2368DDE90821BEBF23EA73
:102F8000E3730F930434D9B10B88692B1FD02FD86A
:102F9000582B1CD018D8252B34D0CDE9085B0D9BBD
:102FA000BBF1000F00F0B880BBF8005027F81350B9
:102FB00001330D9329E00DB12A7885E72A4683E78E
:102FC000002AEAD01378E0E7633B012BE5D8CDF87F
:102FD000409029B30B88692B63D025D8632B38D058
:102FE000642B5ED0582B7BD0ADF84460254636E08C
:102FF000732BECD002D86F2BCFD1E8E7752BE6D03E
:10300000782BF9E70D9A27F81230099B0BB10233A0
:103010000993089B002B3FF42EAF013308932AE756
:10302000002AE1D01378D6E7732B36D007D86F2B60
:10303000DAD10D9A251DA8EB020208234AE0752B70
:1030400043D0782BD0D10D9A251DA8EB0202102376
:1030500040E02368ADF84430251DADF84660099B7B
:10306000BDF83210002B52D01A889DF831300DA8CF
:1030700005909DF82D0004900E9803909DF8300067
:1030800002900F9801909DF82F000090CDE90687DF
:1030900010A8FFF749FD2C46B7E72368251D1093BC
:1030A000DDE70D9A2068A8EB02020A2392B2494696
:1030B000FFF7F0FCBDF844302D2B04F10405CED110
:1030C000ADF83230109B0233E9E70D9A251DA8EBCD
:1030D00002020A2392B249462068FFF707FDBEE7C5
:1030E0000D9A2068A8EB020292B210234946FFF71E
:1030F000FDFC251D0DF1420232F8023F002BAED03F
:10310000A3F161011929F7D8203B1380F4E7089A4D
:10311000002AAAD01278A8E7002D3FF447AF2D78F7
:1031200044E707B5009313460022FFF790FE03B073
:103130005DF804FB0CB407B504AB53F8042B019302
:10314000FFF7EFFF03B05DF804EB02B0704700003B
:10315000014B1860704700BF9C3A0120064B1A884B
:10316000824207D8054B1B8813449842ACBF00200D
:103170000120704700207047BC3A0120C03A01206E
:1031800008B50146FFF7EAFF18B1024B1B6853F878
:10319000210008BDA03A0120F0B5244C2368002B83
:1031A00042D0234A234D1188B5F800C0224861441B
:1031B0004A1C22F001028F001204DE19120C07EBE8
:1031C000420706601D4EDA1932600E2202FB0CF235
:1031D000033222F003023A44194F13443B60194F63
:1031E00000233B80184F3F68BA1A184F3A60184ABC
:1031F0009C4613804FF6FF778B420DD12D883068A7
:1032000000230E249D420FD904FB03020133117BDE
:103210006FF345111173F5E7226842F823C0026885
:1032200022F813700133E7E7F0BD00BFA03A012098
:10323000BC3A0120C03A0120B43A0120A43A01204E
:10324000AC3A0120BE3A0120A83A0120B83A012048
:10325000B03A0120064B1B6843B939B1054B1A80BF
:10326000054B1960054B1860FFF796BF704700BF0C
:10327000AC3A0120C03A0120A83A0120A03A01202E
:1032800070B4074C266805461046039A36B9256087
:10329000044C218070BC1946FFF7DCBF70BC70473E
:1032A000C43A0120BC3A0120124A03881288934292
:1032B00007D2114A1268142101FB0323B3F9080055
:1032C00070470E49098811448B4204DA9B1A0C4A54
:1032D0000E211268F0E74FF6FE72934208D1094BB7
:1032E0001B781BB9084BB3F900007047074BFAE78E
:1032F00000207047BC3A0120C43A0120C03A0120A6
:10330000A43A01202C3A01202E3A0120303A012023
:10331000124A03881288934207D2114A1268142174
:1033200001FB0323B3F90A0070470E4909881144D1
:103330008B4204DA9B1A0C4A0E211268F0E74FF612
:10334000FE72934208D1094B1B781BB9084BB3F9A5
:1033500000007047074BFAE700207047BC3A012095
:10336000C43A0120C03A0120A43A01202C3A01209D
:10337000303A01202E3A012030B5224A0B881288BB
:10338000934213D2204A1268142101FB03231A8AA4
:10339000B3F90C40B3F90E105B8A0480C2F30C023F
:1033A000C3F30C0341808280C38024E0174909885D
:1033B00011448B4210DA9B1A0E225343144A1168AF
:1033C000CA18CD5EB2F90240B2F90410B2F9063063
:1033D000058044808180E7E74FF6FE7293420BD16F
:1033E0000C4BB3F900100C4B8180B3F90020C28064
:1033F00000230380438030BD00230380438083800B
:10340000D2E700BFBC3A0120C43A0120C03A0120F3
:10341000A43A0120283A01202A3A0120174A0388B9
:103420001288934213D2164A1268142101FB032317
:103430001A8A1989C2F30C028A421DDB588AC0F32A
:103440000C005B899842ACBF0020012070470D49F9
:10345000098811448B420DDA9B1A0B4A12680E211F
:1034600001FB0323B3F904101A89914204DBB3F979
:103470000600E6E70020704701207047BC3A0120B3
:10348000C43A0120C03A0120A43A0120124A03881C
:1034900011888B420BD2114A126812B152F82300E4
:1034A000C0B90F4A116814225343C85870470D4AD7
:1034B00012880A44934204DA084A126852F8230038
:1034C00070474FF6FE72934203D1074B1B68586C4E
:1034D00070470020704700BFBC3A0120A03A01208D
:1034E000C43A0120C03A0120343A0120244B02881A
:1034F0001888824221D2234B1968142303FB02133C
:10350000586800283AD020490968002936D051F877
:103510002210002932D01A89588950435A7CDB7C0A
:103520005209C3F3421343EAC2030B2B18BF4000F6
:10353000033020F0030008447047144B1B880344F9
:103540009A421ADA124B1B68101A0E2101FB003046
:10355000037B03F01F030B2B0BD1038940895843D6
:10356000094B1968033020F0030351F82200184476
:1035700070470D2B01D10D3070470020704700BF00
:10358000BC3A0120C43A0120A03A0120C03A0120EF
:10359000A43A012010B51F4B02881B889A421AD208
:1035A0001D4B1B68142101FB02314B7C5809CB7C5D
:1035B0001A49C3F34213096843EAC003D8B249B1B8
:1035C00051F8222032B10E2B21D00F281DD0102807
:1035D00008BF022010BD1249098819448A4209DA3D
:1035E000D31A104A12680E2101FB0323187B00F046
:1035F0001F00EFE74FF6FE739A4208D1EFF7EEFA9D
:103600000368BDE81040DB6A18470120E2E70020AC
:10361000E0E700BFBC3A0120C43A0120A03A0120F3
:10362000C03A0120A43A01201020704700207047C2
:10363000024B1888400080B2704700BF2E3A01202C
:10364000FF2B5ED00B2A58D00ED8032A4DD004D8B9
:10365000012A4CD04DD9C36B31E0092A4DD04AD84C
:10366000082A48D000232AE02F2A2CD011D82D2A4E
:1036700018D031D82C2AF5D14A6813785278002A0C
:10368000F0D1012B1DD0002B2DD0022BEAD1C36825
:1036900015E0312A04D032D3322A30D0332AE1D196
:1036A000436F0CE04A6813785278002ADAD1012B74
:1036B00004D00FD3022BD5D1436900E0436A1846EA
:1036C0007047C369FBE74B681A785B78002BC9D158
:1036D000002AF4D1436BF2E74B681A785B78002B31
:1036E000C0D1002AEBD1C36AE9E7C36CE7E7436DB9
:1036F000E5E7436CE3E7C36DE1E7436EDFE7C36EE5
:10370000DDE70B2A59D00ED8032A50D004D8012A5D
:103710004FD050D9036CD2E7092A4ED001D8082ADD
:10372000A0D1036ECBE72F2A2DD011D82D2A18D087
:1037300033D82C2A96D14A6813785278002A91D12E
:10374000012B1ED0002B30D0022B8BD10369B6E7A2
:10375000312A04D033D3322A31D0332A82D1836F35
:10376000ADE74A6813785278002A7FF47BAF012BCB
:1037700005D010D3022B7FF475AF83699FE7836A6E
:103780009DE7036A9BE74B681A785B78002B7FF410
:1037900069AF002A93D1836B91E74B681A785B7805
:1037A000002B7FF45FAF002A89D1036B87E7036D9D
:1037B00085E7836D83E7836C81E7836E7FE7036F23
:1037C0007DE72DE9F04F87B0159805929DF86420AC
:1037D0000292DDE9162401914168DDF860E001FB09
:1037E0000424026802EB4404DEF800200392DEF8B1
:1037F000042004320492029AD643F6B2019A002AB7
:1038000003DC059A002A40F32981119ABEF908C009
:10381000BEF90C7002F50041129A02F50042002B2D
:103820000EDD081405D4604503DA101401D4B84243
:1038300007DB139801441498013B02440234EEE77D
:1038400071D0139D581E05FB00152D145FD46545DE
:103850005DDA149D05FB0020001458D4B84256DAF6
:10386000BDF808B09946A246B9F1000F57DDBEF980
:10387000087003984FEA224C0D1407FB0C0009F165
:10388000FF39405D049D35F81000BAF800502F1242
:103890004FEA202C07F0F80717FB06F74FEAE50878
:1038A0000CF0F80CED000CFB0B7C08F0FC08C710CA
:1038B000EDB2C00018FB06F815FB06F507F0FC0793
:1038C000C0B21FFA8CFC07FB0B8700FB0B5080B2C9
:1038D000BFB20CF1010505EB1C2C07F10108451CDA
:1038E00005EB102508EB172813980CF4784CC5F35A
:1038F000C4254FEA581845EA0C0C08F4FC6801444A
:1039000014984CEA080C2AF802CB0244ACE7BDF844
:1039100008A04FF0000803EB0800002841DC23EA70
:10392000E37304EB4304019B002B40F3978030EEDC
:10393000040AB7EE007AC7EE007A109B70EEA40A74
:1039400031EE051A20EEA77AF0EE626A61EE277A70
:10395000FEEEC86A77EE622ACDED116AFEEEC82A45
:10396000F0EE436A37EEC33A12EE902ABEEEC83A42
:1039700092FBF3F313EE102A1393109B92FBF3F3D5
:103980001493019B059AFEEEC86A013B0193CDEDAD
:10399000126A109BB0EE673A08BF1346F0EE472A52
:1039A0002CE70F1453D4DEF80850BD424FDD5FEA18
:1039B000224C4CD4DEF80C00604548DD03982DB253
:1039C0000CFB0505E85D049D35F810006FF001055E
:1039D00005FB08FB4FEA202C34F80B502F1207F0A0
:1039E000F80717FB06F74FEAE5090CF0F80CED00B5
:1039F0000CFB0A7C09F0FC09C710EDB2C00019FBF2
:103A000006F915FB06F507F0FC07C0B21FFA8CFC9F
:103A100007FB0A9700FB0A50BFB280B20CF1010508
:103A200005EB1C2C07F10109451C05EB102509EBE2
:103A300017290CF4784CC5F3C4254FEA591945EA07
:103A40000C0C09F4FC694CEA090C24F80BC013981F
:103A50000144149808F1FF3802445CE707B0BDE860
:103A6000F08F2DE9F04F85B09346139E169D706838
:103A70000091DDE9142400FB0424326802EB4404C5
:103A80002A6801926A68DDE911EC04320292F7EECD
:103A9000006A009A002A03DCBBF1000F40F3A0800B
:103AA0000F9AB5F90890B5F90C8002F50040109A0C
:103AB00002F50042002B0CDD061405D44E4503DA56
:103AC000161401D4464505DB70446244013B0234C0
:103AD000F0E70FD05E1E0EFB06073F1441D504EB46
:103AE000430698460396B8F1000F59DC23EAE373C6
:103AF00004EB4304009B002B72DD30EE040A70EEF1
:103B0000A40AC6EE807A0E9B31EE051A20EEA77A43
:103B1000B0EE626A61EE277ABEEEC86A77EE622A7C
:103B20008DED0F6AFEEEC82AB0EE436A37EEC33A57
:103B300012EE902ABEEEC83A92FBF3FE13EE102A64
:103B400092FBF3FC009BBEEEC86A013B00938DED37
:103B5000106A0E9BB0EE673A08BF5B46F0EE472A4C
:103B600097E74F45BBDA0CFB06263614B7D446451B
:103B7000B5DA1E46A046002EB8DDB5F908A00199B9
:103B800017144FEA20490AFB0717029917F8097022
:103B900031F8177028F8027B70446244013EEAE76E
:103BA0005FEA204917D4AE684E4514DD5FEA224A29
:103BB00011D4EF6857450EDD019F36B20AFB067639
:103BC000029F16F809606FF0010137F8167001FBCB
:103BD00008F603998F537044624408F1FF3882E776
:103BE00005B0BDE8F08F2DE9F04F87B0159C059228
:103BF0009DF864200392DDE9162002916168DDF8EA
:103C000060C001FB0020226802EB40020092DCF859
:103C100000200492DCF8042004320192039AD54378
:103C2000EDB2029A002A03DC059A002A40F32C81A7
:103C3000119ABCF908E0BCF90C7002F50041129A27
:103C400002F50042002B10DD0C1405D4744503DA94
:103C5000141401D4BC4209DB139C00982144149C29
:103C600002302244013B0090ECE771D0139E5C1EB1
:103C700006FB041636145DD476455BDA149E06FB0B
:103C80000424241456D4BC4254DADDF80090BDF864
:103C90000CA09846B8F1000F54DDBCF908700498E8
:103CA000141407FB04040E14019814F806E0B9F884
:103CB00000400EEB4E0E00EB0E0B27129BF802603D
:103CC0009BF801B010F80EE0139816FB0AF607F007
:103CD000F80707FB0567E610E400E4B21BFB0AFBEC
:103CE00014FB05F406F0FC06BFB206FB05B60EFB9E
:103CF0000A4EB6B21FFA8EFE7C1C04EB172706F1A3
:103D0000010B0EF1010404EB1E240BEB162B07F440
:103D10007847C4F3C4244FEA5B1B27430BF4FC6BC6
:103D20000144149847EA0B0729F8027B024408F182
:103D3000FF38AFE7BDF80C904FF0000E03EB0E0418
:103D4000002C43DC009A23EAE37302EB4303009365
:103D5000029B002B40F3988030EE040AB7EE007A05
:103D6000C7EE007A109B70EEA40A31EE051A20EE21
:103D7000A77AF0EE626A61EE277AFEEEC86A77EE05
:103D8000622ACDED116AFEEEC82AF0EE436A37EEE4
:103D9000C33A12EE902ABEEEC83A92FBF3F313EE4A
:103DA000102A1393109B92FBF3F31493029B059A32
:103DB000FEEEC86A013B0293CDED126A109BB0EE95
:103DC000673A08BF1346F0EE472A2AE70F1454D487
:103DD000DCF80860BE4250DD5FEA22484DD4DCF8D2
:103DE0000C40444549DD049C36B208FB06466FF0A2
:103DF000010016F80780019C00FB0EFA08EB48084A
:103E0000009804EB080B30F80A409BF80260019818
:103E10009BF801B010F808800098271216FB09F6ED
:103E200007F0F80707FB0567E610E400E4B21BFBA8
:103E300009FB14FB05F406F0FC06BFB206FB05B651
:103E400008FB0948B6B21FFA88F87C1C04EB172758
:103E500006F1010B08F1010404EB18240BEB162BFF
:103E600007F47847C4F3C4244FEA5B1B27430BF4E1
:103E7000FC6B47EA0B0720F80A701398014414986A
:103E80000EF1FF3E024459E707B0BDE8F08F000095
:103E90002DE9F04F85B0F7EE006A139E0392DDE93D
:103EA00014247068169DDDF844C06F68019100FB12
:103EB0000424326802EB44042A6802920437019A0F
:103EC000002A03DC039A002A40F3CC800F9AB5F94C
:103ED0000890B5F90C8002F50040109A02F50042F6
:103EE000002B0DDD061405D44E4503DA161401D45B
:103EF000464506DB129E60443244013B0234EFE744
:103F00000FD05E1E0CFB060E5FEA2E4E43D5984680
:103F100004EB430AB8F1000F71DC23EAE37304EB0E
:103F20004304019B002B40F39D8030EE040A70EEA9
:103F3000A40AC6EE807A0E9B31EE051A20EEA77A0F
:103F4000B0EE626A61EE277ABEEEC86A77EE622A48
:103F50008DED0F6AFEEEC82AB0EE436A37EEC33A23
:103F600012EE902ABEEEC83A92FBF3FC13EE102A32
:103F700092FBF3F31293019B039ABEEEC86A013BD6
:103F800001938DED106A0E9BB0EE673A08BF1346A1
:103F9000F0EE472A93E7CE45B9DA129901FB0626DF
:103FA0003614B4D44645B2DA9846A246B8F1000FAA
:103FB000B3DDB5F908900299161409FB06164FEA0D
:103FC000204E2A4916F80EE00EEB4E0E07EB0E0BB4
:103FD00060449BF801609BF80290F60001EA092911
:103FE00006F4FC6649EA060617F80E90129946EAAE
:103FF000D9062AF8026B0A4408F1FF38D6E75FEACF
:10400000204929D4AE684E4526DD5FEA224B23D4F1
:10401000E968594520DD02990FFA86FE0BFB0E1E5A
:104020006FF001011EF809E00EEB4E0E07EB0E06D5
:1040300001FB08F996F802B07678A1F2FE71F6005D
:1040400001EA0B2B06F4FC664BEA060617F80EB0E5
:1040500046EADB062AF80960129960440A4408F12E
:10406000FF3857E705B0BDE8F08F00BF00F8FFFF4D
:104070002DE9F04F87B08B46159804929DF8642087
:104080000592DDE916244168DDF860C001FB0424D7
:10409000026802EB4404DCF800200192DCF8042002
:1040A00004320292F7EE006ABBF1000F03DC049ABF
:1040B000002A40F33881119ABCF90870BCF90C60F1
:1040C00002F50040129A02F50041002B0EDD0214A9
:1040D00005D4BA4203DA0A1401D4B24207DB139AB8
:1040E0001044149A013B11440234EEE719D0139D99
:1040F0005A1E05FB02052D1409D4BD4207DA149D92
:1041000005FB0212121402D4B242C0F2AC804FF08E
:10411000000E03EB0E02002A3EDC23EAE37304EBFD
:104120004304BBF1000F40F3FE8030EE040A70EE52
:10413000A40AC6EE807A109BBBF1010B31EE051A82
:1041400020EEA77AB0EE626A61EE277ABEEEC86A08
:1041500077EE622A8DED116AFEEEC82AB0EE436A50
:1041600037EEC33A12EE902ABEEEC83A92FBF3F352
:1041700013EE102ABEEEC86A1393109B92FBF3F362
:10418000049A14938DED126A109BB0EE673A08BF43
:104190001346F0EE472A87E706145DD4DCF8085092
:1041A000B54259DD0F1457D4DCF80C20BA4253DD68
:1041B000019A2DB207FB0525AA5D029D55F82250F4
:1041C0002E0E49D06FF0010202FB0EF2039234F87A
:1041D0000280059A5643721C02EB262212121FFA25
:1041E00082F94FEA2827C5F30746D243D2B216FB1D
:1041F00009F607F0F80707FB0267C5F3072A4FEA3D
:10420000E806EDB24FEAC8085FFA88F815FB09F531
:1042100008FB0255BFB21AFB09FAADB206F0FC0664
:1042200006FB02A67A1C05F1010A02EB17270AEB2E
:10423000152AB6B2CAF3C42A07F478474AEA070730
:1042400006F1010A0AEB162A4FEA5A1A0AF4FC6A26
:10425000039A47EA0A07A752139A1044149A0EF1D8
:10426000FF3E114455E74FF00008A3EB0802002A77
:104270007FF753AFBCF90860019F0A14051406FBD1
:104280000272525D029D55F822502E0E44D0059ABE
:1042900034F818E05643721C02EB262212121FFA61
:1042A00082F94FEA2E27C5F30746D243D2B216FB56
:1042B00009F607F0F80707FB0267C5F3072A4FEA7C
:1042C000EE06EDB24FEACE0E5FFA8EFE15FB09F553
:1042D0000EFB0255BFB21AFB09FAADB206F0FC069E
:1042E00006FB02A67A1C05F1010A02EB17270AEB6E
:1042F000152AB6B2CAF3C42A07F478474AEA070770
:1043000006F1010A0AEB162A4FEA5A1A0AF4FC6A65
:1043100047EA0A0724F81870139A1044149A08F10F
:1043200001081144A1E707B0BDE8F08F2DE9F04F77
:1043300085B08B4613980392DDE914244168DDF8BB
:1043400058E001FB0424026802EB4404DEF800207C
:104350000092DEF8042004320192F7EE006ABBF10D
:10436000000F03DC039A002A40F353810F9ABEF931
:104370000870BEF90C6002F50041109A02F5004287
:10438000002B0EDD081405D4B84203DA101401D452
:10439000B04207DB119801441298013B02440234F9
:1043A000EEE717D0119D581E05FB00152D1409D4FA
:1043B000BD4207DA129D05FB0020001402D4B04272
:1043C000C0F2BC800026981900283EDC23EAE37383
:1043D00004EB4304BBF1000F40F31B8130EE040AF1
:1043E00070EEA40AC6EE807A0E9BBBF1010B31EE93
:1043F000051A20EEA77AB0EE626A61EE277ABEEE69
:10440000C86A77EE622A8DED0F6AFEEEC82AB0EE1A
:10441000436A37EEC33A12EE902ABEEEC83A92FBD8
:10442000F3F313EE102ABEEEC86A11930E9B92FBB3
:10443000F3F3039A12938DED106A0E9BB0EE673A78
:1044400008BF1346F0EE472A89E70F1426D4DEF89A
:104450000850BD4222DD5FEA224C1FD4DEF80C007A
:1044600060451BDD00982DB20CFB0505E85D019D44
:1044700055F82000070EFF2F16D16FF0010505FB40
:1044800006F7A5F2FE7505EA102C450905F4FC6552
:104490004CEA0505C0F3C4000543E55311980144F7
:1044A0001298013E02448EE7FDB2002FF6D06FF065
:1044B000010777431FFA85F934F8078002974FEA1E
:1044C000282CC0F30747ED43EDB217FB09F70CF0BA
:1044D000F80C0CFB057CC0F3072A4FEAE807C0B2D2
:1044E0004FEAC8085FFA88F810FB09F008FB0500DE
:1044F00080B21FFA8CFC1AFB09FA07F0FC0707FBD5
:1045000005A700F1010A0CF101050AEB102A05EBE1
:104510001C2CBFB2CAF3C42A0CF4784C4AEA0C0C27
:1045200007F1010A0AEB172A4FEA5A1A0AF4FC6A41
:1045300002984CEA0A0C24F800C0AFE74FF00008DC
:10454000A3EB080000287FF741AFBEF90860009F89
:1045500010140D1406FB0070405D019D55F82050AD
:104560002E0EFF2E12D12C4800EA1526680900F401
:10457000FC603043C5F3C405284324F818001198A3
:104580000144129808F101080244D9E7F0B2002E64
:10459000F5D034F818C01FFA80F94FEA2C27C5F37C
:1045A0000746C043C0B216FB09F607F0F80707FB41
:1045B0000067C5F3072A4FEAEC06EDB24FEACC0CD0
:1045C0005FFA8CFC15FB09F50CFB0055BFB21AFB1A
:1045D00009FAADB206F0FC0606FB00A6781C05F150
:1045E000010A00EB17270AEB152AB6B2CAF3C42A50
:1045F00007F478474AEA070706F1010A0AEB162A88
:104600004FEA5A1A0AF4FC6A47EA0A0724F81870B3
:10461000B5E705B0BDE8F08F00F8FFFF2DE9F04FDA
:1046200087B08B46159C04929DF864200592DDE9C5
:1046300016206168DDF860E001FB0020226802EBD3
:104640004000DEF800200192DEF804200292F7EE2E
:10465000006ABBF1000F03DC049A002A40F3428198
:10466000119ABEF90870BEF90C6002F50041129A69
:1046700002F50042002B0EDD0C1405D4BC4203DA17
:10468000141401D4B44207DB139C2144149C013B55
:1046900022440230EEE719D0139D5C1E05FB041581
:1046A0002D1409D4BD4207DA149D05FB04242414FB
:1046B00002D4B442C0F2B1804FF0000803EB08040A
:1046C000002C3EDC23EAE37300EB4300BBF1000F58
:1046D00040F3088130EE040A70EEA40AC6EE807A38
:1046E000109BBBF1010B31EE051A20EEA77AB0EE5C
:1046F000626A61EE277ABEEEC86A77EE622A8DEDB5
:10470000116AFEEEC82AB0EE436A37EEC33A12EEE3
:10471000902ABEEEC83A92FBF3F313EE102ABEEED7
:10472000C86A1393109B92FBF3F3049A14938DEDD4
:10473000126A109BB0EE673A08BF1346F0EE472AA4
:1047400087E70E1462D4DEF80850B5425EDD171418
:104750005CD4DEF80C40BC4258DD2DB207FB056589
:10476000029C665D002E51D0019C34F815906FF0CC
:10477000010404FB08F40394055B059C6643741C68
:1047800004EB16242412A7B22E12E443E4B24FEA3B
:10479000292C06F0F80616FB04F64FEAE50A0CF0A1
:1047A000F80CED000CFB076CEDB24FEAE9064FEA9E
:1047B000C90915FB04F55FFA89F90AF0FC0A09FB3F
:1047C00007551AFB04FA1FFA8CFCADB206F0FC0682
:1047D00006FB07A60CF1010405F1010A04EB1C2CF1
:1047E0000AEB152AB6B2CAF3C42A0CF4784C4AEA8A
:1047F0000C0C06F1010A0AEB162A4FEA5A1A0AF4BF
:10480000FC6A039C4CEA0A0C20F804C0139C214467
:10481000149C08F1FF38224450E74FF00009A3EB45
:104820000904002C7FF74EAFBEF908600D14141474
:1048300006FB0454029D2E5D002E4CD0019D35F8E0
:104840001480059C30F819506643741C04EB162440
:104850002412A7B22E12E443E4B24FEA282C06F049
:10486000F80616FB04F64FEAE50A0CF0F80CED002A
:104870000CFB076CEDB24FEAE8064FEAC80815FBDF
:1048800004F55FFA88F80AF0FC0A08FB07551AFBE2
:1048900004FA1FFA8CFCADB206F0FC0606FB07A674
:1048A0000CF1010405F1010A04EB1C2C0AEB152A9A
:1048B000B6B2CAF3C42A0CF4784C4AEA0C0C06F1DE
:1048C000010A0AEB162A4FEA5A1A0AF4FC6A4CEA61
:1048D0000A0C20F819C0139C2144149C09F1010909
:1048E00022449CE707B0BDE8F08F2DE9F04F85B07A
:1048F0008B46139C0392DDE914206168DDF8588033
:1049000001FB0020226802EB4000D8F80020009252
:10491000D8F804200192F7EE006ABBF1000F03DC27
:10492000039A002A40F346810F9AB8F90870B8F943
:104930000C6002F50041109A02F50042002B0EDDDA
:104940000C1405D4BC4203DA141401D4B44207DBBE
:10495000119C2144129C013B22440230EEE717D007
:10496000119D5C1E05FB04152D1409D4BD4207DA08
:10497000129D05FB0424241402D4B442C0F2B38077
:1049800000269C19002C3EDC23EAE37300EB430075
:10499000BBF1000F40F30E8130EE040A70EEA40A62
:1049A000C6EE807A0E9BBBF1010B31EE051A20EEAC
:1049B000A77AB0EE626A61EE277ABEEEC86A77EE39
:1049C000622A8DED0F6AFEEEC82AB0EE436A37EE1A
:1049D000C33A12EE902ABEEEC83A92FBF3F313EEFE
:1049E000102ABEEEC86A11930E9B92FBF3F3039A52
:1049F00012938DED106A0E9BB0EE673A08BF134616
:104A0000F0EE472A89E70F1418D4D8F80850BD42B1
:104A100014DD5FEA224C11D4D8F80C4064450DDD5A
:104A20002DB20CFB0575019C645DFF2C0CD1009C24
:104A300034F815506FF0010474430553119C214460
:104A4000129C013E22449CE7002CF7D0009F37F8CF
:104A500015906FF0010575430295455B1FFA84FCC4
:104A60002F12E443E4B24FEA292E07F0F80717FBB0
:104A700004F74FEAE50A0EF0F80EED000EFB0C7E8F
:104A8000EDB24FEAE9074FEAC90915FB04F55FFAF1
:104A900089F90AF0FC0A09FB0C551AFB04FA1FFA03
:104AA0008EFEADB207F0FC0707FB0CA70EF1010468
:104AB00005F1010A04EB1E2E0AEB152ABFB2CAF358
:104AC000C42A0EF4784E4AEA0E0E07F1010A0AEBE8
:104AD000172A4FEA5A1A0AF4FC6A029C4EEA0A0E96
:104AE00020F804E0AAE74FF00009A3EB0904002C2A
:104AF0007FF74AAFB8F9086014140D1406FB04558B
:104B0000019C645DFF2C0BD1009C34F8154020F80B
:104B10001940119C2144129C09F101092244E4E747
:104B2000002CF6D0009E36F815E030F81950A7B2E8
:104B30002E12E443E4B24FEA2E2C06F0F80616FBE0
:104B400004F64FEAE50A0CF0F80CED000CFB076CDC
:104B5000EDB24FEAEE064FEACE0E15FB04F55FFA12
:104B60008EFE0AF0FC0A0EFB07551AFB04FA1FFA28
:104B70008CFCADB206F0FC0606FB07A60CF10104A6
:104B800005F1010A04EB1C2C0AEB152AB6B2CAF394
:104B9000C42A0CF4784C4AEA0C0C06F1010A0AEB20
:104BA000162A4FEA5A1A0AF4FC6A4CEA0A0C20F850
:104BB00019C0AEE705B0BDE8F08F2DE9F04F85B024
:104BC000139803929DF85C200192DDE91424009172
:104BD0004168DDF858E001FB0424026802EB44045C
:104BE000DEF800200292019AD643F6B2009A002A1B
:104BF00003DC039A002A40F324810F9ABEF908C00F
:104C0000BEF90C7002F50041109A02F50042002B2B
:104C10000EDD081405D4604503DA101401D4B8423F
:104C200007DB119801441298013B02440234EEE77D
:104C30006ED0119D581E05FB00152D145CD46545E2
:104C40005ADA129D05FB0020001455D4B84253DAFD
:104C5000BDF804B09946A246B9F1000F54DDBEF983
:104C600008700D14101407FB0050029D35F8100059
:104C7000BAF800502F124FEA202C07F0F80717FB64
:104C800006F74FEAE5080CF0F80CED000CFB0B7C86
:104C900008F0FC08C710EDB2C00018FB06F815FBC1
:104CA00006F507F0FC07C0B21FFA8CFC07FB0B8768
:104CB00000FB0B5080B2BFB20CF1010505EB1C2CC0
:104CC00007F10108451C05EB102508EB1728119882
:104CD0000CF4784CC5F3C4254FEA581845EA0C0C7F
:104CE00008F4FC68014412984CEA080C2AF802CB3C
:104CF000024409F1FF39AFE7BDF804A04FF0000806
:104D000003EB0800002841DC23EAE37304EB4304CF
:104D1000009B002B40F3958030EE040AB7EE007A3A
:104D2000C7EE007A0E9B70EEA40A31EE051A20EE53
:104D3000A77AF0EE626A61EE277AFEEEC86A77EE35
:104D4000622ACDED0F6AFEEEC82AF0EE436A37EE16
:104D5000C33A12EE902ABEEEC83A92FBF3F313EE7A
:104D6000102A11930E9B92FBF3F31293009B039A6C
:104D7000FEEEC86A013B0093CDED106A0E9BB0EECB
:104D8000673A08BF1346F0EE472A2FE70F1451D4B5
:104D9000DEF80850BD424DDD5FEA224C4AD4DEF811
:104DA0000C00604546DD2DB20CFB0575029830F80D
:104DB00015006FF0010505FB08FB4FEA202C34F8C5
:104DC0000B502F1207F0F80717FB06F74FEAE5091B
:104DD0000CF0F80CED000CFB0A7C09F0FC09C71084
:104DE000EDB2C00019FB06F915FB06F507F0FC074C
:104DF000C0B21FFA8CFC07FB0A9700FB0A50BFB237
:104E000080B20CF1010505EB1C2C07F10109451CD2
:104E100005EB102509EB17290CF4784CC5F3C425D4
:104E20004FEA591945EA0C0C09F4FC694CEA090CE3
:104E300024F80BC011980144129808F1FF3802447D
:104E40005EE705B0BDE8F08F2DE9F04F85B09346E1
:104E5000139E169D70680191DDE9142400FB042463
:104E60003268DDE911EC02EB44042A680292F7EEA5
:104E7000006A019A002A03DCBBF1000F40F39A801C
:104E80000F9AB5F90890B5F90C8002F50040109A18
:104E900002F50042002B0CDD061405D44E4503DA62
:104EA000161401D4464505DB70446244013B0234CC
:104EB000F0E70FD05E1E0EFB06073F1441D504EB52
:104EC000430698460396B8F1000F56DC23EAE373D5
:104ED00004EB4304019B002B6CDD30EE040A70EE02
:104EE000A40AC6EE807A0E9B31EE051A20EEA77A50
:104EF000B0EE626A61EE277ABEEEC86A77EE622A89
:104F00008DED0F6AFEEEC82AB0EE436A37EEC33A63
:104F100012EE902ABEEEC83A92FBF3FE13EE102A70
:104F200092FBF3FC019BBEEEC86A013B01938DED41
:104F3000106A0E9BB0EE673A08BF5B46F0EE472A58
:104F400097E74F45BBDA0CFB06263614B7D4464527
:104F5000B5DA1E46A046002EB8DDB5F908A00299C4
:104F600017144FEA20490AFB0797704431F817706D
:104F700028F8027B6244013EEDE75FEA204914D441
:104F8000AE684E4511DD5FEA224A0ED4EF68574500
:104F90000BDD36B20AFB0696029F6FF0010137F86F
:104FA000167001FB08F603998F537044624408F1B0
:104FB000FF3888E705B0BDE8F08F2DE9F04F87B0E6
:104FC0008B46159803929DF864200492DDE916251E
:104FD0004168DDF8609001FB0525026802EB45059C
:104FE000D9F800200192F7EE006ABBF1000F03DC54
:104FF000039A002A40F35981119AB9F90870B9F956
:105000000C6002F50040129A02F50041002B0EDD03
:10501000021405D4BA4203DA0A1401D4B24207DBFF
:10502000139A1044149A013B11440235EEE717D04D
:10503000139C5A1E04FB0204241409D4BC4207DA50
:10504000149C04FB0212121402D4B242C0F2BF80BC
:105050000027DA19002A3EDC23EAE37305EB430557
:10506000BBF1000F40F3218130EE040A70EEA40A78
:10507000C6EE807A109BBBF1010B31EE051A20EED3
:10508000A77AB0EE626A61EE277ABEEEC86A77EE62
:10509000622A8DED116AFEEEC82AB0EE436A37EE41
:1050A000C33A12EE902ABEEEC83A92FBF3F313EE27
:1050B000102ABEEEC86A1393109B92FBF3F3039A77
:1050C00014938DED126A109BB0EE673A08BF134639
:1050D000F0EE472A89E706142DD4D9F80840B442E7
:1050E00029DD5FEA214C26D4D9F80C20624522DD67
:1050F00024B2019A0CFB046452F82440220E1AD008
:10510000049E7243561C06EB22221212260AFF2A24
:10511000059616D16FF0010202FB07FC26F4FF662C
:10512000620902F4FC6226F007061643C4F3C404C5
:10513000264325F80C60139A1044149A013F114439
:1051400087E76FF001067E431FFA82FA35F8068082
:1051500002964FEA282EC4F3074CD243D2B21CFB6E
:105160000AFC0EF0F80E0EFB02CEE4B24FEAE80C99
:105170004FEAC8089DF814605FFA88F814FB0AF437
:1051800008FB02441FFA8EFE16FB0AF6A4B20CF0CE
:10519000FC0C0CFB026C0EF10102661C02EB1E2ED5
:1051A00006EB14261FFA8CFCC6F3C4260EF4784EC8
:1051B00046EA0E0E0CF1010606EB1C26760906F4F3
:1051C000FC66029A4EEA060E25F802E0B3E74FF0BD
:1051D0000008A3EB0802002A7FF73EAFB9F9086088
:1051E00004140A1406FB0242019C54F82240220EC9
:1051F00016D0049E7243561C06EB22221212FF2A7E
:105200004FEA142613D1620926F4FF6602F4FC6209
:1052100026F007061643C4F3C404264325F8186095
:10522000139A1044149A08F101081144D1E735F893
:1052300018E01FFA82FA4FEA2E2CC4F30747D24334
:10524000D2B217FB0AF70CF0F80C0CFB027CE4B2AC
:105250004FEAEE074FEACE0E5FFA8EFE14FB0AF419
:105260000EFB0244F6B21FFA8CFC16FB0AF6A4B23F
:1052700007F0FC0707FB02670CF10102661C02EB5A
:105280001C2C06EB1426BFB2C6F3C4260CF4784CD3
:1052900046EA0C0C7E1C06EB1726760906F4FC6623
:1052A0004CEA060C25F818C0BAE707B0BDE8F08F45
:1052B0002DE9F04F85B08B4613980392DDE9142455
:1052C0004168DDF8588001FB0424026802EB4404C5
:1052D000D8F800200192F7EE006ABBF1000F03DC62
:1052E000039A002A40F34F810F9AB8F90870B8F971
:1052F0000C6002F50041109A02F50042002B0EDD11
:10530000081405D4B84203DA101401D4B04207DB04
:10531000119801441298013B02440234EEE717D081
:10532000119D581E05FB00152D1409D4BD4207DA46
:10533000129D05FB0020001402D4B042C0F2BA80D6
:105340000026981900283EDC23EAE37304EB4304AB
:10535000BBF1000F40F3178130EE040A70EEA40A8F
:10536000C6EE807A0E9BBBF1010B31EE051A20EEE2
:10537000A77AB0EE626A61EE277ABEEEC86A77EE6F
:10538000622A8DED0F6AFEEEC82AB0EE436A37EE50
:10539000C33A12EE902ABEEEC83A92FBF3F313EE34
:1053A000102ABEEEC86A11930E9B92FBF3F3039A88
:1053B00012938DED106A0E9BB0EE673A08BF13464C
:1053C000F0EE472A89E70F1424D4D8F80850BD42DC
:1053D00020DD5FEA224C1DD4D8F80C00604519DDB1
:1053E0002DB20CFB0575019850F82500070EFF2F14
:1053F00016D16FF0010505FB06F7A5F2FE7505EA6B
:10540000102C450905F4FC654CEA0505C0F3C40001
:105410000543E553119801441298013E024490E778
:10542000FDB2002FF6D06FF0010777431FFA85F920
:1054300034F807E002974FEA2E2CC0F30747ED43FC
:10544000EDB217FB09F70CF0F80C0CFB057CC0F370
:10545000072A4FEAEE07C0B24FEACE0E5FFA8EFE81
:1054600010FB09F00EFB050080B21FFA8CFC1AFB42
:1054700009FA07F0FC0707FB05A700F1010A0CF188
:1054800001050AEB102A05EB1C2CBFB2CAF3C42A93
:105490000CF4784C4AEA0C0C07F1010A0AEB172AC3
:1054A0004FEA5A1A0AF4FC6A02984CEA0A0C24F8E9
:1054B00000C0AFE74FF0000EA3EB0E0000287FF70F
:1054C00043AFB8F908600D14101406FB0050019D9D
:1054D00055F820502E0EFF2E12D12C4800EA15262A
:1054E000680900F4FC603043C5F3C405284324F880
:1054F0001E001198014412980EF1010E0244DBE7E0
:10550000F0B2002EF5D034F81EC01FFA80F94FEA31
:105510002C27C5F30746C043C0B216FB09F607F0B7
:10552000F80707FB0067C5F3072A4FEAEC06EDB260
:105530004FEACC0C5FFA8CFC15FB09F50CFB00550F
:10554000BFB21AFB09FAADB206F0FC0606FB00A6D4
:10555000781C05F1010A00EB17270AEB152AB6B2F1
:10556000CAF3C42A07F478474AEA070706F1010A92
:105570000AEB162A4FEA5A1A0AF4FC6A47EA0A07A3
:1055800024F81E70B5E705B0BDE8F08F00F8FFFF06
:105590002DE9F04F87B08B46159803929DF8642053
:1055A0000492DDE916244168DDF8609001FB0424D3
:1055B000026802EB4404D9F80820013222F001020B
:1055C0000092D9F800200192F7EE006ABBF1000FBB
:1055D00003DC039A002A40F36981119AB9F9087033
:1055E000B9F90C6002F50040129A02F50041002B57
:1055F0000EDD021405D4BA4203DA0A1401D4B24211
:1056000007DB139A1044149A013B11440234EEE76D
:1056100017D0139D5A1E05FB02052D1409D4BD4257
:1056200007DA149D05FB0212121402D4B242C0F232
:10563000C7800027DA19002A3EDC23EAE37304EB73
:105640004304BBF1000F40F3318130EE040A70EEE9
:10565000A40AC6EE807A109BBBF1010B31EE051A4D
:1056600020EEA77AB0EE626A61EE277ABEEEC86AD3
:1056700077EE622A8DED116AFEEEC82AB0EE436A1B
:1056800037EEC33A12EE902ABEEEC83A92FBF3F31D
:1056900013EE102ABEEEC86A1393109B92FBF3F32D
:1056A000039A14938DED126A109BB0EE673A08BF0F
:1056B0001346F0EE472A89E7051435D4D9F80820B7
:1056C000AA4231DD0E142FD4D9F80C20B2422BDDC2
:1056D000009A06FB02556A08019EB25CEE0754BFB1
:1056E00002F00F02121102EB0212D2B2E2B1049DDB
:1056F0006A43551C05EB22226E4D2D6812122E0AAC
:10570000FF2A059616D16FF0010202FB07FC26F472
:10571000FF666A0902F4FC6226F007061643C5F329
:10572000C4052E4324F80C60139A1044149A013FC8
:1057300011447FE76FF001067E431FFA82FA34F8C6
:10574000068002964FEA282EC5F3074CD243D2B208
:105750001CFB0AFC0EF0F80E0EFB02CEEDB24FEA77
:10576000E80C4FEAC8089DF814605FFA88F815FB4A
:105770000AF508FB02551FFA8EFE16FB0AF6ADB2BB
:105780000CF0FC0C0CFB026C0EF101026E1C02EB27
:105790001E2E06EB15261FFA8CFCC6F3C4260EF44B
:1057A000784E46EA0E0E0CF1010606EB1C26760931
:1057B00006F4FC66029A4EEA060E24F802E0B3E70D
:1057C0004FF00008A3EB0802002A7FF736AF009ED7
:1057D00002140D1406FB05256A08019EB25CED0754
:1057E00054BF02F00F02121102EB0212D2B2C2B188
:1057F000049D6A43551C05EB22222E4D12122E6881
:10580000FF2A4FEA162513D1720925F4FF6502F429
:10581000FC6225F007051543C6F3C406354324F89A
:105820001850139A1044149A08F101081144C9E75A
:1058300034F818E01FFA82FA4FEA2E2CC6F3074715
:10584000D243D2B217FB0AF70CF0F80C0CFB027C27
:10585000F6B24FEAEE074FEACE0E5FFA8EFE16FB67
:105860000AF60EFB0266EDB21FFA8CFC15FB0AF578
:10587000B6B207F0FC0707FB02570CF10102751CDA
:1058800002EB1C2C05EB1625BFB2C5F3C4250CF4A6
:10589000784C45EA0C0C7D1C05EB17256D0905F4C9
:1058A000FC654CEA050C24F818C0BAE707B0BDE85F
:1058B000F08F00BF443A01202DE9F04F87B0DFF8A8
:1058C0000C8315980592DDE9162401914168DDF8F5
:1058D00060B001FB0424026802EB4404DBF80820FA
:1058E000013222F001020292DBF800200392F7EE6F
:1058F000006A019A002A03DC059A002A40F36281BB
:10590000119ABBF90870BBF90C6002F50040129ABD
:1059100002F50041002B0EDD021405D4BA4203DA71
:105920000A1401D4B24207DB139A1044149A013BC3
:1059300011440234EEE717D0139D5A1E05FB0205F1
:105940002D1409D4BD4207DA149D05FB021212146E
:1059500002D4B242C0F2C38000255A19002A3FDCAB
:1059600023EAE37304EB4304019B002B40F32A81F9
:1059700030EE040A70EEA40AC6EE807A109B31EE77
:10598000051A20EEA77AB0EE626A61EE277ABEEEC3
:10599000C86A77EE622A8DED116AFEEEC82AB0EE73
:1059A000436A37EEC33A12EE902ABEEEC83A92FB33
:1059B000F3F313EE102A1393109B92FBF3F314935B
:1059C000019B059ABEEEC86A013B01938DED126AF8
:1059D000109BB0EE673A08BF1346F0EE472A88E7FF
:1059E00006142CD4DBF80820B24228DD0F1426D48C
:1059F000DBF80C20BA4222DD029A07FB026672082D
:105A0000039FBA5CF60754BF02F00F02121102EBBB
:105A10000212D2B2FF2A18D1D8F800206FF0010686
:105A200006FB05F7A6F2FE7606EA122C560906F4E6
:105A3000FC664CEA0606C2F3C4021643E653139A08
:105A40001044149A013D114487E7002AF7D06FF003
:105A500001066E43D8F800C034F806E004961FFA39
:105A600082F94FEA2E27CCF30746D243D2B216FB77
:105A700009F607F0F80707FB0267CCF3072A4FEA9D
:105A8000EE065FFA8CFC4FEACE0E5FFA8EFE1CFB30
:105A900009FC0EFB02CCBFB21AFB09FA1FFA8CFC00
:105AA00006F0FC0606FB02A67A1C0CF1010A02EBCA
:105AB00017270AEB1C2AB6B2CAF3C42A07F47847A0
:105AC0004AEA070706F1010A0AEB162A4FEA5A1AB0
:105AD0000AF4FC6A049A47EA0A07A752AFE74FF0B4
:105AE000000EA3EB0E02002A7FF73AAF029E0214CB
:105AF0000D1406FB05256A08039EB25CED0754BF32
:105B000002F00F02121102EB0212D2B2FF2A15D1DB
:105B1000D8F80050A2F6FF0202EA15266A0902F43C
:105B2000FC623243C5F3C4052A4324F81E20139AAD
:105B30001044149A0EF1010E1144D2E7002AF6D057
:105B4000D8F8007034F81EC01FFA82F94FEA2C26EC
:105B5000C7F30745D243D2B215FB09F506F0F806A4
:105B600006FB0256C7F3072A4FEAEC05FFB24FEADD
:105B7000CC0C5FFA8CFC17FB09F70CFB0277B6B272
:105B80001AFB09FABFB205F0FC0505FB02A5721C61
:105B900007F1010A02EB16260AEB172AADB2CAF387
:105BA000C42A06F478464AEA060605F1010A0AEB19
:105BB000152A4FEA5A1A0AF4FC6A46EA0A0624F839
:105BC0001E60B4E707B0BDE8F08F00BF443A012083
:105BD000704770477047704770477047704770470D
:105BE00070477047704770477047704770477047FD
:105BF00070477047704770477047704770477047ED
:105C000070477047704770477047704770477047DC
:105C100070472DE9F04788B008AC064624F80C3DE3
:105C2000204688469146FDF731FC336805462046FC
:105C30009F69FDF739FB82462046FDF769FB009519
:105C4000CDE901A04B4606A842463146B847284652
:105C500008B0BDE8F08700002DE9FF47002300935E
:105C60003D4B1B78002B37D13C4AB2F90020ADF8F0
:105C70000420002B32D13A4BB3F900300868496850
:105C8000ADF8063002AC02AB03C369462046F9F713
:105C9000D5FB6846F9F7AAFBBDF80830BDF800202F
:105CA000304D1344ADF80830BDF80220BDF80A307D
:105CB00028681344ADF80A300368DB6B984710F08E
:105CC000010F2F460CD02868036894E806001B6E6D
:105CD000984704B0BDE8F087214AC6E71F4BCBE7E1
:105CE0003868BDF90C800368BDF90E505B6B9847AE
:105CF000BDF90830BDF80A20BDF8046016FB023675
:105D000000EB460638680368DB6A9847134ABDF91A
:105D10000A401388BDF9081003FB041400EB440487
:105D20005D4304EB45054FEA480891463868AC42AC
:105D300003680ED2D3F838A0324643462146D047F6
:105D4000B9F8003004EB4304BDF9043006EB430618
:105D5000ECE71B6B9847BCE72C3A01202E3A012058
:105D6000303A0120343A01202DE9F04F8BB00F4634
:105D70009DF850B09DF854401646BBF1000F4AD034
:105D80001068516806AD03C51868596808AD03C5A9
:105D900006A8F9F72BFB314608A8F9F74FFBBDF928
:105DA0002020BDF92230BDF81C60BDF92480BDF96A
:105DB000265016FB032107EB4106BDF818105F4F74
:105DC0000A44ADF82020BDF81A2038681344ADF815
:105DD00022300368DB6B9847BBF1FF0FB9461DD13A
:105DE000FCB910F0010F1CD0D9F80000BDF822302A
:105DF0000168CDF80CB00027CDE90447BDF81C4080
:105E00000294ADB21FFA88F4019500948C6CBDF831
:105E100020203146A0470BB0BDE8F08F10F0040FF2
:105E2000E1E7D9F800000368DB6A9847444BBDF905
:105E300022401A88BDF92010BBF1FF0F02FB0414A9
:105E400000EB44049A4605FB02F54FEA480759D097
:105E5000CBF1FF0904EB45051FFA8BF21FFA89F914
:105E60009E46AC4264D204EB070A54453DD22188D9
:105E700036F8023B08124FEA232C00F0F80010FB22
:105E800009F04FEAE10B0CF0F80CC9000CFB020C16
:105E90000BF0FC0BD810C9B2DB001FFA8CFC1BFB0B
:105EA00009FB00F0FC00DBB211FB09F100FB02B0C2
:105EB00003FB02130CF1010B9BB20BEB1C2C80B209
:105EC0000CF4784B03F1010C0CEB132C431C03EB8B
:105ED0001020CCF3C42C40094CEA0B0C00F4FC60FD
:105EE0004CEA000C24F802CBBFE7BEF80030A3EB6D
:105EF000080304EB4304BDF91C30A3EB080306EBD5
:105F00004306AEE704EB4505D9F80000AC42036850
:105F10000ED2D3F8388032463B462146C047BAF805
:105F2000003004EB4304BDF91C3006EB4306EBE7FD
:105F3000024B186803681B6B98476CE7343A0120E2
:105F40002E3A012010B58C2104460CF04BFA204665
:105F500010BD10B5042104460CF044FA204610BDD3
:105F600010B5042104460CF03DFA204610BD10B5D2
:105F700040F6440104460CF035FA204610BD10B539
:105F80004FF4827104460CF02DFA204610BD10B576
:105F9000042104460CF026FA204610BD10B5042159
:105FA00004460CF01FFA204610BD10B5042104462B
:105FB0000CF018FA204610BD10B5042104460CF070
:105FC00011FA204610BD10B5042104460CF00AFA5F
:105FD000204610BD10B5042104460CF003FA2046FB
:105FE00010BD10B5042104460CF0FCF9204610BD8C
:105FF00010B5042104460CF0F5F9204610BD10B58B
:10600000042104460CF0EEF9204610BD10B5042121
:1060100004460CF0E7F9204610BD10B504210446F3
:106020000CF0E0F9204610BD10B5042104460CF038
:10603000D9F9204610BD10B5042104460CF0D2F960
:10604000204610BD10B5042104460CF0CBF92046C3
:1060500010BD10B5042104460CF0C4F9204610BD53
:1060600010B5042104460CF0BDF9204610BD10B552
:10607000042104460CF0B6F9204610BD10B50421E9
:1060800004460CF0AFF9204610BD10B504210446BB
:106090000CF0A8F9204610BD10B5042104460CF000
:1060A000A1F9204610BD10B5042104460CF09AF960
:1060B000204610BD10B5042104460CF093F920468B
:1060C00010BD10B5042104460CF08CF9204610BD1B
:1060D00010B5042104460CF085F9204610BD10B51A
:1060E000042104460CF07EF9204610BD10B50421B1
:1060F00004460CF077F9204610BD10B50421044683
:106100000CF070F9204610BD10B5042104460CF0C7
:1061100069F9204610BD00002DE9F04F8FB01646FA
:106120009DF86020059282460D46002A00F0B78255
:10613000306871680AAC03C4186859680CAC03C4B1
:106140000AA8F9F753F931460CA8F9F777F9BDF920
:106150002C20B2F5806FD7BF93B201234FF480613A
:1061600091FBF3F3009305F1080300990693BDF941
:106170002E300B44013B93FBF1F30699013B9BB29C
:1061800001EB830307930099BDF9323093FBF1F0E3
:1061900084B20294029D009CBDF8301005FB1434BB
:1061A00014FB02F40C44A4B2002D6CD06A1E0698B5
:1061B00050F82260079A36BA1644BDF82820BDF977
:1061C0003650DFF834931144BDF82A20ADF8301072
:1061D0001344ADF83230BDF934300193C44B186824
:1061E0000368DB6A9847C34BBDF930201B88BDF9B3
:1061F000328003FB082800EB48086B4308EB43039D
:1062000009930025BDF92C3094FBF3F304930AF1B4
:1062100004034FF480722946184608930DF025FABE
:10622000099B434540F23682032207210B20002CB4
:1062300000F031813378DBB2FE2B26D196F801E0F5
:1062400096F802C096F803B05FFA8EFE5FFA8CFCF7
:106250006EF307056CF30F255FFA8BFB0CEB8C0CD0
:106260006BF3174512FB0BCC2B0E11FB0ECC10FB66
:1062700003C303F03F030AEB8303013C371DA4B2C1
:106280005D603E46D3E7079E97E7FF2B27D196F840
:1062900001C0B37896F803E096F804B05FFA8CFC7E
:1062A000DBB26CF3070563F30F255FFA8EFE03EB99
:1062B000830312FB0E335FFA8BFB6EF3174511FB62
:1062C0000C336BF31F6510FB0B3B0BF03F0B0AEB22
:1062D0008B0B013C771DA4B2CBF80450D1E75FEAE9
:1062E000A31C06F1010707D103F03F030AEB830368
:1062F0005D68013CA4B2C4E7BCF1010F2CD103F0EE
:10630000030EAEF1020E05EBCE0E5FFA8EFE03F029
:106310000C0C6EF30705ACF1080C0CEB152C0CF013
:10632000FF0C6CF30F25C3F30113C5F30746023BC3
:1063300006EBC303DBB20CEB8C0C63F3174512FBCB
:1063400003CC2E0E11FB0ECC10FB06C606F03F064A
:106350000AEB86067560CCE7BCF1020F03F03F0341
:106360002AD1B71C7678F6B206F00F0C203BACF1C0
:10637000080C9C4405EBCC0C5FFA8CFC6CF3070515
:10638000C5F3072E0EEB830E5FFA8EFE36116EF309
:106390000F25083E3344C5F3074606EBC303DBB2C3
:1063A0000EEB8E0E63F3174512FB03EE2E0E11FB60
:1063B0000CEE10FB06E6C9E75E1CA6424EDD361B5E
:1063C000002E4EDCDDF804B00024BBF1000F40F3DA
:1063D00022817B1C03933B78DBB2FE2B60D1797862
:1063E000BA78F878C9B261F30705D2B23B1D62F3FF
:1063F0000F25C0B2039302EB8202032313FB00229A
:1064000060F31745072313FB01212E0E0B2313FB0B
:10641000061303F03F030AEB83035D600126374652
:106420002B0EABEB070BA6EB070640F0D3808CB12D
:106430004846A100EAF784FD059B224649464046AE
:10644000EAF7CCFD2C4B2D4A994508BF134608EBC3
:106450004408994608EB47080024DAE0A61BB4B2CA
:106460000FE7019B019AB342A8BF33462C0EA2EB63
:10647000030BA6EB03060BD0A9F104011A46002A70
:1064800002DC23EAE374A0E741F8045F013AF6E78F
:1064900008EB430899E73746DDF804B0264694E751
:1064A000FF2B1DD17878BA78FE787B1DC0B203939C
:1064B0003B7960F30705D2B2D9B262F30F25F6B289
:1064C000032302EB820213FB0622072313FB0020A7
:1064D00066F317450B2361F31F6513FB010398E770
:1064E0009E110DD103F03F030AEB83035D6895E72E
:1064F000343A01202E3A0120800100208002002041
:10650000012E4FEA15612BD103F00300023805EB91
:10651000C000C0B203F00C0260F30705083A02EBBA
:10652000152202F0FF0262F30F25C3F301139F1E31
:10653000C5F3074303EBC703DBB2032702EB820279
:1065400017FB0322072763F3174517FB00200B23D4
:1065500013FB010101F03F010AEB81014D605EE791
:10656000022E03F03F032FD17878BA1CC0B20392F9
:1065700000F00F02203B083A1A4405EBC202D2B2E7
:1065800062F30705C5F3072606EB8306F6B2001192
:1065900066F30F2508380344C5F3074000EBC30337
:1065A000DBB2032006EB860610FB0366072063F3CD
:1065B000174510FB02620B2313FB012101F03F0181
:1065C0000AEB81014D6029E75E1CB3455F46A8BF19
:1065D000374625E73B19402B13DD4846A100EAF773
:1065E000AFFC4946059B22464046EAF7F7FC2D4B97
:1065F00099450CBFDFF8B890DFF8A89008EB440885
:10660000002409EB84023B46013B42F8045BFBD1CA
:106610003C44039FD9E65CB1A1004846EAF790FCF0
:106620004046059B22464946EAF7D8FC08EB440859
:106630001D4B019A1B889B1A08EB4308049B0133EE
:106640000493049A009B93421DD1029B029ABDF8C9
:106650003040BDF82860089803F1010B069B53F801
:106660002270079B00253FBAA41B4FF48072294675
:106670001F44A4B20CF0F9FFCDF808B00495EAF776
:1066800055FC3E46CCE5BDF82C40019BE41AA41B0A
:10669000A4B2F4E7054B186803681B6B98470FB06A
:1066A000BDE8F08F800100202E3A0120343A01200D
:1066B000800200202DE9F04F8FB01C4605929DF816
:1066C00064200091189B0192002A00F01581206837
:1066D00061680AAA03C2186859680CAA03C20AA80A
:1066E000F8F784FE21460CA8F8F7A8FEBDF92C6047
:1066F000BDF92E50BDF83000B6F5806FDEBFB3B2E5
:106700004FF4806292FBF3F3BDF93220C8BF01233E
:1067100092FBF3F11FFA81FC0CFB132414FB06F42B
:106720001D4404446146013DA4B295FBF3F531B12B
:10673000059B009953F82C301BBA19440091BDF801
:106740002830BDF93480BDF936601844BDF82A30D0
:10675000ADF830001A446A4BADF83220186803686F
:10676000DB6A98476749BDF932200B88BDF930C014
:10677000099103FB02C200EB42007343ADB200EB90
:106780004303AD0006932B1D0793019BBDF8041036
:106790000391C3F1FF02002C0CBFC6464FF0000E60
:1067A000002392B21FFA8EFE02930492069A82424E
:1067B00040F29D8063B9009B1A78930902F03F0272
:1067C00002925A1E022A15D8009A013200929BB2F8
:1067D000B4B19C4295BF1C1BE41A1FFA84FAA4B200
:1067E00087BF71464FF0000A1FFA88F10024534614
:1067F0008E46DBE7009A009B02325B780092E7E767
:10680000022215460799029A15FB02120599734553
:1068100031F802C0019A2BBFA3EB0E0AAEEB0301C5
:10682000F146994627BF1FFA8AFA214689B2A24645
:10683000FF2A4FEA490905D18144814545D020F816
:1068400002CBFAE7039D4FEA2C224FEAEC0B02F051
:10685000F8024FEACC0C6A430BF0FC0B5FFA8CFC9D
:1068600008920BFB05FB0CFB05FC814481452CD0F9
:106870000288049D049F161206F0F80616FB05F622
:10688000089D2E44D510D200D2B212FB07F2B6B248
:1068900005F0FC05624415FB07F592B2771C07EB87
:1068A0001626571C5D4407EB1222ADB2C2F3C42278
:1068B00006F4784616436A1C02EB15256D0905F4AB
:1068C000FC652E4320F8026BD0E773458FD3BDF8EB
:1068D0002C40099B1FFA88F1641A1B88A4B2002C73
:1068E000A3EB080318BF002100EB43007FE7044B34
:1068F000186803681B6B98470FB0BDE8F08F00BFA6
:10690000343A01202E3A01202DE9F04F9FB0CDE915
:1069100013129DF8A42009921D460446289B002AC4
:1069200000F0EB81286869681AAA03C218685968E0
:106930001CAA03C21AA8F8F759FD29461CA8F8F7A3
:106940007DFDBDF96C30BDF96E80BDF97660B3F5A3
:10695000806FD7BF9AB201224FF4806191FBF2F2AF
:1069600002920298BDF9722092FBF0F080B2109072
:1069700002990298109D884405FB102515FB03F52C
:1069800008F1FF38BDF8683098FBF1F8BDF87010D9
:106990000D441944BDF86A30ADF870101A44BDF9C1
:1069A00074300493954BADF8722018680368DB6A65
:1069B0009847934BBDF972101A88BDF970701893FF
:1069C00002FB017100EB4100564300EB460208F167
:1069D00001080A92149ABDF824300F931FFA88F820
:1069E00002EB880808F104021192099A854BC2F162
:1069F000FF02ADB21592002D049A4FF0000118BFAE
:106A000000221B1B92B20D91199310990D9B11FA44
:106A100083F3149901EB8303043306930A9B8342A7
:106A200040F266810299BDF86C30B5FBF3F3CB1AE6
:106A30009BB21693069B069E59789B7836781296E1
:106A40001B0243EA01430699C9780B4313990136A7
:106A5000194405964E1C03964978139E0902F35C6F
:106A600001F4FF7119438BB20C9300234FF0010A1C
:106A700007939C46BDF8543084F80418D346574613
:106A80000E93002D7ED0AF426ED20A9B0192ED1B79
:106A90008342ADB202D873E0002B5FD1039B5B78D9
:106AA000CBF1070293405B0003F4FF72039B1B785A
:106AB00043FA0BF3DBB213430BF101025FFA82FBE3
:106AC000039ABBF1080F15BF013202320392039201
:106AD000129A9FB208BF4FF0000BBA4209D384F854
:106AE00004380123059AB2F5007F0ED39A4600269A
:106AF00035E0059B9F4218D304EB0A0394F8042861
:106B000083F804280AF101039BB2059A94F80468FB
:106B10000C9904EB820216710AF10106D1805671BC
:106B2000059A013292B20592E0E704EB87033A46F8
:106B30005B7903F604062644199901EB060CBCF1B7
:106B4000000F07DD04EB820292F804C006F801CDC5
:106B5000D288F1E784F804289BB2C3E70C9F0C9716
:106B6000019AB4461F468CE77B1BBDF810200192AA
:106B70000CEB05069BB2B6B200250A9A82428BD86E
:106B8000019A4BE7974232D3BB1A9BB20892019508
:106B90000999FF2908990CEB010635D1A0F1020EE5
:106BA000B6B2B44540F08C800899974200EB4100A2
:106BB000E2D3189A04991288521A00EB4200079AFD
:106BC000169901328A42079240F08780BDF87050D2
:106BD000BDF86870049BED1BADB2002D08BF1A46CE
:106BE0000D9B18BF002201330D9392B20DE7D11B0C
:106BF0008BB2019308972B46CAE700BF343A0120B5
:106C00002E3A0120FBF7FFFFB6B20B90B445CBD074
:106C10000CF10101A44417919CF80458119931F822
:106C200015500B99B1F800C00E994FEA2C2E0EF0BA
:106C3000F80E1EFB01FE4FEA25280F9908F0F80810
:106C400008FB01E84FEAEC090E9909F0FC0919FB71
:106C500001F94FEAE50E0F990EF0FC0E0EFB019EB6
:106C60004FEACC0C0E995FFA8CFC1CFB01FCED008A
:106C70000F99EDB205FB01C51FFA88F81FFA8EFEC9
:106C8000ADB208F1010C0CEB18280EF1010905F169
:106C9000010C0CEB152C09EB1E29CCF3C42C08F4C9
:106CA00078484FEA59194CEA08080B99BDF85CC0BE
:106CB00009F4FC6948EA090821F8028B0B91A5E761
:106CC0000CF10108A44411999CF8045831F81550AE
:106CD0002EF8025F1FFA88FC63E7BDF81020BDF8AC
:106CE0006C50AD1AADB2002D18BF0022019244E7DE
:106CF000034B186803681B6B98471FB0BDE8F08F03
:106D0000343A01202DE9F04F93B016469DF87020DB
:106D100003900D460192002A00F0048330687168E8
:106D20000EAC03C41868596810AC03C40EA8F8F779
:106D30005DFB314610A8F8F781FBBDF93C20B2F5A8
:106D4000806FD7BF93B201234FF4806191FBF3F3BF
:106D5000049305F1080304990893BDF93E300B44F0
:106D6000013B93FBF1F30899013B9BB201EB8303D9
:106D700009930499BDF9423093FBF1F084B2059474
:106D8000DDE90445BDF8401005FB143919FB02F993
:106D900089441FFA89F9002D5DD06A1E089850F8C1
:106DA00022A0099A9AFA8AFA9244BDF83820BDF9CD
:106DB00046501144BDF83A20ADF840101344ADF8E8
:106DC0004230BDF944300293CB4B18680368DB6A4C
:106DD0009847CA4BBDF940201B88BDF9424003FBD0
:106DE000042400EB44046B4304EB43030D93BDF90F
:106DF0003C3099FBF3F30693019BDB43DBB20A9330
:106E0000039B04331846802200210B930CF02DFCC9
:106E1000BB4B009300234FF0000607930D9BA3424A
:106E200040F27B824FF0070EB9F1000F00F059815C
:106E30009AF80050EDB2AA110AF101070ED1039B96
:106E400005F03F0503EB4505AE8809F1FF391FFA50
:106E500089F9BA46E8E7DDF824A0A6E7012A29D196
:106E6000C6F3040305F00302023B134403F01F03BF
:106E7000C5F3810263F30406023A02EB561202F0F4
:106E80003F02C5F3011562F34A16023D05EBD62514
:106E900005F01F0502EB8202032111FB05221EFBF8
:106EA0000323039A03F03F0302EB430365F3CF266A
:106EB0009E80CAE705F03F05022AABB236D1012118
:106EC00012FB051292443A4652451CD094464FF0AC
:106ED000030B1CF8021B527841EA0221C1F3451052
:106EE0004FEAD12800EB800001F01F021BFB0800D5
:106EF0001EFB0200039A00F03F0002EB40000E462A
:106F000081806246E0E799450BD2A5EB0905002D8B
:106F100007EB490700F30982DDF808800123079396
:106F20000CE007EB4507A9EB030990E79945FAD276
:106F3000A5EB0905002D1DDCDDF808804FF0000BE6
:106F4000B8F1000F40F3A1813B78DBB29A1107F151
:106F5000010A40F0D780039A03F03F0302EB43039A
:106F60009E88019BFF2B40F0E981268008F1FF38C5
:106F70000234BEE0029B029AAB42A8BF2B46A2EBB2
:106F80000308079AED1A002A5AD0019AFF2A04EB47
:106F9000430349D0BDF804E0BDF82890A34240F275
:106FA000A580BC4620881CF8022B797842EA012291
:106FB00012B291B24FEA202A0F120AF0F80A1AFB15
:106FC00009FA07F0F80707FB0EA74FEAE00AC0002E
:106FD000C9100AF0FC0AD200C0B21AFB09FA10FB71
:106FE00009F001F0FC01D2B2BFB201FB0EA102FB1D
:106FF0000E0289B292B2781C00EB172701F1010A48
:10700000501C00EB12200AEB112A07F47847C0F35A
:10701000C4204FEA5A1A07430AF4FC6A47EA0A07EF
:1070200024F8027B6746B9E7A3425FD93A4612F8D3
:10703000021B787841EA002124F8021B1746F3E787
:107040000199FF2904EB4303B2B244D0BDF8041008
:10705000BDF828A04FEA22294FEAE20E09F0F8090C
:107060000EF0FC0E084609FB01F90EFB01FED100F3
:10707000C9B241439C42BFF461AF228810124FEA6B
:10708000E20C00F0F800D20000FB0A90D2B280B20D
:107090000CF0FC0C02FB0A1292B200F1010B0CFB8B
:1070A0000AEC1FFA8CFC0BEB102B501C00EB12208F
:1070B0000CF1010202EB1C2C0BF4784BC0F3C42042
:1070C0004FEA5C1C40EA0B0B0CF4FC6C4BEA0C0B1B
:1070D00024F802BBCEE79C42BFF430AF24F8022B69
:1070E000F9E7DDF8088057464D4627E7002316E705
:1070F000BB44574624E700BF343A01202E3A012012
:1071000080010020012A2AD1C6F3040103F0030202
:107110000239114401F01F01C3F3810061F3040639
:10712000023800EB561000F03F00C3F3011360F388
:107130004A16023B03EBD62202F01F0300EB80004D
:10714000032263F3CF2612FB0303072212FB013352
:10715000039A03F03F0302EB43039E8001E703F031
:107160003F05A8454746A8BF2F46022A54D1019B98
:10717000FF2B1AD00BEB0703402B16DD4FEA4B0910
:1071800049460098E9F7DCFE5A46019B00992046E3
:10719000E9F700FF009B1A466C4B9A420CBF6C4B00
:1071A0006A4B00934C444FF0000B52460021A94219
:1071B0002CDA94464FF003091CF8023B527843EA5C
:1071C0000223C3F345104FEAD32E00EB800003F0F7
:1071D0001F0219FB0E004FF0070E1EFB0200039A60
:1071E00000F03F0002EB4000B9421E4683800ADAFD
:1071F000019AFF2A15BF009A238022F81B3002341F
:1072000018BF0BF1010B01316246D0E70AEB450ACA
:10721000A8EB0708ED1B6CE7019BFF2BA8EB070809
:10722000A5EB07051FFA86F927D00BEB0703402BC8
:1072300018DD4FEA4B03194600980C93E9F780FEDE
:107240005A46019B00992046E9F7A4FE0C9B1C447A
:10725000009B1A463D4B9A420CBF3D4B3B4B009363
:107260004FF0000B009B03EB4B023B46002B3FF41F
:107270003FAF22F8029B013BF8E704EB4707A74228
:107280007FF637AF24F8029BF9E7BBF1000F0CD073
:107290004FEA4B0841460098E9F752FE2046019B11
:1072A00000995A46E9F776FE44442A4B029A1B8815
:1072B0009B1A04EB4304069B01330693069A049B36
:1072C000934220D1059B059ABDF84090BDF83850F7
:1072D0000B9803F10108089B53F82270099B3FBAF1
:1072E000802200211F44A9EB05090CF0BEF9002300
:1072F0001FFA89F94FF00006CDF814800693E9F7DC
:1073000015FEBA468AE5BDF83C90029BA9EB03093D
:10731000A9EB05051FFA85F9F1E70F4B186803681B
:107320001B6B984713B0BDE8F08F029B029AAB42EB
:10733000A8BF2B46A2EB0308ED1A26E608F1FF389A
:107340001FFA86F9002501276FE700BF80010020A2
:10735000800200202E3A0120343A01202DE9F04F1E
:107360008FB01C4603929DF86420189B02920F4632
:10737000002A00F02881206861680AAA03C2186800
:1073800059680CAA03C20AA8F8F730F821460CA8DD
:10739000F8F754F8BDF92C60BDF92E50BDF8300057
:1073A000B6F5806FDEBFB3B24FF4806292FBF3F3A9
:1073B000BDF93220C8BF012392FBF3F11FFA81FC13
:1073C0000CFB132414FB06F41D4404446146013DE8
:1073D000A4B295FBF3F521B1039B53F82C301BBAF3
:1073E0001F44BDF82830BDF93490BDF9366018440B
:1073F000BDF82A30ADF830001A44744BADF8322095
:1074000018680368DB6A9847714ABDF9321013881F
:10741000BDF930C0099203FB01C100EB4100734389
:10742000ADB200EB4303AD00002C049305F104035F
:1074300005930CBFC8464FF0000800231FFA88F8D8
:107440000193049A824240F2B9805BB93A78930979
:1074500002F03F0201925A1E022A8DBF7B7801374B
:107460009BB2023784B19C4295BF1C1BE41A1FFAE1
:1074700084FAA4B287BFC4464FF0000A1FFA89FC01
:1074800000245346E046DCE7042215460599019A9C
:1074900015FB021203998A58434527BFA3EB080A3C
:1074A000C646A8EB030C9E464FEA126127BF1FFA9F
:1074B0008AFAA4461FFA8CFCA2464FEA4E0E002917
:1074C00066D0FF294FEA122614D1029DFF2D11D15B
:1074D000510926F4FF6601F4FC6126F007060E430D
:1074E000C2F3C4021643B6B28644864551D020F892
:1074F000026BFAE7029D69434D1C05EB21252D1215
:107500006FEA050BC2F30741ADB2F6B2D2B211FB7E
:1075100005F116FB05F612FB05F289B2B6B292B27E
:1075200006910796089286445FFA8BFB864530D019
:1075300002880699161206F0F806D51046EA561685
:1075400006FB0B1605F0FC050799D20045EA9515D8
:1075500005FB0B15D2B2089942EA5212B6B202FBF1
:107560000B1292B2711C01EB1626511C01EB122278
:10757000ADB2C2F3C42206F4784616436A1C02EB8D
:1075800015256D0905F4FC652E4320F8026BCDE747
:1075900070444345FFF475AFBDF82C40099B1FFABA
:1075A00089FCA4EB0C041B88A4B2002CA3EB0903F8
:1075B00018BF4FF0000C00EB430062E7034B186864
:1075C00003681B6B98470FB0BDE8F08F343A012079
:1075D0002E3A01202DE9F04F93B01C4605929DF8FC
:1075E000742001911C9B0292002A00F02C812068DB
:1075F00061680EAA03C21868596810AA03C20EA8CF
:10760000F7F7F4FE214610A8F7F718FFBDF93C6024
:10761000BDF93E50BDF84000B6F5806FDEBFB3B295
:107620004FF4806292FBF3F3BDF94220C8BF0123FF
:1076300092FBF3F11FFA81FC0CFB132414FB06F4FC
:107640001D4404446146013DA4B295FBF3F531B1FC
:10765000059B019953F82C301BBA19440191BDF8D0
:107660003830BDF944B0BDF946601844BDF83A3031
:10767000ADF840001A44754BADF842201868036815
:10768000DB6A98477249BDF940C00B88BDF94220BA
:107690000D9103FB02C200EB42007343ADB200EB5D
:1076A0004303AD0008932B1D0993029BBDF80810FE
:1076B0000691DA43002C0CBFDC464FF0000C00238F
:1076C000D2B21FFA8CFC03930792089A824240F2CE
:1076D000B58063B9019B1A78930902F03F020392C7
:1076E0005A1E022A15D8019A013201929BB2B4B1F6
:1076F0009C4295BF1C1BE41A1FFA84F8A4B287BFF2
:1077000066464FF000081FFA8BF600244346B44645
:10771000DBE7019A019B02325B780192E7E70322E3
:1077200015460999039A15FB02120599634501EB69
:107730000205029929BFA3EB0C08ACEB03061FFA64
:1077400088F8E1462FBF2646B6B29946A046FF29E3
:107750004AD0069FA978049079430A9169787943C1
:107760000B9105998A5C7A430C92CA46BAF1000FD4
:107770003DD0049A079F12881512BE4605F0F80501
:107780000A9FD11045EA551505FB0E7501F0FC0165
:107790000B9FD20041EA911101FB0E71D2B20C9FF6
:1077A00042EA5212ADB202FB0E7292B205F1010E24
:1077B0000EEB152502F1010E0EEB122289B2C2F377
:1077C000C42205F4784515434A1C02EB11214909EE
:1077D000049A01F4FC610D4322F8025B0AF1FF3ABE
:1077E00004921FFA8AFAC1E74946864699B9634569
:1077F00000EB49008AD3BDF83C400D9B1FFA8BF685
:10780000A41B1B88A4B2002CA3EB0B0318BF0026FB
:1078100000EB43007AE7AA780E4F07EA022A6A785B
:10782000D20002F4FC624AEA020295F800A0013993
:1078300042EADA022EF8022B89B2D7E7034B186826
:1078400003681B6B984713B0BDE8F08F343A0120F2
:107850002E3A012000F8FFFF2DE9F04F9DB0CDE951
:1078600011129DF89C200E921C468346269B002AEE
:1078700000F0E0812068616818AA03C2186859689E
:107880001AAA03C218A8F7F7B1FD21461AA8F7F7FC
:10789000D5FDBDF96430BDF96640BDF96E60B3F544
:1078A000806FD7BF9AB201224FF4806191FBF2F250
:1078B00002920298BDF96A2092FBF0F080B20F901C
:1078C000029902980F9D0C4405FB102515FB03F54A
:1078D000013CBDF8603094FBF1F4BDF868100D4434
:1078E0001944BDF86230ADF868101A44BDF96C3027
:1078F0000693B34BADF86A2018680368DB6A9847B3
:10790000B04BBDF96A101A88BDF96870169302FB76
:107910000171013400EB4108A4B2564308EB460262
:10792000A4000A92221DADB21392A74B069A002D15
:107930000CBF114600210022A3EB0B0389B20D926C
:1079400017930F9A0D9B12FA83F3129A02EB83039B
:10795000043308930A9B434540F26781029ABDF8BD
:107960006430B5FBF3F3D31A9BB21493089B0898C9
:107970005A789B78007810901B0243EA0243089AD9
:10798000D2781343119A01301A440790501C059085
:10799000527811981202C35C02F4FF721A4393B238
:1079A0000B930023099301230193049300238BF885
:1079B000042803934FF0010E002D7CD0AE456BD20E
:1079C0000A9BA5EB0E054345ADB20C4602D870E00C
:1079D000002B5CD1059B049A5B780499C2F10702E5
:1079E00093405B0003F4FF72059B1B780B41013150
:1079F000C9B20829049105990ABF023101310591E4
:107A0000DBB20ABF002105910491134310999AB289
:107A100091420AD38BF8043801230799B1F5007F0E
:107A20000FD300210193039132E0079B9A4218D3B0
:107A3000019B9BF804185B4483F80418019B0133F5
:107A40009BB207999BF804080BEB810108710B9816
:107A5000C8800198013048710799013189B20791B6
:107A6000DFE70BEB820311465B7903F60400584411
:107A7000179E0644002E06DD0BEB81010E7900F8FF
:107A8000016DC988F4E78BF804189BB2C5E70B9A1F
:107A90000B9221469E468FE7039ABDF818402A4470
:107AA000AEEB050392B29BB2039200250A9A4245BF
:107AB0008ED821464EE78E4529BFAEEB0103A1EBE0
:107AC0000E049BB20C912FBF2C46A4B2CDF830E02F
:107AD0002B464FF00009039A0C984A44484592B24D
:107AE00074D05A440420054692F80428139815FBD4
:107AF0000202129880585FEA106A14D0BAF1FF0FA0
:107B00004FEA102512D10E9AFF2A0FD1420925F40F
:107B1000FF6502F4FC6225F007051543C0F3C400BD
:107B2000054328F8195009F10109D4E738F819C0BC
:107B30004FEAEC0606F0FC0215920E9A02FB0AFAD6
:107B40000AF1010202EB2A224FEA2C2712121FFA35
:107B500082FAC0F3074607F0F8074FEACC0CD2438D
:107B6000D2B216FB0AF65FFA8CFC47EA5717C0B28E
:107B700007FB02674CEA5C1C159E10FB0AF00CFB2D
:107B80000200EDB2BFB215FB0AF580B246EA9616C6
:107B900006FB02567A1C451C02EB172705EB102545
:107BA000B6B2C5F3C42507F478472F43751C05EB1F
:107BB00016256D0905F4FC652F4328F81970B2E706
:107BC000343A01202E3A0120FBF7FFFF03920C9A72
:107BD0008E4508EB4208FFF468AF169A06991288A2
:107BE000521A08EB4208099A149901328A42099202
:107BF00011D1BDF86850BDF86090069BA5EB090552
:107C0000ADB2002D08BF19460D9B18BF00210133EE
:107C10000D9389B295E6BDF81840BDF864502D1B50
:107C2000ADB2002D18BF002440E7044B186803686C
:107C30001B6B98471DB0BDE8F08F00BF343A0120A0
:107C40002DE9F04F9FB0CDE913129DF8A4200A92C0
:107C50001D460446289B002A00F0FA8128686968BE
:107C60001AAA03C2186859681CAA03C21AA8F7F70F
:107C7000BDFB29461CA8F7F7E1FBBDF96C30BDF947
:107C80006E60BDF97670B3F5806FD7BF9AB20122EE
:107C90004FF4806191FBF2F201920198BDF97220DC
:107CA00092FBF0F080B2109001990198109D0E4463
:107CB00005FB102515FB03F5013EBDF8683096FB6A
:107CC000F1F6BDF870100D441944BDF86A30ADF8F6
:107CD00070101A44BDF974300493964BADF87220BD
:107CE00018680368DB6A9847934BBDF972101A88CD
:107CF000BDF970C0189302FB01C100EB410B574363
:107D00000BEB470201360B92149A8C4BB6B202EB86
:107D10008606321D06920A9AD243D2B2ADB21592AD
:107D2000049A002D0CBF1146002100221B1B89B2B2
:107D30000D921993109A0D9B12FA83F3149A02EB89
:107D40008303043307930B9B5B4540F27C81019ACC
:107D5000BDF86C30B5FBF3F3D31A9BB21693079BB7
:107D600007985A789B78007811901B0243EA0243E7
:107D7000079AD2781343139A01301A440590501C85
:107D80000390527813981202C35C02F4FF721A43F4
:107D900093B20C93002384F8042808931A46BDF884
:107DA00028300E934FF00108BDF85430CDF808800C
:107DB000C4460F93002D7CD0AC456CD20B9BA5EB39
:107DC0000C055B45ADB2084602D870E0002B5CD1D3
:107DD000039B029A5B780299C2F1070293405B0011
:107DE00003F4FF72039B1B780B410131C9B20829D0
:107DF000029103990ABF023101310391DBB20ABF3C
:107E0000002103910291134311999AB291420AD32E
:107E100084F8043801230599B1F5007F0FD30021C0
:107E20009846009132E0059B9A4218D304EB080370
:107E300094F8041883F8041808F101039BB205991B
:107E400094F8046804EB81010E710C9ECE8008F159
:107E500001064E710599013189B20591DFE704EB06
:107E6000820311465B7903F604062644199F3744C2
:107E7000002F06DD04EB81010F7906F8017DC9882A
:107E8000F4E784F804189BB2C5E70C9A0C920146FB
:107E9000009A9C468EE75719ACEB0503BAB2BDF8C1
:107EA000100000929BB200250B9A5A458ED80146CD
:107EB00049E78C452CBF28462B460A9D27BF0991D0
:107EC000ACEB0103A1EB0C00CDF824C02CBF9BB29E
:107ED00080B2FF2D099D02EB0507BDB200952FD1A1
:107EE0005E46009DAA4240F08480099A8C450BEBC7
:107EF000420BD8D3189A04991288521A0BEB420BF2
:107F0000089A169901328A42089240F09280BDF890
:107F10007050BDF868C0049BA5EB0C05ADB2002DF8
:107F200008BF19460D9B18BF002101330D9389B27C
:107F300000E700BF343A01202E3A0120FBF7FFFF93
:107F4000D946009DAA42D0D0551C2244179592F8DC
:107F500004E8069A0EEB4E0E72441292129FB9F884
:107F6000002097F802A00E9F16121AFB07FA06F0DF
:107F7000F8060F9F46EA561606FB07A6129F97F8CB
:107F800001A00E9FD5101AFB07FA05F0FC050F9F04
:107F900045EA951505FB07A5069F17F80EE00E9F0D
:107FA000D2001EFB07FED2B20F9F42EA5212B6B2B7
:107FB00002FB07E292B2ADB206F1010A0AEB162605
:107FC00002F1010E05F1010A0EEB122E0AEB152A41
:107FD00006F47846CEF3C42E4FEA5A1A4EEA060645
:107FE0000AF4FC6A46EA0A0629F8026BBDF85C202E
:107FF000A7E702F1010E2244069F92F80458069A60
:1080000005EB450502EB050A134A9AF8029002EACD
:1080100009299AF80120D20002F4FC6249EA02021E
:1080200017F8059042EAD90226F8022B1FFA8EF2C1
:1080300057E7BDF81000BDF86C502D1AADB2002DF9
:1080400018BF002030E7054B186803681B6B984782
:108050001FB0BDE8F08F00BF00F8FFFF343A0120E9
:108060002DE9F04F91B09B460DF128081646BDF959
:108070006C90B3F90020BDF97070B3F90230ADF81F
:10808000282004460D4640465946ADF82A30ADF842
:108090002C90ADF82E70F1F729FD31464046F1F7EE
:1080A00025FD744B1888744B1988BDF92830002BB6
:1080B00002B20EB207DABDF82CC06344ADF82C3022
:1080C0000023ADF82830BDF92830BDF92CC0D21AF4
:1080D0009445C4BFC21AADF82C20BDF92A20002A4D
:1080E00007DABDF82EC06244ADF82E200022ADF8AC
:1080F0002A20BDF92AA0BDF92E20A6EB0A06B2421D
:10810000C4BFA1EB0A02ADF82E205C4A1278A2B9D6
:10811000BDF92C6086424046039314BF0026012619
:10812000F1F727FD039B60B1002323806380A380C8
:108130002046E38011B0BDE8F08FBDF92E608E427D
:10814000E9E7BDF92C200592BDF92E200692BBF877
:1081500000200E909B1A1BB20393BBF80230ADF8BF
:108160003C90AAEB030A0FFA8AF30493039BADF841
:108170003030049BADF83230059BADF834300EA999
:10818000069BADF836300CA8ADF83E70F7F756F9FF
:108190004046F7F72BF90EA8F7F728F9384BBDF949
:1081A0003CA01B8807932B68DFF8D8B01B6B2846D0
:1081B0009847BDF83250BDF9303081461AFB05337F
:1081C000DBF800001A9D05EB430503685B6B9847DD
:1081D0000746DBF80000BDF928100368BDF92A2026
:1081E00009910892DB6B984710F0010FDDE9082137
:1081F00012D0DBF80000BDF93420036800921E6F36
:1082000098E806002B46B047039B2380049B6380BD
:10821000059BA380069B8BE709FB02F202EB410161
:108220000F44BDF9363066B1079A924509D1DBF8A3
:108230000000026809FB03F3966B29463A46B047F3
:10824000E2E70AFB03F3DFF83CB005EB43084FEA33
:108250004A064545D8D2DBF80000BDF93430026843
:108260002946D2F838A05B003A46D0474F443544FF
:10827000EFE700BF283A01202A3A01202C3A0120DA
:108280002E3A0120343A0120F0B5064687B00C465C
:1082900017461D4633B30846F1F76BFC10BB206848
:1082A00061681C4C04AB03C304A8F7F79FF820686F
:1082B0000368DB6B9847FF2D16D010F0080F20687D
:1082C00015D000240168BDF81230BDF81020CDE9AA
:1082D0000254BDF816400194BDF8144000944C6E51
:1082E0003946A04707B0F0BD10F0020FE7E703687A
:1082F000DB6A9847084B1A883368CDE90075014658
:108300005D6A304604ABA847206803681B6B98473A
:10831000E8E700BF343A01202E3A01202DE9F0476A
:108320009DF82470089E884614461D46002F00F0D4
:10833000A9801846F1F71DFC002840F0A380B5F98C
:108340000010B5F90230B5F90400B5F9065004FB88
:10835000031308EB43016543FF2FA4EB000201EB7D
:1083600045054FEA16284AD0BCB2C7F1FF0CC6F348
:10837000074E5FFA88F7F3B240000EFB04FE674336
:1083800063434FEA42081FFA8CFCA9427AD201EB00
:108390000009494531D20A881412D61004F0F804B5
:1083A000D200D2B244EA541414FB0CF442EA521242
:1083B000744412FB0CF2A4B206F0FC061A4492B20A
:1083C00004F1010A46EA96160AEB142416FB0CF691
:1083D00002F1010A3E440AEB1222B6B204F47844D8
:1083E000C2F3C4222243741C04EB1626760906F459
:1083F000FC66324321F8022BCBE74144C5E7224F0C
:10840000730908EA070703F4FC633B43C6F3C40699
:108410003343E7079BB20BD540005200A94231D24B
:108420000C18A14202D221F8023BFAE71144F5E709
:108430008E0708D066000A46AA4202D21380324450
:10844000FAE702310138C2070BD500F10042013AC8
:1084500001EB42026600AA4202D213803244FAE7DC
:10846000013878B1401043EA034380006400A94218
:1084700008D20E180A46B24202D242F8043BFAE78A
:108480002144F4E7BDE8F08700F8FF00002212491C
:108490000160C0E90122C0E90322C0E90522C0E968
:1084A0000722C0E90922C0E90B22C0E90D22C0E978
:1084B0000F22C0E91122C0E91322C0E91522C0E948
:1084C0001722C0E91922C0E91B22C0E91D22C0E918
:1084D0001F22C0E921227047306102082DE9F04FC8
:1084E0000D468DB0044608684968994608AB03C339
:1084F000106851680AAB03C308A8F6F777FF29464E
:108500000AA8F6F79BFFBDF92820BDF92A30BDF86F
:108510002410634DBDF92C802868BDF92E6011FB35
:10852000032104EB8104BDF820100A44ADF8282093
:10853000BDF822201344ADF82A300368DB6B98475E
:10854000B9F1FF0F19D110F0200F286818D00025BD
:108550000168BDF82A30BDF82820CDE90395BDF8A3
:1085600024500295B6B21FFA88F5019600954D6D1C
:108570002146A8470DB0BDE8F08F10F0400FE4E7AA
:108580000368DB6A98474749BDF92A200B88BDF983
:10859000285003FB025200EB4200734300EB4303FD
:1085A00007934FEA480306938A46079B984270D286
:1085B000069B214600EB030B58455DD251F8044B56
:1085C000230E14D0FF2B4FEA142C12D1B9F1FF0F58
:1085D0000FD163092CF4FF6C03F4FC632CF0070C3F
:1085E00043EA0C0CC4F3C4044CEA040404800230D3
:1085F000E2E709FB03F307885A1C02EB232212125D
:108600003E1293B2C4F3074E06F0F806D243D2B23C
:10861000FD101EFB03FEFF0046EA561606FB02E6AF
:1086200005F0FC05FFB25FFA8CFCE4B2B6B21CFBAD
:1086300003FC45EA951547EA571714FB03F405FBBD
:1086400002C506F1010E07FB0247ADB2BFB20EEB49
:10865000162606F4784E05F1010C7E1C06EB172653
:108660000CEB1525C6F3C4266D0946EA0E0605F483
:10867000FC652E430680BAE7BAF80030BDF9244005
:10868000A3EB0803A4EB080400EB430001EB840414
:108690008BE7034B186803681B6B98476AE700BFBA
:1086A000343A01202E3A01202DE9F0430C4685B0E2
:1086B000106851686D4603C518685968164603C5A9
:1086C0006846F6F793FE314602A8F6F7B7FEBDF905
:1086D0000820BDF90A30BDF80410284D284E28683E
:1086E000BDF90C70BDF90E8011FB032104EB810470
:1086F000BDF800100A44ADF80820BDF8022013446C
:10870000ADF80A300368DB6A98473388BDF90A2060
:10871000BDF90810DFF86CE003FB021200EB420029
:1087200008FB03F300EB43034FEA470C98421DD2CA
:1087300000EB0C0840450FD254F8041B4FEA5119C6
:108740000EEA112209F4FC6942EA0902C1F3C401EC
:108750000A4320F8022BEDE73288D21B00EB4200DF
:10876000BDF90420D21B04EB8204DFE7286803680C
:108770001B6B984705B0BDE8F08300BF343A012079
:108780002E3A012000F8FFFF2DE9F0470E468EB08B
:10879000044608684968DFF8D881DFF8D8911D469B
:1087A0000AAB03C3106851680CAB03C30AA8F6F701
:1087B0001DFE31460CA8F6F741FEBDF93020BDF98B
:1087C0003230BDF82C10D8F80000BDF93470BDF976
:1087D000366011FB032101EB41010C44BDF8281068
:1087E0000A44ADF83020BDF82A201344ADF83230E9
:1087F0000368DB6B9847FF2D24D110F0010FD8F8E8
:10880000000022D00021D0F800C0BDF83230BDF801
:108810003020CDE907114FF0010ECDF818E0B9F87E
:1088200000E00395CDE9041EB6B2BDF82C1002910C
:10883000BFB201960097DCF844502146A8470EB01D
:10884000BDE8F08710F0040FD9E70368DB6A9847AA
:10885000B9F80030BDF93220BDF93010BDF92CC097
:1088600003FB0212ACEB070C00EB42005E434FEA45
:10887000470EFF2DA3EB070700EB46060CEB4C0C55
:108880004FEA470749D0EB431FFA85F9DBB2B04204
:1088900066D200EB0E0A5045214604F103045BD278
:1088A000028814F8011C4FEA222808F0F80811FB8E
:1088B00009F148EA5818D51008FB031814F8021CEF
:1088C00005F0FC0511FB09F145EA951505FB0315BB
:1088D000D20014F8031CD2B211FB09F142EA521281
:1088E0001FFA88F802FB031292B208F10101ADB23F
:1088F00001EB1828511C01EB1222691C01EB152514
:1089000008F47848C2F3C4226D0942EA080205F46B
:10891000FC652A4320F8022BBDE7144AB0421FD25F
:1089200000EB0E05A842214604F1030410D214F80E
:10893000023C14F8011CDB0002EA012103F4FC6391
:108940000B4314F8031C43EAD10320F8023BE9E788
:10895000384401EB0C04E1E7384401EB0C0496E7E2
:10896000034B186803681B6B984768E700F8FFFF24
:10897000343A01202E3A0120F0B41646012E1C464E
:108980000D46049A9DF814309DF8187012D003D348
:10899000022E0AD0F0BC70470568CDE90437ED68B7
:1089A0001346AC462246F0BC604721462846F0BC40
:1089B000FFF794BD21462846F0BCFFF7E5BE000056
:1089C0002DE9F04F814693B010689DF870A06D4F6F
:1089D000884651680EAC03C41868596810AC164636
:1089E00003C40EA8F6F702FD314610A8F6F726FDDF
:1089F000BDF94020BDF94230BDF83C10624EBDF9D2
:108A000044403068BDF9465011FB03218944BDF84C
:108A100038100A44ADF84020BDF83A201344ADF8B0
:108A200042300368DB6B984710F0800F30681DD030
:108A300000220168BDF84030CDE908220B220792E0
:108A40003A8806920122CDE904A2BDF83C200392A7
:108A5000A4B2BDF842200092ADB2029501940C6C14
:108A600042464946A04713B0BDE8F08F0368DB6A71
:108A700098473B88BDF94220BDF9401003FB021224
:108A80005D4300EB420000EB45020C92BDF93C2037
:108A9000121B0D9262001C1B63000A920B934FF095
:108AA000040E0C9B984266D20A9B00EB030B5845C0
:108AB0005CD219F8013B1EFB03E358F80320110EAA
:108AC00012D0FF294FEA122710D1BAF1FF0F0DD1B2
:108AD000530927F4FF6703F4FC6327F007071F43DC
:108AE000C2F3C4023A4302800230E0E70AFB01F11C
:108AF00006884B1C03EB21233512F4101B12F600E1
:108B000099B2C2F3074C05F0F805F6B2DB43D2B2D6
:108B1000DBB21CFB01FC45EA551546EA561612FB72
:108B200001F205FB03C504F0FC04FFB206FB0322BF
:108B3000ADB217FB01F792B244EA941404FB03743C
:108B400005F1010C571C0CEB152507EB1227A4B2FD
:108B5000C7F3C42705F478453D43671C07EB14248D
:108B6000640904F4FC6425430580BDE70B9B1844AD
:108B70000D9B994495E7044B186803681B6B984755
:108B800071E700BF2E3A0120343A01202DE9F04F61
:108B900087B080469DF840600D461446002E00F0D8
:108BA000B9801068516802AF03C71868596804AFEC
:108BB00003C702A8F6F71AFC214604A8F6F73EFC04
:108BC000BDF91020BDF91230BDF80C40BDF916708A
:108BD00014FB032108EB0104BDF80810BDF9148053
:108BE0000A44ADF81020BDF80A201344ADF8123045
:108BF0004A4B18680368DB6A9847494BBDF9121065
:108C00001A88BDF910C0FF2E02FB01C100EB410024
:108C100002FB07F205F104014FEA480A1D465AD04B
:108C2000C6F1FF0E00EB4202B6B21FFA8EFE0193B0
:108C300082426AD900EB0A0B834540D914F8013B04
:108C4000058831F813302F124FEA232C07F0F8076C
:108C500017FB0EF74FEAE5090CF0F80CED000CFBE2
:108C6000067C09F0FC09DF10EDB2DB001FFA8CFC7A
:108C700019FB0EF907F0FC07DBB215FB0EF507FB3D
:108C8000069703FB06530CF101099BB209EB1C2C60
:108C90000CF4784903F1010C0CEB132CBFB2CCF3AC
:108CA000C42C4CEA090C07F1010909EB17277F09CD
:108CB00007F4FC674CEA070C20F802CBBCE7019BE9
:108CC0001B88A3EB080300EB4300BDF90C30A3EBBA
:108CD00008031C44ACE700EB4202824215D900EBCA
:108CE0000A06864206D914F8013B31F8133020F801
:108CF000023BF6E72B88A3EB080300EB4300BDF92A
:108D00000C30A3EB08031C44E7E7044B1868036826
:108D10001B6B984707B0BDE8F08F00BF343A0120C5
:108D20002E3A01202DE9F04F91B080469DF8685011
:108D30000F461446002D51D010685168DFF800929C
:108D40000CAE03C6186859680EAE03C60CA8F6F739
:108D50004DFB21460EA8F6F771FBBDF93820BDF991
:108D60003A30BDF83410D9F80000BDF93C60BDF9C7
:108D70003EA011FB032108EB0104BDF83010DFF821
:108D8000C4810A44ADF83820BDF832201344ADF850
:108D90003A300368DB6B984710F0800FD9F8000079
:108DA0001FD000220168BDF83830CDE908220B221F
:108DB0000792B8F8002006920122CDE90452BDF8CE
:108DC000342003921FFA8AF20292B6B2BDF83A201A
:108DD000009201960D6C3A462146A84711B0BDE8B5
:108DE000F08F0368DB6A9847B8F80020BDF93A3085
:108DF000BDF93810FF2D02FB031300EB43004FEACF
:108E000046090AFB02FA62D06FEA050C00EB4A033E
:108E10000A93ADB25FFA8CFCCDF82C800A9B984285
:108E200080F0858000EB090B584546D214F801EB21
:108E30000323042213FB0E2E07EB0E0A03889AF875
:108E4000028017F80EE0191201F0F80118FB05F87E
:108E500041EA5111DA1001FB0C81DB009AF8018024
:108E600002F0FC02DBB218FB05F81EFB05FE42EA2D
:108E7000921243EA531389B202FB0C8203FB0CE308
:108E800092B29BB201F1010808EB112103F1010E2E
:108E900002F101080EEB132E08EB122801F47841C1
:108EA000CEF3C42E4FEA58184EEA010108F4FC68CC
:108EB00041EA080120F8021BB6E70B9B1B889B1BAD
:108EC00000EB4300BDF934309B1B1C44A6E71B4953
:108ED00000EB4A0A03220425504528D200EB090C76
:108EE0006045234619D293F800E012FB0E5E07EBB3
:108EF0000E0B17F80EE09BF802309BF801B04FEA1A
:108F0000CB0B01EA03230BF4FC6B43EA0B0343EAAC
:108F1000DE03013420F8023BE2E7B8F800309B1B87
:108F200000EB4300BDF934309B1B1C44D4E7044BD9
:108F3000186803681B6B984750E700BF00F8FFFFF5
:108F4000343A01202E3A0120F0B40C4611469DF827
:108F500014500F784E78012F1A46049B38D01FD337
:108F6000022F4DD1032E4BD8DFE806F0020714176D
:108F700004952046F0BCFFF709BEC06F00283FD023
:108F80000668CDE90435B5681346AC460A46214665
:108F9000F0BC6047D0F88000F0E7D0F88400EDE73F
:108FA000032E2DD8DFE806F002070E1104952046A7
:108FB000F0BCFFF705BDC06F10B30668CDE90435FE
:108FC000F568E1E7D0F88000F6E7D0F88400F3E731
:108FD000032E15D8DFE806F002070E11049520468F
:108FE000F0BCFFF79FBEC06F50B10668CDE90435F5
:108FF0003569C9E7D0F88000F6E7D0F88400F3E7D8
:10900000F0BC70472DE9F04F044687B010689DF81A
:1090100040A0DFF838920E46516802AD03C51868CB
:10902000596804AD174603C502A8F6F7DFF93946BB
:1090300004A8F6F703FABDF91020BDF91230BDF807
:109040000C10BDF91480BDF9165011FB032104EB7F
:1090500041040E44BDF808100A44ADF81020BDF8D4
:109060000A201344ADF81230774B18680368DB6AA6
:109070009847B9F800B0BDF91230BDF910200BFBCC
:10908000032300EB4300BAF1FF0F4FEA480305FB4F
:109090000BF5009369D000EB450B584580F0CC8070
:1090A000009BC31801933146019B98424FD211F89F
:1090B000012B002A48D00AFB02F2531C03EB1223B7
:1090C0001B1241D00288B4F800C09EB21512DB43D7
:1090D000DBB24FEA2C2705F0F80515FB03F54FEA44
:1090E000E20E07F0F807D20007FB06570EF0FC0E61
:1090F0004FEAEC05D2B24FEACC0CBFB21EFB03FE26
:1091000005F0FC055FFA8CFC12FB03F205FB06E59B
:109110000CFB062C07F1010E1FFA8CFC0EEB172737
:1091200007F4784E0CF1010707EB1C27ADB2C7F32B
:10913000C42747EA0E0705F1010E0EEB15256D0950
:1091400005F4FC652F43078002300234ACE7B9F820
:109150000030BDF90C60A3EB0803A6EB080604EB96
:10916000460400EB43000E4497E700EB4505A84298
:1091700062D2009B314600EB030B58454ED211F8EA
:10918000013B2BB1FF2BB4F800E004D1A0F800E0C4
:1091900002300234F1E702889FB21612DB43DBB2E1
:1091A0004FEA2E2C06F0F80616FB03F64FEAE20A09
:1091B0000CF0F80CD2000CFB076CD2B24FEAEE06B2
:1091C0000AF0FC0A4FEACE0E1AFB03FA1FFA8CFCD7
:1091D00012FB03F306F0FC065FFA8EFE06FB07A601
:1091E0000CF101020EFB0733B6B29BB202EB1C2C52
:1091F0000CF4784206F1010A03F1010C0CEB132C7C
:109200000AEB1626CCF3C42C76094CEA020C06F4C1
:10921000FC664CEA060CA0F800C0B9E7B9F80030CB
:10922000BDF90C60A3EB0803A6EB080604EB4604AB
:1092300000EB43000E449AE7034B186803681B6B6E
:10924000984707B0BDE8F08F343A01202E3A01204C
:109250002DE9F04F89B007469DF84C60129C884676
:1092600092469946002E48D00846FAF71DF8054662
:109270004046FAF74DF8ADF80E004046ADF808A0AC
:10928000ADF80C50ADF80A90FAF700F905464046E3
:10929000FAF72CF982464046FAF77CF910282CD8C8
:1092A000DFE810F0CA00BA0011002B002B002B00E1
:1092B0002B002B002B002B002B00C1002B002B00C0
:1092C00080012B007301BC4B18680368DB6B984767
:1092D000FF2E01D1830606D53346224602A9284631
:1092E000FFF7FCF809E04046FAF798F840B9234642
:1092F00002AA29463846FFF7D7F909B0BDE8F08F32
:109300000DF1180941464846FAF736F899E8030086
:109310000DF1100888E8030040462146F0F7E6FB0F
:109320004046F0F726FC0028D6D1BDF91230B4F93A
:109330000220934212DD9B1AB4F90000B4F9041024
:10934000ADF81800ADF81A20ADF81C10ADF81E30BD
:109350004A46334602A92846FFF7C0F8BDF9103047
:10936000B4F90020934212DD9B1ABDF91200BDF939
:109370001610ADF81820ADF81A00ADF81C30ADF895
:109380001E10FF234A4602A92846FFF7A7F84346C6
:1093900002AA29463846FFF787F9A2882388BDF834
:1093A00014101344BDF810200A449BB292B211B2BB
:1093B00018B2884212DD9B1ABDF91600BDF9126081
:1093C000ADF81810ADF81C30ADF81E00FF234A466A
:1093D00002A92846ADF81A60FFF780F8E288638892
:1093E000BDF816101344BDF812200A449BB292B285
:1093F00011B218B2884280DD9B1AB4F90060B4F94A
:109400000400ADF81E30ADF81860ADF81A10ADF8D4
:109410001C00FF234A4661E73346224602A928463C
:10942000FFF7B2F969E7CDE9004602AB524629469B
:109430003846FFF789FD60E74046F9F7EFFF48B986
:109440003B68CDE9006002AADE682946234638461B
:10945000B04752E70DF1180941464846F9F78CFF2D
:1094600099E803000DF1100888E803004046214602
:10947000F0F73CFB4046F0F77CFB38B10096234602
:1094800002AA51462846FFF7BDFD36E73B68CDE905
:10949000006002AAD3F80CB0294643463846D847A4
:1094A000BDF91230B4F90220934213DDB4F9000083
:1094B000B4F90410ADF818009B1AADF81A20ADF8F5
:1094C0001C10ADF81E3000964B4602AA51462846A5
:1094D000FFF798FDBDF91030B4F90020934213DD79
:1094E0009B1ABDF91200BDF91610ADF81820ADF8A1
:1094F0001A00ADF81C30ADF81E1000964B4602AABB
:1095000051462846FFF77EFDA2882388BDF8141037
:109510001344BDF810200A449BB292B211B218B2A3
:10952000884213DD9B1ABDF91600BDF91270ADF823
:109530001810ADF81C30ADF81E0000964B4602AA7C
:1095400051462846ADF81A70FFF75CFDE288638843
:10955000BDF816101344BDF812200A449BB292B213
:1095600011B218B288427FF7C8AEB4F90070B4F9EE
:109570000400ADF818709B1AADF81E30ADF81A1043
:10958000ADF81C0000964B467AE7D7F88800002813
:109590003FF4B3AE03680096DE68234602AA29466C
:1095A000B047AAE6D7F8880000283FF4A6AE0368C3
:1095B00000969E68F1E700BF343A012080B103298C
:1095C0001CD8DFE801F0021D081F104B1888C0F3FB
:1095D0000E00404270470D4B1888C0F30E007047D4
:1095E00003290BD801A353F821F000BF019601080D
:1095F000D795010805960108CB9501080020704712
:10960000012070474FF0FF30704700BF2E3A012015
:1096100080B103291CD8DFE801F01D021F07104BA1
:109620001888C0F30E0070470D4B1888C0F30E0069
:109630004042704703290BD801A353F821F000BF23
:109640001F960108599601082996010855960108A8
:1096500000207047012070474FF0FF30704700BF77
:109660002E3A01202DE9F04F99B00D9114A981E80F
:109670000C00BDF98C300B93DDE926219DF8A43058
:1096800010939DF8AC3008939DF8B03009934B7B54
:10969000BDF98840BDF89050BDF89460289FDDF872
:1096A000A8909DF8B4A04FEA431808F4807091F890
:1096B000068058EA000800F0CE811B01C87903F447
:1096C000807303430C9300F0C68191F909309BB27B
:1096D000002D00F02C81ED1AADB2290402D5641BD7
:1096E00024B20025B2F900009188844283B2B8BF49
:1096F000ED180B441BB20A93D388528813441BB253
:109700000F930C9B0E93B8BF2C1BB54B0B9A93F881
:1097100000B0BCBFA5B204465346214614A8F5F7D5
:10972000DAFC2146ADF85C0053460B9A14A8F5F715
:10973000EFFC18A921F8020D17A8F5F715FEBAF1EC
:10974000000F40F0F780BBF1010F40F0FB80109B51
:10975000002B40F0A8811FFA88F205B95EB1089885
:1097600006FB02534343314607EBD30703F00706DA
:109770000C9B5B1A0E930BF1FF314B424B41184689
:1097800051460C93FFF71AFF0C9B83461846FFF7D0
:109790003FFF0F9903460B98A1EB000A0E998A45EB
:1097A000A8BF8A46BAF1000F40F355810A99641B9D
:1097B0000C1B4445D4BFC5EB0405C5EB0805002DC3
:1097C00040F349810899521B4A430E920D9A002A90
:1097D00040F07581834A0A9310680268D26A904704
:1097E0000A9B089901228A40013A7F49D2B20C882B
:1097F0000C92BDF95C10BDF95E2004FB021200EB77
:1098000042024FEA19240A92C9F307421292E2B2C5
:1098100011925FFA89F21092744A4FEA591101F4D9
:10982000FC6122400A43C9F3C40942EA09024FEA33
:109830004B0192B205FB1B3B0F920B463A780B9102
:109840006B43324103EB4B03D2B213931AF1FF3A4D
:10985000C0F04981DDF82880A94619F1FF39C0F030
:1098600032810C9B134054D0FF200C9990FBF1F1F6
:109870004B43FE2B03DD0999814200F022810999B7
:10988000B8F80040129811FB03F39BB2591C01EB8E
:109890001323C3F307231FFA83FE211210FB0EFBD1
:1098A00001F0F8011198DB43DBB241EA511101FBF1
:1098B00003B14FEAE40C10FB0EFBE4001098E4B295
:1098C00044EA541410FB0EFE04FB03E40CF0FC0C01
:1098D00089B2A4B24CEA9C1C0CFB03BC4B1C04F1E7
:1098E000010B03EB11210BEB142B1FFA8CFCCBF3B8
:1098F000C42B01F478414BEA01010CF1010B0BEB95
:109900001C2B4FEA5B1B0BF4FC6B41EA0B01A8F824
:109910000010089B1E44B6B2072E98BF1A410B9B3D
:1099200089BF7A78D2B201370026984495E71C4463
:1099300024B2D7E6BAF1010F7FF409AFBBF1010FF2
:109940007FF405AF0F9B0B9A991A0C9B9B1B9942B6
:10995000A8BF1946002912917DDD224A1192106894
:109960000368DB6B984710F48073129906D0089B4C
:10997000042B33D1109B003318BF012382051FFA3B
:1099800088FC40F1B9800898082840F0B580002B89
:1099900064D00CF1010C2CF001039BB245BB0A9A78
:1099A00008EB0400904223DC119ABDF85EE01068D9
:1099B000BDF85C20046806954FF480750595099DF7
:1099C000029389B2CDE90031CDE903954FEA5C0CF1
:1099D000A46D734606FB0C71A0473CE00023CDE765
:1099E0002C3A0120343A01202E3A012000F8FF00E1
:1099F0000A9AA4EB050EA2EB0E0EC645D4BFC5EB2A
:109A00000E0EC5EB080EBEF1000F24D0E8073FF59F
:109A10009EAE1EF001007FF49AAE119ABDF85E80F2
:109A20001468BDF85C206D084FEA5C0C06FB0C5610
:109A3000256806904FF48070059009980293CDE94F
:109A4000039089B21FFA8EF301910093AD6D4346E6
:109A5000B9192046A84719B0BDE8F08F284ABDF8CB
:109A60005EE01068BDF85C20D0F800A006934FF4CB
:109A700000730593099BCDF808C0CDE903930A9BB9
:109A8000641B1C1B06FB08564445D4BFC5EB0405EC
:109A9000C5EB080589B2ADB201910095DAF85840DE
:109AA0007346B91998E70822089B92FBF3F35A1EF4
:109AB000424492FBF3F212FB03F292B24DE60D9890
:109AC0008FE60F9923E70E9B43B11E44B6B207EB16
:109AD000D60706F007063A783241D2B20A99139BAC
:109AE00019440A91B2E60D9B002BB4D1044B1868BF
:109AF00003681B6B9847AEE7002B7FF44AAF26E65E
:109B0000343A012038B5154C2378BFF35B8FDA0760
:109B100005460BD4204608F067FC38B1204608F013
:109B20006FFC0F4A0F49104808F057FC0F4C237880
:109B3000BFF35B8FDB070BD4204608F055FC38B130
:109B4000204608F05DFC064A09490A4808F045FC31
:109B5000054B6B61074BAB6138BD00BF183B012063
:109B6000000000200D5C0108D00000201C3B0120FB
:109B70000B5C0108D400002038B5154C2378BFF3E6
:109B80005B8FDA0705460BD4204608F02DFC38B170
:109B9000204608F035FC0F4A0F49104808F01DFC1C
:109BA0000F4C2378BFF35B8FDB070BD4204608F004
:109BB0001BFC38B1204608F023FC064A09490A4834
:109BC00008F00BFC054BEB60074B2B6138BD00BF69
:109BD000F03A012000000020115C0108A8000020DC
:109BE000F43A01200F5C0108AC00002010B50446D7
:109BF000FFF788FF2046BDE81040FFF7BDBF00001B
:109C000038B5154C2378BFF35B8FDA0705460BD4C4
:109C1000204608F0E9FB38B1204608F0F1FB0F4A76
:109C20000F49104808F0D9FB0F4C2378BFF35B8F26
:109C3000DB070BD4204608F0D7FB38B1204608F0EC
:109C4000DFFB064A09490A4808F0C7FB054B6B626F
:109C5000074BAB6238BD00BF203B01200000002055
:109C6000055C0108D8000020243B0120035C0108AA
:109C7000DC00002038B5154C2378BFF35B8FDA0782
:109C800005460BD4204608F0AFFB38B1204608F05B
:109C9000B7FB0F4A0F49104808F09FFB0F4C237881
:109CA000BFF35B8FDB070BD4204608F09DFB38B178
:109CB000204608F0A5FB064A09490A4808F08DFB32
:109CC000054BEB61074B2B6238BD00BFF83A012012
:109CD00000000020095C0108B0000020FC3A0120CF
:109CE000075C0108B400002010B50446FFF788FFA8
:109CF0002046BDE81040FFF7BDBF000038B5154C49
:109D00002378BFF35B8FDA0705460BD4204608F0B3
:109D10006BFB38B1204608F073FB0F4A0F4910481F
:109D200008F05BFB0F4C2378BFF35B8FDB070BD492
:109D3000204608F059FB38B1204608F061FB064A7E
:109D400009490A4808F049FB054B6B63074BAB63B5
:109D500038BD00BF303B012000000020FD5B010842
:109D6000E8000020343B0120FB5B0108EC000020F0
:109D700038B5154C2378BFF35B8FDA0705460BD453
:109D8000204608F031FB38B1204608F039FB0F4A75
:109D90000F49104808F021FB0F4C2378BFF35B8F6D
:109DA000DB070BD4204608F01FFB38B1204608F033
:109DB00027FB064A09490A4808F00FFB054BEB62EE
:109DC000074B2B6338BD00BF003B01200000002083
:109DD000015C0108B8000020043B0120FF5B010882
:109DE000BC00002010B50446FFF788FF2046BDE800
:109DF0001040FFF7BDBF000038B5154C2378BFF306
:109E00005B8FDA0705460BD4204608F0EDFA38B12F
:109E1000204608F0F5FA0F4A0F49104808F0DDFA1D
:109E20000F4C2378BFF35B8FDB070BD4204608F081
:109E3000DBFA38B1204608F0E3FA064A09490A4835
:109E400008F0CBFA054B6B65074BAB6538BD00BF1F
:109E5000383B012000000020ED5B0108F0000020ED
:109E60003C3B0120EB5B0108F400002038B5154CA9
:109E70002378BFF35B8FDA0705460BD4204608F042
:109E8000B3FA38B1204608F0BBFA0F4A0F49104820
:109E900008F0A3FA0F4C2378BFF35B8FDB070BD4DA
:109EA000204608F0A1FA38B1204608F0A9FA064A7F
:109EB00009490A4808F091FA054BEB64074B2B65FA
:109EC00038BD00BF403B012000000020F15B0108CD
:109ED000F8000020443B0120EF5B0108FC0000205B
:109EE00038B5154C2378BFF35B8FDA0705460BD4E2
:109EF000204608F079FA38B1204608F081FA0F4A76
:109F00000F49104808F069FA0F4C2378BFF35B8FB4
:109F1000DB070BD4204608F067FA38B1204608F07A
:109F20006FFA064A09490A4808F057FA054B6B646C
:109F3000074BAB6438BD00BF083B01200000002088
:109F4000F55B0108C00000200C3B0120F35B010819
:109F5000C400002038B5154C2378BFF35B8FDA07B7
:109F600005460BD4204608F03FFA38B1204608F0E9
:109F700047FA0F4A0F49104808F02FFA0F4C237880
:109F8000BFF35B8FDB070BD4204608F02DFA38B106
:109F9000204608F035FA064A09490A4808F01DFA31
:109FA000054BEB63074B2B6438BD00BF283B0120FA
:109FB00000000020F95B0108E00000202C3B01209C
:109FC000F75B0108E400002010B50446FFF714FF1A
:109FD0002046FFF785FF2046FFF748FF2046BDE8F3
:109FE0001040FFF7B7BF000038B5154C2378BFF31A
:109FF0005B8FDA0705460BD4204608F0F5F938B137
:10A00000204608F0FDF90F4A0F49104808F0E5F91D
:10A010000F4C2378BFF35B8FDB070BD4204608F08F
:10A02000E3F938B1204608F0EBF9064A09490A4835
:10A0300008F0D3F9054B6B66074BAB6638BD00BF24
:10A04000103B012000000020E55B0108C800002053
:10A05000143B0120E35B0108CC00002038B5154C0F
:10A060002378BFF35B8FDA0705460BD4204608F050
:10A07000BBF938B1204608F0C3F90F4A0F49104820
:10A0800008F0ABF90F4C2378BFF35B8FDB070BD4E1
:10A09000204608F0A9F938B1204608F0B1F9064A7F
:10A0A00009490A4808F099F9054BEB65074B2B66FF
:10A0B00038BD00BFE83A012000000020E95B01083C
:10A0C000A0000020EC3A0120E75B0108A40000207A
:10A0D00010B50446FFF788FF2046BDE81040FFF7A3
:10A0E000BDBF000038B5154C2378BFF35B8FDA078E
:10A0F00005460BD4204608F077F938B1204608F021
:10A100007FF90F4A0F49104808F067F90F4C237880
:10A11000BFF35B8FDB070BD4204608F065F938B13D
:10A12000204608F06DF9064A09490A4808F055F931
:10A13000054B6B67074BAB6738BD00BFE03A0120AA
:10A1400000000020DD5B010898000020E43A0120B7
:10A15000DB5B01089C00002038B5154C2378BFF369
:10A160005B8FDA0705460BD4204608F03DF938B17D
:10A17000204608F045F90F4A0F49104808F02DF91C
:10A180000F4C2378BFF35B8FDB070BD4204608F01E
:10A190002BF938B1204608F033F9064A09490A4834
:10A1A00008F01BF9054BEB66074B2B6738BD00BF6A
:10A1B000D83A012000000020E15B01089000002057
:10A1C000DC3A0120DF5B01089400002010B5044652
:10A1D000FFF788FF2046BDE81040FFF7BDBF10B570
:10A1E0000446FFF7F3FF2046FFF772FF2046FFF714
:10A1F000F9FD2046FFF7FAFC2046FFF775FD2046E3
:10A20000BDE81040FFF7E0BE38B50B4C2378BFF334
:10A210005B8FDB0705460BD4204608F0E5F838B124
:10A22000204608F0EDF8054A0549064808F0D5F83B
:10A23000044BEB6738BD00BFCC3A01200000002082
:10A24000D95B01088800002038B50B4C2378BFF398
:10A250005B8FDB0705460BD4204608F0C5F838B104
:10A26000204608F0CDF8054A0549064808F0B5F83B
:10A27000044BC5F8803038BDD03A012000000020E2
:10A28000D75B01088C00002070B50D4D0D4C2B786C
:10A29000BFF35B8F13F0010F06460DD1284608F07F
:10A2A000A3F848B1084B2360284608F0A9F8074AEC
:10A2B0000749204608F091F8C6F8844070BD00BFF9
:10A2C000D43A01204C3C0120CC5E02080000002062
:10A2D000D55B010810B50446FFF796FF2046FFF74F
:10A2E000B3FF2046BDE81040FFF7CEBF70B50D4D5F
:10A2F0000D4C2B78BFF35B8F13F0010F06460DD189
:10A30000284608F071F848B1084B2360284608F049
:10A3100077F8074A0749204608F05FF8C6F88840F2
:10A3200070BD00BFC83A0120483B0120E85E02082A
:10A3300000000020D35B01082DE9F04FDDE90B455B
:10A34000BDF924E0BDF928B09DF834909DF838702F
:10A350009DF83C60088805FB0E4C002D02EB0C0AB2
:10A36000C0F2B080AB4540F3AD80002CC0F2A880B5
:10A37000A64540F3A58012F80C2033F81280621C29
:10A3800000F1A380964540F3A080B9F1000F00F0E2
:10A390009C809AF8012033F812C0013500F19980B1
:10A3A000AB4540F39680002F00F09380002CC0F264
:10A3B0008E80A64540F38B801AF80E2033F8125099
:10A3C000013400F18980A64540F38680B9F1000F81
:10A3D00000F08280D6449EF8012033F812304FEA14
:10A3E000084404F0FC6428F4FC6819FB07FE44EA06
:10A3F00008084FEA0C44CEF3C70EC7F1100204F070
:10A40000FC642CF4FC6C44EA0C0CA2EB0902CEEBCD
:10A4100049040EEB420204FB0CF402FB08481A0448
:10A4200002F0FC6223F4FC6313432A0402F0FC6292
:10A4300025F4FC650EFB03832A43CEEB470707FB9D
:10A440000232530D520903F4FC6322F4FC621A43F6
:10A4500093B2B4B20212F643F6B21D1202F0F80241
:10A4600012FB06F2C71005F0F805C00005FB042535
:10A47000C0B2DA10DB00DBB207F0FC0710FB06F01D
:10A48000ADB203FB040002F0FC0217FB06F780B23A
:10A490006B1C02FB047292B203EB1525431C03EB09
:10A4A0001023501C00EB122205F47845C3F3C4239B
:10A4B00052092B4302F4FC6213430B80BDE8F08F7A
:10A4C00080465CE78446804667E7844665E7054644
:10A4D00076E70346054682E7034680E72DE9F04F1D
:10A4E00099B0DDE923A515920993279A9DF8AC3020
:10A4F0000D930C91DDE9281316905068126800FB4B
:10A50000031302EB43082A9B1B680B932A9B5E688C
:10A510000D9BDB43DBB204360A930C9B002B03DC60
:10A52000159B002B40F325822A9BB3F90810B3F941
:10A530000C20481E571E099B002B40F3E3805FEA66
:10A540002A4C4FEA254306D4844504DA002B02DB6B
:10A55000BB42C0F2D8801CF1010C00F1C9806145FA
:10A56000C0F2C680013300F1C3809A42C0F2C080BD
:10A57000DDF824B04746BBF1000F40F3E3802A9A90
:10A580002A9BD2F80CE09B685FEA2A424FEA254CEE
:10A59000CAF30330C5F3033100F1218103F1FF3920
:10A5A0004A4580F21C81BCF1000FC0F218810EF107
:10A5B000FF39CC4580F213811BB20CFB03220B9CAC
:10A5C00004EB0209A25C36F812E0002800F0FE80DD
:10A5D00099F8012036F81220119251B109EB0302CB
:10A5E00019F8033036F813300F93537836F81330D8
:10A5F0001293119B129C4FEA034C0CF0FC6C23F459
:10A60000FC634CEA030C129B1B0410FB01F224F4C4
:10A61000FC6403F0FC63D2102343C2EB40095343B4
:10A6200009FB0C334FEA0E4C0CF0FC6C2EF4FC6E64
:10A630004CEA0E0EC1F1100CACEB000C02EB4C0C12
:10A640000CFB0E3C0F9B0A9C180400F0FC6023F4EA
:10A65000FC631843C2EB410202FB00C2530D5209D6
:10A66000388803F4FC6322F4FC621A4392B20112AC
:10A67000BDF834304FEA222C01F0F80111FB04F14F
:10A680004FEAE00E0CF0F80CC0000CFB031C0EF0BF
:10A69000FC0ED110C0B2D200D2B201F0FC011EFB00
:10A6A00004FE10FB04F01FFA8CFC01FB03E102FB2B
:10A6B00003039AB20CF1010389B203EB1C2C531C67
:10A6C00003EB12234A1C02EB11210CF4784CC3F368
:10A6D000C423490943EA0C0301F4FC610B433B80AA
:10A6E000259B9A44269B02371D440BF1FF3B42E712
:10A6F000259B9A44269B1D44099B013B099308F125
:10A70000020818E723D0099B2598013B00FB03A012
:10A7100000143FF52DAF01398842BFF629AF2699C5
:10A7200001FB03531B143FF523AF013A9342BFF6DD
:10A730001FAFDDF824E0BDF83490CDF83880BEF1CD
:10A74000000F6CDC099B23EAE37408EB44080C9BC4
:10A75000002B40F30E8130EE040AB7EE007AC7EE0C
:10A76000007A229B70EEA40A31EE051A20EEA77A39
:10A77000F0EE626A61EE277AFEEEC86A77EE622A30
:10A7800016EE90AAFEEEC82AF0EE436A37EEC33A00
:10A7900012EE902ABEEEC83A92FBF3F313EE102AA3
:10A7A0002593229B92FBF3F326930C9B159A013B76
:10A7B000FEEEC86A0C93229B08BF134616EE905A11
:10A7C0000993B0EE673AF0EE472AA6E600293FF477
:10A7D00010AF19F8033036F813300F9309E712F170
:10A7E00001093FF57DAF4B45FFF67AAF1CF101093A
:10A7F0003FF576AFCE45FFF673AF0D9C02921BB2CC
:10A800000FFA8EF2CDE90514CDE903C00192009351
:10A810000B9A169833463946FFF78EFD60E72A9B60
:10A820000B9CB3F908304FEA2A42291403FB01219B
:10A830000B9A0A44615CCAF3033CC5F3033036F853
:10A840001110BCF1000F00F08C80577836F81740DB
:10A85000139440B1D718D35C36F8133010937B783B
:10A8600036F813301493139B149C1CFB00F21F0446
:10A87000D21023F4FC6307F0FC671F43C2EB4C03C8
:10A880001793149B1B0424F4FC6B03F0FC6343EA52
:10A890000B03179C53434FEA014B04FB073721F48A
:10A8A000FC610BF0FC6343EA010BC0F11001109B4B
:10A8B0000A9CA1EB0C0C02EB4C0C0CFB0B774FEA47
:10A8C000034C23F4FC6B0CF0FC6CC2EB40024CEA32
:10A8D0000B0C02FB0C770E9A790D7F09128801F49C
:10A8E000FC6127F4FC670F43BBB21112181201F090
:10A8F000F80111FB04F1D71000F0F800D20000FBC2
:10A90000091007F0FC07D910D2B2DB0017FB04F7DF
:10A9100012FB04F201F0FC01DBB280B201FB097111
:10A9200003FB09239BB289B2421C02EB10204F1C8F
:10A930005A1C02EB132207EB112100F47840C2F3FA
:10A94000C42249090E9B104301F4FC61084323F81B
:10A95000020B0E93259B9A44269B0EF1FF3E1D444D
:10A96000EDE600283FF47FAFD35C36F81330109348
:10A9700079E719B0BDE8F08F2DE9F047DDE90A4825
:10A98000BDF920E0BDF924A09DF830509DF8346059
:10A99000088808FB0E47B8F1000F02EB070967DBD8
:10A9A000C24565DD002C61DBA6455FDDD25D33F875
:10A9B00012C0621C5FD496455DDD002D5BD099F816
:10A9C000012033F8127018F1010858D4C24556DD41
:10A9D000002E54D0002C50DBA6454EDD19F80E2079
:10A9E00033F81220013407D4A64505DD25B1CE4445
:10A9F0009EF8010033F810004FEA0C4315FB06F4F3
:10AA000003F0FC634FEA074E2CF4FC6CC4F3C7045C
:10AA100043EA0C0C0EF0FC6EC6F1100327F4FC6741
:10AA20005B1B4EEA0707C4EB450504EB43037D437C
:10AA300003FB0C5C030403F0FC6320F4FC6018438C
:10AA4000130403F0FC6322F4FC62134304FB00C014
:10AA5000C4EB460606FB0300430D400903F4FC6308
:10AA600020F4FC6018430880BDE8F0878446A0E726
:10AA700007468446A7E70746A5E70246B2E702462F
:10AA8000BAE72DE9F04F93B0DDE91D460F92219A08
:10AA900008910693DDE9221310905068126800FBBC
:10AAA000031302EB4309249B1B680793249B5F68F5
:10AAB000F7EE006A0437089B002B03DC0F9B002B8A
:10AAC00040F3B281249BB3F90810B3F90C20481E5F
:10AAD00002F1FF3C069B002B40F3A9805FEA244E65
:10AAE0004FEA264306D4864504DA002B02DB634591
:10AAF000C0F29E801EF1010E00F18F807145C0F200
:10AB00008C80013300F189809A42C0F28680DDF8A2
:10AB100018B0C846BBF1000F40F3A680249A249BCE
:10AB2000D2F80CE09B6822144FEA264CC4F30330A1
:10AB3000C6F3033100F1E38003F1FF3A524580F29E
:10AB4000DE80BCF1000FC0F2DA800EF1FF3AD4458E
:10AB500080F2D5801BB20CFB0322079D05EB020A95
:10AB6000AA5C37F812E0002800F0C0809AF80120B3
:10AB700037F812200B9251B10AEB03021AF8033096
:10AB800037F813300993537837F813300C930B9B35
:10AB90000C9D4FEA034C0CF0FC6C23F4FC634CEA74
:10ABA000030C0C9B1B0410FB01F203F0FC6325F467
:10ABB000FC65D2102B43C2EB400A53430AFB0C3313
:10ABC0004FEA0E4C0CF0FC6C2EF4FC6E4CEA0E0EB0
:10ABD000C1F1100CACEB000C02EB4C0C0CFB0E3C6E
:10ABE000099B180400F0FC6023F4FC631843C2EBDB
:10ABF000410202FB00C2530D520903F4FC6322F42C
:10AC0000FC621A43A8F800201F9B1C44209B08F1FB
:10AC100002081E440BF1FF3B7CE71F9B1C44209B5A
:10AC20001E44069B013B069309F1020952E720D01E
:10AC3000069B1F98013B00FB034000143FF567AFE4
:10AC400001398842BFF663AF209901FB03631B14EF
:10AC50003FF55DAF013A9342BFF659AFDDF818807A
:10AC6000CA46B8F1000F67DC069B23EAE37509EBDF
:10AC70004509089B002B40F3D78030EE040A70EEA4
:10AC8000A40AC6EE807A1C9B31EE051A20EEA77A44
:10AC9000B0EE626A61EE277ABEEEC86A77EE622A8B
:10ACA00016EE104AFEEEC82AB0EE436A37EEC33AFB
:10ACB00012EE902ABEEEC83A92FBF3F313EE102A7E
:10ACC0001F931C9B92FBF3F32093089B0F9A013B6D
:10ACD000BEEEC86A08931C9B08BF134616EE106AA6
:10ACE0000693B0EE673AF0EE472AE4E600293FF417
:10ACF0004EAF1AF8033037F81330099347E712F1D3
:10AD0000010A81D45345FFF67FAF1CF1010A3FF5DC
:10AD10007BAFD645FFF678AFCDE9022C1BB20FFA18
:10AD20008EF2CDE9040101920093079A10983B46F8
:10AD30004146FFF721FE67E7249B079DB3F90830E2
:10AD40002214311403FB0121079A0A44695CC4F3FD
:10AD5000033EC6F3033037F81110BEF1000F5CD08C
:10AD600092F801C037F81C500D9550B102EB030C5E
:10AD7000D35C37F813300A939CF8013037F813305E
:10AD80000E930D9B0E9D1EFB00F24FEA034CD2105A
:10AD900023F4FC630CF0FC6C4CEA030CC2EB4E0396
:10ADA00011930E9B1B0425F4FC6B03F0FC6343EA38
:10ADB0000B03119D53434FEA014B05FB0C3C21F45F
:10ADC000FC610BF0FC6343EA010BC0F110010A9B2C
:10ADD000A1EB0E0E02EB4E0E0EFB0BCC4FEA034B1B
:10ADE00023F4FC6E0BF0FC6B4BEA0E0EC2EB400240
:10ADF00002FB0ECC4FEA5C534FEA5C1C03F4FC638D
:10AE00002CF4FC6C43EA0C0C1F9B2AF802CB1C446C
:10AE1000209B08F1FF381E4423E70028B1D0D35C03
:10AE200037F813300A93ACE713B0BDE8F08F2DE983
:10AE3000F04F0D8887B0EF104FEA252A07F0FC0786
:10AE4000ED000197EDB20295019D0391DDE9120637
:10AE5000BDF940900299BDF944B09DF850409DF86D
:10AE600054E09DF858800AF0F80A2D0245EA0A4598
:10AE700006FB09070D43002E02EB070C0595C0F2F7
:10AE8000B680B34540F3B3800028C0F2AE80814560
:10AE900040F3AB80D75D07EB47071F44421C00F12E
:10AEA000A980914540F3A680002C00F0A3809CF877
:10AEB000015005EB45051D44013600F19F80B34567
:10AEC00040F39C80BEF1000F00F098800028C0F293
:10AED0009380814540F390801CF8096006EB46069C
:10AEE0001E44013000F18D80814540F38A80002CA2
:10AEF00000F08780E14499F8012002EB42021344FC
:10AF0000A4B21FFA8EFE04FB0EFB2401CBEB0E1E37
:10AF1000C4F58079A4EB0B041FFA8EF0A2B2AC78D2
:10AF200097F802C00199A9EB00091FFA89F9544367
:10AF300009FB0C4496F802C000FB0C4493F802C0D5
:10AF40001FFA88FE6FEA08085FFA88F80BFB0C4CC2
:10AF50001AFB08FACCF3072C0CFB0EAC95F801A0F9
:10AF60007C782D783F7802FB0AFA09FB04AA7478F2
:10AF70006A43357800FB04AA09FB07225C781B783A
:10AF800000FB05200BFB04A40BFB030B029B11FB36
:10AF900008FA1FFA8CFC13FB08F8CBF3072BC4F359
:10AFA000072404FB0EA40CF101030BFB0E8E1FFA09
:10AFB0008EFEA4B203EB1C2C0CF4784304F1010ABE
:10AFC0000EF1010C0CEB1E2C0AEB1424CCF3C42C58
:10AFD00064094CEA030C04F4FC64039B4CEA040C83
:10AFE000A3F800C007B0BDE8F08F05AF56E705AD88
:10AFF0002F4661E705AD5FE705AE72E705AB1E467C
:10B000007EE705AB7CE72DE9F04F95B012920993EE
:10B01000239A9DF89C300F930E91DDE92413139031
:10B020005068126800FB031302EB43030A93269B4C
:10B030001B680D93269B5C680F9BDB43DBB20434DB
:10B040000B930E9B002B03DC129B002B40F35582CD
:10B05000269BB3F90810B3F90C20481E551E099B16
:10B06000002B40F3F9801F9E209B36144FEA2343A8
:10B0700006D4864204DA002B02DBAB42C0F2ED803C
:10B08000013600F1DA80B142C0F2D780013300F11D
:10B09000D4809A42C0F2D180099B11930A9B0C93F1
:10B0A000119B002B40F3FA802698209B209AC668BB
:10B0B0001F981D14C2F303311F9B269A0014C3F37B
:10B0C0000333926800F13E81571EB84280F23A8104
:10B0D000002DC0F23781771EBD4280F2338112B25B
:10B0E00005FB02000D9D15F800A00AEB4A0A2E1878
:10B0F00004EB0A05002B00F0178196F801C00CEB59
:10B100004C0CA444002900F01781B018B25C4078C0
:10B1100002EB420200EB4000224420449BB289B281
:10B1200003FB01F9C9EB01111B0189B29CF8027004
:10B1300095F802B00C9E14F80AA0B6F800E0BDF82D
:10B140003C60C3F58078A3EB09039BB2A8EB010830
:10B150001FFA88F85F4308FB0B7792F802B0109350
:10B1600001FB0B7790F802B00B9B09FB0B774FEAC2
:10B170002E2B0BF0F80B1BFB03FBC7F3072707FB7A
:10B1800006B7109B95F801B09CF801509CF800C0E0
:10B190005D4308FB0B5592F801B00B9B01FB0B556F
:10B1A00090F801B009FB0B554FEAEE0B0BF0FC0BCE
:10B1B0001BFB03FB109B03FB0CF392F800C008FB86
:10B1C0000A3301FB0C3390F800C04FEACE0E09FBA6
:10B1D0000C3C0B9B5FFA8EFEBFB21EFB03FEC5F359
:10B1E0000725CCF3072C05FB06B57B1C0CFB06E6FC
:10B1F000ADB2B6B203EB172707F4784305F1010BA4
:10B20000771C07EB16270BEB1525C7F3C4276D0931
:10B210001F4305F4FC650C9B3D431D800C9B219A4C
:10B2200002330C931F9B13441F93229A209B1344B9
:10B230002093119B013B119332E71F9B219E3344C6
:10B240001F93229E209B33442093099B013B09932B
:10B250000A9B02330A9302E727D0099B21981F9D7E
:10B26000013B00FB035000143FF516AF0139884243
:10B27000BFF612AF2299209801FB03031B143FF580
:10B280000BAF013A9342BFF607AF099B1193BDF88C
:10B290003CA00A9B0C93119B002B70DC099B0A9A23
:10B2A00023EAE37302EB43030A930E9B002B40F364
:10B2B000248130EE040AB7EE007AC7EE007A1E9BB6
:10B2C00070EEA40A31EE051A20EEA77AF0EE626A5B
:10B2D00061EE277AFEEEC86A77EE622ACDED1F6A2C
:10B2E000FEEEC82AF0EE436A37EEC33A12EE902A19
:10B2F000BEEEC83A92FBF3F313EE102A21931E9B85
:10B3000092FBF3F322930E9B129A013BFEEEC86A66
:10B310000E931E9BCDED206A08BF13460993B0EE35
:10B32000673AF0EE472A8CE649B1B25C02EB420282
:10B3300022442846AC46F1E628462A46EEE6284650
:10B340002A46F7E7471C3FF569AFBA42FFF666AFFA
:10B350006F1C3FF563AFBE42FFF660AF0F9F0290D8
:10B3600036B212B2CDE90517CDE90353009201962A
:10B370002346DDE90C121398FFF759FD4EE7209A9A
:10B3800020981F9D1F9BC2F30331269AB2F9082013
:10B390002D14001402FB00500D9D15F80090C3F30E
:10B3A000033309EB49092E1804EB0905002B00F0C3
:10B3B0009680777807EB47072744002900F09780AD
:10B3C000B018B25C407802EB420200EB400022442D
:10B3D00020449BB289B203FB01F80C9E95F802B0A1
:10B3E000B6F800C0BE7814F809901B01C8EB011133
:10B3F00089B2C3F5807EA3EB08039BB2AEEB010ECE
:10B400001FFA8EFE5E430EFB0B6692F802B010939D
:10B4100001FB0B6690F802B00B9B08FB0B664FEA32
:10B420002C2B0BF0F80B1BFB03FBC6F3072606FBCC
:10B430000AB6109B95F801B07D783F785D430EFB0E
:10B440000B5592F801B00B9B01FB0B5590F801B026
:10B4500008FB0B554FEAEC0B0BF0FC0B1BFB03FB43
:10B46000109B7B4317780EFB093301FB07330778EA
:10B470004FEACC0C08FB07370B9B5FFA8CFC1CFBDC
:10B4800003FCC5F30725C7F3072705FB0AB507FB30
:10B490000AC7B6B2ADB2BFB2731C7A1C05F1010B7C
:10B4A00003EB162602EB17220BEB1525C2F3C42281
:10B4B00006F478466D090C9B164305F4FC652E4393
:10B4C00023F8026B219A0C931F9B13441F93229A1B
:10B4D000209B13442093119B013B1193DBE649B160
:10B4E000B25C02EB4202224428462F4671E728460E
:10B4F0002A466EE728462A46F7E715B0BDE8F08FE2
:10B500002DE9F74F0F88BDF930E0BDF934909DF873
:10B5100040009DF844603C02DDE90EC504F4780B60
:10B520007C0104F47C44FF004BEA0404FFB205FBF9
:10B530000ECA2743002D02EB0A0801977EDBA945BE
:10B540007CDDBCF1000F77DBE64575DD12F80A7093
:10B5500007EB47071F441CF1010272D4964570DDCA
:10B5600000286ED098F8014004EB44041C440135D7
:10B570006BD4A94569DD002E67D0BCF1000F62DBFA
:10B58000E64560DD18F80E5005EB45051D441CF13D
:10B5900001025DD496455BDD002859D0C6449EF873
:10B5A000012002EB4202134480B2B2B200FB02F669
:10B5B0000001C6EB0212C0F58078801B1FFA82FCE6
:10B5C00082B2A07897F802E097F800907F78A8EB15
:10B5D0000C081FFA88F8504308FB0E0EA8780CFBE5
:10B5E00000E093F802E006FB0E0E0EF4784094F8AB
:10B5F00000E002FB0EFE08FB09E995F800E00CFBF9
:10B600000E9993F800E05B7806FB0E9ECEF3C42EF5
:10B610004EEA000E607850436A7808FB07000CFB86
:10B62000020206FB03235B0903F4FC634EEA0303F7
:10B630000B8003B0BDE8F08F01AF8CE701AC27466B
:10B6400095E701AC93E701ADA1E701AB1D46ABE780
:10B6500001ABA9E72DE9F04F8FB0DDE919B50C92E8
:10B660001D9A0A910693DDE91E130D905068126829
:10B6700000FB031302EB43030793209B1B68089313
:10B68000209B5C6804340A9B002B03DC0C9B002B82
:10B6900040F3D681209BB3F90810B3F90C20481E63
:10B6A000561E069B002B40F3B7805FEA2B474FEAFC
:10B6B000254306D4874204DA002B02DBB342C0F2F2
:10B6C000AC80013700F19D80B942C0F29A8001330D
:10B6D00000F197809A42C0F29480069B0B93079BDF
:10B6E00009930B9B002B40F3B5802098209AC768E4
:10B6F00092685FEA2B404FEA2546CBF30333C5F34C
:10B70000033100F1FB8002F1FF3C604580F2F680DE
:10B71000002EC0F2F38007F1FF3C664580F2EE8018
:10B7200012B206FB0200089E3718305C00EB40089E
:10B7300004EB080C002B00F0D3807E7806EB460665
:10B740002644002900F0D480B818BA5C407802EB97
:10B75000420200EB4000224420449BB289B203FB2A
:10B7600001F9C9EB01111B0189B2B7789CF802A05D
:10B770009CF801C0C3F5807EA3EB09039BB2AEEB3E
:10B78000010E1FFA8EFE5F430EFB0A7792F802A0AD
:10B7900001FB0A7790F802A009FB0A7A14F80870F6
:10B7A00096F80080767803FB08F80EFB0788177878
:10B7B00001FB0788077809FB07870AF4784AC7F373
:10B7C000C42747EA0A07734392F801A00EFB0C3323
:10B7D00001FB0A3190F801A0099B09FB0A1A4FEA04
:10B7E0005A1A0AF4FC6A47EA0A071F80099B0233C7
:10B7F00009931B9B9B441C9B1D440B9B013B0B9380
:10B800006FE71B9B9B441C9B1D44069B013B0693BF
:10B81000079B0233079344E723D0069B1B98013B09
:10B8200000FB03B000143FF558AF01398842BFF662
:10B8300054AF1C9901FB03531B143FF54EAF013A63
:10B840009342BFF64AAF069B0993079B0B93099B54
:10B85000002B70DC069B079A23EAE37302EB430399
:10B8600007930A9B002B40F3EB8030EE040AB7EEFF
:10B87000007AC7EE007A189B70EEA40A31EE051A22
:10B8800020EEA77AF0EE626A61EE277AFEEEC86AD1
:10B8900077EE622A16EE90BAFEEEC82AF0EE436A00
:10B8A00037EEC33A12EE902ABEEEC83A92FBF3F39B
:10B8B00013EE102A1B93189B92FBF3F31C930A9B25
:10B8C0000C9A013BFEEEC86A0A93189B08BF134608
:10B8D00016EE905A0693B0EE673AF0EE472AD2E69B
:10B8E00049B1BA5C02EB420222446046664634E744
:10B8F0006046624631E760466246F7E710F1010CA8
:10B900003FF574AF6245FFF671AF16F1010C3FF5DC
:10B910006DAF6745FFF66AAF3FB212B2CDE90431B1
:10B92000CDE90206009201972346DDE908210D9832
:10B93000FFF7E6FD5AE7209AB2F908204FEA2B46B6
:10B94000281402FB0060089E16F80080CBF3033336
:10B9500008EB4808C5F30331371804EB080C002B3B
:10B9600060D07E7806EB46062644002962D0B818DF
:10B97000BA5C407802EB420200EB400022442044D3
:10B980009BB289B203FB01F9C9EB01111B0189B21A
:10B99000B7789CF802A09CF801C0C3F5807EA3EBA9
:10B9A00009039BB2AEEB010E1FFA8EFE5F430EFB46
:10B9B0000A7792F802A001FB0A7790F802A009FB2F
:10B9C0000A7A14F8087096F80080767803FB08F875
:10B9D0000EFB0788177801FB0788077809FB0787A4
:10B9E0000AF4784A7343C7F3C427567847EA0A072C
:10B9F0000EFB0C3390F801A001FB063309FB0A3A59
:10BA00004FEA5A1A0B9B0AF4FC6A47EA0A0723F822
:10BA1000027B0B931B9B9B441C9B1D44099B013B7E
:10BA2000099314E749B1BA5C02EB42022244604632
:10BA30006646A5E760466246A2E760466246F7E7CB
:10BA40000FB0BDE8F08F2DE9F04F85B0DDE910743F
:10BA5000BDF938C00291002C04FB0C71BDF93C808B
:10BA60009DF848609DF84C0002EB010EC0F2228167
:10BA7000A04540F31F81002FC0F21A81BC4540F35E
:10BA80001781525C53F822507A1C00F116819445BC
:10BA900040F31381002E00F012819EF8012053F82C
:10BAA0002210013400F10F81A04540F30C810028E1
:10BAB00000F00C81002FC0F20481BC4540F30181ED
:10BAC0001EF80C2053F82240013700F10281BC45DA
:10BAD00040F3FF80002E00F0FE80F4449CF801202B
:10BAE00053F82220B6B280B200FB06FECEEB001067
:10BAF0003601A6EB0E0780B2C6F580734FEA116AD5
:10BB0000BFB21B1A4FEA156B9BB20AFB07F64FEA4E
:10BB100014690BFB03664FEA126800FB09660EFB13
:10BB20000866C6F307260096002E00F0BE8005F0DA
:10BB3000FF1C0BFB0CFC05F47F450BFB05F54FEAE6
:10BB40001C2B0BF0FF1B0CF1011CDC444FEA1C2CDE
:10BB500001950CF0FF150395019D029E05F5807C73
:10BB60000CEB152501F0FF1C0AFB0CFC4FEA152B12
:10BB70004FEA1C2505F0FF150CF1011C654404F08B
:10BB8000FF1C04F47F4409FB0CFC09FB04F909F5D4
:10BB9000807404EB192902F0FF1408FB04F401F48B
:10BBA0007F4102F47F4208FB02F80AFB01FA220AF5
:10BBB0000AF5807102F0FF1204F1011401EB1A2A58
:10BBC00014444FEA1C2108F580722D0A02EB182854
:10BBD00005F0FF15039A368801F0FF110CF1011CE6
:10BBE0007D436144240A02FB0355090A04F0FF1453
:10BBF00004FB0E5401F0FF1101FB00414FEA1A2A29
:10BC0000090A0AF47F4A01F0FF1407FB0AF74FEA1A
:10BC100018280BF47F4103FB01714FEA192908F43E
:10BC20007F480EFB081E09F47F4100FB01E19DF8EF
:10BC30005000009A87B27A43090A531C01F47F41ED
:10BC4000214303EB122335120A0C6FEA1323DBB2F4
:10BC500012FB07F205F0F80505FB0325C1F30724E5
:10BC6000F210C8B2F60014FB07F402F0FC02F6B2C0
:10BC700010FB07F002FB0342ADB206FB030399B2CF
:10BC800094B26B1C03EB1525621C4B1C03EB1123B8
:10BC900002EB142205F47845C3F3C423520902F4DD
:10BCA000FC622B431343029A138005B0BDE8F08F6A
:10BCB0000025E9E600210D46F3E60021F1E63146D4
:10BCC000EFE6002400E7002214460BE70246044694
:10BCD00008E7002206E7324604E72DE9F04F9FB05F
:10BCE0001B9209932D9A9DF8C4301C931991DDE99C
:10BCF0002E131D90506812682A9D00FB031302EB5F
:10BD000043030C93309B1B681293309B5E68BDF815
:10BD100070300D930436199B002B03DC1B9B002B0A
:10BD200040F38883309BB3F90810B3F90C20481E08
:10BD3000571E099B002B40F39581299C5FEA244CF8
:10BD40004FEA254306D4844504DA002B02DBBB42CC
:10BD5000C0F289811CF1010C00F177816145C0F2CC
:10BD60007481013300F171819A42C0F26E81099BA6
:10BD70000C9F1A931A9B002B40F39381299BC3F3CA
:10BD80000332309BD3E9020E299B1B144FEA254C4A
:10BD9000C5F3033100F1D68100F1FF38434580F24D
:10BDA000D181BCF1000FC0F2CD810EF1FF38C44546
:10BDB00080F2C88100B20CFB0033129C04EB030834
:10BDC000E35C56F823304FEA136E002A00F0AF818F
:10BDD00098F801C056F82C400E94240E159479B1B1
:10BDE00008EB000C18F8000056F820000A90000E2E
:10BDF00013909CF8010056F820000F90000E16904A
:10BE000092B289B202FB01F9C9EB01111201A2EB56
:10BE1000090889B2C2F580721598139C1FFA88F838
:10BE2000521A92B208FB00F002FB0E0001FB040064
:10BE3000169C09FB0400C0F30720002800F0FA80DC
:10BE4000BEF1FF0F1BD003F0FF1A0EFB0AFA03F43A
:10BE50007F430EFB03FE4FEA1A2303F0FF130AF1A0
:10BE6000011A0EF5807C53440CEB1E2C1B0A4FEA82
:10BE70001C2C03F0FF130CF47F4C43EA0C03159CBD
:10BE8000FF2C21D00E9C04F0FF1B159C04FB0BFB28
:10BE90000E9C04F47F4A159C4FEA1B2E04FB0AFA01
:10BEA0000EF0FF1E0BF1011B0AF5807CDE440CEB4B
:10BEB0001A2A4FEA1E2E4FEA1A2A0EF0FF1E0AF423
:10BEC0007F4A4EEA0A040E94139CFF2C21D00A9C50
:10BED00004F0FF1B139C04FB0BFB0A9C04F47F4A39
:10BEE000139C4FEA1B2E04FB0AFA0EF0FF1E0BF107
:10BEF000011B0AF5807CDE440CEB1A2A4FEA1E2E49
:10BF00004FEA1A2A0EF0FF1E0AF47F4A4EEA0A048C
:10BF10000A94169CFF2C21D00F9C04F0FF1B169C4A
:10BF200004FB0BFB0F9C04F47F4A169C4FEA1B2E6C
:10BF300004FB0AFA0EF0FF1E0BF1011B0AF5807CD0
:10BF4000DE440CEB1A2A4FEA1E2E4FEA1A2A0EF094
:10BF5000FF1E0AF47F4A4EEA0A040F940E9C04F076
:10BF6000FF1C0A9C03F0FF1E08FB0CFC02FB0ECC1E
:10BF700004F0FF1E0F9C01FB0ECC04F0FF1E0E9C74
:10BF800009FB0ECC04F47F4E08FB0EF803F47F434C
:10BF900002FB03830A9A0D9C02F47F4A0F9A01FB6D
:10BFA0000A3302F47F410D9A09FB013942434FEAFB
:10BFB0001C2C4FEA19293B88501C0CF0FF1C09F47B
:10BFC0007F494CEA090C00EB122019124FEA1C427F
:10BFD0006FEA1020C0B212FB04F201F0F80101FB7D
:10BFE0000021CCF3072EDA105FFA8CFCDB001CFB7F
:10BFF00004FCDBB289B203FB00C31FFA83FC4B1CB9
:10C0000003EB112102F0FC021EFB04FE0CF1010304
:10C0100002FB00E203EB1C2392B201F47841C3F36C
:10C02000C4230B43511C01EB1222520902F4FC629F
:10C0300013433B802B9B299A1A442C9B29921D4425
:10C040001A9B013B02371A9394E62B9B299C1C44B4
:10C050002C9B29941D44099B013B09930C9B0233A3
:10C060000C9366E624D0099B2B98299C013B00FB8E
:10C07000034000143FF57BAE01398842BFF677AE2E
:10C080002C9901FB03531B143FF571AE013A934207
:10C09000BFF66DAEDDF824B0DDF83090BBF1000FD7
:10C0A00070DC099B23EAE3740C9B03EB44030C93C1
:10C0B000199B002B40F3BE8130EE040AB7EE007AE4
:10C0C000C7EE007A289B70EEA40A31EE051A20EE26
:10C0D000A77AF0EE626A61EE277AFEEEC86A77EE22
:10C0E000622ACDED296AFEEEC82AF0EE436A37EEE9
:10C0F000C33A12EE902ABEEEC83A92FBF3F313EE67
:10C10000102A2B93289B92FBF3F32C93199B1B9AD9
:10C11000013BFEEEC86A1993289B08BF134616EE32
:10C12000905A0993B0EE673AF0EE472AF3E50029FA
:10C130003FF466AE18F8000056F820000A90000E92
:10C1400013905DE613F101083FF574AF4045FFF62B
:10C1500071AF1CF101083FF56DAFC645FFF66AAF40
:10C160001C9C029300B20FFA8EF3CDE90514CDE9C1
:10C1700003C2019300903346129A1D983946FFF787
:10C1800062FC57E7299B299CC3F30332309BB3F928
:10C19000081027142B1401FB0373129CE718E35CAF
:10C1A00056F82330C5F303304FEA136C002A00F031
:10C1B000378197F801E056F82E401094240E17941A
:10C1C00070B107EB010E795C56F821100B91090E46
:10C1D00014919EF8011056F821101191090E189132
:10C1E00092B280B202FB00F8C8EB00101201A2EB81
:10C1F000080E80B2C2F580721799149C1FFA8EFE49
:10C20000121A92B20EFB01F102FB0C1100FB041199
:10C21000189C08FB0411C1F30721002900F0F580E8
:10C22000BCF1FF0F19D003F0FF1A0CFB0AFA03F45C
:10C230007F430CFB03FC4FEA1A2303F0FF130AF1C0
:10C24000011A0CF58077534407EB1C271B0A3F0AA1
:10C2500003F0FF1307F47F473B43179CFF2C20D0CC
:10C26000109C04F0FF17179C6743109C04F47F4A4E
:10C27000179C4FEA172C04FB0AFA07F101170CF080
:10C28000FF1CBC440AF5807707EB1A2A4FEA1C2CE6
:10C290004FEA1A2A0CF0FF1C0AF47F4A4CEA0A04FF
:10C2A0001094149CFF2C20D00B9C04F0FF17149CBE
:10C2B00067430B9C04F47F4A149C4FEA172C04FB41
:10C2C0000AFA07F101170CF0FF1CBC440AF580774D
:10C2D00007EB1A2A4FEA1C2C4FEA1A2A0CF0FF1C13
:10C2E0000AF47F4A4CEA0A040B94189CFF2C20D0D5
:10C2F000119C04F0FF17189C6743119C04F47F4ABB
:10C30000189C4FEA172C04FB0AFA07F101170CF0EE
:10C31000FF1CBC440AF5807707EB1A2A4FEA1C2C55
:10C320004FEA1A2A0CF0FF1C0AF47F4A4CEA0A046E
:10C330001194109C04F0FF170B9C03F0FF1C0EFBE4
:10C3400007F702FB0C7704F0FF1C119C00FB0C7735
:10C3500004F0FF1C109C08FB0C7704F47F4C0EFBD0
:10C360000CFE03F47F4302FB03E30B9A0D9C02F4E3
:10C370007F4A119A00FB0A3302F47F4C08FB0C3C05
:10C380000D9BB9F800004B433F0A4FEA1C2C0CF4FC
:10C390007F4C591C07F0FF1747EA0C0701EB1321EC
:10C3A00002123B0C6FEA1121C9B213FB04F302F035
:10C3B000F80202FB0132C7F3072CC310FFB2C00022
:10C3C00092B21CFB04FC03F0FC03C0B217FB04F7A1
:10C3D00003FB01C300FB017002F1010C80B20CEB06
:10C3E000122202F4784C421C02EB10229BB2C2F3E0
:10C3F000C42242EA0C0203F1010C0CEB13235B098B
:10C4000003F4FC631A43A9F800202B9B299A1A44D1
:10C410002C9B299209F102091D440BF1FF3B3DE6DB
:10C4200000283FF4DDAE795C56F821100B91090E1F
:10C430001491D5E61FB0BDE8F08F2DE9F04F89B01B
:10C4400001910198BDF948C00088BDF94C809DF864
:10C4500058509DF85C400612DDE9141706F0F80606
:10C460000296C610C000C0B206F0FC060490002F71
:10C4700007FB0C10039602EB000EC0F20A81B845D0
:10C4800040F307810029C0F202818C4540F3FF8010
:10C49000125C53F822004A1C00F1FE80944540F3E0
:10C4A000FB80002D00F0FA809EF8012053F82260F6
:10C4B000013700F1F780B84540F3F480002C00F01C
:10C4C000F48000290EEB0C02C0F2EA808C4540F3A8
:10C4D000E7801EF80C7053F82770013100F1E880F6
:10C4E0008C4540F3E580002D00F0E480527853F84D
:10C4F00022100B0E4FEA106A0093A4B2ABB200F008
:10C50000FF1503FB04F90AFB05F51B01A3EB090E5C
:10C51000C3F5807200F47F43280A00F0FF1005F194
:10C52000011505442D0A0AFB03F305F0FF100590E1
:10C5300003F5807000EB13231B0A4FEA166B06937A
:10C5400006F0FF130BFB03F31D0A06F47F464FEAC8
:10C5500017680BFB06F603F1011307F0FF1C05F04B
:10C56000FF1507F47F4708FB07F71D4406F58073A6
:10C5700003EB162607F5807303EB172308FB0CFC6F
:10C580001B0A07934FEA1C200B0E01F0FF175F43B5
:10C590000CF1011C00F0FF10C9EB041460444FEAD9
:10C5A000172CA4B207F101172D0A01F47F410CF0FA
:10C5B000FF1C1FFA8EFE5943121B059BBC4405F05D
:10C5C000FF1592B205FB0EF54FEA1C2C03FB02553A
:10C5D0000CF0FF1C069B01F58077360A000A0CFB65
:10C5E000095500F0FF1007EB112106F47F4600FB10
:10C5F00004550EFB06F603F47F40090A079B02FB75
:10C60000006001F47F4109FB010003F47F430EFB4E
:10C610000BFE04FB030002FB0AE2009B04FB082460
:10C6200009FB03496FEA2929029B049A5FFA89F9F9
:10C6300003FB09F1039B2D0A000A03FB09F300F435
:10C640007F4005F0FF15054302FB09F9581C4A1C01
:10C6500000EB132002EB11212B0A2A0C03EB102311
:10C6600002EB1122DB00120202F4784203F4FC63B5
:10C67000134309F1010202EB192905EB1925C5F352
:10C68000C4051D43019B1D8009B0BDE8F08F00204B
:10C6900001E7002630460BE7002609E72E4607E7AC
:10C6A00000271AE700210F4623E72146274620E707
:10C6B00000211EE729461CE72DE9F04F9BB0189298
:10C6C000299A16910793DDE92A1319905068126888
:10C6D000269D00FB031302EB43030A932C9B1B686C
:10C6E0000F932C9B5E680436169B002B03DC189B73
:10C6F000002B40F373832C9BB3F90810B3F90C2083
:10C70000481E571E079B002B40F39081259C5FEA33
:10C71000244C4FEA254306D4844504DA002B02DB7F
:10C72000BB42C0F284811CF1010C00F172816145B1
:10C73000C0F26F81013300F16C819A42C0F26981CD
:10C74000079B0A9F1793179B002B40F38E81259B15
:10C75000C3F303322C9BD3E9021E259B1B144FEA23
:10C76000254CC5F3033000F1D18101F1FF38434579
:10C7700080F2CC81BCF1000FC0F2C8810EF1FF380D
:10C78000C44580F2C38109B20CFB01330F9C04EB5A
:10C790000308E35C56F823304FEA136E002A00F0DA
:10C7A000AA8198F801C056F82C400B94240E1294DC
:10C7B00078B108EB010C18F8011056F82110089117
:10C7C000090E10919CF8011056F821100C91090ED9
:10C7D000139192B280B202FB00F9C9EB0010120172
:10C7E000A2EB090880B2C2F580721299109C1FFA60
:10C7F00088F8121A92B208FB01F102FB0E1100FB3D
:10C800000411139C09FB0411C1F30721002900F056
:10C81000F580BEF1FF0F1BD003F0FF1A0EFB0AFAE2
:10C8200003F47F430EFB03FE4FEA1A2303F0FF13CA
:10C830000AF1011A0EF5807C53440CEB1E2C1B0AE6
:10C840004FEA1C2C03F0FF130CF47F4C43EA0C035B
:10C85000129CFF2C21D00B9C04F0FF1B129C04FBAC
:10C860000BFB0B9C04F47F4A129C4FEA1B2E04FB2B
:10C870000AFA0EF0FF1E0BF1011B0AF5807CDE4464
:10C880000CEB1A2A4FEA1E2E4FEA1A2A0EF0FF1E50
:10C890000AF47F4A4EEA0A040B94109CFF2C21D024
:10C8A000089C04F0FF1B109C04FB0BFB089C04F489
:10C8B0007F4A109C4FEA1B2E04FB0AFA0EF0FF1E63
:10C8C0000BF1011B0AF5807CDE440CEB1A2A4FEABF
:10C8D0001E2E4FEA1A2A0EF0FF1E0AF47F4A4EEA75
:10C8E0000A040894139CFF2C21D00C9C04F0FF1B1D
:10C8F000139C04FB0BFB0C9C04F47F4A139C4FEA33
:10C900001B2E04FB0AFA0EF0FF1E0BF1011B0AF5A9
:10C91000807CDE440CEB1A2A4FEA1E2E4FEA1A2ABC
:10C920000EF0FF1E0AF47F4A4EEA0A040C940B9C98
:10C9300004F0FF1C089C03F0FF1E08FB0CFC02FB2C
:10C940000ECC04F0FF1E0C9C00FB0ECC04F0FF1E6E
:10C950000B9C09FB0ECC04F47F4E08FB0EF803F48D
:10C960007F4302FB0383089AB7F8008002F47F4AF2
:10C970000C9A00FB0A3302F47F4009FB0039C943DB
:10C980004FEA28225FFA81FE4FEA1C2C4FEA192950
:10C9900002F0F80202FB0EF20CF0FF1C09F47F49D2
:10C9A0004CEA090C531C03EB12224FEAE8004FEA51
:10C9B0001C4303EB122300F0FC00634A00FB0EF063
:10C9C000DBB202EA0322431C03EB10204FEA1C23D4
:10C9D0004FEAC80103EB1023C9B2DB0001FB0EF1E3
:10C9E00003F4FC6313434A1C02EB11210CEB112CE2
:10C9F000CCF3C40C4CEA030CA7F800C0279B259A83
:10CA00001A44289B25921D44179B013B023717931C
:10CA100099E6279B259C1C44289B25941D44079B35
:10CA2000013B07930A9B02330A936BE624D0079BD2
:10CA30002798259C013B00FB034000143FF580AE86
:10CA400001398842BFF67CAE289901FB03531B14C1
:10CA50003FF576AE013A9342BFF672AEDDF81CB0F8
:10CA6000DDF82890BBF1000F70DC079B23EAE3742C
:10CA70000A9B03EB44030A93169B002B40F3AE8101
:10CA800030EE040AB7EE007AC7EE007A249B70EE0F
:10CA9000A40A31EE051A20EEA77AF0EE626A61EE82
:10CAA000277AFEEEC86A77EE622ACDED256AFEEEA1
:10CAB000C82AF0EE436A37EEC33A12EE902ABEEE71
:10CAC000C83A92FBF3F313EE102A2793249B92FBB0
:10CAD000F3F32893169B189A013BFEEEC86A16934F
:10CAE000249B08BF134616EE905A0793B0EE673AA0
:10CAF000F0EE472AF8E500283FF46BAE18F8011075
:10CB000056F821100891090E109162E613F1010800
:10CB10003FF574AF4145FFF671AF1CF101083FF5D9
:10CB20006DAFC645FFF66AAFCDE9023C09B20FFA18
:10CB30008EF3CDE904200193009133460F9A1998A2
:10CB40003946FFF77AFC59E700F8FFFF259B259C43
:10CB5000C3F303322C9BB3F9081027142B1401FBE9
:10CB600003730F9CE718E35C56F82330C5F30330DA
:10CB70004FEA136C002A00F0278197F801E056F87D
:10CB80002E400D94240E149470B107EB010E795CC5
:10CB900056F821100991090E11919EF8011056F8CE
:10CBA00021100E91090E159192B280B202FB00F88D
:10CBB000C8EB00101201A2EB080E80B2C2F5807122
:10CBC000149A119C1FFA8EFE091A89B20EFB02F20A
:10CBD00001FB0C2200FB0422159C08FB0422C2F37B
:10CBE0000722002A00F0E580BCF1FF0F19D003F006
:10CBF000FF1A0CFB0AFA03F47F430CFB03FC4FEA19
:10CC00001A2303F0FF130AF1011A0CF5807753443D
:10CC100007EB1C271B0A3F0A03F0FF1307F47F47AB
:10CC20003B43149CFF2C20D00D9C04F0FF17149C58
:10CC300067430D9C04F47F4A149C4FEA172C04FBB5
:10CC40000AFA07F101170CF0FF1CBC440AF58077C3
:10CC500007EB1A2A4FEA1C2C4FEA1A2A0CF0FF1C89
:10CC60000AF47F4A4CEA0A040D94119CFF2C20D050
:10CC7000099C04F0FF17119C6743099C04F47F4A48
:10CC8000119C4FEA172C04FB0AFA07F101170CF06C
:10CC9000FF1CBC440AF5807707EB1A2A4FEA1C2CCC
:10CCA0004FEA1A2A0CF0FF1C0AF47F4A4CEA0A04E5
:10CCB0000994159CFF2C20D00E9C04F0FF17159CA6
:10CCC00067430E9C04F47F4A159C4FEA172C04FB23
:10CCD0000AFA07F101170CF0FF1CBC440AF5807733
:10CCE00007EB1A2A4FEA1C2C4FEA1A2A0CF0FF1CF9
:10CCF0000AF47F4A4CEA0A040E940D9C04F0FF17D4
:10CD0000099C03F0FF1C0EFB07F701FB0C7704F0F6
:10CD1000FF1C0E9C00FB0C7704F0FF1C0D9C08FB15
:10CD20000C7704F47F4C0EFB0CFE03F47F4301FBF5
:10CD300003E3099901F47F4A0E9900FB0A3301F4D9
:10CD40007F4C08FB0C3CB9F80030D2431812D2B229
:10CD5000D9103F0A4FEA1C2C00F0F800DB005043CA
:10CD600007F0FF170CF47F4C01F0FC01DBB247EA3F
:10CD70000C0751435343421C02EB10203A0C02EBC8
:10CD80001020184AC0B202EA00204A1C02EB11210E
:10CD90003A0A02EB1121C90001F4FC610143581C5D
:10CDA00000EB132007EB1027C7F3C4000843A9F8D2
:10CDB0000000279B259A1A44289B259209F1020915
:10CDC0001D440BF1FF3B4DE600283FF4EDAE795CCE
:10CDD00056F821100991090E1191E5E61BB0BDE846
:10CDE000F08F00BF00F8FFFF2DE9F04F85B0DDE9BF
:10CDF0001070BDF93860039100FB067402EB440526
:10CE00000028BDF93CB09DF848109DF84CE0019514
:10CE100003EB0409C0F25081834540F34D81002F9C
:10CE2000C0F24681BE4240F3438113F804C032F899
:10CE300014304FEAEC0223F4FC65554303F4FC6321
:10CE40004FF61F040CFB03F204EA551305F6010527
:10CE50001D4402F1200303EB12231B0A04EA5514BC
:10CE600003F4FC631C437B1C00F12B819E4240F3C6
:10CE70002881002900F02881019A99F8013055880D
:10CE80004FEAE30825F4FC6208FB02F805F4FC65B0
:10CE90004FF61F0202EA581A5D4308F60108D04413
:10CEA00005F1200A0AEB15252D0A02EA581205F4AD
:10CEB000FC652A43013000F10D81834540F30A816E
:10CEC000BEF1000F00F00B81002FC0F20081BE42C6
:10CED00040F3FD80019819F8065030F816804FEAAB
:10CEE000E50A28F4FC600AFB00FA4FF61F0B08F471
:10CEF000FC680BEA5A1005FB08F80AF6010A82449E
:10CF000008F1200000EB1820000A0BEA5A1B00F47D
:10CF1000FC604BEA000B013700F1E680BE4240F3B3
:10CF2000E380002900F0E3800136019819F80670CB
:10CF300030F816004FEAE70920F4FC6600F4FC60C4
:10CF400009FB06F907FB00F84FF61F0000EA591A23
:10CF500009F60109D14400EA591608F1200000EB56
:10CF60001820000A00F4FC6030438EB21FFA8EF9DC
:10CF700006FB09F84FEA044AC8EB091936010AF022
:10CF8000FC6A24F4FC6401964AEA04041FFA89F658
:10CF90004FEA024A11FB0EF9C9F3C70902960AF0DB
:10CFA000FC6A264622F4FC62CEF11004641A4AEAB6
:10CFB0000202C9EB41014FEA004A4A4309EB44042B
:10CFC0000AF0FC6A20F4FC6004FB06244AEA000034
:10CFD00009FB00424FEA0B4404F0FC642BF4FC6BA9
:10CFE00044EA0B0B019C029E0399C4F58074A41BB8
:10CFF000019E08889DF85010A6EB0806B6B2A4B2B0
:10D0000073430CFB0433029C04FB053508FB0757F4
:10D01000C9EB4E0E89B20EFB0B2EC7F307274F4309
:10D020004FEA5E524FEA5E1E02F4FC627B1C2EF455
:10D03000FC6E42EA0E0E03EB17271FFA8EF2031264
:10D040006FEA1727FFB2151203F0F80313FB07F37B
:10D0500005F0F80505FB0135C310D41003F0FC03FF
:10D0600013FB07F304F0FC0404FB0134C300D200FB
:10D07000DBB213FB07F3D2B202FB0131ADB289B2CE
:10D08000A4B26B1C03EB1525621C4B1C03EB112394
:10D0900002EB142405F47845C3F3C42364092B433D
:10D0A00004F4FC64039A2343138005B0BDE8F08FB9
:10D0B0004FF0000C6446D6E600239C461A461C46F8
:10D0C000F8E600231A46F5E60B460A46F2E6002586
:10D0D000AB4620E700273D463846BB4645E7774646
:10D0E00075467046F34640E7002738463DE70F4651
:10D0F00008463AE72DE9F04F97B014920893259A25
:10D100009DF8A43012931191DDE926131590506813
:10D11000126800FB031302EB43030993289B1B686F
:10D120000B93289B5B680C93BDF848300A93119BC6
:10D13000002B03DC149B002B40F3CB83289BB3F91B
:10D140000810B3F90C20481E551E089B002B40F315
:10D15000A381219E229B36144FEA234306D48642A4
:10D1600004DA002B02DBAB42C0F29781013600F1FA
:10D170008481B142C0F28181013300F17E819A4203
:10D18000C0F27B81089B099F13934FF61F06139BE8
:10D19000002B40F3A481229B219D1814219BC3F3F3
:10D1A0000331229BC3F3033C289B2D14D3E90223B4
:10D1B00000F1F88102F1FF3E754580F2F38100280D
:10D1C000C0F2F08103F1FF3E704580F2EB810C9BD1
:10D1D00012B200FB02501FFA81FE03EB000A4FEA75
:10D1E0000E1513F800909AF80180C5F580739BB274
:10D1F000BCF1000F00F0B9811AF802400D940AEB5F
:10D20000020B1FFA8CFA0AFB0EFECEEB0A1A1FFA6B
:10D210008AFAA5EB0E059BF801400E94A3EB0A03D6
:10D22000ADB20D9C9BB208FB05F509FB03530AFB4D
:10D2300004330E9C0EFB0433C3F30723002B00F0D2
:10D240000F810B9CB9F1FF0F04EB400534F810007F
:10D2500000F0908120F4FC6E4FEAE90A00F4FC60D3
:10D2600009FB00F00AFB0EFE06EA5E1900F1200B36
:10D270000EF6010ECE440BEB10294FEA192906EAEF
:10D280005E1E09F4FC694EEA0909B8F1FF0F6888CF
:10D2900019D020F4FC6E4FEAE80A00F4FC6008FBA9
:10D2A00000F80AFB0EFE06EA5E1008F1200B0EF6EF
:10D2B000010E86440BEB1820000A06EA5E1E00F4FD
:10D2C000FC604EEA00004FEA094E4FEA004A0EF0B9
:10D2D000FC6E29F4FC690AF0FC6A20F4FC604EEA5A
:10D2E00009094AEA0000BCF1000F00F0458102F193
:10D2F0000042013A52000D9C0232FF2C05EB020E57
:10D30000AA5A18D022F4FC6502F4FC6204FB02FA6B
:10D310004FEAE40808FB05F80AF1200506EA58126E
:10D3200005EB1A2508F6010842442D0A06EA5212B6
:10D3300005F4FC652A430E9CBEF80250FF2C1AD05F
:10D3400025F4FC6E05F4FC6504FB05FA4FEAE408DD
:10D3500008FB0EF80AF1200E06EA58150EEB1A2EFD
:10D3600008F6010845444FEA1E2E06EA55150EF44C
:10D37000FC6E45EA0E051CFB01FE4FEAEE0ECCF1F9
:10D380001008A8EB01084FEA024ACEEB41010EEB70
:10D3900048084FEA054B41430AF0FC6A22F4FC625C
:10D3A0004AEA0202CEEB4C0C09FB08110BF0FC6BB5
:10D3B00025F4FC650CFB02114BEA05050EFB051E6E
:10D3C0004FEA5E524FEA5E1E02F4FC622EF4FC6EDF
:10D3D00042EA0E0E1FFA8EF2FF2B03D11299FF299B
:10D3E00000F0DE800A9938880A9C4B4303F1010C57
:10D3F0000CEB23236FEA23235FFA83FC031215123D
:10D4000003F0F80313FB0CF305F0F80505FB0135F9
:10D41000C310D11003F0FC0313FB0CF301F0FC016B
:10D4200001FB0431C300D200DBB2D2B213FB0CF318
:10D43000ADB202FB04339AB26B1C89B203EB152523
:10D44000531C03EB12234A1C02EB112105F478450F
:10D45000C3F3C42349092B4301F4FC610B433B8014
:10D46000219B239A13442193229A249B1A44139BB1
:10D470002292013B0237139389E6219B239E229C33
:10D4800033442193249B1C44089B2294013B089322
:10D49000099B0233099358E628D0089B2398219DC5
:10D4A000013B00FB035000143FF56CAE013988428C
:10D4B000BFF668AE2499229801FB03031B143FF5C5
:10D4C00061AE013A9342BFF65DAE089BDDF824E001
:10D4D00013934FF61F06139B002B00F38280089BCB
:10D4E00023EAE374099B03EB44030993119B002B8C
:10D4F00040F3EF8130EE040AB7EE007AC7EE007A0F
:10D50000209B70EEA40A31EE051A20EEA77AF0EE09
:10D51000626A61EE277AFEEEC86A77EE622ACDED86
:10D52000216AFEEEC82AF0EE436A37EEC33A12EEE5
:10D53000902ABEEEC83A92FBF3F313EE102A23931F
:10D54000209B92FBF3F32493119B149A013BFEEE74
:10D55000C86A1193209BCDED226A08BF1346089339
:10D56000B0EE673AF0EE472AE1E508FB05F509FB66
:10D57000035361E6814688E6C1F11002414309FB8D
:10D5800002194FEA49094FEA59524FEA591902F470
:10D59000FC6229F4FC6942EA09091FFA89F21BE7D7
:10D5A0003A805DE715F1010E3FF55AAF7245FFF67F
:10D5B00057AF10F1010E3FF553AF7345FFF650AF73
:10D5C000129C02951BB212B2CDE9030101930092A5
:10D5D000CDE905C4DDE90B2339461598FFF704FCB6
:10D5E0003EE7219BC3F30332229BC3F30335289B01
:10D5F000B3F90810229B1F14219B1B1401FB073752
:10D600000C9B1FFA82FC03EB070A4FEA0C1013F87D
:10D6100007909AF80180C0F580739BB2002D00F04E
:10D620003D811AF801400F940AEB010B1FFA85FAAD
:10D630000AFB0CFCCCEB0A1A1FFA8AFAA0EB0C00CE
:10D64000A3EB0A0380B208FB00F09BB209FB0303C3
:10D650000F989BF8014010940AFB00330CFB043335
:10D66000C3F30723002B00F00B810B980B9CB9F13F
:10D67000FF0F00EB470034F8177000F0148127F417
:10D68000FC6C4FEAE90A07F4FC6709FB07F70AFBA1
:10D690000CFC06EA5C1907F1200B0CF6010CCC44DB
:10D6A0000BEB17294FEA192906EA5C1C09F4FC69FF
:10D6B0004CEA0909B8F1FF0F478819D027F4FC6C30
:10D6C0004FEAE80A07F4FC6708FB07F80AFB0CFCC2
:10D6D00006EA5C1708F1200B0CF6010CBC440BEBBE
:10D6E00018273F0A06EA5C1C07F4FC674CEA0707A8
:10D6F0004FEA094C4FEA074A0CF0FC6C29F4FC692C
:10D700000AF0FC6A27F4FC674CEA09094AEA0707B1
:10D71000002D00F0CA8001F10041013949000231B9
:10D7200000EB010C415A0F98FF2819D00F9C21F4EF
:10D73000FC6001F4FC6104FB01FA4FEAE40808FB19
:10D7400000F80AF1200006EA581100EB1A2008F64A
:10D7500001084144000A06EA511100F4FC6001434B
:10D76000109CBCF80200FF2C1AD020F4FC6C00F4D2
:10D77000FC6004FB00FA4FEAE40808FB0CF80AF12D
:10D78000200C06EA58100CEB1A2C08F6010840444D
:10D790004FEA1C2C06EA50100CF4FC6C40EA0C001A
:10D7A00015FB02FC4FEAEC0CC5F11008A8EB0208CF
:10D7B0004FEA014ACCEB42027A434FEA004B0CEBB2
:10D7C00048080AF0FC6A21F4FC6109FB08224AEAD5
:10D7D0000101CCEB45050BF0FC6B20F4FC6005FB74
:10D7E00001224BEA00000CFB0022570D520907F4FE
:10D7F000FC6722F4FC623A43FF2B92B202D11299E9
:10D80000FF2963D00A98BEF800100A9C4343581CB5
:10D8100000EB23236FEA23230812DBB2151200F07A
:10D82000F80010FB03F0CF1005F0F805C90005FB68
:10D830000405C9B2D010D20011FB03F1D2B207F037
:10D84000FC0702FB041217FB03F7ADB292B200F023
:10D85000FC0000FB04706B1C571C03EB152507EB49
:10D86000122780B2C7F3C42705F478453D43471C0F
:10D8700007EB10277F0907F4FC673D43AEF8005023
:10D88000219B239A13442193229A249B1A44139B8D
:10D890002292013B0EF1020E13931CE608FB00F0EE
:10D8A00009FB0303DCE6B94604E7C2F110017A4341
:10D8B00009FB01294FEA49094FEA59504FEA591229
:10D8C00000F4FC6022F4FC62024395E7AEF800200D
:10D8D000D6E717B0BDE8F08F2DE9F04F85B0DDE950
:10D8E0001070BDF93860039100FB067403EB44052A
:10D8F0000028BDF93CB09DF848109DF84CE001951A
:10D9000002EB0409C0F24181834540F33E81002FC0
:10D91000C0F23781BE4240F3348112F804C033F8BC
:10D9200014304FEAEC0223F4FC65554303F4FC6326
:10D930004FF61F040CFB03F204EA551305F601052C
:10D940001D4402F1200303EB12231B0A04EA5514C1
:10D9500003F4FC631C437B1C00F11C819E4240F3DA
:10D960001981002900F01981019A99F80130558830
:10D970004FEAE30825F4FC6208FB02F805F4FC65B5
:10D980004FF61F0202EA581A5D4308F60108D04418
:10D9900005F1200A0AEB15252D0A02EA581205F4B2
:10D9A000FC652A43013000F1FE80834540F3FB8093
:10D9B000BEF1000F00F0FC80002FC0F2F180BE42EB
:10D9C00040F3EE80019819F8065030F816804FEABF
:10D9D000E50A28F4FC600AFB00FA4FF61F0B08F476
:10D9E000FC680BEA5A1005FB08F80AF6010A8244A3
:10D9F00008F1200000EB1820000A0BEA5A1B00F483
:10DA0000FC604BEA000B013700F1D780BE4240F3C7
:10DA1000D480002900F0D4800136019819F80670EE
:10DA200030F816004FEAE70920F4FC6600F4FC60C9
:10DA300009FB06F907FB00F84FF61F0000EA591A28
:10DA400009F60109D14400EA591608F1200000EB5B
:10DA50001820000A00F4FC6030438EB21FFA8EF9E1
:10DA600006FB09F84FEA044AC8EB091936010AF027
:10DA7000FC6A24F4FC6401964AEA04041FFA89F65D
:10DA80004FEA024A11FB0EF9C9F3C70902960AF0E0
:10DA9000FC6A264622F4FC62CEF11004641A4AEABB
:10DAA0000202C9EB41014FEA004A4A4309EB440430
:10DAB0000AF0FC6A20F4FC6004FB06244AEA000039
:10DAC00009FB00424FEA0B4404F0FC6401980399FF
:10DAD0002BF4FC6B44EA0B0B029C0988C0F58070A8
:10DAE000001B019CA4EB0806B6B280B273430CFB8A
:10DAF00000330298C9EB4E0E00FB05350EFB0B2ED2
:10DB000008FB07574FEA5E520B124FEA5E1E6FEAA0
:10DB10002727FFB202F4FC62C8102EF4FC6E03F05B
:10DB2000F803C9007B4342EA0E0EC9B200F0FC00C4
:10DB30001FFA8EF278434F43591C01EB1321131245
:10DB400023F0070303EB1123411C01EB1020D1103C
:10DB500021F0030101EB10211B02C90001F4FC615B
:10DB600003F478430B43791C01EB1727D20002EB37
:10DB70001722C2F3C4021A43039B1A8005B0BDE802
:10DB8000F08F4FF0000C6446E5E600239C461A46F1
:10DB90001C4607E700231A4604E70B460A4601E73E
:10DBA0000025AB462FE700273D463846BB4654E7E5
:10DBB000774675467046F3464FE7002738464CE7F0
:10DBC0000F46084649E700002DE9F04F93B0109248
:10DBD000219A0E910693DDE9221311905068126884
:10DBE00000FB031302EB43030793249B1B6808937A
:10DBF000249B5B6809930E9B002B03DC109B002B7E
:10DC000040F3B483249BB3F90810B3F90C20481EE9
:10DC1000551E069B002B40F363811D9E1E9B3614F0
:10DC20004FEA234306D4864204DA002B02DBAB42E0
:10DC3000C0F25781013600F14481B142C0F2418106
:10DC4000013300F13E819A42C0F23B81069B079F5F
:10DC50000F934FF61F060F9B002B40F364811E9B12
:10DC60001D9D18141D9BC3F303311E9BC3F3033C7E
:10DC7000249B2D14D3E9022300F1EE8102F1FF3E33
:10DC8000754580F2E9810028C0F2E68103F1FF3E8C
:10DC9000704580F2E181099B12B200FB02501FFA2D
:10DCA00081FE03EB000A4FEA0E1513F800909AF874
:10DCB0000180C5F580739BB2BCF1000F00F0798143
:10DCC0001AF802400A940AEB020B1FFA8CFA0AFBBC
:10DCD0000EFECEEB0A1A1FFA8AFAA5EB0E059BF888
:10DCE00001400B94A3EB0A03ADB20A9C9BB208FB64
:10DCF00005F509FB03530AFB04330B9C0EFB0433AD
:10DD0000C3F30723002B00F0CF80089CB9F1FF0F6D
:10DD100004EB400534F8100000F0508120F4FC6E54
:10DD20004FEAE90A00F4FC6009FB00F00AFB0EFE72
:10DD300006EA5E1900F1200B0EF6010ECE440BEB45
:10DD400010294FEA192906EA5E1E09F4FC694EEA19
:10DD50000909B8F1FF0F688819D020F4FC6E4FEA6A
:10DD6000E80A00F4FC6008FB00F80AFB0EFE06EA75
:10DD70005E1008F1200B0EF6010E86440BEB182006
:10DD8000000A06EA5E1E00F4FC604EEA00004FEA5C
:10DD9000094E4FEA004A0EF0FC6E29F4FC690AF0C5
:10DDA000FC6A20F4FC604EEA09094AEA0000BCF172
:10DDB000000F00F0058102F10042013A52000A9C76
:10DDC0000232FF2C05EB020EAA5A18D022F4FC6591
:10DDD00002F4FC6204FB02FA4FEAE40808FB05F8CF
:10DDE0000AF1200506EA581205EB1A2508F6010883
:10DDF00042442D0A06EA521205F4FC652A430B9CA4
:10DE0000BEF80250FF2C1AD025F4FC6E05F4FC6518
:10DE100004FB05FA4FEAE40808FB0EF80AF1200EAD
:10DE200006EA58150EEB1A2E08F6010845444FEA8B
:10DE30001E2E06EA55150EF4FC6E45EA0E051CFB77
:10DE400001FE4FEAEE0ECCF11008A8EB01084FEAF4
:10DE5000024ACEEB41010EEB48084FEA054B414325
:10DE60000AF0FC6A22F4FC624AEA0202CEEB4C0C95
:10DE700009FB08110BF0FC6B25F4FC650CFB02118F
:10DE80004BEA05050EFB051E4FEA5E524FEA5E1E89
:10DE900002F4FC622EF4FC6E42EA0E0E1FFA8EF2C1
:10DEA000FF2B40F0A1803A801D9B1F9A13441D93C5
:10DEB0001E9A209B1A440F9B1E92013B02370F9320
:10DEC000C9E61D9B1F9E1E9C33441D93209B1C4432
:10DED000069B1E94013B0693079B0233079398E62B
:10DEE00028D0069B1F981D9D013B00FB035000148A
:10DEF0003FF5ACAE01398842BFF6A8AE20991E9816
:10DF000001FB03031B143FF5A1AE013A9342BFF698
:10DF10009DAE069BDDF81CE00F934FF61F060F9B8E
:10DF2000002B00F3B680069B23EAE374079B03EB08
:10DF3000440307930E9B002B40F3188230EE040A33
:10DF4000B7EE007AC7EE007A1C9B70EEA40A31EEA1
:10DF5000051A20EEA77AF0EE626A61EE277AFEEEED
:10DF6000C86A77EE622ACDED1D6AFEEEC82AF0EE91
:10DF7000436A37EEC33A12EE902ABEEEC83A92FBDD
:10DF8000F3F313EE102A1F931C9B92FBF3F32093E1
:10DF90000E9B109A013BFEEEC86A0E931C9BCDEDC2
:10DFA0001E6A08BF13460693B0EE673AF0EE472AA2
:10DFB00021E608FB05F509FB0353A1E68146C8E607
:10DFC000C1F11002414309FB02194FEA49094FEA26
:10DFD00059524FEA591902F4FC6229F4FC6942EAE9
:10DFE00009091FFA89F25BE7B7F800C0DB434FEA83
:10DFF0002C205FFA83FE00F0F80000FB0EF0411CBD
:10E0000001EB102011124FEAEC0521F0070101EBA2
:10E01000102105F0FC05D74805FB0EF5C9B200EA52
:10E020000120691C01EB1525D11021F003014FEAF5
:10E03000CC0301EB1521DBB2C90003FB0EF301F4A5
:10E04000FC610143581C00EB1323D20002EB1322A6
:10E05000C2F3C4020A4326E715F1010E3FF524AFCF
:10E060007245FFF621AF10F1010E3FF51DAF73456C
:10E07000FFF61AAF1BB212B2CDE9041CCDE9025073
:10E08000019300923946DDE908321198FFF724FC2C
:10E090000AE71D9BC3F303321E9BC3F30335249B86
:10E0A000B3F908101E9B1F141D9B1B1401FB07379F
:10E0B000099B1FFA82FC03EB070A4FEA0C1013F8C6
:10E0C00007909AF80180C0F580739BB2002D00F094
:10E0D000FE801AF801400C940AEB010B1FFA85FA36
:10E0E0000AFB0CFCCCEB0A1A1FFA8AFAA0EB0C0014
:10E0F000A3EB0A0380B208FB00F09BB209FB030309
:10E100000C989BF801400D940AFB00330CFB043380
:10E11000C3F30723002B00F0CC800898089CB9F1CA
:10E12000FF0F00EB470034F8177000F0D58027F49C
:10E13000FC6C4FEAE90A07F4FC6709FB07F70AFBE6
:10E140000CFC06EA5C1907F1200B0CF6010CCC4420
:10E150000BEB17294FEA192906EA5C1C09F4FC6944
:10E160004CEA0909B8F1FF0F478819D027F4FC6C75
:10E170004FEAE80A07F4FC6708FB07F80AFB0CFC07
:10E1800006EA5C1708F1200B0CF6010CBC440BEB03
:10E1900018273F0A06EA5C1C07F4FC674CEA0707ED
:10E1A0004FEA094C4FEA074A0CF0FC6C29F4FC6971
:10E1B0000AF0FC6A27F4FC674CEA09094AEA0707F7
:10E1C000002D00F08B8001F100410139490002313E
:10E1D00000EB010C415A0C98FF2819D00C9C21F43B
:10E1E000FC6001F4FC6104FB01FA4FEAE40808FB5F
:10E1F00000F80AF1200006EA581100EB1A2008F690
:10E2000001084144000A06EA511100F4FC60014390
:10E210000D9CBCF80200FF2C1AD020F4FC6C00F41A
:10E22000FC6004FB00FA4FEAE40808FB0CF80AF172
:10E23000200C06EA58100CEB1A2C08F60108404492
:10E240004FEA1C2C06EA50100CF4FC6C40EA0C005F
:10E2500015FB02FC4FEAEC0CC5F11008A8EB020814
:10E260004FEA014ACCEB42027A434FEA004B0CEBF7
:10E2700048080AF0FC6A21F4FC6109FB08224AEA1A
:10E280000101CCEB45050BF0FC6B20F4FC6005FBB9
:10E2900001224BEA00000CFB0022570D520907F443
:10E2A000FC6722F4FC623A43FF2B92B227D1AEF80E
:10E2B00000201D9B1F9A13441D931E9A209B1A44F5
:10E2C0000F9B1E92013B0EF1020E0F9327E608FBF7
:10E2D00000F009FB03031BE7B94643E7C2F1100155
:10E2E0007A4309FB01294FEA49094FEA59504FEA9D
:10E2F000591200F4FC6022F4FC620243D4E7BEF839
:10E3000000701C4CDB4338125FFA83FC00F0F8000D
:10E31000FD1000FB0CF005F0FC0505FB0CF1451CA5
:10E3200005EB1020151225F0070505EB10204D1CFC
:10E3300005EB1125D11021F00301FB0001EB1521A4
:10E34000DBB2C0B2C90003FB0CF301F4FC6104EAC8
:10E3500000200843591C01EB1323D20002EB1323C6
:10E36000C3F3C4031843AEF80000A2E713B0BDE83E
:10E37000F08F00BF00F8FFFF2DE9F047DDE9094508
:10E3800005FB034C002DBDF920A09DF82C909DF8B5
:10E3900030709DF83460088802EB4C0EC0F2A78004
:10E3A000AA4540F3A480002CC0F29F80A34240F312
:10E3B0009C8032F81C80621C00F19C80934240F3E8
:10E3C0009980B9F1000F00F09580BEF802C00135C8
:10E3D00000F19480AA4540F39180002F00F08E80D8
:10E3E000002CC0F28980A34240F386803EF813508F
:10E3F000013400F18680A34240F38380B9F1000F1D
:10E400007FD001333EF813304FEA084404F0FC6437
:10E4100028F4FC6819FB07FE44EA08084FEA0C449C
:10E42000CEF3C70EC7F1100204F0FC642CF4FC6CB0
:10E4300044EA0C0CA2EB0902CEEB49040EEB4202BB
:10E4400004FB0CF402FB08481A0402F0FC6223F4FB
:10E45000FC6313432A0402F0FC6225F4FC650EFB06
:10E4600003832A43CEEB470707FB0232530D5209C1
:10E4700003F4FC6322F4FC621A4393B2B4B20212B6
:10E48000F643F6B21D1202F0F80212FB06F2C710B4
:10E4900005F0F805C00005FB0425C0B2DA10DB006A
:10E4A000DBB207F0FC0710FB06F0ADB203FB040083
:10E4B00002F0FC0217FB06F780B26B1C02FB047231
:10E4C00092B203EB1525431C03EB1023501C00EB09
:10E4D000122205F47845C3F3C42352092B4302F4F6
:10E4E000FC6213430B80BDE8F087804663E78446F7
:10E4F00080466CE784466AE7054679E703460546A9
:10E5000082E7034680E72DE9F04F93B01D46109255
:10E51000219B9DF894200B92DDE922270A915968EE
:10E520001B68119001FB072703EB47030793249B0C
:10E530001B6809930B9BDDE91D46DB43DBB20893A7
:10E540000A9B002B03DC109B002B40F30382249BCF
:10E55000B3F90810B3F90C20481E02F1FF3C002D5E
:10E5600040F3DA805FEA244E4FEA264306D486451C
:10E5700004DA002B02DB6345C0F2CF801EF1010EEE
:10E5800000F1C1807145C0F2BE80013300F1BB8053
:10E590009A42C0F2B880DDF81C80A946B9F1000F9C
:10E5A00040F3D880249B21144FEA2640C4F3033261
:10E5B000C6F3033CD3E902E300F111810EF1FF3A07
:10E5C000514580F20C810028C0F2098103F1FF3A25
:10E5D000504580F204810FFA8EF300FB0311099875
:10E5E00000EB410A30F811E0BAF80210BCF1000F5C
:10E5F00007D05B000AEB03003AF803300C93438822
:10E600000D934FEA0E4012FB0CF32EF4FC6E4FEA12
:10E61000014A00F0FC60DB1040EA0E000AF0FC6AE0
:10E62000CCF1100E21F4FC61AEEB020E4AEA0101BE
:10E63000C3EB420251430D9A089F03EB4E0E0EFBB3
:10E64000001E100400F0FC6022F4FC6210430C9ADF
:10E650000C99120403FB00E002F0FC6221F4FC6E52
:10E6600042EA0E02C3EB4C0303FB02035A0D5B09A3
:10E67000B8F8000002F4FC6223F4FC6313439BB27D
:10E680000112BDF82C204FEA232C01F0F80111FBF8
:10E6900007F14FEAE00E0CF0F80CC0000CFB021C76
:10E6A000C0B2D910DB000EF0FC0EDBB210FB07F09D
:10E6B0001FFA8CFC03FB020301F0FC011EFB07FEAA
:10E6C00001FB02E19AB20CF1010389B203EB1C2CAD
:10E6D000531C03EB12234A1C02EB11210CF4784C5F
:10E6E000C3F3C423490943EA0C0301F4FC610B435F
:10E6F000A8F800301F9B1C44209B08F102081E4410
:10E7000009F1FF394AE71F9B1C44209B1E44079BCD
:10E710000233013D079322E722D01F986B1E00FBB6
:10E72000034000143FF537AF01398842BFF633AFDD
:10E73000209901FB03631B143FF52DAF013A93426F
:10E74000BFF629AFDDF81C90BDF82CA0A846B8F1A3
:10E75000000F5EDC079B25EAE57503EB4503079395
:10E760000A9B002B40F3F68030EE040AB7EE007AE5
:10E77000C7EE007A1C9B70EEA40A31EE051A20EE5B
:10E78000A77AF0EE626A61EE277AFEEEC86A77EE4B
:10E79000622A16EE904AFEEEC82AF0EE436A37EE81
:10E7A000C33A12EE902ABEEEC83A92FBF3F313EE90
:10E7B000102A1F931C9B92FBF3F320930A9B109A41
:10E7C000013BFEEEC86A0A931C9B16EE906A14BFCA
:10E7D0001D461546B0EE673AF0EE472AB0E611F155
:10E7E000010A87D4D64585DB10F1010A82D453454E
:10E7F00080DB0B9F01911BB2CDE902020093CDE9B2
:10E8000004C70FFA8EF3099A11984146FFF7B4FD39
:10E8100070E7249B099FB3F908103014231401FBFF
:10E820000030099B37F810C003EB4003C6F3033EEA
:10E83000C4F303325888BEF1000F0BD001F1004140
:10E8400001394900023103EB010B5B5A0E93BBF80F
:10E8500002300F934FEA0C4112FB0EF32CF4FC6CC8
:10E860004FEA004B01F0FC61DB1041EA0C010BF0B8
:10E87000FC6BCEF1100C20F4FC60ACEB020C4BEA0C
:10E880000000C3EB420250430F9A089F03EB4C0C6D
:10E890000CFB010C4FEA024B22F4FC610E9A0E981D
:10E8A0000BF0FC6B12044BEA010120F4FC6002F057
:10E8B000FC6203FB01C10243C3EB4E0303FB0212E4
:10E8C0004FEA525B520922F4FC630BF4FC6BB9F87B
:10E8D00000204BEA03039BB21112181201F0F80159
:10E8E00011FB07F14FEAE20C00F0F800D20000FB48
:10E8F0000A100CF0FC0CD910D2B2DB001CFB07FC98
:10E9000012FB07F201F0FC01DBB280B201FB0AC18D
:10E9100003FB0A239BB289B2421C02EB102001F1D7
:10E92000010C5A1C02EB13220CEB112C1F9B00F460
:10E930007840C2F3C4224FEA5C1C10430CF4FC6C18
:10E940001C44209B40EA0C0029F8020B1E4408F1ED
:10E95000FF38FCE613B0BDE8F08F2DE9F043DDE9A8
:10E96000084E0EFB0347BEF1000FBDF91C909DF849
:10E9700028509DF82C60088802EB470860DBF145C1
:10E980005EDD002C5ADBA34258DD32F817C0621C52
:10E9900059D4934257DD002D55D0B8F802701EF1BE
:10E9A000010E54D4F14552DD002E50D0002C4CDB2A
:10E9B000A3424ADD38F81320013405D4A34203DD15
:10E9C00015B1013338F813004FEA0C4315FB06F478
:10E9D00003F0FC634FEA074E2CF4FC6CC4F3C7044D
:10E9E00043EA0C0C0EF0FC6EC6F1100327F4FC6732
:10E9F0005B1B4EEA0707C4EB450504EB43037D436D
:10EA000003FB0C5C030403F0FC6320F4FC6018437C
:10EA1000130403F0FC6322F4FC62134304FB00C004
:10EA2000C4EB460606FB0300430D400903F4FC63F8
:10EA300020F4FC6018430880BDE8F0838446A6E714
:10EA400007468446ABE70746A9E70246B4E7024615
:10EA5000BAE72DE9F04F8FB01D461D9B0C92DDE902
:10EA60001E27079159681B680D9001FB072703EBD0
:10EA70004707209BDDE91946D3F80080079B002B50
:10EA800003DC0C9B002B40F38181209BB3F9081021
:10EA9000B3F90C20481E02F1FF3C002D40F39B808F
:10EAA0005FEA244E4FEA264306D4864504DA002B5B
:10EAB00002DB6345C0F290801EF1010E00F18480FC
:10EAC0007145C0F2818001337ED49A427CDBAA4634
:10EAD000B946BAF1000F40F39980209B21144FEA08
:10EAE0002640C4F30332C6F3033CD3E902E300F14A
:10EAF000D0800EF1FF3B594580F2CB800028C0F258
:10EB0000C88003F1FF3B584580F2C3800FFA8EFEA8
:10EB100000FB0E1108EB410038F811B04188BCF140
:10EB2000000F0BD00EF10043013B5B00023300EB02
:10EB3000030EC35A0893BEF8023009934FEA0B4004
:10EB400000F0FC602BF4FC6B40EA0B0012FB0CF3B2
:10EB50004FEA014BDB10CCF1100E0BF0FC6B21F4F3
:10EB6000FC61AEEB020E4BEA0101C3EB42025143E2
:10EB7000099A03EB4E0E0EFB001E100400F0FC6021
:10EB800022F4FC621043089A0899120403FB00E087
:10EB900002F0FC6221F4FC6E42EA0E02C3EB4C036D
:10EBA00003FB02035A0D5B0902F4FC6223F4FC63CD
:10EBB0001343A9F800301B9B1C441C9B09F102095C
:10EBC0001E440AF1FF3A84E71B9B1C441C9B013D39
:10EBD0001E44023761E71DD01B986B1E00FB0340EB
:10EBE00000143FF574AF01398842BFF670AF1C992D
:10EBF00001FB03631B143FF56AAF013A9342BFF672
:10EC000066AFA946BA46B9F1000F5ADC25EAE575A8
:10EC100007EB4507079B002B40F3B88030EE040A52
:10EC2000B7EE007AC7EE007A189B70EEA40A31EEB8
:10EC3000051A20EEA77AF0EE626A61EE277AFEEE00
:10EC4000C86A77EE622A16EE904AFEEEC82AF0EE07
:10EC5000436A37EEC33A12EE902ABEEEC83A92FBF0
:10EC6000F3F313EE102A1B93189B92FBF3F31C9300
:10EC7000079B0C9A013BFEEEC86A0793189B16EEA1
:10EC8000906A14BF1D461546B0EE673AF0EE472A6B
:10EC9000F4E611F1010B8ED4DE458CDB10F1010B93
:10ECA00089D45B4587DB1BB2CDE90110CDE9032C8C
:10ECB000009342460FFA8EF349460D98FFF74DFE3A
:10ECC00079E7209BB3F908302014311403FB0101CC
:10ECD00008EB4100C6F3033E38F811C04188C4F385
:10ECE0000332BEF1000F0BD003F10043013B5B0088
:10ECF000023300EB030BC35A0A93BBF802300B93A9
:10ED00004FEA0C4012FB0EF32CF4FC6C4FEA014B63
:10ED100000F0FC60DB1040EA0C000BF0FC6BCEF165
:10ED2000100C21F4FC61ACEB020C4BEA0101C3EBCB
:10ED3000420251430B9A03EB4C0C0CFB001C4FEAB4
:10ED4000024B22F4FC600A9A0A990BF0FC6B120445
:10ED50004BEA000002F0FC6221F4FC6B03FB00C0F4
:10ED600042EA0B0BC3EB4E0303FB0B00430D4009C0
:10ED700003F4FC6320F4FC6018431B9B2AF8020B8D
:10ED80001C441C9B09F1FF391E443CE70FB0BDE851
:10ED9000F08F2DE9F04F85B0DDE90F740291002C62
:10EDA00004FB0371BDF938E09DF844609DF848000C
:10EDB00002EB810CC0F21B81A64540F31881002FA5
:10EDC000C0F21381BB4240F3108152F821507A1CEB
:10EDD00000F11081934240F30D81002E00F00C8170
:10EDE000DCF80410013400F10B81A64540F30881E2
:10EDF000002800F00881002FC0F20081BB4240F3E0
:10EE0000FD805CF82340013700F10081BB4240F3F4
:10EE1000FD80002E00F0FC8001335CF82320B6B2A8
:10EE200080B200FB06FECEEB00103601A6EB0E070B
:10EE300080B2C6F580734FEA116ABFB21B1A4FEA5F
:10EE4000156B9BB20AFB07F64FEA14690BFB0366CE
:10EE50004FEA126800FB09660EFB0866C6F3072638
:10EE60000096002E00F0BE8005F0FF1C0BFB0CFC92
:10EE700005F47F450BFB05F54FEA1C2B0BF0FF1B40
:10EE80000CF1011CDC444FEA1C2C01950CF0FF1521
:10EE90000395019D029E05F5807C0CEB152501F084
:10EEA000FF1C0AFB0CFC4FEA152B4FEA1C2505F052
:10EEB000FF150CF1011C654404F0FF1C04F47F44B1
:10EEC00009FB0CFC09FB04F909F5807404EB192912
:10EED00002F0FF1408FB04F401F47F4102F47F42C6
:10EEE00008FB02F80AFB01FA220A0AF5807102F017
:10EEF000FF1204F1011401EB1A2A14444FEA1C21F9
:10EF000008F580722D0A02EB182805F0FF15039A08
:10EF1000368801F0FF110CF1011C7D436144240A85
:10EF200002FB0355090A04F0FF1404FB0E5401F020
:10EF3000FF1101FB00414FEA1A2A090A0AF47F4A2D
:10EF400001F0FF1407FB0AF74FEA18280BF47F4182
:10EF500003FB01714FEA192908F47F480EFB081ED4
:10EF600009F47F4100FB01E19DF84C00009A87B253
:10EF70007A43090A531C01F47F41214303EB122316
:10EF800035120A0C6FEA1323DBB212FB07F205F00D
:10EF9000F80505FB0325C1F30724F210C8B2F600FB
:10EFA00014FB07F402F0FC02F6B210FB07F002FBC0
:10EFB0000342ADB206FB030399B294B26B1C03EBA0
:10EFC0001525621C4B1C03EB112302EB142205F4E4
:10EFD0007845C3F3C423520902F4FC622B43134364
:10EFE000029A138005B0BDE8F08F0025EFE60021FE
:10EFF0000D46F7E60021F5E63146F3E6002402E788
:10F00000002214460BE70246044608E7002206E702
:10F01000324604E72DE9F04F9DB0DDE9274619920D
:10F0200007932B9A9DF8BC301A931791DDE92C13A6
:10F030001B905068126800FB031302EB43030A9312
:10F040002E9B1B681093BDF868300B93179B002B09
:10F0500003DC199B002B40F375832E9BB3F908103A
:10F06000B3F90C20481E571E079B002B40F38E81DE
:10F070005FEA244C4FEA264306D4844504DA002B89
:10F0800002DBBB42C0F283811CF1010C00F17381F1
:10F090006145C0F27081013300F16D819A42C0F286
:10F0A0006A81079B0A9F1893189B002B40F38C8161
:10F0B0002E9A2E9BD2F80CE09B6822144FEA264C25
:10F0C000C4F30330C6F3033100F1CD8103F1FF38FF
:10F0D000424580F2C881BCF1000FC0F2C4810EF13C
:10F0E000FF38C44580F2BF811BB20CFB0322109D88
:10F0F00005EB820855F822204FEA126E002800F036
:10F10000A981D8F804500C952D0E139581B103F107
:10F110008043013B9B00043308EB030C58F8033099
:10F1200008931B0E1193DCF804300D931B0E1493FF
:10F1300080B289B200FB01F9C9EB01110001A0EB1B
:10F14000090889B2C0F580731398119D1FFA88F8D9
:10F150005B1A9BB208FB00F003FB0E0001FB0500ED
:10F16000149D09FB0500C0F30720002800F0FA8079
:10F17000BEF1FF0F1BD002F0FF1A0EFB0AFA02F4D9
:10F180007F420EFB02FE4FEA1A2202F0FF120AF142
:10F19000011A0EF5807C52440CEB1E2C120A4FEA29
:10F1A0001C2C02F0FF120CF47F4C42EA0C02139D5F
:10F1B000FF2D21D00C9D05F0FF1B139D05FB0BFBC4
:10F1C0000C9D05F47F4A139D4FEA1B2E05FB0AFA9E
:10F1D0000EF0FF1E0BF1011B0AF5807CDE440CEBE8
:10F1E0001A2A4FEA1E2E4FEA1A2A0EF0FF1E0AF4C0
:10F1F0007F4A4EEA0A050C95119DFF2D21D0089DEE
:10F2000005F0FF1B119D05FB0BFB089D05F47F4AD4
:10F21000119D4FEA1B2E05FB0AFA0EF0FF1E0BF1A3
:10F22000011B0AF5807CDE440CEB1A2A4FEA1E2EE5
:10F230004FEA1A2A0EF0FF1E0AF47F4A4EEA0A0528
:10F240000895149DFF2D21D00D9D05F0FF1B149DE9
:10F2500005FB0BFB0D9D05F47F4A149D4FEA1B2E09
:10F2600005FB0AFA0EF0FF1E0BF1011B0AF5807C6C
:10F27000DE440CEB1A2A4FEA1E2E4FEA1A2A0EF031
:10F28000FF1E0AF47F4A4EEA0A050D950C9D05F013
:10F29000FF1C089D02F0FF1E08FB0CFC03FB0ECCBC
:10F2A00005F0FF1E0D9D01FB0ECC05F0FF1E0C9D11
:10F2B00009FB0ECC05F47F4E08FB0EF802F47F42EA
:10F2C00003FB0282089B0B9D03F47F4A0D9B01FB0D
:10F2D0000A2203F47F4109FB01290B9A3B88424330
:10F2E0004FEA1C2C4FEA1929501C0CF0FF1C09F4A2
:10F2F0007F494CEA090C00EB122019124FEA1C421C
:10F300006FEA1020C0B212FB05F201F0F80101FB18
:10F310000021CCF3072EDA105FFA8CFCDB001CFB1B
:10F3200005FCDBB289B203FB00C31FFA83FC4B1C54
:10F3300003EB112102F0FC021EFB05FE0CF10103A0
:10F3400002FB00E203EB1C2392B201F47841C3F309
:10F35000C4230B43511C01EB1222520902F4FC623C
:10F3600013433B80299B1C442A9B1E44189B013B52
:10F370000237189398E6299B1C442A9B1E44079B3E
:10F38000013B07930A9B02330A936DE623D0079B48
:10F390002998013B00FB034000143FF582AE013980
:10F3A0008842BFF67EAE2A9901FB03631B143FF52A
:10F3B00078AE013A9342BFF674AEDDF81CB0DDF8CA
:10F3C0002890BBF1000F6CDC079B23EAE3750A9BD6
:10F3D00003EB45030A93179B002B40F3B38130EEF8
:10F3E000040AB7EE007AC7EE007A269B70EEA40AF4
:10F3F00031EE051A20EEA77AF0EE626A61EE277A06
:10F40000FEEEC86A77EE622A16EE904AFEEEC82A31
:10F41000F0EE436A37EEC33A12EE902ABEEEC83AD7
:10F4200092FBF3F313EE102A2993269B92FBF3F33E
:10F430002A93179B199A013BFEEEC86A1793269BE5
:10F4400008BF134616EE906A0793B0EE673AF0EEE7
:10F45000472AFBE500293FF46BAE58F823300893A8
:10F460001B0E119364E612F101083FF57BAF434593
:10F47000FFF678AF1CF101083FF574AFC645FFF603
:10F4800071AF1A9D01920FFA8EF2CDE90415CDE904
:10F4900002C000921BB2109A1B983946FFF779FC04
:10F4A00060E72E9B109DB3F908102714331401FB5D
:10F4B000037305EB830755F82330C4F30332C6F317
:10F4C00003304FEA136C002A00F033817D680E95FB
:10F4D0002D0E159578B101F1804101398900043173
:10F4E00007EB010E79580991090E1291DEF804100C
:10F4F0000F91090E169192B280B202FB00F8C8EB90
:10F5000000101201A2EB080E80B2C2F580721599AC
:10F51000129D1FFA8EFE121A92B20EFB01F102FB2F
:10F520000C1100FB0511169D08FB0511C1F3072105
:10F53000002900F0F580BCF1FF0F19D003F0FF1A8D
:10F540000CFB0AFA03F47F430CFB03FC4FEA1A237B
:10F5500003F0FF130AF1011A0CF58077534407EB0F
:10F560001C271B0A3F0A03F0FF1307F47F473B43A6
:10F57000159DFF2D20D00E9D05F0FF17159D6F43A3
:10F580000E9D05F47F4A159D4FEA172C05FB0AFADC
:10F5900007F101170CF0FF1CBC440AF5807707EB5C
:10F5A0001A2A4FEA1C2C4FEA1A2A0CF0FF1C0AF404
:10F5B0007F4A4CEA0A050E95129DFF2D20D0099D29
:10F5C00005F0FF17129D6F43099D05F47F4A129DB8
:10F5D0004FEA172C05FB0AFA07F101170CF0FF1C84
:10F5E000BC440AF5807707EB1A2A4FEA1C2C4FEA35
:10F5F0001A2A0CF0FF1C0AF47F4A4CEA0A05099506
:10F60000169DFF2D20D00F9D05F0FF17169D6F430F
:10F610000F9D05F47F4A169D4FEA172C05FB0AFA49
:10F6200007F101170CF0FF1CBC440AF5807707EBCB
:10F630001A2A4FEA1C2C4FEA1A2A0CF0FF1C0AF473
:10F640007F4A4CEA0A050F950E9D05F0FF17099DAC
:10F6500003F0FF1C0EFB07F702FB0C7705F0FF1C05
:10F660000F9D00FB0C7705F0FF1C0E9D08FB0C772F
:10F6700005F47F4C0EFB0CFE03F47F4302FB03E317
:10F68000099A0B9D02F47F4A0F9A00FB0A3302F499
:10F690007F4C08FB0C3C0B9BB9F8000059433F0A18
:10F6A0004FEA1C2C0CF47F4C4B1C07F0FF1747EA69
:10F6B0000C0703EB112102123B0C6FEA1121C9B2B6
:10F6C00013FB05F302F0F80202FB0132C7F3072C2B
:10F6D000C310FFB2C000C0B217FB05F700FB0170FA
:10F6E00092B21CFB05FC80B203F0FC0303FB01C3D8
:10F6F000511C00F1010C01EB12220CEB102C9BB2FF
:10F70000CCF3C42C02F478424CEA020203F1010C5F
:10F710000CEB13235B0903F4FC631A43A9F80020E4
:10F72000299B1C442A9B09F102091E440BF1FF3B53
:10F7300047E600283FF4DFAE57F821100991090E83
:10F740001291D8E61DB0BDE8F08F2DE9F04F85B0DD
:10F75000DDE90F740291002C04FB0371BDF938E060
:10F760009DF844609DF8480002EB810CC0F20C81CA
:10F77000A64540F30981002FC0F20481BB4240F34B
:10F78000018152F821507A1C00F10181934240F32B
:10F79000FE80002E00F0FD80DCF80410013400F142
:10F7A000FC80A64540F3F980002800F0F980002F86
:10F7B0000CEB8302C0F2EF80BB4240F3EC805CF8BC
:10F7C0002340013700F1EF80BB4240F3EC80002E74
:10F7D00000F0EB805268B6B280B200FB06FECEEBC2
:10F7E00000103601A6EB0E0780B2C6F580734FEA13
:10F7F000116ABFB21B1A4FEA156B9BB207FB0AF6E0
:10F800004FEA14690BFB03664FEA126800FB0966B6
:10F810000EFB0866C6F307260096002E00F0AF80A8
:10F8200005F0FF1C0BFB0CFC05F47F450BFB05F5FD
:10F830004FEA1C2B0BF0FF1B0CF1011CDC444FEAC0
:10F840001C2C01950CF0FF150395019D029E05F5FA
:10F85000807C0CEB152501F0FF1C0AFB0CFC4FEA29
:10F86000152B4FEA1C2505F0FF150CF1011C654412
:10F8700004F0FF1C04F47F4409FB0CFC09FB04F9B1
:10F8800009F5807404EB192902F0FF1408FB04F455
:10F8900001F47F4102F47F4208FB02F80AFB01FAFF
:10F8A000220A0AF5807102F0FF1204F1011401EB43
:10F8B0001A2A14444FEA1C2108F580722D0A02EB23
:10F8C000182805F0FF15039A368801F0FF110CF196
:10F8D000011C7D436144240A02FB0355090A04F01C
:10F8E000FF1404FB0E5401F0FF1101FB00414FEA2D
:10F8F0001A2A090A0AF47F4A01F0FF144FEA18286D
:10F900000BF47F4107FB0AF703FB01714FEA19294A
:10F91000009B08F47F480EFB081E09F47F4100FBA2
:10F9200001E1DA433312D2B2F010090A03F0F8030E
:10F93000F600534301F47F4100F0FC00F6B221438E
:10F94000504356435A1C02EB13220B0C03EB1223B9
:10F95000421C02EB10200A0A02EB10221B02D2000A
:10F9600002F4FC6203F478431343721C02EB162684
:10F9700001EB1621C1F3C4011943029B198005B0A4
:10F98000BDE8F08F0025FEE600210D4606E70021C8
:10F9900004E7314602E7002413E7002214461AE781
:10F9A0000246044617E7002215E7324613E7000037
:10F9B0002DE9F04F9BB0DDE925461892299A169162
:10F9C0000793DDE92A1319905068126800FB0313AE
:10F9D00002EB43030A932C9B1B680F93169B002B8F
:10F9E00003DC189B002B40F386832C9BB3F9081093
:10F9F000B3F90C20481E571E079B002B40F366816D
:10FA00005FEA244C4FEA264306D4844504DA002BEF
:10FA100002DBBB42C0F25B811CF1010C00F14B81A7
:10FA20006145C0F24881013300F145819A42C0F23C
:10FA30004281079B0A9F1793179B002B40F3658118
:10FA40002C9A2C9BD2F80CE09B6822144FEA264C8F
:10FA5000C4F30331C6F3033000F1D58103F1FF385D
:10FA6000424580F2D081BCF1000FC0F2CC810EF192
:10FA7000FF38C44580F2C7811BB20CFB03220F9DE7
:10FA800005EB820855F822204FEA126E002900F09B
:10FA90008281D8F804500B952D0E129580B103F198
:10FAA0008043013B9B00043308EB030C58F8033000
:10FAB00008931B0E1093DCF804300C931B0E139369
:10FAC00089B280B201FB00F9C9EB00100901A1EB7A
:10FAD000090880B2C1F58071129B109D1FFA88F849
:10FAE000091A89B208FB03F301FB0E3300FB05334F
:10FAF000139D09FB0533C3F30723002B00F0D280CD
:10FB0000BEF1FF0F1BD002F0FF1A0EFB0AFA02F43F
:10FB10007F420EFB02FE4FEA1A2202F0FF120AF1A8
:10FB2000011A0EF5807C52440CEB1E2C120A4FEA8F
:10FB30001C2C02F0FF120CF47F4C42EA0C02129DC6
:10FB4000FF2D21D00B9D05F0FF1B129D05FB0BFB2C
:10FB50000B9D05F47F4A129D4FEA1B2E05FB0AFA06
:10FB60000EF0FF1E0BF1011B0AF5807CDE440CEB4E
:10FB70001A2A4FEA1E2E4FEA1A2A0EF0FF1E0AF426
:10FB80007F4A4EEA0A050B95109DFF2D21D0089D56
:10FB900005F0FF1B109D05FB0BFB089D05F47F4E38
:10FBA000109D05FB0EFA4FEA1B2E0EF0FF1E0BF107
:10FBB000011B0AF5807CDE440CEB1A2A4FEA1E2E4C
:10FBC0004FEA1A2A0EF0FF1E0AF47F4A4EEA0A058F
:10FBD0000895139DFF2D21D00C9D05F0FF1B139D53
:10FBE00005FB0BFB0C9D05F47F4A139D4FEA1B2E72
:10FBF00005FB0AFA0EF0FF1E0BF1011B0AF5807CD3
:10FC0000DE440CEB1A2A4FEA1E2E4FEA1A2A0EF097
:10FC1000FF1E0AF47F4A4EEA0A050C950B9D05F07B
:10FC2000FF1C089D02F0FF1E08FB0CFC01FB0ECC24
:10FC300005F0FF1E0C9D00FB0ECC05F0FF1E0B9D7A
:10FC400009FB0ECC05F47F4E02F47F4208FB0EF850
:10FC500001FB0282089901F47F4A0C9900FB0A22F9
:10FC600001F47F4009FB00294FEA1C2C4FEA1929B7
:10FC70000CF0FF1C09F47F494CEA090CFF2B4FEAFA
:10FC80001C2240F091804FEA5C1322F4FF6203F4DF
:10FC9000FC6322F007021A43CCF3C40C4CEA020CBA
:10FCA000A7F800C0279B1C44289B1E44179B013BC0
:10FCB00002371793C0E6279B1C44289B1E44079BD2
:10FCC000013B07930A9B02330A9395E624D0079BD6
:10FCD0002798013B00FB034000143FF5AAAE013911
:10FCE0008842BFF6A6AE289901FB03631B143FF5BB
:10FCF000A0AE013A9342BFF69CAEDDF81CB0DDF831
:10FD00002880BBF1000F00F39A80079B23EAE3757C
:10FD10000A9B03EB45030A93169B002B40F3EB81F0
:10FD200030EE040AB7EE007AC7EE007A249B70EE3C
:10FD3000A40A31EE051A20EEA77AF0EE626A61EEAF
:10FD4000277AFEEEC86A77EE622A16EE904AFEEE39
:10FD5000C82AF0EE436A37EEC33A12EE902ABEEE9E
:10FD6000C83A92FBF3F313EE102A2793249B92FBDD
:10FD7000F3F32893169B189A013BFEEEC86A16937C
:10FD8000249B08BF134616EE906A0793B0EE673ABD
:10FD9000F0EE472A22E600283FF492AE58F82330CE
:10FDA00008931B0E10938BE63988D44DDB434FEA42
:10FDB000212E5FFA83F80EF0F80E0EFB08FEC81035
:10FDC000CB0000F0FC000EF1010101EB1E2E00FB48
:10FDD00008F04FEA1C4101EB1E2100F1010E0EEB71
:10FDE000102002EB1022DBB2C9B2D20003FB08F3F1
:10FDF00005EA012102F4FC620A43591C01EB1323BA
:10FE00000CEB132C48E712F101083FF54BAF4345CB
:10FE1000FFF648AF1CF101083FF544AFC645FFF6B9
:10FE200041AFCDE9012C0FFA8EF2CDE9031000921B
:10FE30001BB20F9A19983946FFF787FC32E72C9BC3
:10FE40000F9DB3F908702114331407FB03130F99A6
:10FE500001EB830155F82330C4F30332C6F30330BA
:10FE60004FEA136C002A00F007814D680D952D0EA6
:10FE7000149578B107F18047013FBF00043701EBCB
:10FE8000070EC9590991090E1191DEF804100E915F
:10FE9000090E159192B280B202FB00F9C9EB001075
:10FEA0001201A2EB090E80B2C2F58071149A119D65
:10FEB0001FFA8EFE091A89B20EFB02F201FB0C2218
:10FEC00000FB0522159D09FB0522C2F30722002A2B
:10FED00000F0C980BCF1FF0F19D003F0FF1A0CFB32
:10FEE0000AFA03F47F430CFB03FC4FEA1A2303F0E6
:10FEF000FF130AF1011A0CF58077534407EB1C2716
:10FF00001B0A3F0A03F0FF1307F47F473B43149D8E
:10FF1000FF2D20D00D9D05F0FF17149D6F430D9D03
:10FF200005F47F4A149D4FEA172C05FB0AFA07F1E6
:10FF300001170CF0FF1CBC440AF5807707EB1A2A66
:10FF40004FEA1C2C4FEA1A2A0CF0FF1C0AF47F4AD5
:10FF50004CEA0A050D95119DFF2D20D0099D05F055
:10FF6000FF17119D6F43099D05F47F4C119D05FB03
:10FF70000CFA4FEA172C0CF0FF1C07F10117BC44D8
:10FF80000AF5807707EB1A2A4FEA1C2C4FEA1A2A47
:10FF90000CF0FF1C0AF47F4A4CEA0A050995159DEE
:10FFA000FF2D20D00E9D05F0FF17159D6F430E9D70
:10FFB00005F47F4A159D4FEA172C05FB0AFA07F155
:10FFC00001170CF0FF1CBC440AF5807707EB1A2AD6
:10FFD0004FEA1C2C4FEA1A2A0CF0FF1C0AF47F4A45
:10FFE0004CEA0A050E950D9D05F0FF17099D03F0DB
:10FFF000FF1C0EFB07F701FB0C7705F0FF1C0E9DA5
:020000040802F0
:1000000000FB0C7705F0FF1C0D9D09FB0C7705F438
:100010007F4C0EFB0CFE03F47F4301FB03E30999C5
:1000200001F47F4A0E9900FB0A3301F47F4C09FB6F
:100030000C3C3F0A4FEA1C2C07F0FF170CF47F4CD6
:1000400047EA0C07FF2A4FEA17231ED17A0923F447
:10005000FF6302F4FC6223F007031343C7F3C407F2
:100060001F43A8F80070279B1C44289B08F1020836
:100070001E440BF1FF3B44E600283FF40BAF51F860
:1000800027100991090E119104E7B8F80010D24326
:100090004FEA212C5FFA82FE0CF0F80C0CFB0EFCF0
:1000A000C810CA000CF1010101EB1C2C390C01EB4A
:1000B0001C2C00F0FC00114900FB0EF05FFA8CFCD8
:1000C00001EA0C2CD2B2411C02FB0EF201EB102013
:1000D00003EB1020511CC00001EB122200F4FC6065
:1000E00007EB12274CEA000CC7F3C40747EA0C0CD5
:1000F000A8F800C0B7E71BB0BDE8F08F00F8FFFF1D
:100100002DE9F047DDE90A05002DBDF92080BDF994
:1001100024909DF830709DF834C005FB030EC0F2AA
:100120008C80A94540F389800028C0F284808045F6
:1001300040F381804FEA5E041EF0010F165D0CBF94
:1001400006F00F06361106EB0616F6B2441C77D4FD
:10015000A04575DD002F75D00EF1010A4FEA5A0453
:100160001AF0010F145D0CBF04F00F04241104EB0E
:100170000414E4B2013569D4A94567DDBCF1000F70
:1001800067D0002860DB80455EDD03EB0E094FEA97
:10019000590519F0010F555D0CBF05F00F052D1124
:1001A00005EB0515EDB2013056D4804554DD002F26
:1001B00054D001339E444FEA5E031EF0010FD05C21
:1001C0000CBF00F00F00001100EB0010C3B2BAB278
:1001D0001FFA8CFC02FB0CF0C0EB0C1C12011FFA86
:1001E0008CFCC2F58077121AA7EB0C0792B2BFB253
:1001F000624306FB07220CFB052500FB0353C3F3F8
:100200000723B3B19DF838205A43531C03EB122344
:100210002D4A1B121268FF2B4FEA122620D12B4BBE
:10022000500900F4FC6033401843C2F3C402024397
:100230000A80BDE8F087002688E70024264699E773
:10024000002497E73C4695E70025ACE700231D46D0
:10025000BDE763466546BAE70023B8E73B46B6E725
:100260000D889FB22C12C2F30740DB43DBB210FBB8
:1002700007F004F0F80404FB0304F6B2E810D2B26D
:10028000ED0000F0FC0012FB07F216FB07F6EDB2E2
:10029000A4B200FB036605FB03239AB2631CB0B251
:1002A00003EB1424531C03EB1223421C02EB10201B
:1002B00004F47844C3F3C4234009234300F4FC60EE
:1002C00003430B80B5E700BF443A012000F8FF006C
:1002D0002DE9F04F97B0DDE9214614920993259A54
:1002E0009DF8A4300D910F93DDE926131590506809
:1002F000126800FB031302EB4309289B9B68013340
:1003000023F001030A93289B1F680D9B002B03DC3D
:10031000149B002B40F38782289BB3F90810B3F994
:100320000C20481E02F1FF3C099B002B40F3C480C7
:100330005FEA244E4FEA264306D4864504DA002BB2
:1003400002DB6345C0F2B9801EF1010E00F1AA8004
:100350007145C0F2A780013300F1A4809A42C0F237
:10036000A180099BBDF928A00E93C8460E9B002BC7
:1003700040F3C380289BD3E902CE23144FEA2640E2
:10038000C4F30332C6F3033100F14D810CF1FF3B9E
:100390005B4580F248810028C0F245810EF1FF3BA9
:1003A000584580F240810A9D00FB05335808DD075F
:1003B00017F800C054BF0CF00F0C4FEA2C1C0CEBCC
:1003C0000C1C5FFA8CFC002A00F0DB80581C4FEA02
:1003D000500EC00717F80EE054BF0EF00F0E4FEA94
:1003E0002E1E0EEB0E1E5FFA8EF01090C9B1534414
:1003F0005808DD07385C54BF00F00F00001100EB17
:1004000000100133C0B20B905808DD0717F800E068
:1004100054BF0EF00F034FEA2E1303EB0313DBB2AE
:10042000119392B289B202FB01F3C3EB01111201E5
:1004300089B2C2F58070109DD21A401A92B26A43F6
:1004400080B20CFB002C0B9A01FB02C1119A03FB3A
:100450000213C3F30723DBB10F9A53435A1C02EB79
:100460001323C64A1B121268FF2B4FEA122C40F0CE
:10047000998053092CF4FF6C03F4FC632CF0070CF7
:1004800043EA0C0CC2F3C4024CEA0202A8F80020B2
:10049000239B1C44249B1E440E9B013B08F1020835
:1004A0000E9363E7239B1C44249B1E44099B013B42
:1004B000099309F1020937E724D0099B2398013BEE
:1004C00000FB034000143FF54CAF01398842BFF6F2
:1004D00048AF249901FB03631B143FF542AF013A77
:1004E0009342BFF63EAFBDF92830DDF824B00E933D
:1004F000C846BBF1000F00F3B780099B23EAE37500
:1005000009EB45090D9B002B40F38D8130EE040A69
:10051000B7EE007AC7EE007A209B70EEA40A31EEA7
:10052000051A20EEA77AF0EE626A61EE277AFEEEF7
:10053000C86A77EE622A16EE904AFEEEC82AF0EEFE
:10054000436A37EEC33A12EE902ABEEEC83A92FBE7
:10055000F3F313EE102A2393209B92FBF3F32493DF
:100560000D9B149A013BFEEEC86A0D93209B08BFB9
:10057000134616EE906A0993B0EE673AF0EE472AFA
:10058000C3E600293FF44DAF0AEB03004308C00760
:10059000FB5C54BF03F00F031B1103EB0313DBB22F
:1005A0000B933EE7B8F800E01FFA83FB4FEA2E20DA
:1005B000C2F30741DB43DBB211FB0BF100F0F800A3
:1005C00000FB03105FFA8CFC4FEAEE01D2B24FEA57
:1005D000CE0E80B201F0FC011CFB0BFC5FFA8EFE1C
:1005E00012FB0BFB01FB03CC0EFB03BB431C1FFAEE
:1005F0008CFC1FFA8BFB03EB102000F478430CF10A
:1006000001010BF1010000EB1B2001EB1C2CC0F3DE
:10061000C4204FEA5C1C18430CF4FC6C40EA0C004C
:10062000A8F8000034E713F1010B3FF531AFDC45CA
:10063000FFF62EAF10F1010B3FF52AAFDE45FFF6B6
:1006400027AF0F9D02930FFA8EF301930FFA8CF3ED
:10065000CDE90302CDE9051500933A4653464146DC
:100660001598FFF74DFD13E70A9D2214331405FB7F
:1006700003235A08DD07BA5C54BF02F00F021211BF
:1006800002EB0212C4F30331C6F30330D2B20029E5
:1006900076D003F1010E4FEA5E0C1EF0010F17F841
:1006A0000CC00CBF0CF00F0C4FEA2C1C0CEB0C1CFC
:1006B0005FFA8CF5129500B30E9D2B444FEA530C54
:1006C000DD0717F80CC054BF0CF00F0C4FEA2C1CC0
:1006D00001330CEB0C1C5FFA8CF54FEA530C0C95B4
:1006E00017F80CC0DD0754BF0CF00F0C4FEA2C1CA0
:1006F0000CEB0C1C5FFA8CF3139389B280B201FBF4
:1007000000F3C3EB0010090180B2C1F5807C129D9B
:10071000C91AACEB000C89B269431FFA8CFC02FBCE
:100720000C120C9900FB0120139A03FB0203C3F384
:100730000723D3B10F9A53435A1C02EB13230F4ADA
:100740001B121268FF2B4FEA122C2DD153092CF4E7
:10075000FF6C03F4FC632CF0070C43EA0C0CC2F3AF
:10076000C4024CEA0202A8F80020239B1C44249BEC
:1007700008F102081E440BF1FF3BBAE6443A01209F
:100780000028BAD00E9D2B444FEA530CDB0717F814
:100790000CC054BF0CF00F0C4FEA2C1C0CEB0C1CC3
:1007A0005FFA8CF30C93A8E7B8F800E01FFA83FA1D
:1007B0004FEA2E20C2F30741DB43DBB211FB0AF103
:1007C00000F0F80000FB0310D2B24FEAEE014FEA4E
:1007D000CE0E5FFA8EFE12FB0AF20EFB03225FFAC8
:1007E0008CFC80B201F0FC0192B21CFB0AFC01FB04
:1007F00003CC431C511C03EB102001EB12211FFA08
:100800008CFCC1F3C42100F4784008430CF10101D1
:1008100001EB1C2C4FEA5C1C0CF4FC6C40EA0C0055
:10082000A8F80000A1E717B0BDE8F08F2DE9F04768
:10083000DDE90A05002DBDF92080BDF924909DF861
:1008400030709DF834C005FB030EC0F2B080A9459E
:1008500040F3AD800028C0F2A880804540F3A58019
:100860004FEA5E041EF0010F165D0CBF06F00F0686
:10087000361106EB0616F6B2441C00F19B80A0452B
:1008800040F39880002F00F097800EF1010A4FEAA4
:100890005A041AF0010F145D0CBF04F00F04241168
:1008A00004EB0414E4B2013500F18A80A94540F359
:1008B0008780BCF1000F00F0868000287EDB804539
:1008C0007CDD03EB0E094FEA590519F0010F555D68
:1008D0000CBF05F00F052D1105EB0515EDB201302C
:1008E00074D4804572DD002F72D001339E444FEAEC
:1008F0005E031EF0010FD05C0CBF00F00F00001172
:1009000000EB0010C3B2BAB21FFA8CFC02FB0CF071
:10091000C0EB0C1C12011FFA8CFCC2F58077121A76
:10092000A7EB0C0792B2BFB2624306FB07220CFB97
:10093000052500FB0353C3F30723A3B3254A0E8801
:10094000156834129AB2C5F30740DB43DBB210FBE3
:1009500002F004F0F80404FB0304C5F30727F010C9
:10096000EDB2F60017FB02F700F0FC0015FB02F2F7
:10097000F6B2A4B200FB037006FB03239AB2631C19
:1009800080B203EB1424531C03EB1223421C02EB32
:10099000102004F47844C3F3C4234009234300F433
:1009A000FC6003430B80BDE8F087002664E7002469
:1009B000264678E7002476E73C4674E700258EE774
:1009C00000231D469FE7634665469CE700239AE7A0
:1009D0003B4698E7443A01202DE9F04F93B01D467D
:1009E0000C92219A0791DDE9221311905068126848
:1009F00000FB031302EB4309249B9B68013323F0A4
:100A000001030693249BDDE91D461F68079B002B0D
:100A100003DC0C9B002B40F36782249BB3F9081086
:100A2000B3F90C20481E02F1FF3C002D40F3B880C2
:100A30005FEA244E4FEA264306D4864504DA002BAB
:100A400002DB6345C0F2AD801EF1010E00F1A08013
:100A50007145C0F29D80013300F19A809A42C0F244
:100A60009780BDF918A00995C846099B002B40F353
:100A7000B680C4F303330893249BD3E902CE231436
:100A80004FEA2640C6F3033100F13E810CF1FF3BF3
:100A90005B4580F239810028C0F236810EF1FF3BC0
:100AA000584580F23181069A00FB02335808DA0774
:100AB00017F800C0089A54BF0CF00F0C4FEA2C1C1A
:100AC0000CEB0C1C5FFA8CFC002A00F0CB80581C4D
:100AD0004FEA500EC00717F80EE054BF0EF00F0E8D
:100AE0004FEA2E1E0EEB0E1E5FFA8EFECDF834E09E
:100AF000B9B153445808DA07385C54BF00F00F000E
:100B0000001100EB0010C0B20A90581C4308C20745
:100B1000FB5C54BF03F00F031B1103EB0313DBB2A9
:100B20000E93BDF8202089B202FB01F3C3EB011143
:100B3000120189B2C2F58070401A1FFA80FED21AE3
:100B40000D9892B242430CFB0E2C0A9A01FB02C193
:100B50000E9A03FB0213C3F30723FF2B40F093808D
:100B6000BE4B1A68BE4B510903EA122301F4FC6123
:100B70000B43C2F3C4021343A8F800301F9B1C446C
:100B8000209B1E44099B013B08F1020809936CE776
:100B90001F9B1C44209B013D1E4409F1020944E7B0
:100BA00021D01F986B1E00FB034000143FF559AF86
:100BB00001398842BFF655AF209901FB03631B142E
:100BC0003FF54FAF013A9342BFF64BAFBDF9183036
:100BD0000893A846CE46B8F1000F00F3B58025EA89
:100BE000E57509EB4509079B002B40F37D8130EE4D
:100BF000040AB7EE007AC7EE007A1C9B70EEA40AD6
:100C000031EE051A20EEA77AF0EE626A61EE277ADD
:100C1000FEEEC86A77EE622A16EE904AFEEEC82A09
:100C2000F0EE436A37EEC33A12EE902ABEEEC83AAF
:100C300092FBF3F313EE102A1F931C9B92FBF3F32A
:100C40002093079B0C9A013BFEEEC86A07931C9BFE
:100C500016EE906A14BF1D461546B0EE673AF0EEE8
:100C6000472AD3E600293FF45CAF0AEB03004308B0
:100C7000C007FB5C54BF03F00F031B1103EB03130E
:100C8000DBB20A934DE7002B3FF478AF734AB8F814
:100C900000C010681FFA83FE4FEA2C21C0F3074200
:100CA000DB43DBB212FB0EF201F0F80101FB032182
:100CB000C0F3072B4FEAEC02C0B24FEACC0C1BFB8F
:100CC0000EFB89B210FB0EFE02F0FC025FFA8CFCF8
:100CD00002FB03B2481C0CFB03E392B29BB200EB95
:100CE000112101F4784002F1010B591C01EB132191
:100CF0000BEB1222C1F3C4215209014302F4FC623E
:100D00001143A8F8001039E713F1010B3FF536AF96
:100D1000DC45FFF633AF10F1010B3FF52FAFDE4599
:100D2000FFF62CAF089A02930FFA8EF301930FFA95
:100D30008CF3CDE90302059100933A4653464146B0
:100D40001198FFF773FD19E706992214331401FB7C
:100D500003235A08D907BA5C54BF02F00F021211DC
:100D600002EB0212C4F30330C6F3033CD2B20028F4
:100D700062D003F1010A4FEA5A011AF0010F795CBF
:100D80000CBF01F00F01091101EB0111C9B20F9164
:100D9000BCF1000F19D008990B44590813F0010F4A
:100DA000795C0CBF01F00F01091101EB0111C9B20F
:100DB00001330B915908DB07795C54BF01F00F0137
:100DC000091101EB0111C9B2109180B21FFA8CFC1C
:100DD00000FB0CF3C3EB0C1C00011FFA8CFCC0F5EC
:100DE0008071A1EB0C011FFA81FAC01A0F9980B231
:100DF00048430B9902FB0A020CFB012C109A03FBDF
:100E000002C3C3F30723FF2B2CD1144B1A68144BD6
:100E1000510903EA122301F4FC610B43C2F3C4023B
:100E20001343AEF800301F9B1C44209B0EF1020EB2
:100E30001E4408F1FF38CEE6BCF1000FC5D008997A
:100E40000B445908DB07795C54BF01F00F0109110D
:100E500001EB0111C9B20B91B7E700BF443A012081
:100E600000F8FFFF002BDED0214ABEF800C010685A
:100E70001FFA83FA4FEA2C21C0F30742DB43DBB2AF
:100E800012FB0AF201F0F80101FB0321C0F3072B6A
:100E90004FEAEC02C0B24FEACC0C5FFA8CFC10FBBC
:100EA0000AF00CFB030089B21BFB0AFB80B202F0C4
:100EB000FC0202FB03B24B1C00F1010B03EB1121FE
:100EC0000BEB102B92B2CBF3C42B01F478414BEA1D
:100ED000010102F1010B0BEB1222520902F4FC6238
:100EE0001143AEF800109EE713B0BDE8F08F00BFCD
:100EF000443A012070B508129EB2BDF8105013128A
:100F000000F0F80003F0F80313FB05F310FB06F004
:100F10001844CC10D31004F0FC0403F0FC0313FBC2
:100F200005F314FB06F4C900D2001C44D2B2CBB2C4
:100F300012FB05F280B213FB06F31344421C9BB272
:100F400002EB102000F47842581C00EB1320A4B2EE
:100F5000C0F3C4201043621C02EB1424640904F49F
:100F6000FC64204370BD00002DE9F04F8FB01C469B
:100F70009DF8647004900D461646189B002F00F0F3
:100F8000F680206861680AAA03C2186859680CAA2A
:100F900003C20AA8EEF72AFA21460CA8EEF74EFA89
:100FA000BDF93020BDF936B0BDF9349002F001032F
:100FB0000693BDF92C3003F0010105910598BDF9A8
:100FC0003210034401FB03234FF0020893FBF8F3B4
:100FD0001D44BDF828301A44BDF82A30ADF8302041
:100FE0001944644BADF8321018680368DB6A9847FF
:100FF000614ABDF932401388BDF930A0FF2F03FBD1
:1010000004A400EB440406F10406114603FB0BFBA9
:101010006BD0C7F1FF03039304EB4B03CDE9073219
:10102000CDF82480079BA34240F29C80069B002BB6
:1010300039D02B782288049803F00F0305F10108BA
:1010400036F81310039B00933B46FFF753FF24F839
:10105000020B09F1FF3BBBF1010FA24604F10404AE
:1010600024DD98F8003034F8042C04981B09ABF107
:10107000020B36F81310039B00933B46FFF73AFF31
:1010800024F8040C18F8013B34F8022C049803F0FF
:101090000F0336F81310039B00933B46FFF72AFF1C
:1010A00024F8020CD7E7A846CB46D4E70ED198F82F
:1010B0000030BAF8002004981B0936F81310039B7F
:1010C00000933B46FFF716FF2AF8020B089B059A90
:1010D0001C88BDF92C30A4EB090413440AEB44042A
:1010E000099A93FBF2F31D449CE704EB4B0BA345D9
:1010F00038D9069BF3B12B7803F00F036A1C36F83E
:101100001330238009F1FF3002340128234604F113
:10111000040412DD13781B09023836F8133024F862
:10112000043C12F8013B03F00F0336F8133024F8A7
:10113000023CEAE72A464846E7E706D11278120958
:10114000023336F8122023F8022C0C88059AA4EBFF
:10115000090403EB4404BDF92C30134493FBF8F36A
:101160001D44C4E7034B186803681B6B98470FB016
:10117000BDE8F08F343A01202E3A0120F0B59DF8F9
:101180001450FF2D4FEA11270CD1FF2B0AD1254B0C
:10119000480900F4FC603B401843C1F3C401084314
:1011A00080B2F0BD15FB03F5ABB25D1C05EB13255A
:1011B0001412C5F307251FFA85FCD610D000ED43A5
:1011C00004F0F804C1F30742EBB2C0B212FB0CF218
:1011D00044EA541404FB032440EA5012C8B206F057
:1011E000FC06FDB210FB0CF0A4B202FB030046EAC1
:1011F000961615FB0CF506FB035583B2601CADB2C9
:1012000000EB1424581C00EB13206B1C03EB15257A
:1012100004F47844C0F3C4206D09204305F4FC6550
:101220002843BEE700F8FF002DE9F04F1C468DB0C3
:101230000D46169B61689DF85C90804620681646B6
:1012400008AA03C2186859680AAA03C208A8EEF7D8
:10125000CDF821460AA8EEF7F1F8BDF92820BDF92E
:101260002E70BDF92CB002F001030393BDF92430B8
:1012700003F0010102910298BDF92A10034401FB19
:1012800003234FF0020A93FBFAF31D44BDF820300C
:101290001A44ADF82820BDF822303F4A059219447F
:1012A0001068ADF82A100368DB6A98473B4BBDF91C
:1012B0002A401988BDF928C001FB04C400EB44048E
:1012C0004F43CDE9063A04EB470204360492049BEF
:1012D0009C4258D2039B002B34D02B7803F00F0391
:1012E0006F1C56F823100B0E06D022880093404640
:1012F0004B46FFF743FF208002340BF1FF3ABAF16F
:10130000010F22DD3B781B0956F823100B0E06D087
:101310002288009340464B46FFF730FF208017F8A5
:10132000013B03F00F0356F823100B0E06D0628822
:10133000009340464B46FFF721FF60800434AAF13A
:10134000020ADCE72F46DA46D9E70DD13B781B09C4
:1013500056F823100B0E06D02288009340464B46C9
:10136000FFF70CFF20800234069B029A1B88A3EB38
:101370000B0304EB4304BDF924301344079A93FB99
:10138000F2F31D44A3E7059B186803681B6B98479D
:101390000DB0BDE8F08F00BF343A01202E3A012095
:1013A00070B514128D789DF8106004F0F80444EACA
:1013B000541415FB03F504FB0655D0104C7809783E
:1013C000D20000F0FC00D2B240EA901014FB03F40B
:1013D00042EA521211FB03F300FB064402FB063300
:1013E000ADB29BB2A4B2681C00EB1525621C581C60
:1013F00000EB132002EB142405F47845C0F3C4205D
:101400006409284304F4FC64204370BD2DE9F04FC7
:101410008FB01C469DF86470189B82460E46154698
:10142000002F00F04281206861680AAA03C2186890
:1014300059680CAA03C20AA8EDF7D8FF21460CA8E8
:10144000EDF7FCFFBDF93020BDF936B002F0010325
:101450000693BDF92C3003F0010105910598BDF903
:101460003210034401FB03234FF0020893FBF8F30F
:101470001E44BDF828301A44BDF82A30ADF830209B
:101480001944BDF934300393894BADF83210186814
:101490000368DB6A9847874ABDF932401388BDF973
:1014A0003090FF2F03FB049400EB440405F1040586
:1014B000944603FB0BF371D004EB4303F943CDE9EE
:1014C0000732C9B20491CDF82480079BA34240F2B1
:1014D000E780069B002B3DD03178049B2288009347
:1014E00001F00F0101EB41013B4629445046FFF753
:1014F00057FF039B24F8020B06F1010803F1FF3BA1
:10150000BBF1010FA14604F1040427DD98F8001097
:10151000049B34F8042C0093090901EB41013B467C
:1015200029445046FFF73CFF24F8040C18F8011B2F
:10153000049B34F8022C009301F00F0101EB4101F0
:101540003B4629445046FFF72BFFABF1020B24F832
:10155000020CD5E7B046DDF80CB0D1E70FD198F812
:101560000010049BB9F800200093090901EB410128
:101570003B4629445046FFF713FF29F8020B089B0E
:10158000059A1C88039BE41ABDF92C3009EB44042E
:101590001344099A93FBF2F31E4496E7464F04EB7B
:1015A0004303A3427CD9069A002A54D0307800F035
:1015B0000F0000EB400005EB000E285C9EF80220B7
:1015C0009EF801E04FEACE0E0EF4FC6E07EA02220E
:1015D00042EA0E0242EAD00224F8022B039A711C5E
:1015E00002F1FF3EBEF1010F204604F1040436DD96
:1015F0000878000900EB400005EB000AAEF1020E8E
:101600009AF801209AF80290D20007EA092902F418
:10161000FC6249EA020215F8009042EAD90224F875
:10162000042C11F8010B00F00F0000EB400005EB5B
:10163000000A9AF801209AF80290D20007EA0929D4
:1016400002F4FC6249EA020215F8009042EAD9026B
:1016500024F8022CC6E73146DDF80CE0C2E711D1D0
:101660000978090901EB41016C18695CA27864787A
:10167000E40007EA022204F4FC64224342EAD102B5
:1016800020F8022B039ABCF800400599A41ABDF972
:101690002C2000EB44040A4492FBF8F2164480E745
:1016A000034B186803681B6B98470FB0BDE8F08FB9
:1016B000343A01202E3A012000F8FFFF30B52D4AC0
:1016C000136823F0010313602B4B1C684FF6F07274
:1016D00014404CF24025AC4205D01C684CF27025F9
:1016E0001440AC4225D1254B1B68002B39D1244B2B
:1016F0001A68C2F30B02B2F58A6F0DD01A6840F275
:101700008344C2F30B02A24206D01B6840F285421A
:10171000C3F30B03934224D11A4B01221A601A68B7
:10172000002AFCD1184B18601868431A58425841D7
:101730000EE01B6813404DF22022934211D1134B4F
:101740001B6840F28642C3F30B03934201D0002092
:1017500030BD0F4B01221A601A68002AFCD10D4BD4
:10176000E1E70D4B01221A601A68002AFCD10B4BED
:10177000D9E700BF002000E000ED00E0002004E019
:101780000010005C084C0258004C0258F08F0046D4
:10179000084C0246004C024608300240003002402D
:1017A00001617047837B4BB1038901339BB2072BE7
:1017B000038181BF002343818381837370470000CD
:1017C0002DE9FF4198468388ADF80630A8EB030366
:1017D0001BB20446002B1746184A0092B8BF5B4262
:1017E000A28ABDF82850ADF80A801BB20E4693427B
:1017F000C188ADF808104FF000008DF80400ADF876
:101800000C5007DC691A09B20029B8BF494209B275
:101810008A4210DA2069036869465B689847A8EB3A
:1018200006060023EF1B012023816681A781A4F80F
:101830000480E580A07304B0BDE8F081385E020842
:10184000F0B51E464B1E012B85B004460D461746CB
:101850004BD8B0F90A20D31C9BB2062B16D9DFF85F
:10186000A0C0CDF804C0B4F90410B4F90630006982
:10187000ADF80C104FF0000C8DF808C0ADF80A2040
:10188000ADF80E30036801A99B689847B4F90C20A5
:10189000D31C9BB2062B16D9DFF864C0CDF804C068
:1018A000B4F90410B4F906302069ADF80C104FF00B
:1018B000010C8DF808C0ADF80A20ADF80E300368B1
:1018C00001A99B6898470D4B019320698DF808503A
:1018D0000023ADF80A70ADF80C60ADF80E30036867
:1018E00001A91B68984705B0F0BD0029EBD1A28083
:1018F000C680A160A181A173E5E700BF245E020854
:101900004C5E0208C9100029B8BF4942012808D11D
:10191000C1F30800B0F5807F014602DDC0F500701C
:101920007047FF29A8BFFF210846704710B4D0E9CF
:1019300001349C4203D85DF8044BECF75DB85DF8C8
:10194000044B70472DE9F04F8BB0CDE906239DF88D
:101950005030089306469DF8543009938A46ECF7B8
:10196000B8F9B5680446002D44D07368AB423DD346
:10197000B0F90230B6F9342002EB030BDDE90612B0
:1019800002FB031205926A1E04924FF00008B4F99C
:101990000290B4F900704B453A4608D0B6F934309D
:1019A00003EB090BDDE9061303FB09130593B4F9F7
:1019B0000430B4F906109844049B013B0493049B43
:1019C000013315D034F9083FBB4217D1B4F90200F6
:1019D000049B484503F1FF337FD1B4F9060001446D
:1019E000B4F904008044E9E71F4644E0002002E027
:1019F00000296FD101200BB0BDE8F08F002930D055
:101A0000002F29DBB6F93630BB4225DDC1EB88114A
:101A100096F83000FFF776FF099B10FB03F080B2C9
:101A2000411C01EB1021091211F0FF0F14D008988E
:101A3000738EC9B2BAB202910121134401910244DA
:101A40000FFA8BF1DAF80000009141691BB20D46E4
:101A500012B205995046A847049B013307F10102D1
:101A6000C8D0B4F90070BB1A002B31DD002ABBDAF4
:101A7000002F2DDD0022B6F93630D119994202DB54
:101A80009F1A002F24DD4FEA881196F83000FFF7E7
:101A900039FF099B10FB03F080B2411C01EB1021C0
:101AA000091211F0FF0F13D00898738E92B2C9B2C9
:101AB0001344029102443FB2DAF8000001970FFA92
:101AC0008BF10091476905991BB212B25046B84795
:101AD0004B465CE7002F95DA8CE70029F8D08FE7BA
:101AE0002DE9F3411E46364BC0E90031B2F904300E
:101AF000038100259DF82030837200F1140804460C
:101B00008581C5810582458240461746EBF7ACFAD0
:101B1000C4E91355C4E91555C4E91855C4E91B5562
:101B200084F84450A4F84650A4F84850A4F84A5009
:101B300084F85C5084F85D50A4F86850306871688F
:101B4000728835886B4603C37B88B6F90400B6F902
:101B5000061013443A88E3812A44A28120826182DC
:101B600068463946EDF76AFC04F10C00EDF73EFCDF
:101B7000BDF90230BDF80020A4F84620A4F8483092
:101B80004046EBF755FABDF90030B4F912205B017D
:101B9000E364BDF902305B012365BDF904305B01EC
:101BA0006365BDF906305B01A365B4F91030A4F894
:101BB0004A302046C4E90F3202B0BDE8F08100BFD0
:101BC0008861020838B590F85C30044693B190F80B
:101BD000683090F8692013420CD100F1140523B14C
:101BE000D0E918122846FFF7A1FED4E91B122846B7
:101BF000FFF79CFE002384F85C30D4E9060398428A
:101C000034BF0020012038BD2DE9F341857A6943B6
:101C10004D1C05EB11252D12044600F0998090F81B
:101C20005D30002B00F09480FFF7CCFF07460028C2
:101C300045D06068474E036837689B6898470146FF
:101C40003846E8F77DFE0746E0F7C8FF03681B6BE0
:101C500098478046E0F7C2FF0368DB6A98470B2885
:101C60005BD8DFE800F0515C6C065A304065656572
:101C70006565B4F90E30B4F90C10082291FBF2F24C
:101C800008FB03231F444B4203F0070301F0070145
:101C900058BF5942C9B2EDB23A46CDE900150FFA24
:101CA00088F3616804F11400FFF74CFE0746606892
:101CB00003681B699847306803681B6B9847384670
:101CC00002B0BDE8F081B4F90E30B4F90C10042272
:101CD00091FBF2F208FB03231F444B4203F0030382
:101CE00001F00301D4E7B4F90C10B4F90E30002967
:101CF0004FF0020291FBF2F201F0010108FB032315
:101D00001F44B8BF4942C5E7B4F90E30B4F90C20FE
:101D100008FB03F303EB42031F440021BBE7B4F9C4
:101D20000E3008FB03F2A389032113FB0123F3E721
:101D3000B4F90E30B4F90C2008FB0323ECE7B4F936
:101D40000E30B4F90C2008FB03F303EB8203E3E746
:101D50000127B4E7343A012010B5064B1B78012B5C
:101D600007D1B0F908000B681468C3EB4013136087
:101D70000C6010BD2C3A012013B590F85C3004467D
:101D8000CDE90021A3B96A4601A92046FFF7E4FF87
:101D9000E36C0199009AC91A236D0191D21A002AA5
:101DA00000920BDA012300290EDA43F0040313E05A
:101DB000FFF708FF0028E6D102B010BDA36D9A42DC
:101DC000ACBF02230023EEE7606D8142ACBF082068
:101DD00000201843C3B258B1002284F85C20019956
:101DE000009AE1662267C4E9181284F86830E3E7D4
:101DF00084F86900D4E90630984203D804F114004D
:101E0000EBF714FE012384F85C3084F85D30002386
:101E1000E5E773B502AB044643F8082D01911A4675
:101E200001A9FFF799FFE36C0199009AC91A236D84
:101E30000191D21A002A00921CDBA36D9A42ACBF1A
:101E400002200020002917DB636D9942ACBF0823F4
:101E50000023034394F86800DDB278B904F114005C
:101E6000FFF764FD019B2366009B636684F868505E
:101E700002B070BD0120E5E70423EAE713B110EAE0
:101E800005031CD194F85C3004F11406D4E918124F
:101E90008BB984F86900D4E90630984202D83046FC
:101EA000EBF7C4FD012384F85C3084F85D30DDE994
:101EB00000213046D4E73046FFF738FDF7E71D46EE
:101EC000D0E7000038B52DED108BF6EE00BA9FED8F
:101ED0005ABA0546B0EE40CAF0EE60CAB0EE41DA3A
:101EE000F0EE61DAB0EE42EAF0EE62EA0C46F0EEB5
:101EF0006BAA082C6ED87EEE4C6A7DEEEE7A3DEE33
:101F00004E6A3EEEEC7A66EEE77A3CEE0DFAE6EECD
:101F1000077A7CEEADFA7DEE0E9A3DEEAEAAF5EEB6
:101F2000C07AF1EE10FA2FEE2BFA6FEEABFA69EEF3
:101F3000AB9A2AEE2BAA48BFF1EE677A7FEE298A88
:101F40003FEE8A9AF4EECB7AF1EE10FA68EEAB8AA5
:101F500029EE2B9AB5EE006A3FDD27EE077A67EE91
:101F6000A77AA6EEA67A27EE067AF4EEC77AF1EE05
:101F700010FA47D87EEE4D0A3EEEED0A00F059FA0F
:101F80007DEE4C0AB0EE408A3DEEEC0A00F051FACC
:101F900038EE400ADFED297AB5EEC00AF1EE10FA0C
:101FA00048BFB1EE400AB4EEE70AF1EE10FAA4BF62
:101FB000DFED237A37EEC00ADFED227AB4EEE70ACE
:101FC000F1EE10FA1ED5F0EE490AB0EE680A284686
:101FD000E9F7BEFEBDEC108B38BD7CEE0E7AB0EE9C
:101FE000687AA7EEEA7A7CEEAE7AF0EE496AE7EE1E
:101FF000EA6A66EEA67AE7EE077AF4EEC67AF1EEC2
:1020000010FAE0D90134F0EE6C0AB0EE4C0A214629
:10201000F0EE492AB0EE682AF0EE6F1AB0EE4F1AD1
:102020002846FFF74FFFF0EE4ADAB0EE69DAF0EE3D
:1020300049CAB0EE68CA5CE7FFE6DB2EDB0F494019
:10204000DB0FC940CDCCCC3D30B52DED108B044617
:1020500085B0F0EE408AF0EE609AF0EE41FAB0EE14
:1020600061FAF0EE42BAB0EE62CAF0EE43AAB0EE08
:1020700063BA0D46082D00F215813BEEAA6AF6EE12
:10208000007A7FEEAB6A26EE276A38EEAFDA8DED86
:10209000016AA6EEA76A2DEE27DA7CEE0BCAB0EE37
:1020A0004DEAA6EEA7EA6CEEA7CA66EE276A3FEEF7
:1020B0000C7ACDED036A79EE8FDAF0EE6C6AE7EE1A
:1020C000276A6DEEA7DA2EEE27EAF0EE6DEAE7EE6C
:1020D00027EA26EEA77A6EEEA7EA8DED027A9DED4D
:1020E000037A3EEE079A9DED027A3EEE87AA29EE2C
:1020F000279A2AEE27AAF0EE676A002D00F00D81DC
:102100007AEEE85A3FEE4B7A7BEE697A3FEEEA6A66
:1021100025EEC77A3BEEEA5AA6EE277A3CEE4B6AEA
:10212000B5EEC07A25EEC66AF1EE10FAA5EE276A82
:10213000DFED8B4AB5EEC06A48BFB1EE477AF1EEEB
:1021400010FAB4EEE47A48BFB1EE466AF1EE10FA46
:10215000B5EE005A40F3AA80B4EEE46AF1EE10FA4C
:102160005CDD65EEA55A37EE067AE7EEA75A27EE54
:10217000077A65EE857AB4EEE77AF1EE10FA00F2AE
:10218000CC807BEEEF0A3CEE4F0A00F052F97FEE76
:10219000E80AB0EE408A3FEE690A00F04AF938EEEC
:1021A00040FA7AEEEB0AB5EEC0FAF1EE10FA3BEE29
:1021B0004C0A48BFB1EE4FFA00F03BF930EE480A46
:1021C000DFED687AB5EEC00AF1EE10FAB4EEE7FA88
:1021D00048BFB1EE400ADFED637AF1EE10FAA8BF16
:1021E0009FED617AB4EEE70AA8BF37EE4FFAF1EE41
:1021F00010FAA8BF9FED5C7ADFED5C7AA8BF37EEDE
:10220000400A3FEE000AB4EEE70AF1EE10FA40F1A0
:102210008480F0EE4A0AB0EE490A40E067EEA77A01
:1022200027EE077AE5EEA57A67EE857AB4EEE77ACF
:10223000F1EE10FA71D87BEEEF0A3CEE4F0A00F097
:10224000F8F87FEEE80AB0EE408A3FEE690A00F047
:10225000F0F838EE400ADFED437AB5EEC00AF1EE51
:1022600010FA48BFB1EE400AB4EEE70AF1EE10FAF8
:10227000A4BFDFED3D7A37EEC00ADFED3C7AB4EE65
:10228000E70AF1EE10FA48D5F0EE4F0AB0EE6F0A09
:102290002046E9F75DFDF0EE4C0AB0EE6B0A2046F1
:1022A000E9F756FD05B0BDEC108B30BD9FED2C7AE3
:1022B000B4EEC76AF1EE10FA19DD67EEA77A26EEE2
:1022C000067AE5EEA57A67EE857AB4EEE77AF1EE66
:1022D00010FA22D87AEEEB0A3BEE4C0A00F0A9F88D
:1022E0007BEEEF0AB0EE408A3CEE4F0AAFE778EEA5
:1022F000AA7AB0EE497AA7EEE67A79EE8B7AB0EE5A
:102300004A6AA7EEE66A66EE067AE7EE077AF4EE28
:10231000C57AF1EE10FA7FF67CAF0135F0EE690A6E
:10232000B0EE680A2946F0EE4A3AB0EE493AF0EECD
:102330006E2AB0EE4E2AF0EE6D1AB0EE4D1A20461F
:10234000FFF782FEB0EE6CCADDED01BA9DED02FA38
:10235000DDED03FAF0EE4A9AF0EE498A8AE600BF14
:10236000FFE6DB2EDB0F4940DB0FC940CDCCCC3D77
:1023700010B5044B044640F8143BEAF751FE2046E2
:1023800010BD00BF8861020810B50446FFF7F0FFDA
:102390002046742100F026F8204610BD70B50B7958
:1023A00090F82C50002B0CBF0123002304460E464E
:1023B00080F82C3009D14DB13379012B0CD1236831
:1023C00020461B6EBDE8704018472DB1236820469B
:1023D0005B699847002DEFD170BD0B46014618464A
:1023E00001F01EB800F012B80268D207034605D407
:1023F000427802B1FFDE012058707047002070471C
:1024000001230360704708B500F00EF800F052BFDA
:1024100008B5804700F01AFF024B1868BFF35B8FC6
:10242000704700BF0001002008B5FFF7F5FFFFF778
:10243000EFFF00F04DB9000008B52DED028BB0EEB6
:10244000408A00F0A1F8B4EE488AF1EE10FA0CD6FA
:10245000DFED078AB4EEE88AF1EE10FA05D501F057
:1024600005FA88EEA80A21230360BDEC028B08BDA3
:102470000000000010EE103A07B51E4A23F000439A
:10248000934206D8DFED1C0A03B05DF804EB00F0C0
:102490007FB8B3F1FF4F04D330EE400A03B05DF8CC
:1024A00004FB684600F0B4F900F00300012809D0ED
:1024B000022810D0B0B9DDED010A9DED000A00F050
:1024C00067F8EBE7DDED010A9DED000A00F0B8F8D2
:1024D000B1EE400AE2E7DDED010A9DED000A00F0F1
:1024E00057F8F5E7DDED010A9DED000A012000F047
:1024F000A7F8D3E7D80F493F0000000010EE103ACC
:1025000007B51F4A23F00043934207D8DFED1D0AA9
:10251000002003B05DF804EB00F092B8B3F1FF4F78
:1025200004D330EE400A03B05DF804FB684600F0C7
:102530006FF900F0030001280AD002280FD0C0B9BB
:10254000DDED010A9DED000A012000F079F8EAE7CF
:10255000DDED010A9DED000A00F01AF8E3E7DDED7C
:10256000010A9DED000A012000F06AF8B1EE400A70
:10257000D9E7DDED010A9DED000A00F009F8F5E765
:10258000D80F493F00000000B1EEC00A70470000BC
:1025900010EE103A23F00043B3F1485FF0EE406ACA
:1025A000B7EE000A04D2FDEEE67A17EE902A42B3A7
:1025B00026EEA67ADFED1A7A9FED1A6A1A4AA7EE7E
:1025C000276A9342DFED197AE6EE077A9FED186AE3
:1025D000A7EE876ADFED177AE6EE077A9FED166AB7
:1025E000A7EE876A60EEE60A26EE076AF6EE007A44
:1025F000E7EE060A67EE277A04D877EEE07A30EE47
:10260000670A70470D4A93429ABF03F17F4307EE72
:10261000103AB5EE027A30EE470A77EEC77AECE769
:102620004ED747ADF6740F319999993E7CF293B429
:10263000010DD037610BB6BAABAA2A3D0000483F66
:1026400010EE103A23F00043B3F1485F04D2FDEEE0
:10265000C07A17EE903A5BB320EE007ADFED157A80
:102660009FED156AA7EE276ADFED147AE6EE077A8A
:102670009FED136AA7EE876ADFED127A60EE076AB4
:10268000E6EE077A30B99FED106AA7EE276AA6EE4C
:10269000260A704767EEE67AB6EE006AE0EE867AC2
:1026A000D7EE870ADFED097AE6EEA70A30EE600A78
:1026B000704700BFD3C92E2F342FD7B21BEF383647
:1026C000010D50B98988083CABAA2ABEABAA2A3EA4
:1026D00010EE902A22F00041B1F1FF4F10B5F0EE5C
:1026E000407A06D810EE100A20F00043B3F1FF4FF5
:1026F00004D977EEA07AB0EE670A10BDB2F17E5F22
:1027000003D1BDE8104000F0B3B9941704F00204FF
:1027100044EAD07443B9022C5ED09FED347A032C86
:1027200008BFF0EE477AE6E741B9DFED317A9FED79
:10273000317A0028A8BFF0EE477ADCE7B1F1FF4F0D
:1027400010D1B3F1FF4F04F1FF3407D1022C46D86A
:10275000294B03EB8403D3ED007ACCE7022C41D85C
:10276000264BF6E7B3F1FF4FDFD05B1AB3F1F45F0E
:102770004FEAE3511ADA002A01DA3C3119DB87EE1D
:10278000A00A00F049FA00F073F9F0EE407A012C4B
:1027900012D0022C17D0002CADD09FED197A77EE15
:1027A000877A9FED187A77EEC77AA4E7DFED117A82
:1027B000EDE7DFED157AEAE717EE903A03F1004313
:1027C00007EE903A97E79FED0E7A77EE877A9FEDC6
:1027D0000D7A77EE677A8EE7DFED0A7A8BE7DFED29
:1027E0000B7A88E7DFED087A85E700BFDB0F49C089
:1027F000DB0FC9BFDB0FC93FA0610208946102086B
:102800002EBDBB33DB0F494000000000DB0F493F0A
:10281000F0B510EE106A884B26F000459D4287B057
:10282000044605D8002380ED000A4360002022E022
:10283000824B9D423AD826F00043002E9FED807ACD
:10284000804A23F00F0318DD934270EE477A09BFE8
:102850009FED7D7ADFED7D6ADFED7D6A77EEC77AE9
:1028600037EEE67A77EEC77A80ED007A77EEE67A91
:10287000C0ED017A012007B0F0BD934270EE077AF7
:1028800009BF9FED717ADFED716ADFED716A77EE56
:10289000877A37EEA67A77EEC77A80ED007A77EE00
:1028A000A67AC0ED017A4FF0FF30E4E7694B9D4214
:1028B00073D800F0B1F99FED687AF6EE007AE0EE99
:1028C000077AFDEEE77AB8EEE77A17EE900ADFEDC9
:1028D0005C7AA7EE670A1F28DFED5C7A67EE277A3D
:1028E000B1EE476A70EE676A16EE901A09DC5B4A31
:1028F000471E26F0004352F8272023F0FF0393429F
:1029000007D1C1F3C752C2EBD552082A4FEAE553AB
:1029100014DC216094ED007A30EE470A002E30EE90
:10292000670A84ED010AA6DAB1EE477AB1EE400AF1
:1029300084ED007A84ED010A40429CE7DFED425AC3
:10294000F0EE406AE6EE256A70EE667AE6EE257AEB
:10295000DFED3F5AD7EE257A76EEE75A15EE902A4C
:10296000C2F3C7515B1A192B04DCC4ED005AB0EE58
:10297000660ACFE7DFED3A5AB0EE660AA6EE250A00
:1029800076EEC07ADFED376AE6EE257AD7EE267A64
:1029900030EE677A84ED007ABCE7B5F1FF4F06D3DD
:1029A00070EE407AC0ED017AC0ED007A3EE7EA159C
:1029B000863AA5EBC25307EE903ABDEEE77ADFED1B
:1029C0002A6AB8EEC77A77EEC77A8DED037A67EE9A
:1029D000A67ABDEEE77AB8EEC77A77EEC77A8DEDC4
:1029E000047A67EEA67AF5EE407AF1EE10FACDEDB4
:1029F000057A1ED1B5EE407AF1EE10FA0CBF012334
:102A000002231A4901910221009103A8214600F0F6
:102A100071F9002EBFF62FAFD4ED007AF1EE677A90
:102A2000C4ED007AD4ED017AF1EE677AC4ED017A53
:102A300082E70323E5E700BFD80F493FE3CB164009
:102A4000800FC93FD00FC93F004435374344353765
:102A500008A3852E800F494384F9223FAC61020808
:102A600000A3852E32318D24000080432C620208A1
:102A700038B510EE105A25F00044B4F1A14FF0EE35
:102A8000407A10D3B4F1FF4F04D970EE007AB0EE63
:102A9000670A38BDDFED4D7A9FED4D7A002DC8BF36
:102AA000F0EE477AF3E74B4B9C4210D8B4F1445F09
:102AB0000AD29FED497A30EE077AF7EE006AB4EE5B
:102AC000E67AF1EE10FAE2DC4FF0FF3313E000F0AB
:102AD000A3F8424B9C424FD8A3F5D0039C4241D867
:102AE000F0EE007ABFEE007AA0EE277A002330EEF7
:102AF000270AC7EE007A5A1C27EEA76A9FED387A9C
:102B0000DFED385A9FED385A66EE066AE6EE875AD0
:102B10009FED367AA5EEA67ADFED355AE7EE265A16
:102B20009FED347AA5EEA67ADFED335AE7EE265A0A
:102B30009FED327AA6EE875A9FED317AA5EE267A7E
:102B40009FED305AA7EE265A9FED2F7AA5EE267AF2
:102B500027EE267AA5EE867A27EE877A21D177EEC0
:102B6000C77A94E7F7EE007A30EE677A30EE270AFC
:102B70000123C7EE007ABEE7244B9C420BD8F7EE48
:102B8000087AB7EE007AA0EE277A022370EE676A21
:102B9000C6EE877AAFE7BFEE007AC7EE007A03236E
:102BA000A9E71B4A1B4902EB830201EB8303D3ED28
:102BB000006A37EE667A002D37EE677AD2ED007A3A
:102BC00077EEC77AB8BFF1EE677A60E7DB0FC9BF6F
:102BD000DB0FC93FFFFFDF3ECAF24971FFFF973F9E
:102BE000D769853C59DA4B3D6BF16EBD356B883D3D
:102BF0006E2EBA3D2549123EABAAAA3E21A215BDB2
:102C000095879DBD388EE3BDCDCC4CBEFFFF1B40EC
:102C1000546502084465020810EE103A23F00043A0
:102C200000EE103A7047000010EE103A33F0004208
:102C30002BD0B2F1FF4F02D330EE000A704713F0F1
:102C4000FF4F23D1244BDFED257A984220EE270A4F
:102C500017DB10EE103AC3F3C752193A4CF2503159
:102C6000884215DDDFED1E7ADFED1E6A10EE103AA8
:102C7000B0EE677A002BB8BFF0EE667A27EE870ACF
:102C80007047DFED197A27EE800A7047D20DE5E72D
:102C90001044FE28E6DC002806DD23F0FF4343EA6B
:102CA000C05300EE103A704710F1160F09DADFED4D
:102CB0000E7ADFED0E6A10EE103AB0EE677A002B56
:102CC000D9E7193023F0FF4343EAC0539FED080AC8
:102CD00007EE903AD7E700BFB03CFFFF0000004C82
:102CE000CAF24971CAF249F16042A20D6042A28D56
:102CF000000000332DE9F04F2DED048BD9B0904644
:102D00000190B64A669818F1040F52F820A00F46B9
:102D100003F1FF3B26DBB8F1030248BF08F10402D0
:102D2000D210551C67999FEDB17AE800A2EB0B0613
:102D30000290A8EBC5050AEB0B0C1CAC01EB860E50
:102D40000020604510DD1CA901EB83000DF588799A
:102D50000026564524DCDDF804E0DFEDA47A844645
:102D6000002416E00022DCE7C6425DBF5EF82010BA
:102D700007EE901AF8EEE77AF0EE477AE4EC017A83
:102D80000130DEE7FEEC016A3CED017AE6EE877A7F
:102D900001345C45F6DDE9EC017A01360430D8E710
:102DA00008A901EB8A0104916799DFED8F8A9FEDF5
:102DB0008D9A01EB820203925446A200059258AA12
:102DC00002EB840212ED140A44A908AA01EB840064
:102DD00094462646002E4CDC2846CDE90623FFF714
:102DE00023FFB0EE408AB4EE000A28EE000A00F09D
:102DF000E9F9F2EE007AA0EE678A002DDDE90623FC
:102E0000FDEEC87A17EE909AF8EEE77A38EE678A08
:102E100041DD04F1FF3C08A9C5F1080E51F82C6012
:102E200046FA0EF0814400FA0EF0361AC5F107009A
:102E300041F82C600641002E3CDD4FF0000E09F1F8
:102E400001097046744568DC002D03DD012D74D046
:102E5000022D7DD0022E2DD1B7EE000A30EE488A29
:102E600040B328460693FFF7DFFE069B38EE408A04
:102E700020E060EE287A013EFDEEE77AF8EEE77A90
:102E8000A7EEC90ABDEEC00AACEC010A30ED010A9A
:102E900037EE800A9EE705D1601E08A951F8206030
:102EA000F611C8E7F6EE007AB4EEE78AF1EE10FA12
:102EB00031DA0026B5EE408AF1EE10FA40F0988043
:102EC000601E002250454BDA002A65D0013C08AB59
:102ED000083D53F82430002BF8D02846B7EE000AFE
:102EE000FFF7A2FE631C44AA9FED3F7A990002EB14
:102EF00083022346002B80F2A9802346002BC0F2D8
:102F0000C78044AA02EB8305DFF8D4C0DFED377A2F
:102F10000020E21AB1E002268FE752F8041B48B9FC
:102F200021B1C1F5807142F8041C01210EF1010E9E
:102F3000084687E7C1F1FF01F5E704F1FF3C08AA65
:102F400052F82C2002F07F0208A941F82C2081E7DA
:102F500004F1FF3C08AA52F82C2002F03F02F3E7EC
:102F600008A951F8201001380A43ABE7013250F8A4
:102F7000046D002EFAD0059901F5B0710DEB01003A
:102F8000E6181CA904F1010C4C3801EB860622441A
:102F9000624504DA144610E704980122E7E7039932
:102FA000DDF804E051F82C10059107EE901AF8EEC8
:102FB000E77A0024E6EC017ADFED0C7AB1465C4555
:102FC00004DDE0EC017A0CF1010CE1E7FEEC016AB2
:102FD00039ED017A0134E6EE877AF0E79065020870
:102FE00064650208000080430000803B0000000090
:102FF000029BB0EE480AA3EB0800FFF715FE1FED99
:10300000077AB4EEC70AF1EE10FA19DB5FED0A7A1F
:1030100060EE277A08AAFDEEE77A0835F8EEE77A3F
:10302000A7EEC70AFDEEE77ABDEEC00A10EE103A31
:1030300042F8243017EE903A013442F824304CE73D
:10304000BDEEC00A08AA10EE103AF6E708A850F83C
:103050002300019007EE900AF8EEE77A013B67EE55
:10306000807A20EE070A62ED017A43E7FCEC016A00
:10307000B5EC017AE6EE877A0130504501DC9042EA
:10308000F4DD58A800EB820242ED287A013B35E7D7
:10309000669B022B09DC002B27DC40D009F00700DF
:1030A00059B0BDEC048BBDE8F08F669B032BF5D1C6
:1030B00030AA0B1F13441A462046002850DC224633
:1030C000012A5DDC30AB5FED377A0B44012C67DC05
:1030D000DDED306A9DED317A002E67D1C7ED006AD3
:1030E00087ED017AC7ED027AD8E730AB1FED417A60
:1030F0000B442246002A24DA4EB3F1EE477AC7ED9C
:10310000007ADDED307A77EEC77A31AA01239C424E
:1031100020DA0EB1F1EE677AC7ED017ABEE730AB87
:103120005FED4E7A0B44002C05DA0EB1F1EE677AB2
:10313000C7ED007AB2E733ED017A013C77EE877A8A
:10314000F1E773ED017A013A37EE277AD2E7F0EE34
:10315000477AD4E7B2EC017A013377EE877AD6E783
:1031600072ED017AD2ED016A37EEA67A013877EE78
:10317000C77A82ED007A77EEA67AC2ED017A9CE7F3
:1031800073ED017AD3ED016A37EEA67A013A77EE54
:10319000C77A83ED007A77EEA67AC3ED017A8FE7DE
:1031A00033ED017A013C77EE877A8FE7F1EE666ABC
:1031B000B1EE477AC7ED006A87ED017AF1EE677AE2
:1031C00090E700BF10EE103AC3F3C7527F3A162AB9
:1031D00023F000412BDC002A12DADFED197A30EE01
:1031E000270AB5EEC00AF1EE10FA06DD002B24DA4C
:1031F0000029144B08BF4FF0004300EE103A70470F
:10320000114911410B42FAD0DFED0D7A30EE270A59
:10321000B5EEC00AF1EE10FAEFDD002BBEBF4FF4A1
:10322000000040FA02F29B1823EA0103E5E7B1F13E
:10323000FF4FE4D330EE000A70470023DDE700BF04
:10324000CAF24971000080BFFFFF7F0008B5062069
:1032500000F03CFA0120DFF7CDF800001FB514465E
:103260001A46094B1B680546D8684CB1074B0091BC
:10327000CDE9013406492B4600F084F9FFF7E6FF5B
:10328000044B1C46F3E700BF100100204050020829
:103290004D5002087B500208002301461A4618468A
:1032A00000F020BB024B0146186800F02DB800BFAB
:1032B00010010020024B0146186800F06FBB00BFF0
:1032C0001001002070B50F4E0C463168054611B94B
:1032D00000F0AAFA30602146284600F0A5FA431C07
:1032E00003D14FF0FF34204670BDC41C24F003040A
:1032F000A042F8D0211A284600F096FA0130F2D107
:10330000EFE700BF904401202DE9F843CD1C25F0E4
:10331000030508350C2D38BF0C25002D064601DBB2
:10332000A94204D90C2333600020BDE8F883DFF8FC
:10333000D48000F069F8D8F800301C4644BB294618
:103340003046FFF7BFFF431C044658D1D8F8004071
:103350002746002F43D1002C4BD0236839463046F6
:1033600004EB030900F060FA814542D121686D1A2F
:1033700029463046FFF7A6FF01303AD023682B4498
:103380002360D8F800305A6862BBC8F800700FE0BC
:103390002268521B20D40B2A17D96119A342256039
:1033A00018BF5960636808BFC8F8001062514B60CD
:1033B000304600F02FF804F10B00231D20F0070029
:1033C000C21A1CBF1B1AA350AFE76268A3420CBF0E
:1033D000C8F800205A60EBE723466468AEE73C4635
:1033E0007F68B6E71A465B68A342FBD100235360AF
:1033F000DEE70C233360304600F00CF894E70560FC
:10340000D6E700BF94440120014800F05ABA00BF3B
:10341000D8450120014800F055BA00BFD845012029
:1034200010B504460448134620B10A46022021463E
:1034300000F058FA10BD00BFE5380208002310B5AF
:103440000446C0E90033C0E90433836081814366E8
:10345000C2818361194608225C3000F006F90D4BE9
:1034600063620D4BA3620D4BE3620D4B23630D4B67
:1034700024629C4206D003F16802944202D0D03309
:103480009C4205D104F15800BDE8104000F018BA84
:1034900010BD00BFE5350208073602083F360208B6
:1034A0006336020898440120024A0349034800F0A9
:1034B0007BB800BF04010020D540020814010020A1
:1034C00041680C4B994210B5044601D000F002FE51
:1034D000A168094B994202D0204600F0FBFDE1684B
:1034E000064B994204D02046BDE8104000F0F2BDE2
:1034F00010BD00BF9844012000450120684501200F
:1035000010B50B4B0B4C0C4A1A60204600220421CC
:10351000FFF794FF04F1680001220921FFF78EFFF5
:1035200004F1D0000222BDE810401221FFF786BF4F
:10353000D045012098440120A9340208014800F038
:10354000C0B900BFDA450120014800F0BBB900BF97
:10355000DA45012010B50446FFF7F0FF236A1BB1DE
:10356000BDE81040FFF7F0BF044B2362044B1B681B
:10357000002BF5D1FFF7C4FFF2E700BFC13402080A
:10358000D04501200EB403B5014603AB054853F8FE
:10359000042B0068019300F075FA02B05DF804EBAB
:1035A00003B07047100100202DE9F8430746884614
:1035B00014460026D4E90195B9F1010905D524681E
:1035C000002CF7D13046BDE8F883AB89012B07D931
:1035D000B5F90E30013303D029463846C0470643BB
:1035E0006835E9E710B50C46B1F90E1000F0F6F8B1
:1035F0000028ABBF636DA3891B1823F48053ACBFB5
:103600006365A38110BD2DE9F0411F468B89DB0561
:1036100005460C46164605D5B1F90E1002230022C8
:1036200000F0CAF8A389B4F90E1023F48053A381E3
:1036300032463B462846BDE8F04100F005B910B5DA
:103640000C46B1F90E1000F0B7F8431CA38915BF62
:10365000606523F4805343F48053A38118BFA38192
:1036600010BDB1F90E1000F039B802440346934280
:1036700000D1704703F8011BF9E71F2938B505464B
:103680000C4604D9162303604FF0FF3038BDC26BDF
:1036900012B152F821304BB9284600F0C3F8224647
:1036A00001462846BDE8384000F0AAB8012B0AD0F0
:1036B000591C03D1162303600120E7E7002142F8DB
:1036C0002410204698470020E0E70000024B014606
:1036D0001868FFF7D2BF00BF1001002038B5064DB3
:1036E0000023044608462B60DEF7A6FE431C02D1E9
:1036F0002B6803B1236038BDD44501202D4B1B68D6
:10370000834270B5044653D0C3691BB3DB6863B111
:103710000025E369DB685959B1B90435802DF8D12A
:10372000E3692046D96800F039F9E369196811B1F5
:10373000204600F033F9E3699D685DB129462046D3
:103740002D6800F02BF9F8E70E68204600F026F906
:103750003146E1E7616911B1204600F01FF9E169E6
:1037600011B1204600F01AF9216B11B1204600F08A
:1037700015F9616B11B1204600F010F9A16B11B180
:10378000204600F00BF9A16C11B1204600F006F9BB
:10379000616C11B1204600F001F9E16A11B12046D7
:1037A00000F0FCF8236A1BB12046BDE870401847C2
:1037B00070BD00BF1001002038B5074D0446084613
:1037C000114600222A601A46DEF740FE431C02D151
:1037D0002B6803B1236038BDD445012038B5074DAF
:1037E00004460846114600222A601A46DEF708FE03
:1037F000431C02D12B6803B1236038BDD44501209E
:1038000038B5074D00230446084611462B60DEF705
:10381000E9FD431C02D12B6803B1236038BD00BF12
:10382000D4450120DEF7DCBD38B5064D0023044643
:1038300008462B60DEF70CFE431C02D12B6803B157
:10384000236038BDD445012038B5074D04460846ED
:10385000114600222A601A46DEF7E0FD431C02D121
:103860002B6803B1236038BDD4450120014B186893
:10387000704700BF1001002070B50D4D0D4C641B4A
:10388000A4100026A64209D10B4D0C4C00F062FD9D
:10389000641BA4100026A64205D170BD55F8043B58
:1038A00098470136EEE755F8043B98470136F2E7B2
:1038B000BC6D0408BC6D0408BC6D0408D06D040820
:1038C0007047704770470A44914200F1FF3300D1BE
:1038D000704710B511F8014B03F8014F9142F9D12F
:1038E00010BD00002DE9F843274D07462868914692
:1038F0000E469846FFF7E5FF244A14683CB9244B6E
:103900001360244A12B11268C3F88820204C6368FF
:103910001F2B06DD2868FFF7D5FF4FF0FF30BDE80D
:10392000F8832FB3D4F8880068B91B4B002BF1D073
:103930004FF48470FFF7B6FC0028EBD00023C0E9F9
:103940004033C4F88800636840F8239001229A400D
:1039500000EB8301D0F800311343C0F80031022F8F
:10396000C1F8808002BFD0F804311343C0F804319D
:10397000636828685A1C0233626044F82360FFF7CA
:10398000A1FF0020CBE700BF6001002068460120B6
:10399000DC4501209C650208A532020838B50546C1
:1039A000002941D051F8043C0C1F002BB8BFE4188B
:1039B000FFF72AFD1D4A136833B963601460284677
:1039C000BDE83840FFF726BDA34208D9206821187A
:1039D0008B4201BF19685B6809182160EDE71A4640
:1039E0005B680BB1A342FAD911685018A0420BD101
:1039F00020680144501883421160E0D118685B6868
:103A0000536008441060DAE702D90C232B60D6E734
:103A1000206821188B4204BF19685B68636004BF8B
:103A2000091821605460CAE738BD00BF94440120E2
:103A30009368013B002B10B4936008DA9469A342A9
:103A400001DB0A2903D15DF8044B00F06BBB13685E
:103A5000581C1060197008465DF8044B7047F8B5A3
:103A600006460F461446D518AC4201D1002007E0A7
:103A700014F8011B3A463046FFF7DAFF431CF3D136
:103A8000F8BD00002DE9F04F0D469DB01446984654
:103A9000064618B1036A0BB9FFF75CFD6B6ED907D8
:103AA00005D4AB899A0502D4A86DFFF70AFFAB894C
:103AB0001B0701D52B699BB92946304600F070FBE6
:103AC00070B16B6EDC0704D54FF0FF301DB0BDE860
:103AD000F08FAB899805F7D4A86DFFF7F3FEF3E7F5
:103AE0000023099320238DF82930CDF80C80302352
:103AF000DFF8AC818DF82A304FF0010923469A4651
:103B000013F8012B0AB1252AF9D1BAEB040B0BD01B
:103B10005B46224629463046FFF7A1FF013000F000
:103B2000A780099A5A4409929AF80030002B00F0B5
:103B30009F8000234FF0FF32CDE905230AF1010AEF
:103B4000049307938DF853301A935446052214F8C2
:103B5000011B5348DCF74CFB049AD8B9D10644BF8B
:103B600020238DF85330130744BF2B238DF8533097
:103B70009AF800302A2B15D0079A544600204FF0AF
:103B80000A0C214611F8013B303B092B4BD9B0B14F
:103B9000079214E0A0EB080309FA03F3134304931C
:103BA000A246D2E7039B191D1B680391002BBBBFE4
:103BB0005B4242F0020207930793B8BF0492237856
:103BC0002E2B0AD163782A2B32D1039B1A1D1B6836
:103BD000039243EAE37302340593DFF8D4A021781B
:103BE00003225046DCF704FB38B1049BA0EB0A002B
:103BF0004022824013430134049314F8011B2948E6
:103C00008DF828100622DCF7F3FA00283FD0264B67
:103C10001BBB039B073323F0070308330393099B64
:103C20003B4409936AE70CFB02320C460120A8E7EB
:103C300000230134059319464FF00A0C204610F872
:103C4000012B303A092A03D9002BC6D00591C4E7CD
:103C50000CFB012104460123F0E703AB00932A4645
:103C6000124B04A93046AFF300800746781CD6D12A
:103C70006B6ED90705D4AB899A0502D4A86DFFF7FE
:103C800021FEAB895B063FF51FAF09981EE703AB2A
:103C900000932A46054B04A9304600F079F8E4E782
:103CA0007C50020886500208000000005F3A0208BB
:103CB000825002082DE9F047164698468A680B693B
:103CC000DDF820909342B8BF1346336091F843204B
:103CD00007460C460AB1013333602368990642BF98
:103CE000336802333360256815F0060506D104F108
:103CF000190AE36832689B1AAB4226DC94F8433019
:103D00002268003B18BF012392062BD404F1430222
:103D100041463846C84701301ED02368226903F067
:103D20000603042B02BFE5683368ED1AA3680CBFD5
:103D300025EAE57500259342C4BF9B1AED180026BD
:103D40001A34B5421AD1002008E0012352464146F8
:103D50003846C847013003D14FF0FF30BDE8F08747
:103D60000135C6E7E1185A1C302081F8430022448F
:103D700094F8451082F843100233C7E70123224626
:103D800041463846C8470130E6D00136D9E7000041
:103D90002DE9FF470F7E0C9E782F914680460C46FA
:103DA0009A4601F1430207D8622F0AD8002F00F08B
:103DB000D180582F00F0B88004F1420684F8427098
:103DC0003AE0A7F16303152BF6D801A151F823F0CF
:103DD000293E02083D3E0208B93D0208B93D0208ED
:103DE000B93D0208B93D02083D3E0208B93D02084E
:103DF000B93D0208B93D0208B93D02083B3F02083F
:103E0000673E0208F53E0208B93D0208B93D0208C6
:103E10005D3F0208B93D0208673E0208B93D02084D
:103E2000B93D0208FD3E020833681A1D1B68326066
:103E300004F1420684F8423001239CE03368206894
:103E4000191D3160060601D51D6803E04506FBD546
:103E5000B3F90050002D03DA2D236D4284F843306E
:103E600058480A2311E021683368080653F8045BB8
:103E700002D4490648BFADB26F2F5248336014BF19
:103E80000A230823002184F843106668A660002EE8
:103E900005DB21682E4321F0040121604BD016463A
:103EA000B5FBF3F103FB1157C75D06F8017D2F4603
:103EB000BB420D46F4D9082B0BD12368DF0708D588
:103EC000236961689942DEBF302306F8013C06F1A0
:103ED000FF36921B2261CDF800A04B4603AA214673
:103EE0004046FFF7E7FE01304AD14FF0FF3004B003
:103EF000BDE8F087236843F0200323603248782729
:103F000084F84570236831681F0651F8045B02D4B9
:103F10005F0648BFADB23160D90744BF43F020030C
:103F200023601DB11023ADE72648E9E7236823F09D
:103F300020032360F6E71646BDE73368256861690C
:103F4000181D30602E061B6801D5196002E0680656
:103F5000FBD51980002323611646BCE733681A1D80
:103F600032601E68626800213046DCF741F908B112
:103F7000801B606063682361002384F84330AAE7F4
:103F80002369324649464046D0470130ADD02368C8
:103F90009B0713D4E068039B9842B8BF1846A6E776
:103FA0000123324649464046D04701309DD0013575
:103FB000E36803995B1AAB42F2DCEBE7002504F1FE
:103FC0001906F5E78D5002089E500208B1F90C2041
:103FD0002DE9F041160705460C4654D44B68002BDA
:103FE00002DC0B6C002B48DDE66A002E45D0002376
:103FF00012F480522F68216A2B6030D0626DA38941
:10400000590705D56368D21A636B0BB1236CD21ABA
:104010000023E66A216A2846B047431CA38906D1DB
:1040200029681D292BD82A4ACA40D60727D500223D
:104030006260D9042269226004D5421C01D12B6838
:1040400003B96065616B2F60B9B104F14403994213
:1040500002D02846FFF7A2FC002363630DE0012392
:104060002846B0470246501CC9D12B68002BC6D049
:104070001D2B01D0162B1ED12F60002022E043F013
:1040800040031BB21BE00F69002FF6D093070E68A8
:1040900008BF4B690F6018BF0023A6EB07088B60B1
:1040A000B8F1000FE9DD216AA66A43463A46284680
:1040B000B047002808DCB4F90C3043F04003A3817A
:1040C0004FF0FF30BDE8F0810744A8EB0008E7E7B8
:1040D0000100402038B50B6905460C4613B9002590
:1040E000284638BD18B1036A0BB9FFF733FAB4F9A3
:1040F0000C30002BF3D0626ED00704D4990502D4A3
:10410000A06DFFF7DEFB28462146FFF75FFF636ED9
:10411000DA070546E4D4A3899B05E1D4A06DFFF737
:10412000D1FBDDE7F8B50E461446054618B1036A23
:104130000BB9FFF70FFAA369A360A3891A0701D58A
:10414000236943B92146284600F02AF818B14FF0F8
:10415000FF373846F8BD23682269981A6369F6B2BA
:104160008342374605DC21462846FFF7B3FF002887
:10417000EDD1A368013BA36023685A1C22601E7026
:104180006269431C9A4204D0A389DB07E1D50A2E59
:10419000DFD121462846FFF79DFF0028D9D0D6E77A
:1041A00038B5294B054618680C4618B1036A0BB997
:1041B000FFF7D0F9B4F90C30190722D4DA0607D486
:1041C00009222A6043F04003A3814FF0FF3033E01F
:1041D000580712D5616B41B104F14403994202D0F2
:1041E0002846FFF7DBFB00236363A38923F0240346
:1041F000A3810023636023692360A38943F008033C
:10420000A38123694BB9A38903F42073B3F5007F1D
:1042100003D02146284600F03FF8B4F90C3013F0E3
:1042200001020AD00022A26062695242A2612269A0
:1042300042B913F08000C5D138BD990758BF6269F3
:10424000A260F4E70020F7E71001002070B50C46EB
:10425000B1F90E10002996B015461E460DDAA38955
:1042600013F0800F4FF0000114BF40234FF4806320
:10427000002031602B6016B070BD6A4600F048F82F
:104280000028ECDB019901F47041A1F5005359427B
:1042900059414FF48063EBE78B89F7B59D070646DC
:1042A0000C4607D504F147032360236101236361B2
:1042B00003B0F0BD01AB6A46FFF7C8FF009F05469B
:1042C00039463046FFF720F848B9B4F90C309A0562
:1042D000EED423F0030343F00203A381E2E7A389B2
:1042E000206043F08003A381019BC4E904075BB114
:1042F000B4F90E10304600F01DF828B1A38923F060
:10430000030343F00103A381A3891D43A581CFE7E4
:1043100038B5074D00230446084611462B60DEF7EA
:104320008EF8431C02D12B6803B1236038BD00BF57
:10433000D445012038B5064D0023044608462B60BD
:10434000DEF782F8431C02D12B6803B1236038BD2D
:10435000D4450120F8B500BFF8BC08BC9E467047A4
:0C436000F8B500BFF8BC08BC9E467047D2
:10436C0000000000FFFFFFFFFFFFFFFF0000000049
:10437C00010000000000000000000000010000002F
:10438C00FFFFFFFFFFFFFFFF01000000FFFFFFFF2C
:10439C00FFFFFFFF01000000010000000100000012
:1043AC000000000000000000C3060008C50600085D
:1043BC0019070008250800086672616D654275666C
:1043CC0066657220213D2030202626202241206661
:1043DC0072616D6562756666657220616464726592
:1043EC007373206D7573742062652073657422007D
:1043FC007669727475616C20766F696420746F7560
:10440C0063686766783A3A48414C3A3A7365744641
:10441C0072616D6542756666657253746172744142
:10442C00646472657373657328766F69642A2C20D3
:10443C00766F69642A2C20766F69642A29002E2EE7
:10444C002F2E2E2F4D6964646C6577617265732F06
:10445C0053542F746F7563686766782F6672616D3D
:10446C0065776F726B2F696E636C7564652F746FF3
:10447C007563686766782F68616C2F48414C2E68AD
:10448C007070007769647468203E3D204449535035
:10449C004C41595F57494454482026262068656989
:1044AC00676874203E3D20444953504C41595F4845
:1044BC00454947485420262620224672616D656284
:1044CC0075666665722063616E6E6F74206265201E
:1044DC00736D616C6C6572207468616E20646973B5
:1044EC00706C617922007669727475616C20766FDC
:1044FC00696420746F7563686766783A3A48414C12
:10450C003A3A7365744672616D654275666665729A
:10451C0053697A652875696E7431365F742C207511
:10452C00696E7431365F742900286672616D655F3F
:10453C006275666665725F73656D20213D204E5510
:10454C004C4C2920262620224372656174696F6EBB
:10455C00206F66206672616D656275666665722095
:10456C0073656D6170686F7265206661696C6564F6
:10457C00220073746174696320766F696420746FB0
:10458C007563686766783A3A4F5357726170706515
:10459C0072733A3A696E697469616C697A65282933
:1045AC0000443A2F776F726B737061636553544D8F
:1045BC002F47414C4147415F46494E414C2F546F68
:1045CC007563684746582F7461726765742F676509
:1045DC006E6572617465642F4F53577261707065AC
:1045EC0072732E63707000287673796E635F7175C9
:1045FC0065756520213D204E554C4C2920262620E2
:10460C00224372656174696F6E206F6620767379D0
:10461C006E63206D65737361676520717565756573
:10462C00206661696C6564220030202626202255A4
:10463C006E737570706F7274656420466F726D6105
:10464C007421220075696E7433325F742053544D9B
:10465C003332444D413A3A6765744368726F6D4129
:10466C0052544F7574707574466F726D6174287402
:10467C006F7563686766783A3A4269746D61703A2F
:10468C003A4269746D6170466F726D6174290044B1
:10469C003A2F776F726B737061636553544D2F476C
:1046AC00414C4147415F46494E414C2F546F756315
:1046BC00684746582F7461726765742F67656E651D
:1046CC0072617465642F53544D3332444D412E63E3
:1046DC0070700075696E7433325F742053544D33AF
:1046EC0032444D413A3A6765744368726F6D41527A
:1046FC0054496E707574466F726D617428746F7561
:10470C0063686766783A3A4269746D61703A3A4206
:10471C0069746D6170466F726D617429003020266A
:10472C00262022556E737570706F727465642066E6
:10473C006F726D617422007669727475616C20768B
:10474C006F69642053544D3332444D413A3A73658A
:10475C0074757044617461436F707928636F6E7304
:10476C007420746F7563686766783A3A426C697442
:10477C004F70262900636F6D70617469626C6546B9
:10478C0072616D65627566666572284269746D61E9
:10479C00703A3A5247423536352920262620225483
:1047AC0068652063686F73656E207061696E7465EF
:1047BC0072206F6E6C7920776F726B7320776974CF
:1047CC00682052474235363520646973706C6179C4
:1047DC00732200746F7563686766783A3A41627346
:1047EC0074726163745061696E74657252474235BC
:1047FC0036353A3A41627374726163745061696E12
:10480C007465725247423536352829002E2E2F2ECC
:10481C002E2F4D6964646C6577617265732F5354E8
:10482C002F746F7563686766782F6672616D657734
:10483C006F726B2F696E636C7564652F746F756323
:10484C00686766782F776964676574732F63616E28
:10485C007661732F41627374726163745061696E17
:10486C007465725247423536352E68707000475564
:10487C00495F5461736B0064656661756C74546157
:10488C00736B0073697A656F662853637265656E26
:10489C005479706529203C3D20686561702E7363E6
:1048AC007265656E53746F726167652E656C656DAC
:1048BC00656E745F73697A65282920262620225636
:1048CC0069657720616C6C6F636174696F6E2065CC
:1048DC0072726F723A20436865636B2074686174FE
:1048EC0020616C6C2076696577732061726520613C
:1048FC006464656420746F2046726F6E74656E64B8
:10490C00486561703A3A56696577547970657322D7
:10491C000050726573656E746572547970652A20E7
:10492C00746F7563686766783A3A6D616B6554723B
:10493C00616E736974696F6E2853637265656E2A54
:10494C002A2C2050726573656E7465722A2A2C208D
:10495C004D565048656170262C205472616E7369F7
:10496C0074696F6E2A2A2C204D6F64656C547970B3
:10497C00652A29205B776974682053637265656EBC
:10498C0054797065203D2053637265656E325669AB
:10499C0065773B2050726573656E746572547970DF
:1049AC0065203D2053637265656E32507265736588
:1049BC006E7465723B205472616E7354797065200D
:1049CC003D20436F7665725472616E736974696FC2
:1049DC006E3C746F7563686766783A3A4541535418
:1049EC003E3B204D6F64656C54797065203D204DC5
:1049FC006F64656C5D002E2E2F2E2E2F4D69646416
:104A0C006C6577617265732F53542F746F7563687F
:104A1C006766782F6672616D65776F726B2F696E42
:104A2C00636C7564652F6D76702F4D5650417070A8
:104A3C006C69636174696F6E2E6870700073697A4B
:104A4C00656F662850726573656E74657254797003
:104A5C006529203C3D20686561702E707265736518
:104A6C006E74657253746F726167652E656C656DDB
:104A7C00656E745F73697A6528292026262022507A
:104A8C00726573656E74657220616C6C6F636174B2
:104A9C00696F6E206572726F723A20436865636B42
:104AAC00207468617420616C6C2070726573656E23
:104ABC00746572732061726520616464656420742E
:104ACC006F2046726F6E74656E64486561703A3A19
:104ADC0050726573656E74657254797065732200DB
:104AEC0073697A656F66285472616E735479706558
:104AFC0029203C3D20686561702E7472616E73696B
:104B0C0074696F6E53746F726167652E656C656D39
:104B1C00656E745F73697A652829202626202254D5
:104B2C0072616E736974696F6E20616C6C6F636116
:104B3C0074696F6E206572726F723A204368656398
:104B4C006B207468617420616C6C207472616E737C
:104B5C006974696F6E732061726520616464656449
:104B6C0020746F2046726F6E74656E644865617058
:104B7C003A3A5472616E736974696F6E54797065E8
:104B8C0073220050726573656E746572547970652A
:104B9C002A20746F7563686766783A3A6D616B6545
:104BAC005472616E736974696F6E285363726565B4
:104BBC006E2A2A2C2050726573656E7465722A2ACF
:104BCC002C204D565048656170262C205472616E15
:104BDC00736974696F6E2A2A2C204D6F64656C544E
:104BEC007970652A29205B77697468205363726534
:104BFC00656E54797065203D2053637265656E3126
:104C0C00566965773B2050726573656E7465725496
:104C1C00797065203D2053637265656E3150726505
:104C2C0073656E7465723B205472616E7354797047
:104C3C0065203D20576970655472616E73697469A3
:104C4C006F6E3C746F7563686766783A3A4541538A
:104C5C00543E3B204D6F64656C54797065203D204B
:104C6C004D6F64656C5D0050726573656E74657232
:104C7C00547970652A20746F7563686766783A3A60
:104C8C006D616B655472616E736974696F6E2853D4
:104C9C00637265656E2A2A2C2050726573656E747A
:104CAC0065722A2A2C204D565048656170262C209E
:104CBC005472616E736974696F6E2A2A2C204D6F61
:104CCC0064656C547970652A29205B776974682057
:104CDC0053637265656E54797065203D2053637221
:104CEC0065656E31566965773B2050726573656EEC
:104CFC0074657254797065203D2053637265656EDE
:104D0C003150726573656E7465723B205472616EBE
:104D1C007354797065203D204E6F5472616E7369C7
:104D2C0074696F6E3B204D6F64656C5479706520AF
:104D3C003D204D6F64656C5D0074797065645465DD
:104D4C0078747320213D203020262620225479703F
:104D5C006564546578742064617461626173652064
:104D6C00686173206E6F74206265656E20696E6970
:104D7C007469616C697A65642E2200636F6E73745A
:104D8C0020746F7563686766783A3A466F6E742A5A
:104D9C0020746F7563686766783A3A547970656405
:104DAC00546578743A3A676574466F6E7428292096
:104DBC00636F6E7374002E2E2F2E2E2F4D6964642C
:104DCC006C6577617265732F53542F746F756368BC
:104DDC006766782F6672616D65776F726B2F696E7F
:104DEC00636C7564652F746F7563686766782F5490
:104DFC0079706564546578742E687070006861739E
:104E0C0056616C696449642829202626202274790D
:104E1C00706564546578744964206C61726765725E
:104E2C00207468616E206E756D6265724F66547980
:104E3C0070656454657874732E22007573656420F4
:104E4C003E203000746F7563686766783A3A556E29
:104E5C0069636F64653A3A556E69636F646543685C
:104E6C00617220746F7563686766783A3A54657836
:104E7C007450726F76696465723A3A6369726375DD
:104E8C006C61724275666665723C73697A653E3A0E
:104E9C003A7065656B436861722829205B77697489
:104EAC006820756E7369676E656420696E74207313
:104EBC00697A65203D2031303B20746F75636867DB
:104ECC0066783A3A556E69636F64653A3A556E691D
:104EDC00636F646543686172203D2073686F727400
:104EEC0020756E7369676E656420696E745D002E43
:104EFC002E2F2E2E2F4D6964646C6577617265734D
:104F0C002F53542F746F7563686766782F667261C0
:104F1C006D65776F726B2F696E636C7564652F743A
:104F2C006F7563686766782F5465787450726F7606
:104F3C00696465722E687070006F666673657420A4
:104F4C003C207573656400746F7563686766783AA6
:104F5C003A556E69636F64653A3A556E69636F646E
:104F6C00654368617220746F7563686766783A3A56
:104F7C005465787450726F76696465723A3A6369F5
:104F8C007263756C61724275666665723C73697AA0
:104F9C00653E3A3A7065656B436861722875696E57
:104FAC007431365F7429205B7769746820756E7371
:104FBC0069676E656420696E742073697A65203D3B
:104FCC002031303B20746F7563686766783A3A55C8
:104FDC006E69636F64653A3A556E69636F646543D5
:104FEC00686172203D2073686F727420756E7369EE
:104FFC00676E656420696E743B2075696E7431361A
:10500C005F74203D2073686F727420756E736967CE
:10501C006E656420696E745D002564002575262517
:10502C00750049444C4500546D725100546D72200A
:10503C00537663002C2066756E6374696F6E3A202C
:10504C0000617373657274696F6E20222573222060
:10505C006661696C65643A2066696C65202225730B
:10506C00222C206C696E65202564257325730A003B
:10507C00232D302B2000686C4C0065666745464735
:10508C0000303132333435363738394142434445B8
:10509C004600303132333435363738396162636427
:1050AC00656600000000000000000000C309000855
:1050BC004B0A000875090008E10A0008C509000838
:1050CC00E1090008470A0008330A0008259D00087A
:1050DC00339D00088109000809A900087D9F00087C
:1050EC002B0A0008A5140008250B00084DA5000884
:1050FC003B9D000881A1000879A40008E3A40008E6
:10510C00DDA10008DDA6000815A6000871A800089E
:10511C0041A200088D9F000861A70008E5A70008C0
:10512C00150A0008370A00083B0A00083F0A000865
:10513C00430A000883090008A10A0008890900082D
:10514C00B5A0000821A100089D0900089F090008CE
:10515C00A3090008AD090008B3090008F79C000872
:10516C0095A20008BB090008E19D000899140008ED
:10517C009D1400082F0A0008959F000893A00008B2
:10518C00590A0008BD090008BF090008C109000838
:10519C0000000000000000000B0C000895AA00089D
:1051AC00F90B0008490C0008FDAA0008030C0008C4
:1051BC00FF0B0008110C0008310C0008ABA900080B
:1051CC0021AB0008A5A90008910D0008D90C000816
:1051DC0037AA000839AA000837AA0008E1AA000873
:1051EC000000000000000000C9100008DD100008DD
:1051FC00A1970008B59700087597000879970008E3
:10520C009B97000853100008571000085B1000080B
:10521C006510000800000000000000009D10000850
:10522C00B1100008A1970008B59700087597000801
:10523C00799700089B97000831100008351000087A
:10524C003B100008471000080000000000000000A0
:10525C007510000889100008A1970008B597000880
:10526C0075970008799700089B970008151000089F
:10527C00191000081D10000827100008000000007D
:10528C0000000000F1100008291100086F10000840
:10529C000000000000000000000000000000000002
:1052AC007B1300087F1300088713000807240208EB
:1052BC000000000000000000DD1300084914000885
:1052CC00A1C30008AB130008750B010891C40008BA
:1052DC00A914000831130008F30A0108B7140008D8
:1052EC00330B01080D0B01083513000839130008A6
:1052FC003D1300084113000845130008471300082C
:10530C00491300084B1300084D130008D50B010876
:10531C004F13000867130008891300088F13000847
:10532C0095130008CD1300080000000000000000D9
:10533C00DF13000857140008BBB10008B7130008AE
:10534C00BB130008C1130008C713000861B10008A3
:10535C00B1C2000877B100087DB10008A1B1000806
:10536C00F9B10008A5B10008D1130008D513000845
:10537C00D91300087A480208000000000000000061
:10538C000000000000000000008000001800000079
:10539C00000000000000000083480208000000002C
:1053AC0000000000000000000000000000020000EF
:1053BC0018000000000000000000000000000000C9
:1053CC0000000000952400088524000887240008AC
:1053DC000C8B030800000000B8002F000000000038
:1053EC00B8002F00147A0208000000001E001D00F7
:1053FC0017000900030014409CCE030800000000B5
:10540C00180013000900040007000640BCD503086F
:10541C0000000000C800580000000000C800580040
:10542C003C5F0408000000001200100002000200A3
:10543C000E000840BC6304080000000009000E00C8
:10544C000400060001000540B465040800000000DB
:10545C00200020000000000020002000AC87020883
:10546C0000000000C80053000F000B00AA003840D9
:10547C00000000000000000025250008272500087A
:10548C0000000000000000004D2500080526000863
:10549C00A5250008C525000800000000000000003C
:1054AC0091F4000809F500081DF5000839F500080D
:1054BC0071F80008A92700084F25000813260008DA
:1054CC0051250008CDF70008372500086DF40008B9
:1054DC003925000831F50008A9000108D9F40008A5
:1054EC00ADF90008A9F40008EDF500080000000073
:1054FC00000000007B250008DB2500087125000852
:10550C0045250008472500082326000849250008E2
:10551C00000000000000000079250008F7250008B5
:10552C00F1260008452500087F25000843260008C1
:10553C004925000800000000000000007725000845
:10554C00E925000855260008452500087D2500089A
:10555C003326000849250008000000000000000068
:10556C00C52C00081B2D00084B140108D52400087D
:10557C00F5240008F9240008313A00084D3A0008D7
:10558C00210901083F0A010839090108D909010854
:10559C00FD240008CF090108012500080525000895
:1055AC000D250008E12C0008DF090108BD2C0008BE
:1055BC00C12C00081325000819250008C72C000869
:1055CC0000000000000000000000000000000000CF
:1055DC000724020807240208750B0108D10A0108E8
:1055EC00A914000831130008F30A0108B7140008C5
:1055FC00330B01080D0B0108351300083913000893
:10560C003D13000841130008451300084713000818
:10561C00491300084B1300084D130008D50B010863
:10562C004F13000867130008000000000000000082
:10563C000F2E00084B2E00084DCE0008DB2D000865
:10564C00750B0108D10A0108772E000831130008E8
:10565C00F30A0108B7140008330B01080D0B0108FD
:10566C003513000839130008932D0008B72D0008D6
:10567C004513000847130008491300084B13000892
:10568C004D130008D50B01084F13000867130008D1
:10569C00E72D0008812E0008ED2D000805C5000837
:1056AC0031C5000881C50008F5C500080B2E00089F
:1056BC00072E0008032F0008000000000000000067
:1056CC00112E0008592E0008172E0008352E000840
:1056DC000000000000000000132E0008672E0008D8
:1056EC006F1A0108152E00088B2D00088D2D00084F
:1056FC0049150108F1150108F11401088F2D000856
:10570C00912D000800000000000000000B33000881
:10571C00653300082B9C000813980008750B0108D2
:10572C00D10A0108A914000805330008F30A01087E
:10573C00C5980008330B01080D0B01083513000840
:10574C00391300083D1300084113000845130008E5
:10575C00B1330008491300084B1300084D1300081F
:10576C00D50B01084F1300089D9C0008E197000819
:10577C0063980008FB9700080D980008CD97000867
:10578C0091980008259900083B9800088D9B00080B
:10579C001F98000891330008513300084733000864
:1057AC003734000800000000000000000D33000832
:1057BC007333000813330008313300080000000075
:1057CC00000000000F330008813300086F1A010835
:1057DC00113300088B2D00088D2D00084915010888
:1057EC00F1150108F11401088F2D0008912D000806
:1057FC0009330008000000000000000091F40008CC
:10580C0009F500081DF5000839F50008F93B0008FA
:10581C00A9270008E73B0008E93B000851250008D0
:10582C00CDF70008372500086DF40008392500086D
:10583C0031F50008A9000108D9F40008ADF90008F9
:10584C00A9F40008EDF500080000000000000000BD
:10585C00373C0008433C0008313C0008453C00083C
:10586C00FCFFFFFF00000000333C0008533C000825
:10587C000000000000000000893C00089D3C00086E
:10588C006F1A0108D13C00088B2D00086D3C0008F4
:10589C0049150108F1150108F1140108713C0008C3
:1058AC00912D0008D53C000800000000000000000D
:1058BC00033D00081F3D0008FD3C00080B3D00089F
:1058CC00FCFFFFFF00000000FF3C0008193D000832
:1058DC0000000000000000005D3E0008A13E000832
:1058EC006F1A0108794500088B2D0008513D0008FE
:1058FC0049150108F1150108F114010811410008BE
:10590C00912D0008BB3D0008C93D0008F13D000881
:10591C00533D0008000000000102030400000000D9
:10592C000000000001020304060708090403020238
:10593C000201010200000000000000000000000055
:10594C0000000000A1970008B597000875970008A3
:10595C00799700089B97000807240208072402087F
:10596C0007240208072402080000000000000000C1
:10597C0053980008559800082B9C000813980008B1
:10598C00750B0108D10A0108A91400080533000899
:10599C00F30A0108C5980008330B01080D0B010828
:1059AC0035130008391300083D1300084113000893
:1059BC004513000847130008491300084B1300084F
:1059CC004D130008D50B01084F1300089D9C0008CF
:1059DC00E197000863980008FB9700080D980008F1
:1059EC00CD97000891980008259900083B9800086D
:1059FC008D9B00081F98000810182000000000085C
:105A0C0008080808000000000000000075A9000844
:105A1C0081A900083DAA00083BAA0008EFAA0008CB
:105A2C0081AA000899A900080000000000000000ED
:105A3C00CFB00008D1B000087B1300087F1300081A
:105A4C00CDB0000811AC0008000000000000000000
:105A5C0025B100084DB1000809B100087F130008FA
:105A6C0049B100082BB10008E1B00008F8FFFFFFB6
:105A7C000000000027B100085BB1000801B100086C
:105A8C00000000000000000071BD000859C00008B3
:105A9C0049BB0008000000000000000000000000EE
:105AAC0000000000BBB10008B7130008BB130008CE
:105ABC00C1130008C713000861B10008B1C2000887
:105ACC0077B100087DB10008A1B10008F9B1000858
:105ADC00A5B10008072402080724020807240208BD
:105AEC0000000000000000000000000000000000AA
:105AFC00A1C30008AB130008750B010891C4000882
:105B0C00A914000831130008F30A0108B71400089F
:105B1C00330B01080D0B010835130008391300086D
:105B2C003D130008411300084513000847130008F3
:105B3C00491300084B1300084D130008D50B01083E
:105B4C004F13000867130008891300088F1300080F
:105B5C009513000807240208000000000000000054
:105B6C002DC5000811CA00088DCA0008DB2D0008DD
:105B7C00750B0108D10A010821CA0008311300086D
:105B8C00F30A0108B7140008330B01080D0B0108C8
:105B9C003513000839130008932D0008B72D0008A1
:105BAC004513000847130008491300084B1300085D
:105BBC004D130008D50B01084F130008671300089C
:105BCC00E72D0008812E0008ED2D000805C5000802
:105BDC0031C5000881C50008F5C5000801C50008DD
:105BEC00072E0008C5C600080000000000000000D9
:105BFC0089CC00088BCC00084DCC00082FCC0008B9
:105C0C00750B0108D10A010899CC00083113000862
:105C1C00F30A0108B7140008330B01080D0B010837
:105C2C0035130008391300083D1300084113000810
:105C3C004513000847130008491300084B130008CC
:105C4C004D130008D50B01084F130008671300080B
:105C5C000000000000000000B3CC0008EDCC0008F0
:105C6C0049CD00081BCD0008750B0108D10A0108AD
:105C7C0039CE000831130008F30A0108B7140008E4
:105C8C00330B01080D0B01083513000839130008FC
:105C9C003D13000841130008451300089D2302081A
:105CAC00491300084B1300084D130008D50B0108CD
:105CBC004F13000867130008FBCC0008ADCC00089C
:105CCC00B5CC0008000000000000000025CF000843
:105CDC0059CF00089DCF000867CF0008750B01084D
:105CEC00D10A010889CF000831130008F30A010812
:105CFC00B7140008330B01080D0B0108351300080D
:105D0C00391300083D13000841130008451300081F
:105D1C0047130008491300084B1300084D130008E3
:105D2C00D50B01084F1300086713000827CF000894
:105D3C00000000000000000021D0000823D0000863
:105D4C00000000000000000091F4000809F50008B4
:105D5C001DF5000839F5000871F80008A5F40008D5
:105D6C004DF500084FF5000835250008CDF7000863
:105D7C00372500086DF400083925000831F50008B6
:105D8C00A9000108D9F40008ADF90008A9F400082D
:105D9C00EDF5000800000000000000002D0C0108CB
:105DAC002F0C0108E50F01080000000000000000A6
:105DBC0000000000000000004B140108D52400086E
:105DCC00F5240008F9240008313A00084D3A00087F
:105DDC00210901083F0A010839090108D9090108FC
:105DEC00FD240008CF09010801250008052500083D
:105DFC000D25000807240208DF090108293A0008CC
:105E0C002D3A00081325000819250008072402085C
:105E1C000000000000000000B7140108B9140108CC
:105E2C00A51401080000000000000000B5140108D2
:105E3C00C7140108A91401080000000000000000AC
:105E4C00B3140108D5140108AD14010800000000BA
:105E5C0000000000B1140108E31401086F1A0108D6
:105E6C00892D00088B2D00088D2D0008491501087F
:105E7C00F1150108F11401088F2D0008912D00086F
:105E8C000000000000000000D95B0108535F01080E
:105E9C00690F0208291202080D1402080000000004
:105EAC0000000000D75B0108615F0108B5660108BE
:105EBC005D730108D57501080000000000000000AA
:105ECC00D55B01086F5F0108096901085978010861
:105EDC00417C01080000000000000000D35B0108B9
:105EEC007F5F0108056D01081961010800000000C1
:105EFC0000000000E15B01080961010891550108EF
:105F0C000000000000000000DF5B0108FB600108DE
:105F1C00B95801080000000000000000DD5B01081A
:105F2C00ED600108D1020208000000000000000032
:105F3C00DB5B0108DF600108D909020800000000E2
:105F4C0000000000F55B01087D600108BB4B0108F7
:105F5C000000000000000000F35B01086F60010806
:105F6C00494E01080000000000000000115C01080F
:105F7C00B95F0108C33701080000000000000000F1
:105F8C00095C0108F15F0108E73B01080000000013
:105F9C0000000000F95B0108996001081D4601082A
:105FAC000000000000000000E95B0108D16001085E
:105FBC00BB4F010800000000000000000F5C01084E
:105FCC00AB5F0108633A010800000000000000000C
:105FDC00075C0108E35F0108913E01080000000026
:105FEC0000000000F75B01088B600108EB4801081A
:105FFC000000000000000000ED5B01084560010896
:10600C0007E501080000000000000000E75B010844
:10601C00C3600108B152010800000000000000003C
:10602C00015C0108296001087140010800000000B2
:10603C0000000000EB5B01083760010853EA01081F
:10604C0000000000000000000D5C01089D5F0108CD
:10605C00DDA401080000000000000000055C010840
:10606C00D55F010807B00108000000000000000027
:10607C00F15B010861600108F5D001080000000027
:10608C0000000000FF5B01081B6001082D430108A4
:10609C000000000000000000E55B0108B56001088D
:1060AC0015F0010800000000000000000B5C010866
:1060BC008F5F010883AA01080000000000000000A7
:1060CC00035C0108C75F010855B601080000000019
:1060DC0000000000EF5B010853600108C9DB0108F8
:1060EC000000000000000000E35B0108A76001084D
:1060FC00B1F901080000000000000000FD5B010880
:10610C000D600108DBBC010800000000000000006D
:10611C00FB5B0108FF5F0108B9C601080000000025
:10612C0000000000D15B0108455F01085192010895
:10613C00695D010879890108135C01086180010817
:10614C00595C0108898201081D8301082936010860
:10615C002D3601083136010855DD000869DD0008CF
:10616C00F9DF000875DD00084136010859DE00082A
:10617C006596010800000000000000007123020871
:10618C0089230208131E020800000080DB0F49401F
:10619C00DB0F49C0DB0F49BFE4CB1640E4CB16C084
:1061AC00000FC93F000F494000CB9640000FC9407B
:1061BC000053FB4000CB164100ED2F41000F49412D
:1061CC000031624100537B41003A8A4100CB964139
:1061DC00005CA34100EDAF41007EBC41000FC94102
:1061EC0000A0D5410031E24100C2EE410053FB4119
:1061FC0000F20342003A0A420083104200CB1642DE
:10620C0000141D42005C234200A5294200ED2F42E0
:10621C0000363642007E3C4200C74242000F4942E3
:10622C00A2000000F9000000830000006E000000D6
:10623C004E00000044000000150000002900000082
:10624C00FC0000002700000057000000D1000000F7
:10625C00F500000034000000DD000000C00000006C
:10626C00DB000000620000009500000099000000B7
:10627C003C000000430000009000000041000000C2
:10628C00FE0000005100000063000000AB000000A5
:10629C00DE000000BB000000C50000006100000033
:1062AC00B7000000240000006E0000003A0000005F
:1062BC00420000004D000000D2000000E000000091
:1062CC0006000000490000002E000000EA0000005B
:1062DC0009000000D1000000920000001C0000002A
:1062EC00FE0000001D000000EB0000001C00000080
:1062FC00B100000029000000A70000003E000000D3
:10630C00E80000008200000035000000F5000000ED
:10631C002E000000BB0000004400000084000000C0
:10632C00E90000009C000000700000002600000046
:10633C00B40000005F0000007E000000410000007F
:10634C003900000091000000D60000003900000068
:10635C00830000005300000039000000F40000002E
:10636C009C000000840000005F0000008B00000017
:10637C00BD000000F9000000280000003B000000F8
:10638C001F000000F800000097000000FF00000054
:10639C00DE00000005000000980000000F00000067
:1063AC00EF0000002F000000110000008B00000027
:1063BC005A0000000A0000006D0000001F000000E1
:1063CC006D000000360000007E000000CF000000D1
:1063DC0027000000CB00000009000000B7000000FF
:1063EC004F000000460000003F0000006600000067
:1063FC009E0000005F000000EA0000002D0000007D
:10640C007500000027000000BA000000C700000063
:10641C00EB000000E5000000F10000007B00000034
:10642C003D0000000700000039000000F7000000EC
:10643C008A0000005200000092000000EA000000F8
:10644C006B000000FB0000005F000000B1000000CA
:10645C001F0000008D0000005D000000080000001F
:10646C005600000003000000300000004600000051
:10647C00FC0000007B0000006B000000AB00000083
:10648C00F0000000CF000000BC0000002000000065
:10649C009A000000F4000000360000001D0000000F
:1064AC00A9000000E3000000910000006100000062
:1064BC005E000000E60000001B0000000800000069
:1064CC006500000099000000850000005F000000DE
:1064DC0014000000A0000000680000004000000054
:1064EC008D000000FF000000D800000080000000BC
:1064FC004D00000073000000270000003100000078
:10650C000600000006000000150000005600000008
:10651C00CA00000073000000A8000000C9000000C1
:10652C0060000000E20000007B000000C0000000E2
:10653C008C0000006B0000006937AC3168212233FD
:10654C00B40F14336821A2333863ED3EDA0F493FA0
:10655C005E987B3FDA0FC93F0000C93F0000F0395D
:10656C000000DA370000A2330000842E0000502B0C
:10657C000000C2270000D0220000C41F0000C61B70
:10658C000000441704000000070000000900000090
:04659C006C46012028
:1065A00000C7EF4B00000080AF54FD040000F10D68
:1065B00000F6090000F20C00F5080000C06F00FBB7
:1065C00002000020FCDB3C20470010DBEE04508F73
:1065D00000D11CE35F506F00F80520FD664F00FC02
:1065E0000200C1EF0D00FC050010FB0B00F81C00C1
:1065F00030DDAF00D1EF9AFB0AF90A10D8EF5B004B
:10660000A0AF00A3FE9D010040FF9BFC1D00D04FEA
:1066100000809F00F30B0010EE00F7070000FB0363
:10662000F9060000FA05FA050000F905FA05000070
:10663000F905F9060000FA05F7070000FB03F30B64
:106640000010EF00D04F00809F0040FF9BFC1D001A
:1066500000A3FE9D010000109F000020B49F0000D9
:10666000F4FF9F000041649F000000409F00000075
:10667000409F000000409F000000409F000000403D
:106680009F000000409F000000409F000000409FCE
:1066900000007297CF7704F4FFFFFF0950DAFF8DF7
:1066A0000100F1DFBAFE1D00910200B19F00000061
:1066B0000040BF0000000040AF00000000906F00ED
:1066C000000000F41D00000030EE03000000E43E76
:1066D00000000050DF03000000F81C000000B19F24
:1066E00000000000F6AEAAAAAA04F6FFFFFFFF060C
:1066F00040C9FEAD0400E0DFABFC6F00700200603B
:10670000DF0000000030BF00000010C43E000000A9
:10671000FF9F01000000A9FC1A0000000060BF00FC
:1067200000000000FD0200000000FC03000000105B
:10673000FE01850200A1AF00F6CFBAFE1D0061DAAE
:10674000EF7C0100000000A09F00000000F89F0007
:10675000000070BF9F000000F5489F000040AF4060
:106760009F0000E30B409F0020CE01409F00D11D01
:1067700000409F00F48A88A8CF68F4FFFFFFFFBFA6
:10678000000000409F00000000409F00000000400B
:106790009F00000000409F0080FFFFFFFF0380CFAD
:1067A000AAAAAA02805F00000000805F000000002B
:1067B000805F0000000080FFFFAD030070ABA9FD0B
:1067C0005F0000000070EF0000000000FC0300000C
:1067D0000000FB0400000000FE0282020090BF00E7
:1067E000F3DFBAFE2D0061DBFE8D01000010C7FE55
:1067F0003E0000E4DFAB3C0030DF04000000B02EC0
:1068000000000000F32986580100F6FDFFFF3E005E
:10681000F95C0292EF01FA050000FA06F9050000A2
:10682000F609F8070000F609F40C0000F906D07F1D
:106830000030EF0130FE9CFB4E000092FDAE0200E6
:10684000F8FFFFFFFF07A5AAAAAAFC0700000000A7
:10685000FA0400000040AF00000000C02F0000005C
:1068600000F60900000010EE01000000807F00002B
:106870000000F20D00000000FA0600000030CF001A
:10688000000000C04F00000000F60B00000010FDEB
:106890000200000000B5FEAD030090DF78E96F0054
:1068A000F31C0030EF00F6090000FD01F32E00108C
:1068B000DE0080EF38A14F0000F8FFEE0300906F7C
:1068C00062FC4E00F6080050FE02FB030000F907D0
:1068D000FB050000F907F71C0020FE02B0EF78E985
:1068E0006F0000C6FEAE030000B5FE8D0100A0EFF4
:1068F0009AFD1D00F61C00809F00FB040000FD01B6
:10690000FD020000FA04FB040000F905F65E0162D6
:10691000FD0680FFFFEFFD0500728815FC020000F8
:106920000010DF00000000907F00000010F81D0044
:1069300070ACEBCF020060FEBE06000093ECDE29D7
:1069400000F7ADDAEF02330000F90A000000F30CA3
:10695000000000F50A000010FD030000D56F0000E4
:10696000B0CF030000E00C000000E00C000000408D
:10697000030000000000000000F00E000000F00E18
:106980000000000000C4EE1A0020DFC35F0040EFEB
:10699000E21E0000FCAF8405B1CFBFF707F71AFB7A
:1069A000DF01F74DF5BF0091EE7CFD0A0040CE01FE
:1069B00000F30B0010DD0100706F0000D00E00002E
:1069C000F10B0000F20A0000F10B0000C01E0000F5
:1069D00050AF000000A04F000010CF000000FB01EE
:1069E0000000FA020000FB010000CE0000606F0012
:1069F00000D10D0010EB0300C14E000000C4DE0802
:106A000030EFD76FC05F808FF20E908FF40CC05FB5
:106A1000F50BF31EF37EFD0660FD6D000030FC02F9
:106A200000FCEF000083BF0000907F0000C04F001B
:106A300000F01F0050F75D02F2FFFF0300DAEF09DC
:106A4000309DF95F1000D05F0000F41D0050DE02A1
:106A500010F91B00D3DF7706F9FFFF0A10EBEF1ADE
:106A6000408CD87F0010B24F00F2EF040041F80CC8
:106A70001200F30EE999FE07C7EE6C000000E35F19
:106A80000030FE2F00E4F90D407EF50AE329F818E6
:106A9000FAFFFF5F4354EF140040BF0000FCFFDF2C
:106AA00010EF775740BF010070FFDF055055F90E1A
:106AB0000100F21FD789FD09D7EF7C000071FD5E50
:106AC00010FC7A38908F3300F1EFFF0BF31DE23F9B
:106AD000F40CE02FE16FF90B40EC8D0120FFFFFF7C
:106AE000022066B6DF000000E33E000010FD050056
:106AF00000B09F000000F80C000050EF010000E221
:106B00004F00000000C6EE2A60CFA6AF909F808F96
:106B100030FEFE07B17EFD0DF808E02FF86CF80D91
:106B200091FD9D0100D6DE0680BFE63FF01F906F0D
:106B3000F15FB16F90FFFE3F0032F60B9197DF02DD
:106B4000E3DF1900B2FE4CA6B7DF0050CF00E54EE0
:106B5000C09F02D00C00630400F9080000FEEF7C27
:106B60000030EF86FF0760AF00F70DA06F00F40D57
:106B7000D03F00F70AF20E10FD04F56DE87F00F932
:106B8000FFBE040000FE0A905F30FF2FC02F60EFB1
:106B90008FF10DA05FEFF50AD01FFAFD06F20CF39E
:106BA000FF03F508C0EF00F90560BF0000EE00002C
:106BB00030BF000070BFEB0AB0AFE84FE00EB04F3F
:106BC000F30BE11EF65AFB07FAEC7E0000D7DF0755
:106BD000B09FA607F60A0000F9070000F66DA700AF
:106BE00080FD5D00000010EF000040AF10E9DE6F97
:106BF000C09FE63FF50BF10EF907F40AF84BFB07CF
:106C0000C2BFFD0310EACE5FC09FE62FF50AF00D6C
:106C1000F807F30AF87CFB06C1CEFE026685AF00DA
:106C2000FCDF080000EE000030BF000070BFEB1B6F
:106C3000B0BFF84FE00ED02FF30BF10DF608F50AB8
:106C4000FA04F80610FF01105600807F00B03F00E4
:106C5000E00E00F30B00F70800FA04000000F6094C
:106C60000000640300E0FF020051DF000050AF00AD
:106C700000906F0000C02F0000F10E0072FC0800B1
:106C8000F59E000000EE000030BF0000707FC15F85
:106C9000A04FFC04E0DF5F00F3AF7F00F618EE01C9
:106CA000FA04F90700EE30BF707FA04FE00FF30B3E
:106CB000F608FA0480BFEC1BB09FE64FE00ED02F21
:106CC000F30BF10DF708F50AFA04F80610E8CF0403
:106CD000C07FF61EF60AD02FF907F10EF65BFC0511
:106CE00090FE4C0000F8CBAE0000FB47FE0400EE27
:106CF00000FB0430BF10EE0170BFB57F00B0CFEED7
:106D00000700E00F000000F30B00000040EBDE0482
:106D1000F24CA503F2AF160030C8CF007B54CF0071
:106D2000EBEF2A0000EF0030BF00F3FF5FB16F13FD
:106D3000D01F00F20C00F44D01C2EF03806F708F82
:106D4000C02FA04FF10EE01FF40BF20CF66DFB0903
:106D5000D2BFFC05F10EA06FD01FF40BB03FEC02C8
:106D600080BF6F0050FF0B0030EF0200A06F0000EB
:106D7000F50B00000060CF0000D7D3070000000033
:106D800010E9DF05C05DE40EF6EFFE0EF8272202E3
:106D9000F56DA60570FDBE0200C10D0000205E006D
:106DA00000000000806F708FC02FA04FF10EE01F19
:106DB000F40BF20CF66DFB09D2BFFC050000602855
:106DC0000000F60600003700806F708FC02FA04FC4
:106DD000F10EE01FF40BF20CF66DFB09D2BFFC05BF
:106DE0000000FEFF060000618F0010E9DE5F00C0BA
:106DF0009FE61F00F50BF10D00F907F40A00F84BB0
:106E0000FB0600C2BFFD03000060CFB00800D7E35F
:106E10005700000000000050EDDF05005046F80C60
:106E20000060DBFE0900F939FA0600FD57FD02009B
:106E3000E6BFEF0000000010000000A90000A8D588
:106E40000600D48D000000000050EDDF055046F82C
:106E50000C60DBFE09F939FA06FD57FD02E6BFEFCB
:106E600000D560CF0050D8D3070000000010E9DF44
:106E700005C05DE40EF6EFFE0EF8272202F56DA6C2
:106E80000570FDBE02000000D4040060CFB5020012
:106E9000D7E40700000000000010E9DF0500C05D36
:106EA000E40E00F6EFFE0E00F827220200F56DA6B4
:106EB000050070FDBE0200806F708FC02FA04FF1E3
:106EC0000EE01FF40BF20CF66DFB09D2BFFC0500BF
:106ED00065010010EF000000C3FE4E2300111120D9
:106EE0005E806F70FF0CC02FA06F00F10EE01F00DE
:106EF000F40BF20D00F66DFB0900D2BFFC0500009B
:106F00000081FDAE020000FB5BFD090000FE19FDE3
:106F1000060000F8DF6D440130FCFF26FF03E26F3E
:106F2000F9BFCF00F62FA0FF2E00F4BF86FF6F0041
:106F300060ECCEC6FF050070FD9D0100FBBEFF0AA0
:106F400060FF03F80ED0AF00F80EF16F00FA0CF3FB
:106F50004F00FE08F34F70FF02E1DFFB7F0030EBD4
:106F6000CE05001063FE0460FFFF0130C5CF0000B6
:106F7000D09F0000F25F0000F51F0000F80D0097A1
:106F8000FD9D04FFFFFF0400B5FDAE0100ECDCFF3A
:106F900009000500FE0B000020FF060000C1AF0045
:106FA0000040FD080010F94D0000D3FFBCBB01F804
:106FB000FFFFDF0000C7FEAE0200EECCFF0D0003B6
:106FC00000FA0C0040B9DF0300A0FF6E0000007162
:106FD000FF03540070FF02F9CEFD8F00B5FDBE0522
:106FE00000000040FE0A0000F5FF070060AFFF034D
:106FF00000F757EF00806F90BF00F6ADEADF07FAA9
:10700000FFFFFF080000F50F000000F90B0000F67D
:10701000FFFF5F00F9BDBB2B00FD06000020FFEF66
:107020004B00509BEAFF03000040FF06520070FF38
:1070300003F7CEFDAF00C6FEBE05000020D9EF0A63
:1070400000F5DFBA0830FF060000A0EFDA7C00F0A0
:10705000CFB8FF06F24F00FF08F15F20FF06B0DF58
:10706000D9CF0020EADF180000FCFFFF9F00AAAA8A
:10707000FC6F000010FD0B0000B0DF010000F92ED6
:10708000000070FF040000F56F000030FE090000F2
:10709000D2BF0000000092FDBE0310FE9CFD1E60EA
:1070A000FF02F61E30FF7DED0510FAFF8F00E24F64
:1070B00092FF06F80E10FF07F6CFD9DF0160ECDE75
:1070C000180000A2EE7D0030FE9BFF06B0CF00FA54
:1070D0000AE09F00FA0BC0FF89FE0920EBBEFF0506
:1070E0000000B1CF00C0BAFE2D00D1EF7C0100003E
:1070F000FD0820FF04206601000000503600F15F0B
:1071000000F42F0080ECCE04F1ACFE1F2100F71F2D
:107110000020FC0A20FA8F0080CF01007059000087
:1071200092390000F62F000000F80D00F80E00FC68
:107130000A00FC0A10FF0610FF0740FFBCBBFF035C
:1071400080FFFFFFEF00C0AF00B0BF00F16F00E0B5
:107150007F00F43F00F43F00F80E00F70E000093AC
:10716000EDDE3A40FFADEB4FA0CF00001690FF5A86
:10717000010010F9FFAF010010A5FF09660000FD36
:107180000AFCBEDAFF03B7FDDE390000A3FE8D6006
:10719000FF9BBDF26F0031F70E0000F70E0003F306
:1071A000CFC90B40ECCF0400B5EE4C0080DF96FF5A
:1071B00002F33F00FF04F7FFFFFF03F73D334300F7
:1071C000E2BF988C0030EBEF2A0000D6DFFC0B709A
:1071D000FF9AFF07F26F00FF03F60F40EF00F80E73
:1071E00070BF00F6CFFB7F0090EEFA2F009898FD5D
:1071F0000800EBEF5C000000F90A000000FD06004B
:107200000020FFC7CE0250FFCDFF0890AF00FE0860
:10721000D06F10FF04F22F40FF01F60E80CF00F96F
:107220000AC08F0000FA0C00A80630FF0170DF00D2
:10723000A09F00E06F00F22F00F60E00FA0A000097
:10724000B4EE5C0070EFA9FF03F25F00FE06F60EDD
:1072500000FF05F70D60EF01F4AFF96F0050ECBED1
:10726000040030FFC60E70FFFF0BA0BF1201E06FDD
:107270000000F22F0000F60E0000FA0A000020D8ED
:10728000EE5CD0AF976DF18F031070FEEF060241F8
:10729000FA0FCD78FB0CDAEE8D01000030B8FDDE80
:1072A0001800C0FFFFFFDF01F1BFBAFFFF07720147
:1072B00000F8FF09000000F7FF06000030FECF00D5
:1072C0000040FAFF1C0000FDFF6D000020FF6F0072
:1072D000000060FF1F0000002044030000008188C0
:1072E00006000000F6FF09000000F9FF050000009D
:1072F0000030FFFF050000F9FF1F0060FFFF0900DD
:1073000040FFFF0D00A0FFFF0C00D1FFFF0900E0D0
:10731000FFFF1F00FAFFFF0500F2FFFE4F50FFFFC7
:10732000FF0200F6FFF87FE2DFFEDF0000F9EFF377
:10733000BFFB5FFFAF0000FDAFE0FFFF58FF6F0036
:1073400020FF7FC0FFCF90FF2F0050FF3F90FF3FF7
:10735000C0FF0E0090FF0E50CC07F1FF0A00C0FFE7
:107360000B000000F5FF0700F1FF07000000F8FF29
:107370000300F5FF04000000FCEF00000030FFFFF9
:10738000FFCE29000060FFFFFFFFEF0300A0FFAF6B
:10739000BAFFFF0C00E0FF0D00F4FF0F00F2FF0A40
:1073A00000F0FF0F00F6FF0600F5FF0C00F9FF03E9
:1073B00072FEFF0500FDFFFFFFFF8F0020FFFFFFB4
:1073C000FFDF050050FFCF9A6803000090FF3F00E9
:1073D00000000000C0FF0E0000000000F1FF0B00E5
:1073E00000000000F5FF07000000000090FFFFFF15
:1073F000FFFFFF03D0FFFFFFFFFFEF00B1BBEBFF7D
:10740000CFBB9B000000C0FF0E0000000000F1FF9A
:107410000B0000000000F4FF070000000000F8FF70
:10742000040000000000FBFF010000000000FFCF8F
:10743000000000000040FF8F000000000070FF4FC0
:107440000000000000B0FF1F0000000000E0FF0C83
:107450000000000000F3FF09000000000000000031
:1074600026000E0E0E010F0000006200000030002A
:107470000B0E0E010D000000B60000003100090ED9
:107480000E020D000000FC00000032000B0E0E0189
:107490000D0000005001000033000B0E0E010D0026
:1074A0000000A401000034000C0E0E000D000000CE
:1074B000F801000035000B0E0E010D0000004C021B
:1074C000000036000B0E0E010D000000A0020000AF
:1074D00037000B0E0E010D000000F4020000380012
:1074E0000B0E0E010D0000004803000039000B0ECA
:1074F0000E010D0000009C0300003F00090E0E016C
:107500000B0000000000000020000000000004004C
:107510000000000000002600090808000900000023
:10752000280000002800070A08000600000050009C
:1075300000002900070A08FF06000000780000008C
:107540003000080808000800000098000000310022
:107550000708080008000000B80000003200080812
:10756000080008000000D8000000330008080800E8
:1075700008000000F80000003400080808000800B7
:10758000000018010000350008080800080000008D
:107590003801000036000808080008000000580103
:1075A0000000370009080800080000008001000002
:1075B00038000808080008000000A0010000390099
:1075C0000808080008000000C00100003F0006088D
:1075D000080107000000D801000044000908080065
:1075E00009000000000200004E000A08080009001F
:1075F00000002802000062000808080008000000DF
:107600004802000063000706060006000000600252
:107610000000640008080800080000008002000064
:1076200067000808060008000000A00200006800CB
:107630000808080008000000C002000069000508F2
:10764000080004000000D80200006A00070A08FED3
:1076500004000000000300006B0008080800070099
:107660000000200300006C00040808000400000073
:10767000300300006E000806060008000000480302
:1076800000006F000806060008000000600300000C
:107690007000090806FF080000008803000073005E
:1076A0000706060007000000A0030000740006089B
:1076B000080005000000B803000075000806060079
:1076C00008000000D0030000790008080600070049
:1076D0000000F0030000EA000709090007000000AD
:1076E00014040000F900080909000800000038042B
:1076F0000000FA0008090900080000005C0400000E
:107700001101090808000800000000000000A51E83
:1077100009090900070000002D000000AF1E070B3B
:107720000B000700000059000000C11E07090900F6
:10773000070000007D000000C31E090A0A000700C0
:107740000000AF000000E51E080806000800000069
:10775000CF000000EF1E0A0808000800000000002B
:107760000000000026000B0909000B000000360095
:107770000000300009090900090000006300000052
:1077800031000709090109000000870000003200EC
:107790000909090009000000B400000033000909CC
:1077A000090009000000E100000034000909090097
:1077B000090000000E01000035000A090900090057
:1077C00000003B0100003600090909000900000023
:1077D0006801000037000A0909000900000095014E
:1077E000000038000A09090009000000C201000079
:1077F00039000909090009000000EF0100003A0002
:107800000507070005000000040200003F0008090A
:107810000901080000002802000048000B090900C7
:107820000B0000005E02000053000A090900090075
:1078300000008B020000630008070700080000003A
:10784000A702000065000907070009000000CA023E
:10785000000067000909070009000000F7020000A6
:1078600068000909090009000000240300006900FC
:1078700005090900040000003F0300006F0009072C
:1078800007000900000062030000720007070700FC
:10789000060000007E0300007300080707000800D0
:1078A00000000000000000003F000B0E0E020C0064
:1078B0000000540000004D00140E0E0013000000E4
:1078C000E000000050000F0E0E000F0000005001FD
:0C78D000000054000F0E0E010E0000001E
:1078DC00000000000000000000000000000000009C
:1078EC00A065020884690208000000000000000086
:0C78FC00086E0208006F02089C7202086F
:107908006A00000056000000000000002F00000080
:107918006100000063000000610000004E00680084
:10792800A51E6E0020006E00FA00740020006A0098
:107938006F00790073007400690063006B00200019
:107948001101C31E20006200AF1E6E000A0028004D
:1079580067006900EF1E20001101C31E20006200AD
:10796800AF1E6E0020006C006900EA006E00200067
:107978007400E51E6300290000004400F9006E0051
:10798800670020006A006F007900730074006900C6
:1079980063006B0020001101C31E20006400690011
:1079A80020006300680075007900C31E6E000A009D
:1079B8007000680069002000740068007500790094
:1079C800C11E6E00200000004800690067006800C2
:1079D800730063006F00720065003A000000020047
:1079E8000000530063006F00720065003A00000059
:1079F8004D00540050000000047A02080300000003
:0A7A0800020102010000000002006C
:107A14000000000000000000000000000000000062
:107A24000000000000000000000000000000000052
:107A34000000000000000000000000000000000042
:107A44000000000048444834484448DB484848DBC8
:107A5400484448340000000000000000000000001A
:107A64000000000000000000000000000000000012
:107A74000000000000000000000000000000000002
:107A840000000000000000000000000000000000F2
:107A940000000000000000000000000000000000E2
:107AA40000000000000000000000000000000000D2
:107AB400000000000000000048444849484848F3DA
:107AC400404840FF484448FF484448F34848484534
:107AD40000000000000000000000000000000000A2
:107AE4000000000000000000000000000000000092
:107AF4000000000000000000000000000000000082
:107B04000000000000000000000000000000000071
:107B14000000000000000000000000000000000061
:107B24000000000000000000000000004844486518
:107B3400484848FB404440FF484848FF484448FF01
:107B4400404840FF484448FB4844485D000000006A
:107B540000000000484448B2484448EF484848EF11
:107B6400484448B600000000000000000000000087
:107B74000000000000000000000000000000000001
:107B840000000000000000000000000000000000F1
:107B9400000000000000000000000000484448000D
:107BA40048484886484848FF404440FF484448FF06
:107BB400484848D7484848DF404440FF484848FFC1
:107BC400484848FF4044407900000000484848FFC6
:107BD400404440FF484848FF484448FF0000000034
:107BE4000000000000000000000000000000000091
:107BF4000000000000000000000000000000000081
:107C04000000000000000000000000000000000070
:107C140048444804484448A6404840FF484448FF74
:107C2400484848FF484448CF484848184044401C06
:107C3400484448D7484848FF484848FF484448FF14
:107C440048484892484848FF404440FF484848FF55
:107C5400484848FF00000000000000000000000049
:107C64000000000000000000000000000000000010
:107C74000000000000000000000000000000000000
:107C84000000000048444810484848BE404840FFAF
:107C9400484448FF484848FF404440CB48484810BF
:107CA400000000000000000048444814404840CF51
:107CB400484448FF484448FF404840FF484448FF80
:107CC400484448FF484848FF404440FF0000000043
:107CD40000000000000000000000000000000000A0
:107CE4000000000000000000000000000000000090
:107CF40000000000000000004844481C484848D3E5
:107D0400404840FF484448FF484448FF484848BE6C
:107D14004844480C0000000000000000000000007F
:107D24000000000048484810404440C3484848FF09
:107D3400484848FF404440FF484848FF484448FFFB
:107D4400484448FF0000000000000000000000005C
:107D5400000000000000000000000000000000001F
:107D6400000000000000000000000000484448300B
:107D7400484848E3484448FF484448FF484848FFC7
:107D8400404840B648444808000000000000000095
:107D940000000000000000000000000000000000DF
:107DA4004844480C484848BA484448FF484848FFB3
:107DB400404840FF484448FF484848FF4048400086
:107DC40000000000000000000000000000000000AF
:107DD400000000000000000000000000000000009F
:107DE40048444845404840F3484848FF404440FF21
:107DF400484448FF484848AA40484008000000005A
:107E0400000000000000000000000000000000006E
:107E14000000000000000000000000004044400892
:107E2400484448B2484848FF484448FF404440FF5B
:107E3400484848FF4844489E48444804000000001D
:107E4400000000000000000000000000000000002E
:107E54000000000048444861484848FB484448FF43
:107E6400484848FF404840FF4844489E4844480426
:107E740000000000000000000000000000000000FE
:107E840000000000000000000000000000000000EE
:107E9400000000000000000048484804484448A688
:107EA400484848FF484848FF484448FF484848FF76
:107EB400404840A24844480400000000000000007C
:107EC400000000004844480048484882404840FFB9
:107ED400484448FF484448FF484448FF48484892BB
:107EE40048484800000000000000000000000000B6
:107EF400000000000000000000000000000000007E
:107F0400000000000000000000000000000000006D
:107F140000000000404840044044409A484448FF60
:107F2400484848FF404440FF484848FF484848A65E
:107F34004844480400000000484448044844489E1B
:107F4400484848FF484448FF404840FF484848FFE5
:107F5400404440FF0000000000000000000000005A
:107F6400000000000000000000000000000000000D
:107F740000000000000000000000000000000000FD
:107F840000000000000000000000000000000000ED
:107F940048444800484848FF404440FF484448FF9C
:107FA400484848FF484448FF404440AA48484804D9
:107FB400484848A6404440FF484848FF484448FFD2
:107FC400484448FF484848FF484848FF000000002C
:107FD400000000000000000000000000000000009D
:107FE400000000000000000000000000000000008D
:107FF400000000000000000000000000000000007D
:10800400000000000000000000000000484848FF95
:10801400484848FF484448FF484848FF404840FF14
:10802400484448FF484848A6484448F3484848FF5D
:10803400404840FF48444892404440FF484848FF75
:10804400484448FF00000000000000000000000059
:10805400000000000000000000000000000000001C
:10806400000000000000000000000000000000000C
:1080740000000000000000000000000000000000FC
:1080840000000000484448FF404840FF484448FF7F
:1080940048444892404840FF484448FF484448F315
:1080A40048444871484848E348444879000000007F
:1080B400484848FF404440FF484448FF000000004F
:1080C40000000000000000000000000000000000AC
:1080D400000000000000000000000000000000009C
:1080E400000000000000000000000000000000008C
:1080F400000000000000000000000000484848FFA5
:10810400404440FF484848FF00000000484448827B
:10811400484848E74848487900000000000000004B
:108124000000000000000000484848FF484848FF9D
:10813400404840FF00000000000000000000000074
:10814400000000000000000000000000000000002B
:10815400000000000000000000000000000000001B
:10816400000000000000000000000000000000000B
:1081740000000000484448FF484848FF484848FF7A
:1081840000000000000000000000000000000000EB
:1081940000000000000000000000000000000000DB
:1081A400404440FF484448FF484848FF000000005E
:1081B40000000000000000000000000000000000BB
:1081C40000000000000000000000000000000000AB
:1081D400000000000000000000000000000000009B
:1081E400000000000000000000000000404440FFC8
:1081F400484448FF484848FF0000000000000000D1
:10820400000000000000000000000000000000006A
:108214000000000000000000484448FF484848FFB0
:10822400484448FF00000000000000000000000077
:10823400000000000000000000000000000000003A
:10824400000000000000000000000000000000002A
:10825400000000000000000000000000000000001A
:1082640000000000484848FF404440FF484448FF9D
:1082740000000000000000000000000000000000FA
:1082840000000000000000000000000000000000EA
:10829400484848FF404840FF484448FF0000000069
:1082A400000000000000000000000000484448FFF7
:1082B400404840FF484448FF484848FF404440FF86
:1082C400484848FF484848FF484448FF0000000029
:1082D400000000000000000000000000484848FFC3
:1082E400484848FF404440FF0000000000000000F0
:1082F400000000000000000000000000000000007A
:108304000000000000000000484448FF404440FFD3
:10831400484848FF00000000000000000000000082
:1083240000000000484848FF484448FF484848FFC8
:10833400484448FF484448FF404840FF484448FFF9
:10834400484848FF00000000000000000000000052
:1083540000000000484448FF484848FF484848FF98
:108364000000000000000000000000000000000009
:1083740000000000000000000000000000000000F9
:10838400484848FF484448FF484848FF0000000068
:10839400000000000000000000000000404440FF16
:1083A400484848FF404840FF484448FF484848FF81
:1083B400484448FF404440FF484848FF000000004C
:1083C400000000000000000000000000404440FFE6
:1083D400484448FF484848FF0000000000000000EF
:1083E4000000000000000000000000000000000089
:1083F4000000000000000000404840FF484448FFDF
:10840400484448FF00000000000000000000000095
:1084140000000000484448FF484848FF404440FFEB
:108424000000000000000000484848FF484448FF9E
:10843400404840FF00000000000000000000000071
:1084440000000000484848FF404440FF484448FFBB
:108454000000000000000000000000000000000018
:108464000000000000000000000000000000000008
:10847400484448FF404840FF484848FF0000000087
:10848400000000000000000000000000484848FF11
:10849400484448FF484848FF00000000000000002E
:1084A400484848FF484448FF484448FF000000004B
:1084B400000000000000000000000000484848FFE1
:1084C400484848FF404440FF00000000000000000E
:1084D4000000000000000000000000000000000098
:1084E4000000000000000000484448FF484848FFDE
:1084F400404440FF000000000000000000000000B5
:1085040000000000404440FF484848FF484448FFFA
:108514000000000000000000404440FF484848FFBD
:10852400484848FF00000000000000000000000070
:1085340000000000484448FF484848FF484848FFB6
:108544000000000000000000000000000000000027
:108554000000000000000000000000000000000017
:10856400484848FF484448FF484448FF000000008A
:10857400000000000000000000000000484848FF20
:10858400404440FF484848FF00000000000000004D
:10859400484448FF404840FF484448FF000000006A
:1085A400000000000000000000000000404440FF04
:1085B400484448FF484848FF00000000000000000D
:1085C40000000000000000000000000000000000A7
:1085D4000000000000000000404840FF484448FFFD
:1085E400484848FF000000000000000000000000B0
:1085F40000000000484448FF484848FF404440FF0A
:108604000000000000000000484848FF484448FFBC
:10861400404840FF0000000000000000000000008F
:1086240000000000484848FF404440FF484448FFD9
:108634000000000000000000000000000000000036
:1086440000000000000000004844489E484448FFE1
:10865400484848FF404840FF484448FF484848FFCE
:10866400404840FF484448FF484848FF404840FFCE
:10867400484448FF484848FF00000000000000004C
:10868400484448FF484848FF484448FF484848FF92
:10869400484448FF404440FF484848FF484848FF92
:1086A400484848FF404440FF484848FF484448AAD7
:1086B40000000000000000000000000000000000B6
:1086C400484848F7484448FF484448FF484848FF5A
:1086D400404440FF484448FF484848FF484448FF56
:1086E400484448FF404840FF484448FF484448FF46
:1086F4000000000000000000404840FF484448FFDC
:10870400404840FF484448FF484848FF484848FF1D
:10871400404440FF484448FF484848FF484848FF11
:10872400404440FF484848FB4844480000000000DB
:1087340000000000000000004048409E484448FFFC
:10874400484848FF404840FF484448FF484848FFDD
:10875400404440FF484848FF484448FF484848FFD1
:10876400484848FF404440FF00000000000000006B
:10877400484848FF484448FF484448FF404840FFB1
:10878400484448FF484848FF484448FF404440FFA5
:10879400484848FF484448FF484448FF404840AAE6
:1087A40000000000000000000000000000000000C5
:1087B40000000000000000000000000000000000B5
:1087C40000000000000000000000000000000000A5
:1087D4000000000000000000000000000000000095
:1087E4000000000000000000000000000000000085
:1087F4000000000000000000000000000000000075
:108804000000000000000000000000000000000064
:108814000000000000000000000000000000000054
:108824000000000000000000000000000000000044
:108834000000000000000000000000000000000034
:108844000000000000000000000000000000000024
:108854000000000000000000000000000000000014
:108864000000000000000000000000000000000004
:1088740000000000000000000000000000000000F4
:1088840000000000000000000000000000000000E4
:1088940000000000000000000000000000000000D4
:1088A40000000000000000000000000000000000C4
:1088B40000000000000000000000000000000000B4
:1088C40000000000000000000000000000000000A4
:1088D4000000000000000000000000000000000094
:1088E4000000000000000000000000000000000084
:1088F4000000000000000000000000000000000074
:108904000000000000000000000000000000000063
:108914000000000000000000000000000000000053
:108924000000000000000000000000000000000043
:108934000000000000000000000000000000000033
:108944000000000000000000000000000000000023
:108954000000000000000000000000000000000013
:108964000000000000000000000000000000000003
:1089740000000000000000000000000000000000F3
:1089840000000000000000000000000000000000E3
:1089940000000000000000000000000000000000D3
:1089A40000000000000000000000000000000000C3
:1089B40000000000000000000000000000000000B3
:1089C40000000000000000000000000000000000A3
:1089D4000000000000000000000000000000000093
:1089E4000000000000000000000000000000000083
:1089F4000000000000000000000000000000000073
:108A04000000000000000000000000000000000062
:108A14000000000000000000000000000000000052
:108A24000000000000000000000000000000000042
:108A34000000000000000000000000000000000032
:108A44000000000000000000000000000000000022
:108A54000000000000000000000000000000000012
:108A64000000000000000000000000000000000002
:108A740000000000000000000000000000000000F2
:108A840000000000000000000000000000000000E2
:108A940000000000000000000000000000000000D2
:108AA40000000000000000000000000000000000C2
:108AB40000000000000000000000000000000000B2
:108AC40000000000000000000000000000000000A2
:108AD4000000000000000000000000000000000092
:108AE4000000000000000000000000000000000082
:108AF4000000000000000000000000000000000072
:108B04000000000000000000000000000000000061
:108B14000000000000000000000000000000000051
:108B24000000000000000000000000000000000041
:108B34000000000000000000000000000000000031
:108B44000000000000000000000000000000000021
:108B54000000000000000000000000000000000011
:108B64000000000000000000000000000000000001
:108B740000000000000000000000000000000000F1
:108B840000000000000000000000000000000000E1
:108B940000000000000000000000000000000000D1
:108BA40000000000000000000000000000000000C1
:108BB40000000000000000000000000000000000B1
:108BC40000000000000000000000000000000000A1
:108BD4000000000000000000000000000000000091
:108BE4000000000000000000000000000000000081
:108BF4000000000000000000000000000000000071
:108C04000000000000000000000000000000000060
:108C14000000000000000000000000000000000050
:108C24000000000000000000000000000000000040
:108C34000000000000000000000000000000000030
:108C44000000000000000000000000000000000020
:108C54000000000000000000000000000000000010
:108C64000000000000000000000000000000000000
:108C740000000000000000000000000000000000F0
:108C840000000000000000000000000000000000E0
:108C940000000000000000000000000000000000D0
:108CA40000000000000000000000000000000000C0
:108CB40000000000000000000000000000000000B0
:108CC40000000000000000000000000000000000A0
:108CD4000000000000000000000000000000000090
:108CE4000000000000000000000000000000000080
:108CF4000000000000000000000000000000000070
:108D0400000000000000000000000000000000005F
:108D1400000000000000000000000000000000004F
:108D2400000000000000000000000000000000003F
:108D3400000000000000000000000000000000002F
:108D4400000000000000000000000000000000001F
:108D5400000000000000000000000000000000000F
:108D640000000000000000000000000000000000FF
:108D740000000000000000000000000000000000EF
:108D840000000000000000000000000000000000DF
:108D940000000000000000000000000000000000CF
:108DA40000000000000000000000000000000000BF
:108DB40000000000000000000000000000000000AF
:108DC400000000000000000000000000000000009F
:108DD400000000000000000000000000000000008F
:108DE400000000000000000000000000000000007F
:108DF400000000000000000000000000000000006F
:108E0400000000000000000000000000000000005E
:108E1400000000000000000000000000000000004E
:108E2400000000000000000000000000000000003E
:108E3400000000000000000000000000000000002E
:108E4400000000000000000000000000000000001E
:108E5400000000000000000000000000000000000E
:108E640000000000000000000000000000000000FE
:108E740000000000000000000000000000000000EE
:108E840000000000000000000000000000000000DE
:108E940000000000000000000000000000000000CE
:108EA40000000000000000000000000000000000BE
:108EB40000000000000000000000000000000000AE
:108EC400000000000000000000000000000000009E
:108ED400000000000000000000000000000000008E
:108EE400000000000000000000000000000000007E
:108EF400000000000000000000000000000000006E
:108F0400000000000000000000000000000000005D
:108F1400000000000000000000000000000000004D
:108F2400000000000000000000000000000000003D
:108F3400000000000000000000000000000000002D
:108F4400000000000000000000000000000000001D
:108F5400000000000000000000000000000000000D
:108F640000000000000000000000000000000000FD
:108F740000000000000000000000000000000000ED
:108F840000000000000000000000000000000000DD
:108F940000000000000000000000000000000000CD
:108FA40000000000000000000000000000000000BD
:108FB40000000000000000000000000000000000AD
:108FC400000000000000000000000000000000009D
:108FD400000000000000000000000000000000008D
:108FE400000000000000000000000000000000007D
:108FF400000000000000000000000000000000006D
:10900400000000000000000000000000000000005C
:10901400000000000000000000000000000000004C
:10902400000000000000000000000000000000003C
:10903400000000000000000000000000000000002C
:10904400000000000000000000000000000000001C
:10905400000000000000000000000000000000000C
:1090640000000000000000000000000000000000FC
:1090740000000000000000000000000000000000EC
:1090840000000000000000000000000000000000DC
:1090940000000000000000000000000000000000CC
:1090A40000000000000000000000000000000000BC
:1090B40000000000000000000000000000000000AC
:1090C400000000000000000000000000000000009C
:1090D400000000000000000000000000000000008C
:1090E400000000000000000000000000000000007C
:1090F400000000000000000000000000000000006C
:10910400000000000000000000000000000000005B
:10911400000000000000000000000000000000004B
:10912400000000000000000000000000000000003B
:10913400000000000000000000000000000000002B
:10914400000000000000000000000000000000001B
:10915400000000000000000000000000000000000B
:1091640000000000000000000000000000000000FB
:1091740000000000000000000000000000000000EB
:1091840000000000000000000000000000000000DB
:1091940000000000000000000000000000000000CB
:1091A40000000000000000000000000000000000BB
:1091B40000000000000000000000000000000000AB
:1091C400000000000000000000000000000000009B
:1091D400000000000000000000000000000000008B
:1091E400000000000000000000000000000000007B
:1091F400000000000000000000000000000000006B
:10920400000000000000000000000000000000005A
:10921400000000000000000000000000000000004A
:10922400000000000000000000000000000000003A
:10923400000000000000000000000000000000002A
:10924400000000000000000000000000000000001A
:10925400000000000000000000000000000000000A
:1092640000000000000000000000000000000000FA
:1092740000000000000000000000000000000000EA
:1092840000000000000000000000000000000000DA
:1092940000000000000000000000000000000000CA
:1092A40000000000000000000000000000000000BA
:1092B40000000000000000000000000000000000AA
:1092C400000000000000000000000000000000009A
:1092D400000000000000000000000000000000008A
:1092E400000000000000000000000000000000007A
:1092F400000000000000000000000000000000006A
:109304000000000000000000000000000000000059
:109314000000000000000000000000000000000049
:109324000000000000000000000000000000000039
:109334000000000000000000000000000000000029
:109344000000000000000000000000000000000019
:109354000000000000000000000000000000000009
:1093640000000000000000000000000000000000F9
:1093740000000000000000000000000000000000E9
:1093840000000000000000000000000000000000D9
:1093940000000000000000000000000000000000C9
:1093A40000000000000000000000000000000000B9
:1093B40000000000000000000000000000000000A9
:1093C4000000000000000000000000000000000099
:1093D4000000000000000000000000000000000089
:1093E4000000000000000000000000000000000079
:1093F4000000000000000000000000000000000069
:109404000000000000000000000000000000000058
:109414000000000000000000000000000000000048
:109424000000000000000000000000000000000038
:109434000000000000000000000000000000000028
:109444000000000000000000000000000000000018
:109454000000000000000000000000000000000008
:1094640000000000000000000000000000000000F8
:1094740000000000000000000000000000000000E8
:1094840000000000000000000000000000000000D8
:1094940000000000000000000000000000000000C8
:1094A40000000000000000000000000000000000B8
:1094B40000000000000000000000000000000000A8
:1094C4000000000000000000000000000000000098
:1094D4000000000000000000000000000000000088
:1094E4000000000000000000000000000000000078
:1094F4000000000000000000000000000000000068
:109504000000000000000000000000000000000057
:109514000000000000000000000000000000000047
:109524000000000000000000000000000000000037
:109534000000000000000000000000000000000027
:109544000000000000000000000000000000000017
:109554000000000000000000000000000000000007
:1095640000000000000000000000000000000000F7
:1095740000000000000000000000000000000000E7
:1095840000000000000000000000000000000000D7
:1095940000000000000000000000000000000000C7
:1095A40000000000000000000000000000000000B7
:1095B40000000000000000000000000000000000A7
:1095C4000000000000000000000000000000000097
:1095D4000000000000000000000000000000000087
:1095E4000000000000000000000000000000000077
:1095F4000000000000000000000000000000000067
:109604000000000000000000000000000000000056
:109614000000000000000000000000000000000046
:109624000000000000000000000000000000000036
:109634000000000000000000000000000000000026
:109644000000000000000000000000000000000016
:109654000000000000000000000000000000000006
:1096640000000000000000000000000000000000F6
:1096740000000000000000000000000000000000E6
:1096840000000000000000000000000000000000D6
:1096940000000000000000000000000000000000C6
:1096A40000000000000000000000000000000000B6
:1096B40000000000000000000000000000000000A6
:1096C4000000000000000000000000000000000096
:1096D4000000000000000000000000000000000086
:1096E4000000000000000000000000000000000076
:1096F4000000000000000000000000000000000066
:109704000000000000000000000000000000000055
:109714000000000000000000000000000000000045
:109724000000000000000000000000000000000035
:109734000000000000000000000000000000000025
:109744000000000000000000000000000000000015
:109754000000000000000000000000000000000005
:1097640000000000000000000000000000000000F5
:1097740000000000000000000000000000000000E5
:1097840000000000000000000000000000000000D5
:1097940000000000000000000000000000000000C5
:1097A40000000000000000000000000000000000B5
:1097B40000000000000000000000000000000000A5
:1097C4000000000000000000000000000000000095
:1097D4000000000000000000000000000000000085
:1097E4000000000000000000000000000000000075
:1097F4000000000000000000000000000000000065
:109804000000000000000000000000000000000054
:109814000000000000000000000000000000000044
:109824000000000000000000000000000000000034
:109834000000000000000000000000000000000024
:109844000000000000000000000000000000000014
:109854000000000000000000000000000000000004
:1098640000000000000000000000000000000000F4
:1098740000000000000000000000000000000000E4
:1098840000000000000000000000000000000000D4
:1098940000000000000000000000000000000000C4
:1098A40000000000000000000000000000000000B4
:1098B40000000000000000000000000000000000A4
:1098C4000000000000000000000000000000000094
:1098D4000000000000000000000000000000000084
:1098E4000000000000000000000000000000000074
:1098F4000000000000000000000000000000000064
:109904000000000000000000000000000000000053
:109914000000000000000000000000000000000043
:109924000000000000000000000000000000000033
:109934000000000000000000000000000000000023
:109944000000000000000000000000000000000013
:109954000000000000000000000000000000000003
:1099640000000000000000000000000000000000F3
:1099740000000000000000000000000000000000E3
:1099840000000000000000000000000000000000D3
:1099940000000000000000000000000000000000C3
:1099A40000000000000000000000000000000000B3
:1099B40000000000000000000000000000000000A3
:1099C4000000000000000000000000000000000093
:1099D4000000000000000000000000000000000083
:1099E4000000000000000000000000000000000073
:1099F4000000000000000000000000000000000063
:109A04000000000000000000000000000000000052
:109A14000000000000000000000000000000000042
:109A24000000000000000000000000000000000032
:109A34000000000000000000000000000000000022
:109A44000000000000000000000000000000000012
:109A54000000000000000000000000000000000002
:109A640000000000000000000000000000000000F2
:109A740000000000000000000000000000000000E2
:109A840000000000000000000000000000000000D2
:109A940000000000000000000000000000000000C2
:109AA40000000000000000000000000000000000B2
:109AB40000000000000000000000000000000000A2
:109AC4000000000000000000000000000000000092
:109AD4000000000000000000000000000000000082
:109AE4000000000000000000000000000000000072
:109AF4000000000000000000000000000000000062
:109B04000000000000000000000000000000000051
:109B14000000000000000000000000000000000041
:109B24000000000000000000000000000000000031
:109B34000000000000000000000000000000000021
:109B44000000000000000000000000000000000011
:109B54000000000000000000000000000000000001
:109B640000000000000000000000000000000000F1
:109B740000000000000000000000000000000000E1
:109B840000000000000000000000000000000000D1
:109B940000000000000000000000000000000000C1
:109BA40000000000000000000000000000000000B1
:109BB40000000000000000000000000000000000A1
:109BC4000000000000000000000000000000000091
:109BD4000000000000000000000000000000000081
:109BE4000000000000000000000000000000000071
:109BF4000000000000000000000000000000000061
:109C04000000000000000000000000000000000050
:109C14000000000000000000000000000000000040
:109C24000000000000000000000000000000000030
:109C34000000000000000000000000000000000020
:109C44000000000000000000000000000000000010
:109C54000000000000000000000000000000000000
:109C640000000000000000000000000000000000F0
:109C740000000000000000000000000000000000E0
:109C840000000000000000000000000000000000D0
:109C940000000000000000000000000000000000C0
:109CA40000000000000000000000000000000000B0
:109CB40000000000000000000000000000000000A0
:109CC4000000000000000000000000000000000090
:109CD4000000000000000000000000000000000080
:109CE4000000000000000000000000000000000070
:109CF4000000000000000000000000000000000060
:109D0400000000000000000000000000000000004F
:109D1400000000000000000000000000000000003F
:109D2400000000000000000000000000000000002F
:109D3400000000000000000000000000000000001F
:109D4400000000000000000000000000000000000F
:109D540000000000000000000000000000000000FF
:109D640000000000000000000000000000000000EF
:109D740000000000000000000000000000000000DF
:109D840000000000000000000000000000000000CF
:109D940000000000000000000000000000000000BF
:109DA40000000000000000000000000000000000AF
:109DB400000000000000000000000000000000009F
:109DC400000000000000000000000000000000008F
:109DD400000000000000000000000000000000007F
:109DE400000000000000000000000000000000006F
:109DF400000000000000000000000000000000005F
:109E0400000000000000000000000000000000004E
:109E1400000000000000000000000000000000003E
:109E2400000000000000000000000000000000002E
:109E3400000000000000000000000000000000001E
:109E4400000000000000000000000000000000000E
:109E540000000000000000000000000000000000FE
:109E640000000000000000000000000000000000EE
:109E740000000000000000000000000000000000DE
:109E840000000000000000000000000000000000CE
:109E940000000000000000000000000000000000BE
:109EA40000000000000000000000000000000000AE
:109EB400000000000000000000000000000000009E
:109EC400000000000000000000000000000000008E
:109ED400000000000000000000000000000000007E
:109EE400000000000000000000000000000000006E
:109EF400000000000000000000000000000000005E
:109F0400000000000000000000000000000000004D
:109F1400000000000000000000000000000000003D
:109F2400000000000000000000000000000000002D
:109F3400000000000000000000000000000000001D
:109F4400000000000000000000000000000000000D
:109F540000000000000000000000000000000000FD
:109F640000000000000000000000000000000000ED
:109F740000000000000000000000000000000000DD
:109F840000000000000000000000000000000000CD
:109F940000000000000000000000000000000000BD
:109FA40000000000000000000000000000000000AD
:109FB400000000000000000000000000000000009D
:109FC400000000000000000000000000000000008D
:109FD400000000000000000000000000000000007D
:109FE400000000000000000000000000000000006D
:109FF400000000000000000000000000000000005D
:10A00400000000000000000000000000000000004C
:10A01400000000000000000000000000000000003C
:10A02400000000000000000000000000000000002C
:10A03400000000000000000000000000000000001C
:10A04400000000000000000000000000000000000C
:10A0540000000000000000000000000000000000FC
:10A0640000000000000000000000000000000000EC
:10A0740000000000000000000000000000000000DC
:10A0840000000000000000000000000000000000CC
:10A0940000000000000000000000000000000000BC
:10A0A40000000000000000000000000000000000AC
:10A0B400000000000000000000000000000000009C
:10A0C400000000000000000000000000000000008C
:10A0D400000000000000000000000000000000007C
:10A0E400000000000000000000000000000000006C
:10A0F400000000000000000000000000000000005C
:10A10400000000000000000000000000000000004B
:10A11400000000000000000000000000000000003B
:10A12400000000000000000000000000000000002B
:10A13400000000000000000000000000000000001B
:10A14400000000000000000000000000000000000B
:10A1540000000000000000000000000000000000FB
:10A1640000000000000000000000000000000000EB
:10A1740000000000000000000000000000000000DB
:10A1840000000000000000000000000000000000CB
:10A1940000000000000000000000000000000000BB
:10A1A40000000000000000000000000000000000AB
:10A1B400000000000000000000000000000000009B
:10A1C400000000000000000000000000000000008B
:10A1D400000000000000000000000000000000007B
:10A1E400000000000000000000000000000000006B
:10A1F400000000000000000000000000000000005B
:10A20400000000000000000000000000000000004A
:10A21400000000000000000000000000000000003A
:10A22400000000000000000000000000000000002A
:10A23400000000000000000000000000000000001A
:10A24400000000000000000000000000000000000A
:10A2540000000000000000000000000000000000FA
:10A2640000000000000000000000000000000000EA
:10A2740000000000000000000000000000000000DA
:10A2840000000000000000000000000000000000CA
:10A2940000000000000000000000000000000000BA
:10A2A40000000000000000000000000000000000AA
:10A2B400000000000000000000000000000000009A
:10A2C400000000000000000000000000000000008A
:10A2D400000000000000000000000000000000007A
:10A2E400000000000000000000000000000000006A
:10A2F400000000000000000000000000000000005A
:10A304000000000000000000000000000000000049
:10A314000000000000000000000000000000000039
:10A324000000000000000000000000000000000029
:10A334000000000000000000000000000000000019
:10A344000000000000000000000000000000000009
:10A3540000000000000000000000000000000000F9
:10A3640000000000000000000000000000000000E9
:10A3740000000000000000000000000000000000D9
:10A3840000000000000000000000000000000000C9
:10A3940000000000000000000000000000000000B9
:10A3A40000000000000000000000000000000000A9
:10A3B4000000000000000000000000000000000099
:10A3C4000000000000000000000000000000000089
:10A3D4000000000000000000000000000000000079
:10A3E4000000000000000000000000000000000069
:10A3F4000000000000000000000000000000000059
:10A404000000000000000000000000000000000048
:10A414000000000000000000000000000000000038
:10A424000000000000000000000000000000000028
:10A434000000000000000000000000000000000018
:10A444000000000000000000000000000000000008
:10A4540000000000000000000000000000000000F8
:10A4640000000000000000000000000000000000E8
:10A4740000000000000000000000000000000000D8
:10A4840000000000000000000000000000000000C8
:10A4940000000000000000000000000000000000B8
:10A4A40000000000000000000000000000000000A8
:10A4B4000000000000000000000000000000000098
:10A4C4000000000000000000000000000000000088
:10A4D4000000000000000000000000000000000078
:10A4E4000000000000000000000000000000000068
:10A4F4000000000000000000000000000000000058
:10A504000000000000000000000000000000000047
:10A514000000000000000000000000000000000037
:10A524000000000000000000000000000000000027
:10A534000000000000000000000000000000000017
:10A544000000000000000000000000000000000007
:10A5540000000000000000000000000000000000F7
:10A5640000000000000000000000000000000000E7
:10A5740000000000000000000000000000000000D7
:10A5840000000000000000000000000000000000C7
:10A5940000000000000000000000000000000000B7
:10A5A40000000000000000000000000000000000A7
:10A5B4000000000000000000000000000000000097
:10A5C4000000000000000000000000000000000087
:10A5D4000000000000000000000000000000000077
:10A5E4000000000000000000000000000000000067
:10A5F4000000000000000000000000000000000057
:10A604000000000000000000000000000000000046
:10A614000000000000000000000000000000000036
:10A624000000000000000000000000000000000026
:10A634000000000000000000000000000000000016
:10A644000000000000000000000000000000000006
:10A6540000000000000000000000000000000000F6
:10A6640000000000000000000000000000000000E6
:10A6740000000000000000000000000000000000D6
:10A6840000000000000000000000000000000000C6
:10A6940000000000000000000000000000000000B6
:10A6A40000000000000000000000000000000000A6
:10A6B4000000000000000000000000000000000096
:10A6C4000000000000000000000000000000000086
:10A6D4000000000000000000000000000000000076
:10A6E4000000000000000000000000000000000066
:10A6F4000000000000000000000000000000000056
:10A704000000000000000000000000000000000045
:10A714000000000000000000000000000000000035
:10A724007878789A787878FB787878FB787878FBFA
:10A73400787878FB787878FB787878FB787878FB89
:10A74400787878FB787878FB787878FB787878FB79
:10A75400787878FB787878FB787878FB787878FB69
:10A76400787878FB787878FB787878FB787878FB59
:10A77400787878FB787878FB787878FB787878FB49
:10A78400787878FB787878FB787878FB787878FB39
:10A79400787878FB787878FB787878FB787878FB29
:10A7A400787878FB787878FB787878FB787878FB19
:10A7B400787878FB787878FB787878FB787878FB09
:10A7C400787878FB787878FB787878FB787878FBF9
:10A7D400787878FB787878FB787878FB787878FBE9
:10A7E400787878FB787878FB787878FB787878FBD9
:10A7F400787878FB787878FB787878FB787878FBC9
:10A80400787878FB787878FB787878FB787878FBB8
:10A81400787878FB787878FB787878FB787878FBA8
:10A82400787878FB787878FB787878FB787878FB98
:10A83400787878FB787878FB787878FB787878FB88
:10A84400787878FB787878FB787878FB787878FB78
:10A85400787878FB787878FB787878FB787878FB68
:10A86400787878FB787878FB787878FB787878FB58
:10A87400787878FB787878FB787878FB787878FB48
:10A88400787878FB787878FB787878FB787878FB38
:10A89400787878FB787878FB787878FB787878FB28
:10A8A400787878FB787878FB787878FB787878FB18
:10A8B400787878FB787878FB787878FB787878FB08
:10A8C400787878FB787878FB787878FB787878FBF8
:10A8D400787878FB787878FB787878FB787878FBE8
:10A8E400787878FB787878FB787878FB787878FBD8
:10A8F400787878FB787878FB787878FB787878FBC8
:10A90400787878FB787878FB787878FB787878FBB7
:10A91400787878FB787878FB787878FB787878FBA7
:10A92400787878FB787878FB787878FB787878FB97
:10A93400787878FB787878FB787878FB787878FB87
:10A94400787878FB787878FB787878FB787878FB77
:10A95400787878FB787878FB787878FB787878FB67
:10A96400787878FB787878FB787878FB787878FB57
:10A97400787878FB787878FB787878FB787878FB47
:10A98400787878FB787878FB787878FB787878FB37
:10A99400787878FB787878FB787878FB787878FB27
:10A9A400787878FB787878FB787878FB787878FB17
:10A9B400787878FB787878FB787878FB787878FB07
:10A9C400787878FB787878FB787878FB7878789A58
:10A9D4000000000000000000000000000000000073
:10A9E4000000000000000000000000000000000063
:10A9F4000000000000000000000000000000000053
:10AA04000000000000000000000000000000000042
:10AA14000000000000000000000000000000000032
:10AA24000000000000000000000000000000000022
:10AA34000000000000000000000000000000000012
:10AA44007878789A787878FF787878FF787878FFCB
:10AA5400787878FF787878FF787878FF787878FF56
:10AA6400787878FF787878FF787878FF787878FF46
:10AA7400787878FF787878FF787878FF787878FF36
:10AA8400787878FF787878FF787878FF787878FF26
:10AA9400787878FF787878FF787878FF787878FF16
:10AAA400787878FF787878FF787878FF787878FF06
:10AAB400787878FF787878FF787878FF787878FFF6
:10AAC400787878FF787878FF787878FF787878FFE6
:10AAD400787878FF787878FF787878FF787878FFD6
:10AAE400787878FF787878FF787878FF787878FFC6
:10AAF400787878FF787878FF787878FF787878FFB6
:10AB0400787878FF787878FF787878FF787878FFA5
:10AB1400787878FF787878FF787878FF787878FF95
:10AB2400787878FF787878FF787878FF787878FF85
:10AB3400787878FF787878FF787878FF787878FF75
:10AB4400787878FF787878FF787878FF787878FF65
:10AB5400787878FF787878FF787878FF787878FF55
:10AB6400787878FF787878FF787878FF787878FF45
:10AB7400787878FF787878FF787878FF787878FF35
:10AB8400787878FF787878FF787878FF787878FF25
:10AB9400787878FF787878FF787878FF787878FF15
:10ABA400787878FF787878FF787878FF787878FF05
:10ABB400787878FF787878FF787878FF787878FFF5
:10ABC400787878FF787878FF787878FF787878FFE5
:10ABD400787878FF787878FF787878FF787878FFD5
:10ABE400787878FF787878FF787878FF787878FFC5
:10ABF400787878FF787878FF787878FF787878FFB5
:10AC0400787878FF787878FF787878FF787878FFA4
:10AC1400787878FF787878FF787878FF787878FF94
:10AC2400787878FF787878FF787878FF787878FF84
:10AC3400787878FF787878FF787878FF787878FF74
:10AC4400787878FF787878FF787878FF787878FF64
:10AC5400787878FF787878FF787878FF787878FF54
:10AC6400787878FF787878FF787878FF787878FF44
:10AC7400787878FF787878FF787878FF787878FF34
:10AC8400787878FF787878FF787878FF787878FF24
:10AC9400787878FF787878FF787878FF787878FF14
:10ACA400787878FF787878FF787878FF787878FF04
:10ACB400787878FF787878FF787878FF787878FFF4
:10ACC400787878FF787878FF787878FF787878FFE4
:10ACD400787878FF787878FF787878FF787878FFD4
:10ACE400787878FF787878FF787878FF7878789A29
:10ACF4000000000000000000000000000000000050
:10AD0400000000000000000000000000000000003F
:10AD1400000000000000000000000000000000002F
:10AD2400000000000000000000000000000000001F
:10AD3400000000000000000000000000000000000F
:10AD440000000000000000000000000000000000FF
:10AD54000000000078787810787878207878782067
:10AD6400808480A6808480FF888488FF808480FF1C
:10AD7400808480FF888488FF808480FF808480FFB3
:10AD8400888488FF808480FF808480FF888488FF93
:10AD9400808480FF808480FF888488FF808480FF93
:10ADA400808480FF888488FF808480FF808480FF83
:10ADB400888488FF808480FF808480FF888488FF63
:10ADC400808480FF808480FF888488FF808480FF63
:10ADD400808480FF888488FF808480FF808480FF53
:10ADE400888488FF808480FF808480FF888488FF33
:10ADF400808480FF808480FF888488FF808480FF33
:10AE0400808480FF888488FF808480FF808480FF22
:10AE1400888488FF808480FF808480FF888488FF02
:10AE2400808480FF808480FF888488FF808480FF02
:10AE3400808480FF888488FF808480FF808480FFF2
:10AE4400888488FF808480FF808480FF888488FFD2
:10AE5400808480FF808480FF888488FF808480FFD2
:10AE6400808480FF888488FF808480FF808480FFC2
:10AE7400888488FF808480FF808480FF888488FFA2
:10AE8400808480FF808480FF888488FF808480FFA2
:10AE9400808480FF888488FF808480FF808480FF92
:10AEA400888488FF808480FF808480FF888488FF72
:10AEB400808480FF808480FF888488FF808480FF72
:10AEC400808480FF888488FF808480FF808480FF62
:10AED400888488FF808480FF808480FF888488FF42
:10AEE400808480FF808480FF888488FF808480FF42
:10AEF400808480FF888488FF808480FF808480FF32
:10AF0400888488FF808480FF808480FF888488FF11
:10AF1400808480FF808480FF888488FF808480FF11
:10AF2400808480FF888488FF808480FF808480FF01
:10AF3400888488FF808480FF808480FF888488FFE1
:10AF4400808480FF808480FF888488FF808480FFE1
:10AF5400808480FF888488FF808480FF808480FFD1
:10AF6400888488FF808480FF808480FF888488FFB1
:10AF7400808480FF808480FF888488FF808480FFB1
:10AF8400808480FF888488FF808480FF808480FFA1
:10AF9400888488FF808480FF808480FF888488FF81
:10AFA400808480FF808480FF888488FF808480FF81
:10AFB400808480FF888488FF808480FF808480FF71
:10AFC400888488FF808480FF808480FF888488FF51
:10AFD400808480FF808480FF888488FF808480FF51
:10AFE400808480FF888488FF808480FF808480FF41
:10AFF400888488FF808480FF808480FF888488FF21
:10B00400808480FF808480FF888488FF808480A679
:10B0140078787820787878207878781000000000A4
:10B02400000000000000000000000000000000001C
:10B03400000000000000000000000000000000000C
:10B0440000000000000000000000000000000000FC
:10B0540000000000000000000000000000000000EC
:10B0640000000000000000000000000000000000DC
:10B07400000000007878787D787878FF787878FF19
:10B08400B0B4B0FFD8D8D8FFD8D8D8FFD8D8D8FF14
:10B09400D8D8D8FFD8D8D8FFD8D8D8FFD8D8D8FF90
:10B0A400D8D8D8FFD8D8D8FFD8D8D8FFD8D8D8FF80
:10B0B400D8D8D8FFD8D8D8FFD8D8D8FFD8D8D8FF70
:10B0C400D8D8D8FFD8D8D8FFD8D8D8FFD8D8D8FF60
:10B0D400D8D8D8FFD8D8D8FFD8D8D8FFD8D8D8FF50
:10B0E400D8D8D8FFD8D8D8FFD8D8D8FFD8D8D8FF40
:10B0F400D8D8D8FFD8D8D8FFD8D8D8FFD8D8D8FF30
:10B10400D8D8D8FFD8D8D8FFD8D8D8FFD8D8D8FF1F
:10B11400D8D8D8FFD8D8D8FFD8D8D8FFD8D8D8FF0F
:10B12400D8D8D8FFD8D8D8FFD8D8D8FFD8D8D8FFFF
:10B13400D8D8D8FFD8D8D8FFD8D8D8FFD8D8D8FFEF
:10B14400D8D8D8FFD8D8D8FFD8D8D8FFD8D8D8FFDF
:10B15400D8D8D8FFD8D8D8FFD8D8D8FFD8D8D8FFCF
:10B16400D8D8D8FFD8D8D8FFD8D8D8FFD8D8D8FFBF
:10B17400D8D8D8FFD8D8D8FFD8D8D8FFD8D8D8FFAF
:10B18400D8D8D8FFD8D8D8FFD8D8D8FFD8D8D8FF9F
:10B19400D8D8D8FFD8D8D8FFD8D8D8FFD8D8D8FF8F
:10B1A400D8D8D8FFD8D8D8FFD8D8D8FFD8D8D8FF7F
:10B1B400D8D8D8FFD8D8D8FFD8D8D8FFD8D8D8FF6F
:10B1C400D8D8D8FFD8D8D8FFD8D8D8FFD8D8D8FF5F
:10B1D400D8D8D8FFD8D8D8FFD8D8D8FFD8D8D8FF4F
:10B1E400D8D8D8FFD8D8D8FFD8D8D8FFD8D8D8FF3F
:10B1F400D8D8D8FFD8D8D8FFD8D8D8FFD8D8D8FF2F
:10B20400D8D8D8FFD8D8D8FFD8D8D8FFD8D8D8FF1E
:10B21400D8D8D8FFD8D8D8FFD8D8D8FFD8D8D8FF0E
:10B22400D8D8D8FFD8D8D8FFD8D8D8FFD8D8D8FFFE
:10B23400D8D8D8FFD8D8D8FFD8D8D8FFD8D8D8FFEE
:10B24400D8D8D8FFD8D8D8FFD8D8D8FFD8D8D8FFDE
:10B25400D8D8D8FFD8D8D8FFD8D8D8FFD8D8D8FFCE
:10B26400D8D8D8FFD8D8D8FFD8D8D8FFD8D8D8FFBE
:10B27400D8D8D8FFD8D8D8FFD8D8D8FFD8D8D8FFAE
:10B28400D8D8D8FFD8D8D8FFD8D8D8FFD8D8D8FF9E
:10B29400D8D8D8FFD8D8D8FFD8D8D8FFD8D8D8FF8E
:10B2A400D8D8D8FFD8D8D8FFD8D8D8FFD8D8D8FF7E
:10B2B400D8D8D8FFD8D8D8FFD8D8D8FFD8D8D8FF6E
:10B2C400D8D8D8FFD8D8D8FFD8D8D8FFD8D8D8FF5E
:10B2D400D8D8D8FFD8D8D8FFD8D8D8FFD8D8D8FF4E
:10B2E400D8D8D8FFD8D8D8FFD8D8D8FFD8D8D8FF3E
:10B2F400D8D8D8FFD8D8D8FFD8D8D8FFD8D8D8FF2E
:10B30400D8D8D8FFD8D8D8FFD8D8D8FFD8D8D8FF1D
:10B31400D8D8D8FFD8D8D8FFD8D8D8FFD8D8D8FF0D
:10B32400D8D8D8FFD8D8D8FFD8D8D8FFB0B4B0FF71
:10B33400787878FF787878FF7878787D0000000056
:10B3440000000000000000000000000000000000F9
:10B3540000000000000000000000000000000000E9
:10B3640000000000000000000000000000000000D9
:10B3740000000000000000000000000000000000C9
:10B3840000000000000000000000000000000000B9
:10B39400000000007878787D787878FF787878FFF6
:10B3A400B8B4B8FFD8D8D8FFD8D8D8FFD8D8D8FFE1
:10B3B400D8D8D8FFD8D8D8FFD8D8D8FFD8D8D8FF6D
:10B3C400D8D8D8FFD8D8D8FFD8D8D8FFD8D8D8FF5D
:10B3D400D8D8D8FFD8D8D8FFD8D8D8FFD8D8D8FF4D
:10B3E400D8D8D8FFD8D8D8FFD8D8D8FFD8D8D8FF3D
:10B3F400D8D8D8FFD8D8D8FFD8D8D8FFD8D8D8FF2D
:10B40400D8D8D8FFD8D8D8FFD8D8D8FFD8D8D8FF1C
:10B41400D8D8D8FFD8D8D8FFD8D8D8FFD8D8D8FF0C
:10B42400D8D8D8FFD8D8D8FFD8D8D8FFD8D8D8FFFC
:10B43400D8D8D8FFD8D8D8FFD8D8D8FFD8D8D8FFEC
:10B44400D8D8D8FFD8D8D8FFD8D8D8FFD8D8D8FFDC
:10B45400D8D8D8FFD8D8D8FFD8D8D8FFD8D8D8FFCC
:10B46400D8D8D8FFD8D8D8FFD8D8D8FFD8D8D8FFBC
:10B47400D8D8D8FFD8D8D8FFD8D8D8FFD8D8D8FFAC
:10B48400D8D8D8FFD8D8D8FFD8D8D8FFD8D8D8FF9C
:10B49400D8D8D8FFD8D8D8FFD8D8D8FFD8D8D8FF8C
:10B4A400D8D8D8FFD8D8D8FFD8D8D8FFD8D8D8FF7C
:10B4B400D8D8D8FFD8D8D8FFD8D8D8FFD8D8D8FF6C
:10B4C400D8D8D8FFD8D8D8FFD8D8D8FFD8D8D8FF5C
:10B4D400D8D8D8FFD8D8D8FFD8D8D8FFD8D8D8FF4C
:10B4E400D8D8D8FFD8D8D8FFD8D8D8FFD8D8D8FF3C
:10B4F400D8D8D8FFD8D8D8FFD8D8D8FFD8D8D8FF2C
:10B50400D8D8D8FFD8D8D8FFD8D8D8FFD8D8D8FF1B
:10B51400D8D8D8FFD8D8D8FFD8D8D8FFD8D8D8FF0B
:10B52400D8D8D8FFD8D8D8FFD8D8D8FFD8D8D8FFFB
:10B53400D8D8D8FFD8D8D8FFD8D8D8FFD8D8D8FFEB
:10B54400D8D8D8FFD8D8D8FFD8D8D8FFD8D8D8FFDB
:10B55400D8D8D8FFD8D8D8FFD8D8D8FFD8D8D8FFCB
:10B56400D8D8D8FFD8D8D8FFD8D8D8FFD8D8D8FFBB
:10B57400D8D8D8FFD8D8D8FFD8D8D8FFD8D8D8FFAB
:10B58400D8D8D8FFD8D8D8FFD8D8D8FFD8D8D8FF9B
:10B59400D8D8D8FFD8D8D8FFD8D8D8FFD8D8D8FF8B
:10B5A400D8D8D8FFD8D8D8FFD8D8D8FFD8D8D8FF7B
:10B5B400D8D8D8FFD8D8D8FFD8D8D8FFD8D8D8FF6B
:10B5C400D8D8D8FFD8D8D8FFD8D8D8FFD8D8D8FF5B
:10B5D400D8D8D8FFD8D8D8FFD8D8D8FFD8D8D8FF4B
:10B5E400D8D8D8FFD8D8D8FFD8D8D8FFD8D8D8FF3B
:10B5F400D8D8D8FFD8D8D8FFD8D8D8FFD8D8D8FF2B
:10B60400D8D8D8FFD8D8D8FFD8D8D8FFD8D8D8FF1A
:10B61400D8D8D8FFD8D8D8FFD8D8D8FFD8D8D8FF0A
:10B62400D8D8D8FFD8D8D8FFD8D8D8FFD8D8D8FFFA
:10B63400D8D8D8FFD8D8D8FFD8D8D8FFD8D8D8FFEA
:10B64400D8D8D8FFD8D8D8FFD8D8D8FFB8B4B8FF3E
:10B65400787878FF787878FF7878787D0000000033
:10B6640000000000000000000000000000000000D6
:10B6740000000000000000000000000000000000C6
:10B6840000000000000000000000000000000000B6
:10B6940000000000000000000000000000000000A6
:10B6A400000000000000000078787818787878416D
:10B6B40078787841888C889E909090FF909090FF45
:10B6C400C0BCC0FFD8D8D8FFD8D8D8FFD8DCD8FFA2
:10B6D400D8D8D8FFD8D8D8FFD8DCD8FFD8D8D8FF46
:10B6E400D8DCD8FFD8D8D8FFD8DCD8FFD8D8D8FF32
:10B6F400D8DCD8FFD8D8D8FFD8DCD8FFD8D8D8FF22
:10B70400D8DCD8FFD8D8D8FFD8DCD8FFD8D8D8FF11
:10B71400D8DCD8FFD8D8D8FFD8DCD8FFD8D8D8FF01
:10B72400D8DCD8FFD8D8D8FFD8DCD8FFD8D8D8FFF1
:10B73400D8DCD8FFD8D8D8FFD8DCD8FFD8D8D8FFE1
:10B74400D8DCD8FFD8D8D8FFD8DCD8FFD8D8D8FFD1
:10B75400D8DCD8FFD8D8D8FFD8DCD8FFD8D8D8FFC1
:10B76400D8DCD8FFD8D8D8FFD8DCD8FFD8D8D8FFB1
:10B77400D8DCD8FFD8D8D8FFD8DCD8FFD8D8D8FFA1
:10B78400D8DCD8FFD8D8D8FFD8DCD8FFD8D8D8FF91
:10B79400D8DCD8FFD8D8D8FFD8DCD8FFD8D8D8FF81
:10B7A400D8DCD8FFD8D8D8FFD8DCD8FFD8D8D8FF71
:10B7B400D8DCD8FFD8D8D8FFD8DCD8FFD8D8D8FF61
:10B7C400D8DCD8FFD8D8D8FFD8DCD8FFD8D8D8FF51
:10B7D400D8DCD8FFD8D8D8FFD8DCD8FFD8D8D8FF41
:10B7E400D8DCD8FFD8D8D8FFD8DCD8FFD8D8D8FF31
:10B7F400D8DCD8FFD8D8D8FFD8DCD8FFD8D8D8FF21
:10B80400D8DCD8FFD8D8D8FFD8DCD8FFD8D8D8FF10
:10B81400D8DCD8FFD8D8D8FFD8DCD8FFD8D8D8FF00
:10B82400D8DCD8FFD8D8D8FFD8DCD8FFD8D8D8FFF0
:10B83400D8DCD8FFD8D8D8FFD8DCD8FFD8D8D8FFE0
:10B84400D8DCD8FFD8D8D8FFD8DCD8FFD8D8D8FFD0
:10B85400D8DCD8FFD8D8D8FFD8DCD8FFD8D8D8FFC0
:10B86400D8DCD8FFD8D8D8FFD8DCD8FFD8D8D8FFB0
:10B87400D8DCD8FFD8D8D8FFD8DCD8FFD8D8D8FFA0
:10B88400D8DCD8FFD8D8D8FFD8DCD8FFD8D8D8FF90
:10B89400D8DCD8FFD8D8D8FFD8DCD8FFD8D8D8FF80
:10B8A400D8DCD8FFD8D8D8FFD8DCD8FFD8D8D8FF70
:10B8B400D8DCD8FFD8D8D8FFD8DCD8FFD8D8D8FF60
:10B8C400D8DCD8FFD8D8D8FFD8DCD8FFD8D8D8FF50
:10B8D400D8DCD8FFD8D8D8FFD8DCD8FFD8D8D8FF40
:10B8E400D8DCD8FFD8D8D8FFD8DCD8FFD8D8D8FF30
:10B8F400D8DCD8FFD8D8D8FFD8DCD8FFD8D8D8FF20
:10B90400D8DCD8FFD8D8D8FFD8DCD8FFD8D8D8FF0F
:10B91400D8DCD8FFD8D8D8FFD8DCD8FFD8D8D8FFFF
:10B92400D8DCD8FFD8D8D8FFD8DCD8FFD8D8D8FFEF
:10B93400D8DCD8FFD8D8D8FFD8DCD8FFD8D8D8FFDF
:10B94400D8DCD8FFD8D8D8FFD8DCD8FFD8D8D8FFCF
:10B95400D8DCD8FFD8D8D8FFD8DCD8FFD8D8D8FFBF
:10B96400D8DCD8FFD8D8D8FFD8D8D8FFC0BCC0FFFF
:10B97400909090FF909090FF908C909E7878784172
:10B98400787878417878781800000000000000008A
:10B9940000000000000000000000000000000000A3
:10B9A4000000000000000000000000000000000093
:10B9B4000000000000000000000000000000000083
:10B9C40000000000000000007878785D787878FF47
:10B9D400787878FFA8A8A8FFD8D8D8FFD8D8D8FFF7
:10B9E400D8D8D8FFD8D8D8FFD8D8D8FFD8D8D8FF37
:10B9F400E0DCE0FFD8D8D8FFD8D8D8FFE0DCE0FFFF
:10BA0400D8D8D8FFD8D8D8FFE0D8E0FFD8DCD8FF02
:10BA1400D8D8D8FFE0D8E0FFD8D8D8FFD8DCD8FFF2
:10BA2400E0D8E0FFD8D8D8FFD8D8D8FFE0DCE0FFD2
:10BA3400D8D8D8FFD8D8D8FFE0D8E0FFD8DCD8FFD2
:10BA4400D8D8D8FFE0D8E0FFD8D8D8FFD8DCD8FFC2
:10BA5400E0D8E0FFD8D8D8FFD8D8D8FFE0DCE0FFA2
:10BA6400D8D8D8FFD8D8D8FFE0D8E0FFD8DCD8FFA2
:10BA7400D8D8D8FFE0D8E0FFD8D8D8FFD8DCD8FF92
:10BA8400E0D8E0FFD8D8D8FFD8D8D8FFE0DCE0FF72
:10BA9400D8D8D8FFD8D8D8FFE0D8E0FFD8DCD8FF72
:10BAA400D8D8D8FFE0D8E0FFD8D8D8FFD8DCD8FF62
:10BAB400E0D8E0FFD8D8D8FFD8D8D8FFE0DCE0FF42
:10BAC400D8D8D8FFD8D8D8FFE0D8E0FFD8DCD8FF42
:10BAD400D8D8D8FFE0D8E0FFD8D8D8FFD8DCD8FF32
:10BAE400E0D8E0FFD8D8D8FFD8D8D8FFE0DCE0FF12
:10BAF400D8D8D8FFD8D8D8FFE0D8E0FFD8DCD8FF12
:10BB0400D8D8D8FFE0D8E0FFD8D8D8FFD8DCD8FF01
:10BB1400E0D8E0FFD8D8D8FFD8D8D8FFE0DCE0FFE1
:10BB2400D8D8D8FFD8D8D8FFE0D8E0FFD8DCD8FFE1
:10BB3400D8D8D8FFE0D8E0FFD8D8D8FFD8DCD8FFD1
:10BB4400E0D8E0FFD8D8D8FFD8D8D8FFE0DCE0FFB1
:10BB5400D8D8D8FFD8D8D8FFE0D8E0FFD8DCD8FFB1
:10BB6400D8D8D8FFE0D8E0FFD8D8D8FFD8DCD8FFA1
:10BB7400E0D8E0FFD8D8D8FFD8D8D8FFE0DCE0FF81
:10BB8400D8D8D8FFD8D8D8FFE0D8E0FFD8DCD8FF81
:10BB9400D8D8D8FFE0D8E0FFD8D8D8FFD8DCD8FF71
:10BBA400E0D8E0FFD8D8D8FFD8D8D8FFE0DCE0FF51
:10BBB400D8D8D8FFD8D8D8FFE0D8E0FFD8DCD8FF51
:10BBC400D8D8D8FFE0D8E0FFD8D8D8FFD8DCD8FF41
:10BBD400E0D8E0FFD8D8D8FFD8D8D8FFE0DCE0FF21
:10BBE400D8D8D8FFD8D8D8FFE0D8E0FFD8DCD8FF21
:10BBF400D8D8D8FFE0D8E0FFD8D8D8FFD8DCD8FF11
:10BC0400E0D8E0FFD8D8D8FFD8D8D8FFE0DCE0FFF0
:10BC1400D8D8D8FFD8D8D8FFE0D8E0FFD8DCD8FFF0
:10BC2400D8D8D8FFE0D8E0FFD8D8D8FFD8DCD8FFE0
:10BC3400E0D8E0FFD8D8D8FFD8D8D8FFE0DCE0FFC0
:10BC4400D8D8D8FFD8D8D8FFE0D8E0FFD8DCD8FFC0
:10BC5400D8D8D8FFE0D8E0FFD8D8D8FFD8DCD8FFB0
:10BC6400E0D8E0FFD8D8D8FFD8D8D8FFE0DCE0FF90
:10BC7400D8D8D8FFD8D8D8FFE0D8E0FFD8D8D8FF94
:10BC8400D8D8D8FFE0DCE0FFD8D8D8FFD8D8D8FF80
:10BC9400D8D8D8FFD8D8D8FFA8A8A8FF787878FF34
:10BCA400787878FF7878785D000000000000000064
:10BCB4000000000000000000000000000000000080
:10BCC4000000000000000000000000000000000070
:10BCD4000000000000000000000000000000000060
:10BCE40000000000000000007878785D787878FF24
:10BCF400787878FFA8A8A8FFD8D8D8FFD8D8D8FFD4
:10BD0400D8DCD8FFD8D8D8FFD8D8D8FFD8DCD8FF0B
:10BD1400D8D8D8FFD8D8D8FFD8D8D8FFD8D8D8FF03
:10BD2400D8D8D8FFD8D8D8FFD8D8D8FFD8D8D8FFF3
:10BD3400D8D8D8FFD8D8D8FFD8D8D8FFD8D8D8FFE3
:10BD4400D8D8D8FFD8D8D8FFD8D8D8FFD8D8D8FFD3
:10BD5400D8D8D8FFD8D8D8FFD8D8D8FFD8D8D8FFC3
:10BD6400D8D8D8FFD8D8D8FFD8D8D8FFD8D8D8FFB3
:10BD7400D8D8D8FFD8D8D8FFD8D8D8FFD8D8D8FFA3
:10BD8400D8D8D8FFD8D8D8FFD8D8D8FFD8D8D8FF93
:10BD9400D8D8D8FFD8D8D8FFD8D8D8FFD8D8D8FF83
:10BDA400D8D8D8FFD8D8D8FFD8D8D8FFD8D8D8FF73
:10BDB400D8D8D8FFD8D8D8FFD8D8D8FFD8D8D8FF63
:10BDC400D8D8D8FFD8D8D8FFD8D8D8FFD8D8D8FF53
:10BDD400D8D8D8FFD8D8D8FFD8D8D8FFD8D8D8FF43
:10BDE400D8D8D8FFD8D8D8FFD8D8D8FFD8D8D8FF33
:10BDF400D8D8D8FFD8D8D8FFD8D8D8FFD8D8D8FF23
:10BE0400D8D8D8FFD8D8D8FFD8D8D8FFD8D8D8FF12
:10BE1400D8D8D8FFD8D8D8FFD8D8D8FFD8D8D8FF02
:10BE2400D8D8D8FFD8D8D8FFD8D8D8FFD8D8D8FFF2
:10BE3400D8D8D8FFD8D8D8FFD8D8D8FFD8D8D8FFE2
:10BE4400D8D8D8FFD8D8D8FFD8D8D8FFD8D8D8FFD2
:10BE5400D8D8D8FFD8D8D8FFD8D8D8FFD8D8D8FFC2
:10BE6400D8D8D8FFD8D8D8FFD8D8D8FFD8D8D8FFB2
:10BE7400D8D8D8FFD8D8D8FFD8D8D8FFD8D8D8FFA2
:10BE8400D8D8D8FFD8D8D8FFD8D8D8FFD8D8D8FF92
:10BE9400D8D8D8FFD8D8D8FFD8D8D8FFD8D8D8FF82
:10BEA400D8D8D8FFD8D8D8FFD8D8D8FFD8D8D8FF72
:10BEB400D8D8D8FFD8D8D8FFD8D8D8FFD8D8D8FF62
:10BEC400D8D8D8FFD8D8D8FFD8D8D8FFD8D8D8FF52
:10BED400D8D8D8FFD8D8D8FFD8D8D8FFD8D8D8FF42
:10BEE400D8D8D8FFD8D8D8FFD8D8D8FFD8D8D8FF32
:10BEF400D8D8D8FFD8D8D8FFD8D8D8FFD8D8D8FF22
:10BF0400D8D8D8FFD8D8D8FFD8D8D8FFD8D8D8FF11
:10BF1400D8D8D8FFD8D8D8FFD8D8D8FFD8D8D8FF01
:10BF2400D8D8D8FFD8D8D8FFD8D8D8FFD8D8D8FFF1
:10BF3400D8D8D8FFD8D8D8FFD8D8D8FFD8D8D8FFE1
:10BF4400D8D8D8FFD8D8D8FFD8D8D8FFD8D8D8FFD1
:10BF5400D8D8D8FFD8D8D8FFD8D8D8FFD8D8D8FFC1
:10BF6400D8D8D8FFD8D8D8FFD8D8D8FFD8D8D8FFB1
:10BF7400D8D8D8FFD8D8D8FFD8D8D8FFD8D8D8FFA1
:10BF8400D8D8D8FFD8D8D8FFD8D8D8FFD8D8D8FF91
:10BF9400D8D8D8FFD8DCD8FFD8D8D8FFD8D8D8FF7D
:10BFA400D8D8D8FFD8D8D8FFD8DCD8FFD8D8D8FF6D
:10BFB400D8D8D8FFD8D8D8FFA8A8A8FF787878FF11
:10BFC400787878FF7878785D000000000000000041
:10BFD400000000000000000000000000000000005D
:10BFE400000000000000000000000000000000004D
:10BFF400000000000000000000000000000000003D
:10C0040000000000000000007878785D787878FF00
:10C01400787878FFA8A8A8FFD8D8D8FFD8D8D8FFB0
:10C02400D8D8D8FFD8DCD8FFD8D8D8FFE0D8E0FFDC
:10C03400D0D0D0FFB8B4B8FFB8B4B8FFB8B4B8FF24
:10C04400B8B4B8FFB8B4B8FFB8B4B8FFB8B4B8FF60
:10C05400B8B4B8FFB8B4B8FFB8B4B8FFB8B4B8FF50
:10C06400B8B4B8FFB8B4B8FFB8B4B8FFB8B4B8FF40
:10C07400B8B4B8FFB8B4B8FFB8B4B8FFB8B4B8FF30
:10C08400B8B4B8FFB8B4B8FFB8B4B8FFB8B4B8FF20
:10C09400B8B4B8FFB8B4B8FFB8B4B8FFB8B4B8FF10
:10C0A400B8B4B8FFB8B4B8FFB8B8B8FFD8D8D8FF98
:10C0B400D8DCD8FFD0D4D0FFB8B4B8FFB8B4B8FF38
:10C0C400B8B4B8FFB8B4B8FFB8B4B8FFB8B4B8FFE0
:10C0D400B8B4B8FFB8B4B8FFB8B4B8FFB8B4B8FFD0
:10C0E400B8B4B8FFB8B4B8FFB8B4B8FFB8B4B8FFC0
:10C0F400B8B4B8FFB8B4B8FFB8B4B8FFB8B4B8FFB0
:10C10400B8B4B8FFB8B4B8FFB8B4B8FFB8B4B8FF9F
:10C11400B8B4B8FFB8B4B8FFB8B4B8FFB8B4B8FF8F
:10C12400B8B4B8FFB8B4B8FFB8B4B8FFB8B4B8FF7F
:10C13400D8D8D8FFD8DCD8FFD8D8D8FFE0D8E0FFCB
:10C14400D8DCD8FFD8DCD8FFD8D8D8FFE0D8E0FFB7
:10C15400D8DCD8FFD8DCD8FFB8B8B8FFB8B4B8FF7B
:10C16400B8B4B8FFB8B4B8FFB8B4B8FFB8B4B8FF3F
:10C17400B8B4B8FFB8B4B8FFB8B4B8FFB8B4B8FF2F
:10C18400B8B4B8FFB8B4B8FFB8B4B8FFB8B4B8FF1F
:10C19400B8B4B8FFB8B8B8FFD8D8D8FFD8DCD8FF3F
:10C1A400D8D8D8FFE0DCE0FFD8D8D8FFD8D8D8FF5B
:10C1B400D8DCD8FFE0DCE0FFD8D8D8FFD8D8D8FF47
:10C1C400B8B4B8FFB8B4B8FFB8B4B8FFB8B4B8FFDF
:10C1D400B8B4B8FFB8B4B8FFB8B4B8FFB8B4B8FFCF
:10C1E400B8B4B8FFB8B4B8FFB8B4B8FFB8B4B8FFBF
:10C1F400B8B4B8FFB8B4B8FFB8B4B8FFB8B4B8FFAF
:10C20400B8B4B8FFB8B4B8FFB8B4B8FFB8B4B8FF9E
:10C21400B8B4B8FFB8B4B8FFB8B4B8FFB8B4B8FF8E
:10C22400B8B4B8FFB8B4B8FFB8B4B8FFB8B4B8FF7E
:10C23400B8B4B8FFB8B4B8FFD0D4D0FFD8D8D8FFBA
:10C24400D8DCD8FFB8B8B8FFB8B4B8FFB8B4B8FFF2
:10C25400B8B4B8FFB8B4B8FFB8B4B8FFB8B4B8FF4E
:10C26400B8B4B8FFB8B4B8FFB8B4B8FFB8B4B8FF3E
:10C27400B8B4B8FFB8B4B8FFB8B4B8FFB8B4B8FF2E
:10C28400B8B4B8FFB8B4B8FFB8B4B8FFB8B4B8FF1E
:10C29400B8B4B8FFB8B4B8FFB8B4B8FFB8B4B8FF0E
:10C2A400B8B4B8FFB8B4B8FFB8B4B8FFB8B4B8FFFE
:10C2B400B8B4B8FFB8B4B8FFB8B4B8FFD0D0D0FFA2
:10C2C400D8D8D8FFD8D8D8FFD8DCD8FFD8D8D8FF4A
:10C2D400D8D8D8FFD8DCD8FFA8A8A8FF787878FFEA
:10C2E400787878FF7878785D00000000000000001E
:10C2F400000000000000000000000000000000003A
:10C304000000000000000000000000000000000029
:10C314000000000000000000000000000000000019
:10C3240000000000000000007878785D787878FFDD
:10C33400787878FFA8A8A8FFD8D8D8FFD8D8D8FF8D
:10C34400D8D8D8FFD8D8D8FFD8D8D8FFD8D8D8FFCD
:10C35400C0BCC0FF787878FF787878FF787878FF69
:10C36400787878FF787878FF787878FF787878FF2D
:10C37400787878FF787878FF787878FF787878FF1D
:10C38400787878FF787878FF787878FF787878FF0D
:10C39400787878FF787878FF787878FF787878FFFD
:10C3A400787878FF787878FF787878FF787878FFED
:10C3B400787878FF787878FF787878FF787878FFDD
:10C3C400787878FF787878FF808080FFD8D8D8FF95
:10C3D400D8D8D8FFC8C4C8FF787878FF787878FFB1
:10C3E400787878FF787878FF787878FF787878FFAD
:10C3F400787878FF787878FF787878FF787878FF9D
:10C40400787878FF787878FF787878FF787878FF8C
:10C41400787878FF787878FF787878FF787878FF7C
:10C42400787878FF787878FF787878FF787878FF6C
:10C43400787878FF787878FF787878FF787878FF5C
:10C44400787878FF787878FF787878FF787878FF4C
:10C45400D8D8D8FFD8D8D8FFD8DCD8FFD8D8D8FFB8
:10C46400D8D8D8FFD8D8D8FFD8D8D8FFD8D8D8FFAC
:10C47400D8D8D8FFD8D8D8FF808080FF787878FFC4
:10C48400787878FF787878FF787878FF787878FF0C
:10C49400787878FF787878FF787878FF787878FFFC
:10C4A400787878FF787878FF787878FF787878FFEC
:10C4B400787878FF808080FFD8D8D8FFD8D8D8FF84
:10C4C400D8DCD8FFD8D8D8FFD8D8D8FFD8DCD8FF44
:10C4D400D8D8D8FFD8D8D8FFD8D8D8FFD8D8D8FF3C
:10C4E400787878FF787878FF787878FF787878FFAC
:10C4F400787878FF787878FF787878FF787878FF9C
:10C50400787878FF787878FF787878FF787878FF8B
:10C51400787878FF787878FF787878FF787878FF7B
:10C52400787878FF787878FF787878FF787878FF6B
:10C53400787878FF787878FF787878FF787878FF5B
:10C54400787878FF787878FF787878FF787878FF4B
:10C55400787878FF787878FFC8C4C8FFD8D8D8FF2F
:10C56400D8D8D8FF808080FF787878FF787878FFF3
:10C57400787878FF787878FF787878FF787878FF1B
:10C58400787878FF787878FF787878FF787878FF0B
:10C59400787878FF787878FF787878FF787878FFFB
:10C5A400787878FF787878FF787878FF787878FFEB
:10C5B400787878FF787878FF787878FF787878FFDB
:10C5C400787878FF787878FF787878FF787878FFCB
:10C5D400787878FF787878FF787878FFC0BCC0FFE7
:10C5E400D8D8D8FFD8D8D8FFD8D8D8FFD8DCD8FF27
:10C5F400D8D8D8FFD8D8D8FFA8A8A8FF787878FFCB
:10C60400787878FF7878785D0000000000000000FA
:10C614000000000000000000000000000000000016
:10C624000000000000000000000000000000000006
:10C6340000000000000000000000000000000000F6
:10C6440000000000000000007878785D787878FFBA
:10C65400787878FFA8A8A8FFD8D8D8FFD8D8D8FF6A
:10C66400E0DCE0FFD8D8D8FFD8DCD8FFD8D8D8FF92
:10C67400C0BCC0FF787878FF787878FF787878FF46
:10C68400787878FF787878FF787878FF787878FF0A
:10C69400787878FF787878FF787878FF787878FFFA
:10C6A400787878FF787878FF787878FF787878FFEA
:10C6B400787878FF787878FF787878FF787878FFDA
:10C6C400787878FF787878FF787878FF787878FFCA
:10C6D400787878FF787878FF787878FF787878FFBA
:10C6E400787878FF787878FF808080FFD8D8D8FF72
:10C6F400D8D8D8FFC8C4C8FF787878FF787878FF8E
:10C70400787878FF787878FF787878FF787878FF89
:10C71400787878FF787878FF787878FF787878FF79
:10C72400787878FF787878FF787878FF787878FF69
:10C73400787878FF787878FF787878FF787878FF59
:10C74400787878FF787878FF787878FF787878FF49
:10C75400787878FF787878FF787878FF787878FF39
:10C76400787878FF787878FF787878FF787878FF29
:10C77400D8D8D8FFD8D8D8FFD8D8D8FFD8D8D8FF99
:10C78400D8D8D8FFE0DCE0FFD8D8D8FF909090FF4D
:10C79400807C80FF807C80FF787878FF787878FFD1
:10C7A400787878FF787878FF787878FF787878FFE9
:10C7B400787878FF787878FF787878FF787878FFD9
:10C7C400787878FF787878FF787878FF787878FFC9
:10C7D400787878FF787878FF807C80FF807C80FF91
:10C7E400909090FFD8D8D8FFD8D8D8FFE0D8E0FFF1
:10C7F400D8D8D8FFD8D8D8FFD8DCD8FFD8D8D8FF15
:10C80400787878FF787878FF787878FF787878FF88
:10C81400787878FF787878FF787878FF787878FF78
:10C82400787878FF787878FF787878FF787878FF68
:10C83400787878FF787878FF787878FF787878FF58
:10C84400787878FF787878FF787878FF787878FF48
:10C85400787878FF787878FF787878FF787878FF38
:10C86400787878FF787878FF787878FF787878FF28
:10C87400787878FF787878FFC8C4C8FFD8D8D8FF0C
:10C88400D8D8D8FF808080FF787878FF787878FFD0
:10C89400787878FF787878FF787878FF787878FFF8
:10C8A400787878FF787878FF787878FF787878FFE8
:10C8B400787878FF787878FF787878FF787878FFD8
:10C8C400787878FF787878FF787878FF787878FFC8
:10C8D400787878FF787878FF787878FF787878FFB8
:10C8E400787878FF787878FF787878FF787878FFA8
:10C8F400787878FF787878FF787878FFB8BCB8FFD4
:10C90400D8D8D8FFD8DCD8FFE0D8E0FFD8D8D8FFF3
:10C91400D8D8D8FFD8D8D8FFA8A8A8FF787878FFA7
:10C92400787878FF7878785D0000000000000000D7
:10C9340000000000000000000000000000000000F3
:10C9440000000000000000000000000000000000E3
:10C9540000000000000000000000000000000000D3
:10C9640000000000000000007878785D787878FF97
:10C97400787878FFA8A8A8FFD8D8D8FFD8D8D8FF47
:10C98400D8D8D8FFD8DCD8FFD8D8D8FFD8D8D8FF83
:10C99400C0BCC0FF787878FF787878FF585C98FF3F
:10C9A4003838C0FF3838C0FF3838C0FF3838C0FFC7
:10C9B4003838C0FF3838C0FF3838C0FF3838C0FFB7
:10C9C4003838C0FF3838C0FF3838C0FF3838C0FFA7
:10C9D4003838C0FF3838C0FF3838C0FF3838C0FF97
:10C9E4003838C0FF3838C0FF3838C0FF3838C0FF87
:10C9F4003838C0FF3838C0FF3838C0FF3838C0FF77
:10CA0400707478FF787878FF808080FFD8DCD8FF56
:10CA1400D8D8D8FFC8C4C8FF787878FF787878FF6A
:10CA2400606490FF3838C0FF3838C0FF3838C0FF22
:10CA34003838C0FF3838C0FF3838C0FF3838C0FF36
:10CA44003838C0FF3838C0FF3838C0FF3838C0FF26
:10CA54003838C0FF3838C0FF3838C0FF3838C0FF16
:10CA64003838C0FF3838C0FF3838C0FF3838C0FF06
:10CA74003838C0FF3838C0FF3838C0FF3838C0FFF6
:10CA84003838C0FF707080FF787878FF787878FF46
:10CA9400D8D8D8FFD8D8D8FFD8DCD8FFD8D8D8FF72
:10CAA400D8D8D8FFD8DCD8FFD8D8D8FF908C90FF3E
:10CAB400787878FF787878FF403CB8FF3838C0FF42
:10CAC4003838C0FF3838C0FF3838C0FF3838C0FFA6
:10CAD4003838C0FF3838C0FF3838C0FF3838C0FF96
:10CAE4003838C0FF3838C0FF3838C0FF3838C0FF86
:10CAF4003838C0FF403CB8FF787878FF787878FF02
:10CB0400908C90FFD8D8D8FFD8D8D8FFD8DCD8FFDD
:10CB1400D8D8D8FFD8D8D8FFD8D8D8FFD8D8D8FFF5
:10CB2400787878FF787878FF707080FF3838C0FFA5
:10CB34003838C0FF3838C0FF3838C0FF3838C0FF35
:10CB44003838C0FF3838C0FF3838C0FF3838C0FF25
:10CB54003838C0FF3838C0FF3838C0FF3838C0FF15
:10CB64003838C0FF3838C0FF3838C0FF3838C0FF05
:10CB74003838C0FF3838C0FF3838C0FF3838C0FFF5
:10CB84003838C0FF3838C0FF3838C0FF606490FFC1
:10CB9400787878FF787878FFC8C8C8FFD8D8D8FFE5
:10CBA400D8D8D8FF808080FF787878FF787478FFB1
:10CBB4003838C0FF3838C0FF3838C0FF3838C0FFB5
:10CBC4003838C0FF3838C0FF3838C0FF3838C0FFA5
:10CBD4003838C0FF3838C0FF3838C0FF3838C0FF95
:10CBE4003838C0FF3838C0FF3838C0FF3838C0FF85
:10CBF4003838C0FF3838C0FF3838C0FF3838C0FF75
:10CC04003838C0FF3838C0FF3838C0FF3838C0FF64
:10CC1400585C98FF787878FF787878FFC0BCC0FFBC
:10CC2400D8D8D8FFD8D8D8FFD8DCD8FFD8D8D8FFE0
:10CC3400D8D8D8FFD8D8D8FFA8A8A8FF787878FF84
:10CC4400787878FF7878785D0000000000000000B4
:10CC540000000000000000000000000000000000D0
:10CC640000000000000000000000000000000000C0
:10CC740000000000000000000000000000000000B0
:10CC840000000000000000007878785D787878FF74
:10CC9400787878FFA8A8A8FFD8D8D8FFD8D8D8FF24
:10CCA400D8D8D8FFD8D8D8FFD8D8D8FFD8D8D8FF64
:10CCB400B8BCB8FF787878FF787878FF4848B0FF38
:10CCC4000000F8FF0000F8FF0000F8FF0000F8FF84
:10CCD4000000F8FF0000F8FF0000F8FF0000F8FF74
:10CCE4000000F8FF0000F8FF0000F8FF0000F8FF64
:10CCF4000000F8FF0000F8FF0000F8FF0000F8FF54
:10CD04000000F8FF0000F8FF0000F8FF0000F8FF43
:10CD14000000F8FF0000F8FF0000F8FF0000F8FF33
:10CD2400707480FF787878FF808080FFD8D8D8FF2F
:10CD3400D8DCD8FFC8C4C8FF787878FF787878FF43
:10CD44005050A0FF0000F8FF0000F8FF0000F8FFBB
:10CD54000000F8FF0000F8FF0000F8FF0000F8FFF3
:10CD64000000F8FF0000F8FF0000F8FF0000F8FFE3
:10CD74000000F8FF0000F8FF0000F8FF0000F8FFD3
:10CD84000000F8FF0000F8FF0000F8FF0000F8FFC3
:10CD94000000F8FF0000F8FF0000F8FF0000F8FFB3
:10CDA4000000F8FF686888FF787878FF787878FF63
:10CDB400D8D8D8FFD8D8D8FFD8DCD8FFE0D8E0FF3F
:10CDC400D8D8D8FFD8D8D8FFD0D0D0FF888C88FF47
:10CDD400707480FF686C88FF0808F8FF0000F8FF93
:10CDE4000000F8FF0000F8FF0000F8FF0000F8FF63
:10CDF4000000F8FF0000F8FF0000F8FF0000F8FF53
:10CE04000000F8FF0000F8FF0000F8FF0000F8FF42
:10CE14000000F8FF0808F8FF686C88FF707478FF5A
:10CE2400888C88FFD0D0D0FFD8D8D8FFD8D8D8FFE6
:10CE3400D8DCD8FFE0D8E0FFD8D8D8FFD8D8D8FFBE
:10CE4400787878FF787878FF686888FF0000F8FFC2
:10CE54000000F8FF0000F8FF0000F8FF0000F8FFF2
:10CE64000000F8FF0000F8FF0000F8FF0000F8FFE2
:10CE74000000F8FF0000F8FF0000F8FF0000F8FFD2
:10CE84000000F8FF0000F8FF0000F8FF0000F8FFC2
:10CE94000000F8FF0000F8FF0000F8FF0000F8FFB2
:10CEA4000000F8FF0000F8FF0000F8FF5050A0FF5A
:10CEB400787878FF787878FFC8C4C0FFD8DCD8FFCA
:10CEC400D8D8D8FF808080FF787878FF707480FF8E
:10CED4000000F8FF0000F8FF0000F8FF0000F8FF72
:10CEE4000000F8FF0000F8FF0000F8FF0000F8FF62
:10CEF4000000F8FF0000F8FF0000F8FF0000F8FF52
:10CF04000000F8FF0000F8FF0000F8FF0000F8FF41
:10CF14000000F8FF0000F8FF0000F8FF0000F8FF31
:10CF24000000F8FF0000F8FF0000F8FF0000F8FF21
:10CF34004848B0FF787878FF787878FFB8BCB8FFB5
:10CF4400D8D8D8FFD8D8D8FFD8D8D8FFD8DCD8FFBD
:10CF5400E0D8E0FFD8D8D8FFA8A8A8FF787878FF51
:10CF6400787878FF7878785D000000000000000091
:10CF740000000000000000000000000000000000AD
:10CF8400000000000000000000000000000000009D
:10CF9400000000000000000000000000000000008D
:10CFA40000000000000000007878785D787878FF51
:10CFB400787878FFA8A8A8FFD8D8D8FFD8D8D8FF01
:10CFC400D8DCD8FFD8D8D8FFE0DCE0FFD8D8D8FF29
:10CFD400C0BCC0FF787878FF787878FF4848B0FF05
:10CFE4000000F8FF0000F8FF0000F8FF0000F8FF61
:10CFF4000000F8FF0000F8FF0000F8FF0000F8FF51
:10D004000000F8FF0000F8FF0000F8FF0000F8FF40
:10D014000000F8FF0000F8FF0000F8FF0000F8FF30
:10D024000000F8FF0000F8FF0000F8FF0000F8FF20
:10D034000000F8FF0000F8FF0000F8FF0000F8FF10
:10D04400707480FF787878FF808080FFD8D8D8FF0C
:10D05400D8D8D8FFC8C8C8FF787878FF787878FF20
:10D064005050A0FF0000F8FF0000F8FF0000F8FF98
:10D074000000F8FF0000F8FF0000F8FF0000F8FFD0
:10D084000000F8FF0000F8FF0000F8FF0000F8FFC0
:10D094000000F8FF0000F8FF0000F8FF0000F8FFB0
:10D0A4000000F8FF0000F8FF0000F8FF0000F8FFA0
:10D0B4000000F8FF0000F8FF0000F8FF0000F8FF90
:10D0C4000000F8FF686888FF787878FF787878FF40
:10D0D400D8D8D8FFD8D8D8FFD8D8D8FFD8D8D8FF30
:10D0E400D8D8D8FFC8C4C8FF787878FF787878FF94
:10D0F4005050A8FF0000F8FF0000F8FF0000F8FF00
:10D104000000F8FF0000F8FF0000F8FF0000F8FF3F
:10D114000000F8FF0000F8FF0000F8FF0000F8FF2F
:10D124000000F8FF0000F8FF0000F8FF0000F8FF1F
:10D134000000F8FF0000F8FF0000F8FF5050A8FFBF
:10D14400787878FF787878FFC8C4C8FFD8D8D8FF33
:10D15400D8D8D8FFD8DCD8FFD8D8D8FFD8D8D8FFAB
:10D16400787878FF787878FF686888FF0000F8FF9F
:10D174000000F8FF0000F8FF0000F8FF0000F8FFCF
:10D184000000F8FF0000F8FF0000F8FF0000F8FFBF
:10D194000000F8FF0000F8FF0000F8FF0000F8FFAF
:10D1A4000000F8FF0000F8FF0000F8FF0000F8FF9F
:10D1B4000000F8FF0000F8FF0000F8FF0000F8FF8F
:10D1C4000000F8FF0000F8FF0000F8FF5050A0FF37
:10D1D400787878FF787878FFC0C4C8FFD8D8D8FFAB
:10D1E400D8DCD8FF808080FF787878FF707480FF67
:10D1F4000000F8FF0000F8FF0000F8FF0000F8FF4F
:10D204000000F8FF0000F8FF0000F8FF0000F8FF3E
:10D214000000F8FF0000F8FF0000F8FF0000F8FF2E
:10D224000000F8FF0000F8FF0000F8FF0000F8FF1E
:10D234000000F8FF0000F8FF0000F8FF0000F8FF0E
:10D244000000F8FF0000F8FF0000F8FF0000F8FFFE
:10D254004848B0FF787878FF787878FFC0BCB8FF8A
:10D26400D8DCD8FFD8D8D8FFD8D8D8FFD8D8D8FF9A
:10D27400D8DCD8FFD8D8D8FFA8A8A8FF787878FF3A
:10D28400787878FF7878785D00000000000000006E
:10D29400000000000000000000000000000000008A
:10D2A400000000000000000000000000000000007A
:10D2B400000000000000000000000000000000006A
:10D2C40000000000000000007878785D787878FF2E
:10D2D400787878FFA8A8A8FFD8D8D8FFD8D8D8FFDE
:10D2E400D8D8D8FFD8DCD8FFD8D8D8FFD8D8D8FF1A
:10D2F400C0BCC0FF787878FF787878FF4844B0FFE6
:10D304000000F8FF0000F8FF0000F8FF0000F8FF3D
:10D314000000F8FF0000F8FF0000F8FF0000F8FF2D
:10D324000000F8FF0000F8FF0000F8FF0000F8FF1D
:10D334000000F8FF0000F8FF0000F8FF0000F8FF0D
:10D344000000F8FF0000F8FF0000F8FF0000F8FFFD
:10D354000000F8FF0000F8FF0000F8FF0000F8FFED
:10D36400707480FF787878FF808080FFD8D8D8FFE9
:10D37400D8D8D8FFC8C4C8FF787878FF787878FF01
:10D384005050A8FF0000F8FF0000F8FF0000F8FF6D
:10D394000000F8FF0000F8FF0000F8FF0000F8FFAD
:10D3A4000000F8FF0000F8FF0000F8FF0000F8FF9D
:10D3B4000000F8FF0000F8FF0000F8FF0000F8FF8D
:10D3C4000000F8FF0000F8FF0000F8FF0000F8FF7D
:10D3D4000000F8FF0000F8FF0000F8FF0000F8FF6D
:10D3E4000000F8FF686888FF787878FF787878FF1D
:10D3F400D8D8D8FFD8D8D8FFD8DCD8FFD8D8D8FF09
:10D40400D8D8D8FFC8C4C8FF787878FF787878FF70
:10D41400504CA8FF0000F8FF0000F8FF0000F8FFE0
:10D424000000F8FF0000F8FF0000F8FF0000F8FF1C
:10D434000000F8FF0000F8FF0000F8FF0000F8FF0C
:10D444000000F8FF0000F8FF0000F8FF0000F8FFFC
:10D454000000F8FF0000F8FF0000F8FF504CA8FFA0
:10D46400787878FF787878FFC0C4C0FFD8D8D8FF20
:10D47400D8D8D8FFD8D8D8FFD8DCD8FFD8D8D8FF88
:10D48400787878FF787878FF686888FF0000F8FF7C
:10D494000000F8FF0000F8FF0000F8FF0000F8FFAC
:10D4A4000000F8FF0000F8FF0000F8FF0000F8FF9C
:10D4B4000000F8FF0000F8FF0000F8FF0000F8FF8C
:10D4C4000000F8FF0000F8FF0000F8FF0000F8FF7C
:10D4D4000000F8FF0000F8FF0000F8FF0000F8FF6C
:10D4E4000000F8FF0000F8FF0000F8FF5050A0FF14
:10D4F400787878FF787878FFC8C4C8FFD8D8D8FF80
:10D50400D8D8D8FF808080FF787878FF787480FF3F
:10D514000000F8FF0000F8FF0000F8FF0000F8FF2B
:10D524000000F8FF0000F8FF0000F8FF0000F8FF1B
:10D534000000F8FF0000F8FF0000F8FF0000F8FF0B
:10D544000000F8FF0000F8FF0000F8FF0000F8FFFB
:10D554000000F8FF0000F8FF0000F8FF0000F8FFEB
:10D564000000F8FF0000F8FF0000F8FF0000F8FFDB
:10D574004844B0FF787878FF787878FFB8BCC0FF6B
:10D58400D8D8D8FFD8D8D8FFD8DCE0FFD8D8D8FF6F
:10D59400D8D8D8FFD8D8D8FFA8A8A8FF787878FF1B
:10D5A400787878FF7878785D00000000000000004B
:10D5B4000000000000000000000000000000000067
:10D5C4000000000000000000000000000000000057
:10D5D4000000000000000000000000000000000047
:10D5E40000000000000000007878785D787878FF0B
:10D5F400787878FFA8A8A8FFD8D8D8FFD8D8D8FFBB
:10D60400D8D8D8FFD8D8D8FFD8D8D8FFD8DCD8FFF6
:10D61400C0BCB8FF787878FF787878FF4848B0FFC6
:10D624000000F8FF0000F8FF0000F8FF0004F8FF16
:10D63400181CE0FF201CD8FF181CE0FF181CE0FF9A
:10D64400201CD8FF181CE0FF181CE0FF201CD8FF8A
:10D65400181CE0FF181CE0FF201CD8FF181CE0FF7A
:10D66400181CE0FF201CD8FF181CE0FF181CE0FF6A
:10D67400201CD8FF181CE0FF201CE0FF201CD8FF52
:10D68400787478FF787878FF808080FFD8D8D8FFC6
:10D69400D8DCD8FFC8C4C8FF787878FF787878FFDA
:10D6A400585C98FF201CE0FF201CE0FF181CE0FFE2
:10D6B400201CE0FF181CE0FF201CD8FF181CE0FF12
:10D6C400181CE0FF201CD8FF1818E8FF0000F8FF22
:10D6D4000000F8FF0000F8FF0000F8FF181CE0FF4E
:10D6E400181CE0FF201CE0FF181CD8FF181CE0FFEA
:10D6F400201CE0FF181CD8FF181CE0FF201CE0FFD2
:10D70400181CE0FF686C88FF787878FF787878FFD9
:10D71400D8D8D8FFD8D8D8FFD8DCD8FFD8D8D8FFE5
:10D72400C8C8C8FFB0B0B0FF787878FF606090FFD9
:10D73400383CC0FF0000F8FF0000F8FF1010F0FFB5
:10D74400201CE0FF201CE0FF181CE0FF201CE0FF71
:10D75400181CE0FF201CD8FF181CE0FF181CE0FF79
:10D76400201CD8FF181CE0FF181CE0FF201CE0FF61
:10D774001010F0FF0000F8FF0000F8FF383CC0FF75
:10D78400606090FF787878FFB0B0B0FFC8C8C8FF79
:10D79400D8D8D8FFD8D8D8FFD8D8D8FFD8D8D8FF69
:10D7A400787878FF787878FF686890FF0000F8FF51
:10D7B4000000F8FF0000F8FF0000F8FF1818E0FF71
:10D7C400181CE0FF201CE0FF181CD8FF181CE0FF09
:10D7D400201CE0FF181CD8FF181CE0FF201CE0FFF1
:10D7E400181CD8FF181CE0FF201CE0FF181CD8FFF1
:10D7F400181CE0FF201CE0FF181CD8FF0000F8FFF5
:10D804000000F8FF0000F8FF0000F8FF5050A8FFE8
:10D81400787878FF787878FFC8C8C8FFD8D8D8FF58
:10D82400D8D8D8FF808080FF787878FF787480FF1C
:10D83400201CE0FF181CE0FF201CE0FF201CE0FF80
:10D84400181CE0FF181CE0FF201CD8FF181CE0FF88
:10D85400181CE0FF201CD8FF0000F8FF0000F8FFB0
:10D864000000F8FF0000F8FF1014E8FF181CE0FFA8
:10D87400201CE0FF181CD8FF181CE0FF201CE0FF50
:10D88400181CD8FF181CE0FF201CE0FF181CD8FF50
:10D894005054A0FF787878FF787878FFC0BCC0FF38
:10D8A400D8D8D8FFD8D8D8FFE0D8D8FFD8DCD8FF4C
:10D8B400D8D8D8FFD8D8D8FFA8A8A8FF787878FFF8
:10D8C400787878FF7878785D000000000000000028
:10D8D4000000000000000000000000000000000044
:10D8E4000000000000000000000000000000000034
:10D8F4000000000000000000000000000000000024
:10D9040000000000000000007878785D787878FFE7
:10D91400787878FFA8A8A8FFD8D8D8FFD8D8D8FF97
:10D92400E0DCE0FFD8D8D8FFD8D8D8FFD8D8D8FFC3
:10D93400C0BCC0FF787878FF787878FF4048B0FFA3
:10D944000000F8FF0000F8FF0000F8FF080CF0FFEB
:10D95400787878FF787878FF787878FF787878FF27
:10D96400787878FF787878FF787878FF787878FF17
:10D97400787878FF787878FF787878FF787878FF07
:10D98400787878FF787878FF787878FF787878FFF7
:10D99400787878FF787878FF787878FF787878FFE7
:10D9A400787878FF787878FF808080FFD8D8D8FF9F
:10D9B400D8D8D8FFC8C8C8FF787878FF787878FFB7
:10D9C400787878FF787878FF787878FF787878FFB7
:10D9D400787878FF787878FF787878FF787878FFA7
:10D9E400787878FF787878FF585C98FF0000F8FF23
:10D9F4000000F8FF0000F8FF0000F8FF707080FFDF
:10DA0400787878FF787878FF787878FF787878FF76
:10DA1400787878FF787878FF787878FF787878FF66
:10DA2400787878FF787878FF787878FF787878FF56
:10DA3400D8D8D8FFD8D8D8FFD8D8D8FFD8DCD8FFC2
:10DA4400989898FF787878FF787878FF1818E0FF2E
:10DA54000000F8FF0000F8FF0000F8FF3838C0FFAE
:10DA6400787878FF787878FF787878FF787878FF16
:10DA7400787878FF787878FF787878FF787878FF06
:10DA8400787878FF787878FF787878FF787878FFF6
:10DA94003838C0FF0000F8FF0000F8FF0000F8FF6E
:10DAA4001818E0FF787878FF787878FF989898FFCE
:10DAB400D8DCD8FFE0D8E0FFD8D8D8FFD8D8D8FF32
:10DAC400787878FF787878FF686888FF0000F8FF36
:10DAD4000000F8FF0000F8FF0000F8FF606490FF0A
:10DAE400787878FF787878FF787878FF787878FF96
:10DAF400787878FF787878FF787878FF787878FF86
:10DB0400787878FF787878FF787878FF787878FF75
:10DB1400787878FF787878FF787878FF0000F8FFD5
:10DB24000000F8FF0000F8FF0000F8FF5054A0FFC9
:10DB3400787878FF787878FFC8C4C8FFD8DCD8FF35
:10DB4400D8D8D8FF808080FF787878FF787878FFFD
:10DB5400787878FF787878FF787878FF787878FF25
:10DB6400787878FF787878FF787878FF787878FF15
:10DB7400787878FF787878FF0004F8FF0000F8FFE1
:10DB84000000F8FF0000F8FF5050A8FF787878FFF5
:10DB9400787878FF787878FF787878FF787878FFE5
:10DBA400787878FF787878FF787878FF787878FFD5
:10DBB400787878FF787878FF787878FFC0BCB8FFF9
:10DBC400D8D8D8FFD8DCD8FFD8D8D8FFD8D8D8FF31
:10DBD400D8D8D8FFD8D8D8FFA8A8A8FF787878FFD5
:10DBE400787878FF7878785D000000000000000005
:10DBF4000000000000000000000000000000000021
:10DC04000000000000000000000000000000000010
:10DC14000000000000000000000000000000000000
:10DC240000000000000000007878785D787878FFC4
:10DC3400787878FFA8A8A8FFD8D8D8FFD8D8D8FF74
:10DC4400D8DCD8FFD8D8D8FFD8D8D8FFD8DCD8FFAC
:10DC5400B8BCC0FF787878FF787878FF4844B0FF84
:10DC64000000F8FF0000F8FF0000F8FF100CF0FFC0
:10DC7400787878FF787878FF787878FF787878FF04
:10DC8400787878FF787878FF787878FF787878FFF4
:10DC9400787878FF787878FF787878FF787878FFE4
:10DCA400787878FF787878FF787878FF787878FFD4
:10DCB400787878FF787878FF787878FF787878FFC4
:10DCC400787878FF787878FF808080FFD8D8D8FF7C
:10DCD400D8D8D8FFC8C4C8FF787878FF787878FF98
:10DCE400787878FF787878FF787878FF787878FF94
:10DCF400787878FF787878FF787878FF787878FF84
:10DD0400787878FF787878FF585C98FF0000F8FFFF
:10DD14000000F8FF0000F8FF0000F8FF707080FFBB
:10DD2400787878FF787878FF787878FF787878FF53
:10DD3400787878FF787878FF787878FF787878FF43
:10DD4400787878FF787878FF787878FF787878FF33
:10DD5400D8D8D8FFD8D8D8FFD8D8D8FFD8D8E0FF9B
:10DD6400989898FF787878FF787878FF1818E0FF0B
:10DD74000000F8FF0000F8FF0000F8FF3838C0FF8B
:10DD8400787878FF787878FF787878FF787878FFF3
:10DD9400787878FF787878FF787878FF787878FFE3
:10DDA400787878FF787878FF787878FF787878FFD3
:10DDB4003838C0FF0000F8FF0000F8FF0000F8FF4B
:10DDC4001818E0FF787878FF787878FF989898FFAB
:10DDD400D8D8D8FFD8DCD8FFD8D8D8FFD8D8D8FF1F
:10DDE400787878FF787878FF686888FF0000F8FF13
:10DDF4000000F8FF0000F8FF0000F8FF606490FFE7
:10DE0400787878FF787878FF787878FF787878FF72
:10DE1400787878FF787878FF787878FF787878FF62
:10DE2400787878FF787878FF787878FF787878FF52
:10DE3400787878FF787878FF787878FF0004F8FFAE
:10DE44000000F8FF0000F8FF0000F8FF5050A0FFAA
:10DE5400787878FF787878FFC8C4C8FFD8D8D8FF16
:10DE6400D8D8D8FF808080FF787878FF787878FFDA
:10DE7400787878FF787878FF787878FF787878FF02
:10DE8400787878FF787878FF787878FF787878FFF2
:10DE9400787878FF787878FF0004F8FF0000F8FFBE
:10DEA4000000F8FF0000F8FF5050A8FF787878FFD2
:10DEB400787878FF787878FF787878FF787878FFC2
:10DEC400787878FF787878FF787878FF787878FFB2
:10DED400787878FF787878FF787878FFB8BCC0FFD6
:10DEE400D8D8D8FFD8D8D8FFD8DCD8FFD8D8E0FF06
:10DEF400E0D8D8FFD8DCD8FFA8A8A8FF787878FFA6
:10DF0400787878FF7878785D0000000000000000E1
:10DF140000000000000000000000000000000000FD
:10DF240000000000000000000000000000000000ED
:10DF340000000000000000000000000000000000DD
:10DF440000000000000000007878785D787878FFA1
:10DF5400787878FFA8A8A8FFD8D8D8FFD8D8D8FF51
:10DF6400D8D8D8FFD8D8D8FFD8D8D8FFD8D8D8FF91
:10DF7400C0BCC0FF787878FF787878FF4848B0FF55
:10DF84000000F8FF0000F8FF0000F8FF080CF0FFA5
:10DF9400787878FF787878FF808080FFA0A098FF59
:10DFA400A09CA0FFA0A0A0FFA09C98FFA0A0A0FF01
:10DFB400A0A098FFA09CA0FFA0A098FFA09CA0FFF9
:10DFC400A0A0A0FFA0A098FFA09CA0FFA0A098FFE5
:10DFD400A09CA0FF98A0A0FFA09C98FFA09CA0FFDD
:10DFE40098A0A0FFA09CA0FFA0A4A0FFD8D8D8FF11
:10DFF400D8DCD8FFD0CCD0FFA09C98FF989C98FF89
:10E00400A0A0A0FFA09C98FF989C98FFA0A0A0FFB0
:10E01400A0A098FFA09C98FFA0A0A0FF989898FFAC
:10E02400787878FF787878FF585898FF0000F8FFE0
:10E034000000F8FF0000F8FF0000F8FF707080FF98
:10E04400787878FF787C78FFA09C98FFA0A0A0FF48
:10E05400A09C98FFA0A0A0FFA09C98FFA0A098FF60
:10E06400A09CA0FFA09CA0FFA0A098FFA09CA0FF44
:10E07400D8D8D8FFD8DCD8FFD8D4D8FFB8B4B8FFE4
:10E08400908C90FF707088FF484CA8FF1010F0FF30
:10E094000000F8FF0000F8FF282CD0FF5050A0FF2C
:10E0A400787878FF787878FF909088FFA09C98FF24
:10E0B40098A0A0FFA09C98FFA0A0A0FFA09C98FF00
:10E0C400A0A0A0FF909090FF787878FF787878FFF0
:10E0D4005054A0FF282CD0FF0000F8FF0000F8FFE8
:10E0E4001010F0FF484CA8FF707088FF908C90FFD0
:10E0F400B8B4B8FFD8D4D8FFD8D8D8FFD8D8D8FF68
:10E10400787878FF787878FF686890FF0000F8FFE7
:10E114000000F8FF0000F8FF0000F8FF606090FFC7
:10E12400787878FF787878FF989C98FFA09CA0FF77
:10E13400A0A098FFA09CA0FFA0A0A0FFA0A098FF73
:10E14400A09CA0FFA0A098FFA09CA0FFA0A0A0FF5F
:10E15400808078FF787878FF787878FF0000F8FF7F
:10E164000000F8FF0000F8FF0000F8FF5050A8FF7F
:10E17400787878FF787878FFC0C4C8FFD8DCD8FFF7
:10E18400D8D8D8FFA0A4A0FFA09CA0FFA09CA0FF6B
:10E1940098A098FFA09C98FFA09CA0FF98A098FF2F
:10E1A400A09C98FFA0A0A0FFA09C98FF808080FF67
:10E1B400787878FF787878FF0004F8FF0000F8FF9B
:10E1C4000000F8FF0000F8FF5050A8FF787878FFAF
:10E1D400787878FF989490FFA0A0A0FFA09C98FF67
:10E1E400A0A0A0FFA09CA0FFA09C98FFA0A0A0FFBF
:10E1F400989CA0FFA09C98FFA09CA0FFC8C8C8FF43
:10E20400D8D8D8FFD8D8D8FFD8D8D8FFD8DCD8FFEA
:10E21400D8D8D8FFD8D8D8FFA8A8A8FF787878FF8E
:10E22400787878FF7878785D0000000000000000BE
:10E2340000000000000000000000000000000000DA
:10E2440000000000000000000000000000000000CA
:10E2540000000000000000000000000000000000BA
:10E2640000000000000000007878785D787878FF7E
:10E27400787878FFA8A8A8FFD8D8D8FFD8D8D8FF2E
:10E28400D8DCD8FFE0D8E0FFD8DCD8FFD8D8D8FF56
:10E29400C0BCC0FF787878FF787878FF4848B0FF32
:10E2A4000000F8FF0000F8FF0000F8FF080CF0FF82
:10E2B400787878FF787878FF909090FFD8D8D8FF56
:10E2C400D8D8D8FFD8D8D8FFD8D8D8FFD8D8D8FF2E
:10E2D400D8D8D8FFD8D8D8FFD8D8D8FFD8D8D8FF1E
:10E2E400D8D8D8FFD8D8D8FFD8D8D8FFD8D8D8FF0E
:10E2F400D8D8D8FFD8D8D8FFD8DCD8FFD8D8D8FFFA
:10E30400D8D8D8FFD8D8D8FFD8D8D8FFD8D8D8FFED
:10E31400D8D8D8FFD8DCD8FFD8D8D8FFD8D8D8FFD9
:10E32400D8D8D8FFD8DCD8FFD8D8D8FFD8D8D8FFC9
:10E33400D8D8D8FFD8D8D8FFD8D8D8FFC8CCC8FFE9
:10E34400787878FF787878FF585C98FF0000F8FFB9
:10E354000000F8FF0000F8FF0000F8FF707080FF75
:10E36400787878FF808080FFD8D8D8FFD8D8D8FFB5
:10E37400D8D8D8FFD8D8D8FFD8D8D8FFD8D8D8FF7D
:10E38400D8DCD8FFD8D8D8FFD8D8D8FFD8D8D8FF69
:10E39400D8D8D8FFD8DCD8FFD0D0D0FF787878FF91
:10E3A400787878FF605C98FF0000F8FF0000F8FFC1
:10E3B4000000F8FF0000F8FF707080FF787878FFA5
:10E3C400787878FF787878FFB0B4B0FFD8D8D8FFE1
:10E3D400D8D8D8FFD8D8D8FFD8D8D8FFD8D8D8FF1D
:10E3E400D8D8D8FFB0B4B0FF787878FF787878FFC1
:10E3F400787878FF707080FF0000F8FF0000F8FF65
:10E404000000F8FF0000F8FF605C98FF787878FF60
:10E41400787878FFD0D0D0FFD8D8D8FFD8D8D8FF14
:10E42400787878FF787878FF686888FF0000F8FFCC
:10E434000000F8FF0000F8FF0000F8FF606490FFA0
:10E44400787878FF787878FFD0D4D0FFD8D8D8FF00
:10E45400D8D8D8FFD8D8D8FFD8D8D8FFD8D8D8FF9C
:10E46400D8D8D8FFD8D8D8FFD8D8D8FFD8D8D8FF8C
:10E47400808488FF787878FF787878FF0000F8FF48
:10E484000000F8FF0000F8FF0000F8FF5050A0FF64
:10E49400787878FF787878FFC8C4C8FFD8D8D8FFD0
:10E4A400D8DCD8FFD8D8D8FFD8D8D8FFD8D8D8FF48
:10E4B400D8D8D8FFD8D8D8FFD8DCD8FFD8D8D8FF38
:10E4C400D8D8D8FFD8D8D8FFD8D8D8FF888888FF1C
:10E4D400787878FF787878FF0004F8FF0000F8FF78
:10E4E4000000F8FF0000F8FF5050A8FF787878FF8C
:10E4F400787878FFC0C4C0FFD8D8D8FFD8D8D8FF60
:10E50400D8D8D8FFD8DCD8FFD8D8D8FFD8D8D8FFE7
:10E51400D8D8D8FFD8D8D8FFD8DCD8FFD8D8D8FFD7
:10E52400D8D8D8FFD8DCD8FFD8D8D8FFD8D8D8FFC7
:10E53400D8D8D8FFD8D8D8FFA8A8A8FF787878FF6B
:10E54400787878FF7878785D00000000000000009B
:10E5540000000000000000000000000000000000B7
:10E5640000000000000000000000000000000000A7
:10E574000000000000000000000000000000000097
:10E5840000000000000000007878785D787878FF5B
:10E59400787878FFA8A8A8FFD8D8D8FFD8D8D8FF0B
:10E5A400D8D8D8FFD8D8D8FFD8D8D8FFD8DCD8FF47
:10E5B400C0BCC0FF787878FF787878FF4844B0FF13
:10E5C4000000F8FF0000F8FF0000F8FF100CF0FF57
:10E5D400787878FF787878FF909090FFD8D8D8FF33
:10E5E400D8D8D8FFD8D8D8FFD8DCD8FFD8D8D8FF07
:10E5F400D8D8D8FFD8DCD8FFD8D8D8FFD8D8D8FFF7
:10E60400D8D8D8FFD8DCD8FFD8D8D8FFD8D8D8FFE6
:10E61400D8DCD8FFD8D8D8FFD8D8D8FFD8D8D8FFD6
:10E62400D8D8D8FFD8DCD8FFD8D8D8FFD8D8D8FFC6
:10E63400D8D8D8FFD8DCD8FFD8D8D8FFD8D8D8FFB6
:10E64400D8D8D8FFD8D8D8FFD8D8D8FFD8D8D8FFAA
:10E65400D8D8D8FFD8DCD8FFD8D8D8FFC8CCD0FFBA
:10E66400787878FF787878FF585C98FF0000F8FF96
:10E674000000F8FF0000F8FF0000F8FF707080FF52
:10E68400787878FF808080FFD8D8D8FFD8D8D8FF92
:10E69400D8DCD8FFD8D8D8FFD8D8D8FFD8D8D8FF56
:10E6A400D8D8D8FFD8DCD8FFD8D8D8FFD8D8D8FF46
:10E6B400D8D8D8FFD8D8D8FFD0D0D0FF787878FF72
:10E6C400787878FF585C98FF0000F8FF0000F8FFA6
:10E6D4000000F8FF0000F8FF706C88FF787878FF7E
:10E6E400787C78FFD8D4D8FFD8D8D8FFD8D8D8FF2A
:10E6F400D8D8D8FFD8DCD8FFD8D8D8FFD8D8D8FFF6
:10E70400D8D8D8FFD8D8D8FFD0D4D0FF787C78FF19
:10E71400787878FF706C88FF0000F8FF0000F8FF3D
:10E724000000F8FF0000F8FF585C98FF787878FF45
:10E73400787878FFD0D0D0FFD8D8D8FFD8D8D8FFF1
:10E74400787878FF787878FF686888FF0000F8FFA9
:10E754000000F8FF0000F8FF0000F8FF606490FF7D
:10E76400787878FF787878FFD8D4D0FFD8D8D8FFD5
:10E77400D8D8D8FFD8DCD8FFD8D8D8FFD8D8D8FF75
:10E78400D8DCD8FFD8D8D8FFD8D8D8FFD8D8D8FF65
:10E79400888488FF787878FF787878FF0000F8FF1D
:10E7A4000000F8FF0000F8FF0000F8FF5054A8FF35
:10E7B400787878FF787878FFC8C4C0FFD8D8D8FFB5
:10E7C400D8D8D8FFD8D8D8FFD8DCD8FFD8D8D8FF25
:10E7D400D8D8D8FFD8DCD8FFD8D8D8FFD8D8D8FF15
:10E7E400D8D8D8FFD8DCD8FFD8D8D8FF888888FFF5
:10E7F400787878FF787878FF0804F8FF0000F8FF4D
:10E804000000F8FF0000F8FF5050A8FF787878FF68
:10E81400787878FFC0C4C0FFD8D8D8FFD8D8D8FF3C
:10E82400D8D8D8FFD8D8D8FFD8DCD8FFD8D8D8FFC4
:10E83400D8D8D8FFD8DCD8FFD8D8D8FFD8D8D8FFB4
:10E84400D8D8D8FFD8DCD8FFE0D8E0FFD8D8D8FF94
:10E85400D8DCD8FFD8D8D8FFA8A8A8FF787878FF44
:10E86400787878FF78787861000000000000000074
:10E874000000000000000000000000000000000094
:10E884000000000000000000000000000000000084
:10E894000000000000000000000000000000000074
:10E8A40000000000000000007878785D787878FF38
:10E8B400787878FFA8A8A8FFD8D8D8FFD8D8D8FFE8
:10E8C400D8DCD8FFD8D8D8FFD8D8D8FFD8D8D8FF24
:10E8D400C0BCC0FF787878FF787878FF4048B0FFF4
:10E8E4000000F8FF0000F8FF0000F8FF080CF0FF3C
:10E8F400787878FF787878FF908C90FFD8D8D8FF14
:10E90400D8DCD8FFD8D8D8FFD8D8D8FFD8DCD8FFDF
:10E91400D8D8D8FFD8D8D8FFD8DCD8FFD8D8D8FFD3
:10E92400D8D8D8FFD8DCD8FFD8D8D8FFD8D8D8FFC3
:10E93400D8DCD8FFD8D8D8FFD8D8D8FFD8DCD8FFAF
:10E94400D8D8D8FFD8D8D8FFD8DCD8FFD8D8D8FFA3
:10E95400D8D8D8FFD8D8D8FFD8DCD8FFD8D8D8FF93
:10E96400D8DCD8FFD8D8D8FFD8DCD8FFD8D8D8FF7F
:10E97400D8D8D8FFD8DCD8FFD8D8D8FFD0CCD0FF8F
:10E98400787878FF787878FF585898FF0000F8FF77
:10E994000000F8FF0000F8FF0000F8FF707080FF2F
:10E9A400787878FF807C80FFD8D8D8FFD8D8D8FF73
:10E9B400D8DCD8FFD8D8D8FFD8DCD8FFD8D8D8FF2F
:10E9C400D8D8D8FFD8D8D8FFD8DCD8FFD8D8D8FF23
:10E9D400D8D8D8FFD8D8D8FFD0D0D0FF787878FF4F
:10E9E400787878FF605C98FF0000F8FF0000F8FF7B
:10E9F4000000F8FF0000F8FF707088FF787878FF57
:10EA0400787878FFA8A8A8FFA8A8A8FFA8A8A8FFB6
:10EA1400A8A8A8FFA8A8A8FFA8A8A8FFA8A8A8FF16
:10EA2400A8A8A8FFA8A8A8FFA8A8A8FF787878FF96
:10EA3400787878FF706C80FF0000F8FF0000F8FF22
:10EA44000000F8FF0000F8FF605C98FF787878FF1A
:10EA5400787878FFD0D0D0FFD8D8D8FFD8D8D8FFCE
:10EA6400787878FF787878FF686888FF0000F8FF86
:10EA74000000F8FF0000F8FF0000F8FF606090FF5E
:10EA8400787878FF787878FFA8A4A8FFA8A8A8FFCA
:10EA9400A8A8A8FFA8A8A8FFA8A8A8FFA8A8A8FF96
:10EAA400A8A8A8FFA8A8A8FFA8A8A8FFA8A8A8FF86
:10EAB400808080FF787878FF787878FF0004F8FF0A
:10EAC4000000F8FF0000F8FF0000F8FF5050A0FF1E
:10EAD400787878FF787878FFC8C8C8FFD8D8D8FF86
:10EAE400D8D8D8FFD8DCD8FFD8D8D8FFD8D8D8FF02
:10EAF400D8DCD8FFD8D8D8FFD8D8D8FFD8D8D8FFF2
:10EB0400D8DCD8FFD8D8D8FFD8D8D8FF888888FFD1
:10EB1400787878FF787878FF0004F8FF0000F8FF31
:10EB24000000F8FF0000F8FF5050A8FF787878FF45
:10EB3400787878FFC0C4C0FFD8D8D8FFD8DCD8FF15
:10EB4400D8D8D8FFD8D8D8FFD8D8D8FFD8D8D8FFA5
:10EB5400D8DCD8FFD8D8D8FFD8D8D8FFD8D8D8FF91
:10EB6400D8DCD8FFD8D8D8FFD8D8D8FFD8D8D8FF81
:10EB7400D8D8D8FFE0D8E0FFA8A8A8FF787878FF15
:10EB8400787878FF7878785D000000000000000055
:10EB94000000000000000000000000000000000071
:10EBA4000000000000000000000000000000000061
:10EBB4000000000000000000000000000000000051
:10EBC400000000000000000078787861787878FF11
:10EBD400787878FFA8A8A8FFD8D8D8FFD8D8D8FFC5
:10EBE400D8D8D8FFE0DCE0FFD8D8D8FFD8D8D8FFF1
:10EBF400B8BCB8FF787878FF787878FF4844B0FFDD
:10EC04000000F8FF0000F8FF0000F8FF080CF0FF18
:10EC1400787878FF787878FF888C88FFD0D0D0FF18
:10EC2400D0D0D0FFD0D0D0FFD0D0D0FFD0D0D0FF24
:10EC3400D0D0D0FFD0D0D0FFD0D0D0FFD0D4D0FF10
:10EC4400D0D0D0FFD0D0D0FFD0D0D0FFD0D0D0FF04
:10EC5400D0D0D0FFD0D0D0FFD0D4D0FFD0D0D0FFF0
:10EC6400D0D0D0FFD0D0D0FFD8D4D0FFD8D8D8FFC0
:10EC7400D8D8D8FFD8DCE0FFD8D8D8FFD8D8D8FF68
:10EC8400D8D8E0FFD8DCD8FFD8D8D8FFD8D8E0FF50
:10EC9400D8D8D8FFD8D8D8FFD8D8D8FFD0CCD0FF70
:10ECA400787878FF787878FF585C98FF0000F8FF50
:10ECB4000000F8FF0000F8FF0000F8FF707080FF0C
:10ECC400787878FF808080FFD8D8D8FFD8D8D8FF4C
:10ECD400D8D8D8FFD8D8D8FFD8D8D8FFD8DCD8FF10
:10ECE400D8D8D8FFD8D8D8FFD8D8D8FFD8DCD8FF00
:10ECF400D8D8D8FFD8D8D8FFD0D0D0FF787878FF2C
:10ED0400787878FF605C98FF0000F8FF0000F8FF57
:10ED14000000F8FF0000F8FF707080FF787878FF3B
:10ED2400787878FF787878FF787878FF787878FF43
:10ED3400787878FF787878FF787878FF787878FF33
:10ED4400787878FF787878FF787878FF787878FF23
:10ED5400787878FF707088FF0000F8FF0000F8FFF3
:10ED64000000F8FF0000F8FF585C98FF787878FFFF
:10ED7400787878FFD0D0D0FFD8D8D8FFD8D8D8FFAB
:10ED8400787878FF787878FF686890FF0000F8FF5B
:10ED94000000F8FF0000F8FF0000F8FF606490FF37
:10EDA400787878FF787878FF787878FF787878FFC3
:10EDB400787878FF787878FF787878FF787878FFB3
:10EDC400787878FF787878FF787878FF787878FFA3
:10EDD400787878FF787878FF787878FF0000F8FF03
:10EDE4000000F8FF0000F8FF0000F8FF5050A0FFFB
:10EDF400787878FF787878FFC8C4C8FFD8DCD8FF63
:10EE0400D8D8D8FFD8D8D8FFD8D8D8FFD8D8D8FFE2
:10EE1400D8D8D8FFD8D8E0FFD8DCD8FFD8D8D8FFC6
:10EE2400D8D8D8FFD8D8D8FFD8D8D8FF888888FFB2
:10EE3400787878FF787878FF0004F8FF0000F8FF0E
:10EE44000000F8FF0000F8FF5050A8FF787878FF22
:10EE5400787878FFC0C4C0FFD8D8D8FFD8D8D8FFF6
:10EE6400D8DCD8FFD8D8D8FFD8D8D8FFD8DCD8FF7A
:10EE7400D8D8D8FFD8D8D8FFD8D8D8FFD8DCD8FF6E
:10EE8400D8D8D8FFD8D8D8FFD8DCD8FFD8D8D8FF5E
:10EE9400D8D8D8FFD8D8D8FFA8A8A8FF787878FF02
:10EEA400787878FF7878785D000000000000000032
:10EEB400000000000000000000000000000000004E
:10EEC400000000000000000000000000000000003E
:10EED400000000000000000000000000000000002E
:10EEE40000000000000000007878785D787878FFF2
:10EEF400787878FFA8A8A8FFD8D8D8FFD8D8D8FFA2
:10EF0400D8D8D8FFD8D8D8FFD8DCD8FFD8D8D8FFDD
:10EF1400C0BCC0FF787878FF787878FF4848B0FFA5
:10EF24000000F8FF0000F8FF0000F8FF100CF0FFED
:10EF3400787878FF787878FF787878FF787878FF31
:10EF4400787878FF787878FF787878FF787878FF21
:10EF5400787878FF787878FF787878FF787878FF11
:10EF6400787878FF787878FF787878FF787878FF01
:10EF7400787878FF787878FF787878FF787878FFF1
:10EF8400787878FF787878FF808080FFD8D8D8FFA9
:10EF9400D8D8D8FFE0D8D8FFD8D8D8FFD8D8D8FF49
:10EFA400E0D8D8FFD8D8D8FFD8D8D8FFD8DCD8FF35
:10EFB400D8DCD8FFD8D8D8FFD8D8D8FFD0CCD0FF49
:10EFC400787878FF787878FF585C98FF0000F8FF2D
:10EFD4000000F8FF0000F8FF0000F8FF707080FFE9
:10EFE400787878FF808080FFD8D8D8FFD8D8D8FF29
:10EFF400D8DCD8FFD8D8D8FFD8D8E0FFD8D8D8FFE5
:10F00400D8DCD8FFD8D8E0FFD8D8D8FFD8DCD8FFD0
:10F01400D8D8E0FFD8D8D8FFD0D0D0FF787878FF00
:10F02400787878FF585C98FF0000F8FF0000F8FF3C
:10F034000000F8FF0000F8FF706C80FF787878FF1C
:10F04400787878FF787878FF787878FF787878FF20
:10F05400787878FF787878FF787878FF787878FF10
:10F06400787878FF787878FF787878FF787878FF00
:10F07400787878FF707088FF0000F8FF0000F8FFD0
:10F084000000F8FF0000F8FF605C98FF787878FFD4
:10F09400787878FFD0D0D0FFD8D8D8FFD8D8D8FF88
:10F0A400787878FF787878FF686888FF0000F8FF40
:10F0B4000000F8FF0000F8FF0000F8FF686490FF0C
:10F0C400787878FF787878FF787878FF787878FFA0
:10F0D400787878FF787878FF787878FF787878FF90
:10F0E400787878FF787878FF787878FF787878FF80
:10F0F400787878FF787878FF787878FF0000F8FFE0
:10F104000000F8FF0000F8FF0000F8FF5050A8FFCF
:10F11400787878FF787878FFC8C4C8FFD8D8D8FF43
:10F12400D8DCD8FFD8D8D8FFE0DCE0FFD8D8D8FFA7
:10F13400D8D8D8FFE0DCD8FFD8D8D8FFD8D8D8FFA3
:10F14400D8DCE0FFD8D8D8FFD8D8D8FF888888FF83
:10F15400787878FF787878FF0004F8FF0000F8FFEB
:10F164000000F8FF0000F8FF5050A8FF787878FFFF
:10F17400787878FFC8C4C8FFD8D8D8FFD8D8D8FFC3
:10F18400D8D8D8FFD8D8E0FFD8DCD8FFD8D8D8FF53
:10F19400D8D8E0FFD8D8D8FFE0DCD8FFD8D8E0FF33
:10F1A400D8D8D8FFE0D8D8FFD8D8E0FFD8DCD8FF2B
:10F1B400D8D8D8FFD8D8D8FFA8A8A8FF787878FFDF
:10F1C400787878FF7878785D00000000000000000F
:10F1D400000000000000000000000000000000002B
:10F1E400000000000000000000000000000000001B
:10F1F400000000000000000000000000000000000B
:10F2040000000000000000007878785D787878FFCE
:10F21400787878FFA8A8A8FFD8D8D8FFD8D8D8FF7E
:10F22400D8DCD8FFD8D8D8FFD8D8D8FFD8DCD8FFB6
:10F23400C0BCC0FF787878FF787878FF4848B0FF82
:10F244000000F8FF0000F8FF0000F8FF080CF0FFD2
:10F25400787878FF787878FF787878FF787878FF0E
:10F26400787878FF787878FF787878FF787878FFFE
:10F27400787878FF787878FF787878FF787878FFEE
:10F28400787878FF787878FF787878FF787878FFDE
:10F29400787878FF787878FF787878FF787878FFCE
:10F2A400787878FF787878FF808080FFD8DCE0FF7A
:10F2B400D8D8D8FFD8DCD8FFD8D8D8FFD8DCD8FF26
:10F2C400D8DCD8FFD8D8D8FFD8D8D8FFE0D8D8FF12
:10F2D400D8D8D8FFD8DCD8FFD8D8D8FFD0CCD0FF26
:10F2E400787878FF787878FF585898FF0000F8FF0E
:10F2F4000000F8FF0000F8FF0000F8FF707080FFC6
:10F30400787878FF807C80FFD8D8D8FFD8D8D8FF09
:10F31400D8DCD8FFD8D8D8FFD8D8D8FFD8D8D8FFC9
:10F32400D8DCD8FFD8D8D8FFE0D8D8FFD8D8D8FFB1
:10F33400D8DCD8FFD8D8D8FFD0D0D0FF787878FFE1
:10F34400787878FF605C98FF0000F8FF0000F8FF11
:10F354000000F8FF0000F8FF2824D8FF2828D0FF79
:10F364002828D0FF2828D0FF2828D0FF2828D0FF1D
:10F374002828D0FF2828D0FF2828D0FF2828D0FF0D
:10F384002828D0FF2828D0FF2828D0FF2828D0FFFD
:10F394002828D0FF2824D0FF0000F8FF0000F8FF41
:10F3A4000000F8FF0000F8FF585C98FF787878FFB9
:10F3B400787878FFD0D0D0FFD8D8D8FFD8D8D8FF65
:10F3C400787878FF787878FF686888FF0000F8FF1D
:10F3D4000000F8FF0000F8FF0000F8FF2020D8FF2D
:10F3E4002828D0FF2828D0FF2828D0FF2828D0FF9D
:10F3F4002828D0FF2828D0FF2828D0FF2828D0FF8D
:10F404002828D0FF2828D0FF2828D0FF2828D0FF7C
:10F414002828D0FF2828D0FF2828D0FF0000F8FF94
:10F424000000F8FF0000F8FF0000F8FF5054A0FFB0
:10F43400787878FF787878FFC8C4C8FFD8D8D8FF20
:10F44400D8D8D8FFD8D8D8FFD8DCD8FFD8D8D8FF98
:10F45400D8D8D8FFD8DCD8FFD8D8D8FFD8D8D8FF88
:10F46400E0D8D8FFD8DCD8FFD8D8D8FF888888FF60
:10F47400787878FF787878FF0804F8FF0000F8FFC0
:10F484000000F8FF0000F8FF5050A8FF787878FFDC
:10F49400787878FFC0C4C0FFD8D8D8FFD8D8D8FFB0
:10F4A400D8D8D8FFE0DCD8FFD8D8D8FFD8D8D8FF30
:10F4B400D8D8D8FFD8DCD8FFD8D8D8FFD8D8D8FF28
:10F4C400D8D8D8FFD8DCD8FFD8D8D8FFE0D8D8FF10
:10F4D400D8DCD8FFD8D8D8FFA8A8A8FF787878FFB8
:10F4E400787878FF7878785D0000000000000000EC
:10F4F4000000000000000000000000000000000008
:10F5040000000000000000000000000000000000F7
:10F5140000000000000000000000000000000000E7
:10F5240000000000000000007878785D787878FFAB
:10F53400787878FFA8A8A8FFD8D8D8FFD8D8D8FF5B
:10F54400D8D8D8FFE0D8E0FFD8D8D8FFD8D8D8FF8B
:10F55400C0BCC0FF787878FF787878FF4844B0FF63
:10F564000000F8FF0000F8FF0000F8FF0808F0FFB3
:10F57400605C98FF605C98FF605C98FF606098FF37
:10F58400605C98FF605C98FF606098FF605C98FF27
:10F59400606098FF605C98FF605C98FF606098FF13
:10F5A400605C98FF605C98FF606098FF605C98FF07
:10F5B400605C98FF606098FF605C98FF605C98FFF7
:10F5C400787878FF787878FF808080FFD8D8D8FF63
:10F5D400D8D8D8FFD8D8D8FFD8D8E0FFD8D8D8FF03
:10F5E400D8D8D8FFD8DCE0FFD8D8D8FFD8D8D8FFEF
:10F5F400D8D8E0FFD8D8D8FFD8DCD8FFD0CCD0FFFB
:10F60400787878FF787878FF585C98FF0000F8FFE6
:10F614000000F8FF0000F8FF0000F8FF707080FFA2
:10F62400787878FF808080FFD8D8D8FFD8D8D8FFE2
:10F63400D8D8D8FFD8DCD8FFD8D8D8FFE0D8E0FF96
:10F64400D8D8D8FFD8DCD8FFD8D8D8FFD8D8D8FF96
:10F65400D8D8D8FFD8D8D8FFD0D0D0FF787878FFC2
:10F66400787878FF585C98FF0000F8FF0000F8FFF6
:10F674000000F8FF0000F8FF0000F8FF0000F8FFAA
:10F684000000F8FF0000F8FF0000F8FF0000F8FF9A
:10F694000000F8FF0000F8FF0000F8FF0000F8FF8A
:10F6A4000000F8FF0000F8FF0000F8FF0000F8FF7A
:10F6B4000000F8FF0000F8FF0000F8FF0000F8FF6A
:10F6C4000000F8FF0000F8FF605C98FF787878FF8E
:10F6D400787878FFD0D0D0FFD8D8D8FFD8D8D8FF42
:10F6E400787878FF787878FF686888FF0000F8FFFA
:10F6F4000000F8FF0000F8FF0000F8FF0000F8FF2A
:10F704000000F8FF0000F8FF0000F8FF0000F8FF19
:10F714000000F8FF0000F8FF0000F8FF0000F8FF09
:10F724000000F8FF0000F8FF0000F8FF0000F8FFF9
:10F734000000F8FF0000F8FF0000F8FF0000F8FFE9
:10F744000000F8FF0000F8FF0000F8FF5050A8FF89
:10F75400787878FF787878FFC8C8C8FFD8D8D8FFF9
:10F76400D8D8D8FFD8D8D8FFD8D8D8FFD8D8D8FF79
:10F77400D8D8E0FFD8D8D8FFD8D8D8FFD8D8D8FF61
:10F78400D8D8D8FFD8D8D8FFD8D8D8FF888888FF49
:10F79400787878FF787878FF0004F8FF0000F8FFA5
:10F7A4000000F8FF0000F8FF504CA8FF787878FFBD
:10F7B400787878FFC0C4C0FFD8D8D8FFD8D8D8FF8D
:10F7C400D8DCD8FFD8D8D8FFD8D8D8FFD8D8D8FF15
:10F7D400E0DCD8FFD8D8D8FFD8D8D8FFD8D8D8FFFD
:10F7E400D8DCE0FFD8D8D8FFD8D8D8FFD8D8D8FFED
:10F7F400D8D8E0FFD8D8D8FFA8A8A8FF787878FF91
:10F80400787878FF7878785D0000000000000000C8
:10F8140000000000000000000000000000000000E4
:10F8240000000000000000000000000000000000D4
:10F8340000000000000000000000000000000000C4
:10F8440000000000000000007878785D787878FF88
:10F85400787878FFA8A8A8FFD8D8D8FFD8D8D8FF38
:10F86400D8DCD8FFD8D8D8FFD8D8D8FFD8DCD8FF70
:10F87400C0BCC0FF787878FF787878FF4048B0FF44
:10F884000000F8FF0000F8FF0000F8FF0000F8FF98
:10F894000000F8FF0000F8FF0000F8FF0000F8FF88
:10F8A4000000F8FF0000F8FF0000F8FF0000F8FF78
:10F8B4000000F8FF0000F8FF0000F8FF0000F8FF68
:10F8C4000000F8FF0000F8FF0000F8FF0000F8FF58
:10F8D4000000F8FF0000F8FF0000F8FF0000F8FF48
:10F8E400707480FF787878FF808080FFD8D8D8FF44
:10F8F400E0DCD8FFD8D8D8FFD8D8D8FFE0D8D8FFD4
:10F90400D8D8D8FFD8D8D8FFE0DCD8FFD8D8D8FFCB
:10F91400D8D8D8FFD8D8D8FFD8D8D8FFD0CCD0FFE3
:10F92400787878FF787878FF585C98FF0000F8FFC3
:10F934000000F8FF0000F8FF0000F8FF707080FF7F
:10F94400787878FF808080FFD8D8D8FFD8D8D8FFBF
:10F95400D8D8D8FFD8D8D8FFD8DCD8FFD8D8D8FF83
:10F96400D8D8D8FFD8D8D8FFD8DCE0FFD8D8D8FF6B
:10F97400E0D8D8FFD8D8D8FFD0D0D0FF787878FF97
:10F98400787878FF605C98FF0000F8FF0000F8FFCB
:10F994000000F8FF0000F8FF0000F8FF0000F8FF87
:10F9A4000000F8FF0000F8FF0000F8FF0000F8FF77
:10F9B4000000F8FF0000F8FF0000F8FF0000F8FF67
:10F9C4000000F8FF0000F8FF0000F8FF0000F8FF57
:10F9D4000000F8FF0000F8FF0000F8FF0000F8FF47
:10F9E4000000F8FF0000F8FF585C98FF787878FF73
:10F9F400787878FFD0D0D0FFD8D8D8FFD8D8D8FF1F
:10FA0400787878FF787878FF686888FF0000F8FFD6
:10FA14000000F8FF0000F8FF0000F8FF0000F8FF06
:10FA24000000F8FF0000F8FF0000F8FF0000F8FFF6
:10FA34000000F8FF0000F8FF0000F8FF0000F8FFE6
:10FA44000000F8FF0000F8FF0000F8FF0000F8FFD6
:10FA54000000F8FF0000F8FF0000F8FF0000F8FFC6
:10FA64000000F8FF0000F8FF0000F8FF5050A0FF6E
:10FA7400787878FF787878FFC8C4C8FFD8DCD8FFD6
:10FA8400D8D8D8FFD8DCD8FFD8D8D8FFE0DCD8FF46
:10FA9400D8D8D8FFD8DCD8FFE0D8E0FFD8DCD8FF2E
:10FAA400D8DCD8FFD8D8E0FFD8D8D8FF888888FF1A
:10FAB400787878FF787878FF0004F8FF0000F8FF82
:10FAC4000000F8FF0000F8FF5050A8FF787878FF96
:10FAD400787878FFC8C4C0FFD8D8D8FFD8D8E0FF5A
:10FAE400D8D8D8FFD8D8D8FFD8D8E0FFD8DCD8FFEA
:10FAF400D8D8D8FFD8D8E0FFE0D8D8FFD8DCD8FFD2
:10FB0400D8D8D8FFE0D8D8FFD8DCD8FFD8D8D8FFC9
:10FB1400D8D8D8FFD8DCD8FFA8A8A8FF787878FF71
:10FB2400787878FF7878785D0000000000000000A5
:10FB340000000000000000000000000000000000C1
:10FB440000000000000000000000000000000000B1
:10FB540000000000000000000000000000000000A1
:10FB640000000000000000007878785D787878FF65
:10FB7400787878FFA8A8A8FFD8D8D8FFD8D8D8FF15
:10FB8400D8DCD8FFD8D8D8FFD8D8D8FFD8D8D8FF51
:10FB9400B8BCB8FF787878FF787878FF4844B0FF2D
:10FBA4000000F8FF0000F8FF0000F8FF0000F8FF75
:10FBB4000000F8FF0000F8FF0000F8FF0000F8FF65
:10FBC4000000F8FF0000F8FF0000F8FF0000F8FF55
:10FBD4000000F8FF0000F8FF0000F8FF0000F8FF45
:10FBE4000000F8FF0000F8FF0000F8FF0000F8FF35
:10FBF4000000F8FF0000F8FF0000F8FF0000F8FF25
:10FC0400707480FF787878FF808080FFD8D8D8FF20
:10FC1400D8D8D8FFD8DCE0FFD8DCD8FFD8D8D8FFB4
:10FC2400D8D8D8FFD8DCD8FFD8D8E0FFD8D8D8FFA8
:10FC3400D8DCD8FFD8DCD8FFD8D8D8FFD0CCD0FFB8
:10FC4400787878FF787878FF585898FF0000F8FFA4
:10FC54000000F8FF0000F8FF0000F8FF707080FF5C
:10FC6400787878FF807C80FFD8D8D8FFD8DCD8FF9C
:10FC7400D8D8E0FFD8D8D8FFD8DCD8FFD8D8D8FF58
:10FC8400D8D8D8FFE0D8D8FFD8D8D8FFD8DCD8FF48
:10FC9400D8D8D8FFD8D8D8FFD0D0D0FF787878FF7C
:10FCA400787878FF605C98FF0000F8FF0000F8FFA8
:10FCB4000000F8FF0000F8FF0000F8FF0000F8FF64
:10FCC4000000F8FF0000F8FF0000F8FF0000F8FF54
:10FCD4000000F8FF0000F8FF0000F8FF0000F8FF44
:10FCE4000000F8FF0000F8FF0000F8FF0000F8FF34
:10FCF4000000F8FF0000F8FF0000F8FF0000F8FF24
:10FD04000000F8FF0000F8FF585C98FF787878FF4F
:10FD1400787878FFD0D0D0FFD8D8D8FFD8D8D8FFFB
:10FD2400787878FF787878FF686888FF0000F8FFB3
:10FD34000000F8FF0000F8FF0000F8FF0000F8FFE3
:10FD44000000F8FF0000F8FF0000F8FF0000F8FFD3
:10FD54000000F8FF0000F8FF0000F8FF0000F8FFC3
:10FD64000000F8FF0000F8FF0000F8FF0000F8FFB3
:10FD74000000F8FF0000F8FF0000F8FF0000F8FFA3
:10FD84000000F8FF0000F8FF0000F8FF5054A0FF47
:10FD9400787878FF787878FFC8C4C8FFD8D8D8FFB7
:10FDA400D8D8D8FFD8D8D8FFD8DCD8FFD8D8D8FF2F
:10FDB400D8D8D8FFD8D8D8FFD8D8D8FFD8D8D8FF23
:10FDC400D8D8D8FFE0D8D8FFD8DCD8FF888888FFF7
:10FDD400787878FF787878FF0804F8FF0000F8FF57
:10FDE4000000F8FF0000F8FF5050A8FF787878FF73
:10FDF400787878FFC0C4C0FFD8D8D8FFD8D8D8FF47
:10FE0400E0DCD8FFD8D8D8FFD8D8D8FFE0D8D8FFBE
:10FE1400D8D8D8FFD8DCD8FFD8D8D8FFD8D8D8FFBE
:10FE2400D8D8D8FFD8D8D8FFD8DCE0FFD8D8D8FFA6
:10FE3400E0D8D8FFD8D8D8FFA8A8A8FF787878FF4A
:10FE4400787878FF7878785D000000000000000082
:10FE5400000000000000000000000000000000009E
:10FE6400000000000000000000000000000000008E
:10FE7400000000000000000000000000000000007E
:10FE840000000000000000007878785D787878FF42
:10FE9400787878FFA0A0A0FFC8C8C8FFC8C8C8FF6A
:10FEA400C8C8C8FFC8C8C8FFC8C8C8FFC8C8C8FFF2
:10FEB400B0B0B0FF787878FF787878FF4848B0FF22
:10FEC4000000F8FF0000F8FF0000F8FF0000F8FF52
:10FED4000000F8FF0000F8FF0000F8FF0000F8FF42
:10FEE4000000F8FF0000F8FF0000F8FF0000F8FF32
:10FEF4000000F8FF0000F8FF0000F8FF0000F8FF22
:10FF04000000F8FF0000F8FF0000F8FF0000F8FF11
:10FF14000000F8FF0000F8FF0000F8FF0000F8FF01
:10FF2400787480FF787878FF808080FFC8C8C8FF25
:10FF3400C8C8C8FFC8C8C8FFC8C8C8FFC8C8C8FF61
:10FF4400C8C8C8FFC8C8C8FFC8C8C8FFC8C8C8FF51
:10FF5400C8C8C8FFC8C8C8FFC8C8C8FFC0C0C0FF59
:10FF6400787878FF787878FF585C98FF0000F8FF7D
:10FF74000000F8FF0000F8FF0000F8FF707080FF39
:10FF8400787878FF807C80FFC8C8C8FFC8C8C8FFDD
:10FF9400C8C8C8FFC8C8C8FFC8C8C8FFC8C8C8FF01
:10FFA400C8C8C8FFC8C8C8FFC8C8C8FFC8C8C8FFF1
:10FFB400C8C8C8FFC8C8C8FFC0C0C0FF787878FFE9
:10FFC400787878FF585C98FF0000F8FF0000F8FF8D
:10FFD4000000F8FF0000F8FF2828D0FF282CD0FFED
:10FFE400282CD0FF282CD0FF282CD0FF302CD0FF79
:0CFFF400282CD0FF282CD0FF302CD0FF90
:020000040803EF
:10000000282CD0FF282CD0FF302CD0FF282CD0FF5C
:10001000282CD0FF302CD0FF2828D0FF0000F8FF7C
:100020000000F8FF0000F8FF0000F8FF605C98FF98
:10003000787878FF787878FFC0C0C0FFC8C8C8FF5C
:10004000C8C8C8FF787878FF787878FF686888FF34
:100050000000F8FF0000F8FF0000F8FF0000F8FFC4
:100060002824D8FF282CD0FF302CD0FF282CD0FFFC
:10007000282CD0FF302CD0FF282CD0FF282CD0FFEC
:100080002824D8FF0000F8FF0000F8FF0000F8FF68
:100090000000F8FF2828D0FF282CD0FF282CD0FF04
:1000A000302CD0FF282CD0FF282CD0FF302CD0FFB4
:1000B000606098FF787878FF787878FFB8B8B8FFF4
:1000C000C8C8C8FFC8C8C8FFC8C8C8FFC8C8C8FFD4
:1000D000C8C8C8FFC8C8C8FFC8C8C8FFC8C8C8FFC4
:1000E000C8C8C8FFC8C8C8FFC8C8C8FFC8C8C8FFB4
:1000F000888488FF787878FF787878FF0000F8FFA8
:100100000000F8FF0000F8FF0000F8FF504CA8FFC7
:10011000787878FF787878FFB8B4B8FFC8C8C8FF97
:10012000C8C8C8FFC8C8C8FFC8C8C8FFC8C8C8FF73
:10013000C8C8C8FFC8C8C8FFC8C8C8FFC8C8C8FF63
:10014000C8C8C8FFC8C8C8FFC8C8C8FFC8C8C8FF53
:10015000C8C8C8FFC8C8C8FFC8C8C8FFA0A0A0FFBB
:10016000787878FF787878FF7878785D00000000FC
:10017000000000000000000000000000000000007F
:10018000000000000000000000000000000000006F
:10019000000000000000000000000000000000005F
:1001A0000000000000000000000000007878785D8A
:1001B000787878FF787878FF909090FFA8ACA8FFC7
:1001C000B0ACB0FFB0ACB0FFB0ACB0FFB0ACB0FF03
:1001D000A8ACA8FFA09CA0FF787878FF787878FF7B
:1001E0004848B0FF0000F8FF0000F8FF0000F8FFEB
:1001F0000000F8FF0000F8FF0000F8FF0000F8FF23
:100200000000F8FF0000F8FF0000F8FF0000F8FF12
:100210000000F8FF0000F8FF0000F8FF0000F8FF02
:100220000000F8FF0000F8FF0000F8FF0000F8FFF2
:100230000000F8FF0000F8FF0000F8FF0000F8FFE2
:100240000000F8FF707480FF787878FF807C80FF72
:10025000B0ACA8FFA8ACB0FFB0ACB0FFB0ACA8FF8A
:10026000B0ACB0FFB0ACB0FFB0ACA8FFB0ACB0FF6A
:10027000B0ACB0FFB0ACA8FFA8ACB0FFB0ACA8FF6A
:10028000A0A4A0FF787878FF787878FF585898FF76
:100290000000F8FF0000F8FF0000F8FF0000F8FF82
:1002A000707080FF787878FF787C78FFA8ACA8FF22
:1002B000B0ACB0FFB0ACA8FFB0ACB0FFB0ACB0FF1A
:1002C000B0ACB0FFA8ACB0FFB0ACB0FFB0ACB0FF0A
:1002D000A8ACB0FFB0ACB0FFB0ACB0FFA8A4A8FF12
:1002E000787878FF787878FF585C98FF0000F8FFFE
:1002F0000000F8FF0000F8FF0000F8FF707080FFBA
:10030000787878FF787878FF787878FF787878FF51
:10031000787878FF787878FF787878FF787878FF41
:10032000787878FF787878FF787878FF787878FF31
:10033000787878FF787878FF707080FF0000F8FF99
:100340000000F8FF0000F8FF0000F8FF605C98FF75
:10035000787878FF787878FFA8A4A0FFA8ACA8FFE9
:10036000A8ACA8FF787878FF787878FF686890FF65
:100370000000F8FF0000F8FF0000F8FF0000F8FFA1
:10038000606490FF787878FF787878FF787878FFE5
:10039000787878FF787878FF787878FF787878FFC1
:1003A000606490FF0000F8FF0000F8FF0000F8FF15
:1003B0000000F8FF686888FF787878FF787878FF21
:1003C000787878FF787878FF787878FF787878FF91
:1003D000787878FF787878FF787878FFA0A0A0FF09
:1003E000A8ACA8FFB0ACB0FFB0ACB0FFA8ACB0FFF9
:1003F000B0ACB0FFB0ACB0FFB0ACB0FFB0ACB0FFD1
:10040000A8ACB0FFB0ACA8FFA8ACB0FFA8ACA8FFE8
:10041000808080FF787878FF787878FF0004F8FF94
:100420000000F8FF0000F8FF0000F8FF5050A8FFA0
:10043000787878FF787878FFA0A0A0FFB0ACB0FF04
:10044000A8ACB0FFB0ACB0FFB0ACB0FFA8ACB0FF90
:10045000B0ACB0FFA8ACB0FFB0ACB0FFB0ACB0FF78
:10046000B0ACB0FFB0ACB0FFB0ACA8FFA8ACB0FF70
:10047000B0ACB0FFA8ACA8FFB0ACB0FF909090FFBC
:10048000787878FF787878FF7878786100000000D5
:10049000000000000000000000000000000000005C
:1004A000000000000000000000000000000000004C
:1004B000000000000000000000000000000000003C
:1004C0000000000000000000000000007878785D67
:1004D000787878FF787878FF909090FFA8ACA8FFA4
:1004E000A8ACA8FFA8ACA8FFA8ACA8FFA8ACA8FF20
:1004F000B0ACB0FF989C98FF787878FF787878FF58
:10050000707478FF707080FF707080FF707080FF73
:10051000707080FF707080FF707080FF707080FF5F
:10052000707080FF707080FF707080FF707080FF4F
:10053000707080FF707080FF707080FF707080FF3F
:10054000707080FF707080FF707080FF707080FF2F
:100550005050A8FF0000F8FF0000F8FF0000F8FF6F
:100560000000F8FF707480FF787878FF807C78FF57
:10057000A8ACA8FFA8ACA8FFA8ACA8FFA8ACA8FF8F
:10058000A8ACB0FFA8ACA8FFA8ACA8FFA8ACA8FF77
:10059000A8ACB0FFA8ACA8FFB0ACA8FFA8ACB0FF57
:1005A000A8A4A8FF787878FF787878FF585898FF43
:1005B0000000F8FF0000F8FF0000F8FF0000F8FF5F
:1005C000707080FF787878FF787C80FFA8ACA8FFF7
:1005D000A8ACA8FFA8ACB0FFA8ACA8FFA8ACA8FF27
:1005E000A8ACA8FFA8ACA8FFB0ACA8FFA8ACA8FF17
:1005F000A8ACA8FFA8ACA8FFA8ACA8FFA8A4A8FF17
:10060000787878FF787878FF605C98FF0000F8FFD2
:100610000000F8FF0000F8FF0000F8FF706C80FF9A
:10062000787878FF787878FF787878FF787878FF2E
:10063000787878FF787878FF787878FF787878FF1E
:10064000787878FF787878FF787878FF787878FF0E
:10065000787878FF787878FF706C88FF0000F8FF72
:100660000000F8FF0000F8FF0000F8FF585C98FF5A
:10067000787878FF787878FFA8A4A8FFA8ACA8FFBE
:10068000A8A8A8FF787878FF787878FF686888FF4E
:100690000000F8FF0000F8FF0000F8FF0000F8FF7E
:1006A000606490FF787878FF787878FF787878FFC2
:1006B000787878FF787878FF787878FF787878FF9E
:1006C000606090FF0000F8FF0000F8FF0000F8FFF6
:1006D0000000F8FF686888FF787878FF787878FFFE
:1006E000787878FF787878FF787878FF787878FF6E
:1006F000787878FF787878FF787878FFA0A0A0FFE6
:10070000A8ACA8FFA8ACA8FFA8ACA8FFA8ACA8FFFD
:10071000A8ACA8FFA8ACA8FFA8ACA8FFA8ACA8FFED
:10072000B0ACA8FFA8ACB0FFB0ACA8FFA8ACA8FFC5
:10073000808080FF787878FF787878FF0804F8FF69
:100740000000F8FF0000F8FF0000F8FF5050A8FF7D
:10075000787878FF787878FFA0A0A0FFA8ACA8FFF1
:10076000A8ACA8FFA8ACA8FFA8ACA8FFB0ACA8FF95
:10077000A8ACA8FFA8ACA8FFA8ACA8FFA8ACA8FF8D
:10078000A8ACA8FFA8ACA8FFA8ACA8FFB0ACB0FF6D
:10079000A8ACA8FFA8ACA8FFB0ACB0FF909090FFA9
:1007A000787878FF787878FF7878785D00000000B6
:1007B0000000000000000000000000000000000039
:1007C0000000000000000000000000000000000029
:1007D0000000000000000000000000000000000019
:1007E0000000000000000000000000007878785D44
:1007F000787878FF787878FF909090FFB0ACB0FF71
:10080000A8A8A8FFB0ACB0FFA8ACA8FFA8A8A8FFF4
:10081000B0ACB0FFA09CA0FF787878FF787878FF24
:10082000787878FF787878FF787878FF787878FF2C
:10083000787878FF787878FF787878FF787878FF1C
:10084000787878FF787878FF787878FF787878FF0C
:10085000787878FF787878FF787878FF787878FFFC
:10086000787878FF787878FF787878FF787878FFEC
:100870005858A0FF0000F8FF0000F8FF0000F8FF44
:100880000000F8FF707480FF787878FF807C80FF2C
:10089000A8ACA8FFA8A8B0FFB0A8A8FFA8ACB0FF5C
:1008A000A8A8A8FFB0ACA8FFA8A8B0FFA8ACA8FF54
:1008B000B0A8A8FFA8A8B0FFA8ACA8FFA8A8A8FF48
:1008C000A8A4A8FF787878FF787878FF585C98FF1C
:1008D0000000F8FF0000F8FF0000F8FF0000F8FF3C
:1008E000707080FF787878FF807C80FFB0ACA8FFC4
:1008F000A8A8A8FFA8ACB0FFB0ACA8FFA8A8A8FF04
:10090000A8ACB0FFB0ACA8FFA8A8A8FFA8ACB0FFE7
:10091000B0ACA8FFA8ACA8FFA8ACA8FFA8A4A8FFEB
:10092000787878FF787878FF585C98FF0000F8FFB7
:100930000000F8FF0000F8FF0000F8FF707088FF6B
:10094000787878FF787878FF909090FF909090FF7B
:10095000909490FF909090FF909090FF909490FFD3
:10096000909090FF909090FF909090FF909090FFCB
:10097000787878FF787878FF707080FF0000F8FF53
:100980000000F8FF0000F8FF0000F8FF585C98FF37
:10099000787878FF787878FFA8A4A8FFA8ACA8FF9B
:1009A000A8ACA8FF787878FF787878FF686888FF27
:1009B0000000F8FF0000F8FF0000F8FF0000F8FF5B
:1009C000606090FF787878FF787878FF909090FF5B
:1009D000909090FF909090FF909090FF808480FF87
:1009E000706C88FF403CB8FF1010F0FF0000F8FF6B
:1009F0000000F8FF3834C8FF5858A0FF787878FF17
:100A0000787878FF888888FF909090FF909090FF8A
:100A1000909090FF909090FF909490FFA8A8A8FFCE
:100A2000B0ACA8FFA8ACB0FFB0ACA8FFB0A8A8FFBE
:100A3000A8ACB0FFB0ACA8FFA8A8A8FFA8ACB0FFB6
:100A4000B0ACA8FFA8A8A8FFA8ACB0FFB0ACB0FF9E
:100A5000808080FF787878FF787878FF0004F8FF4E
:100A60000000F8FF0000F8FF0000F8FF5050A8FF5A
:100A7000787878FF787878FFA0A0A0FFA8ACA8FFCE
:100A8000B0A8A8FFA8ACA8FFA8ACB0FFB0A8A8FF6A
:100A9000A8ACA8FFB0ACB0FFA8A8A8FFA8ACA8FF5E
:100AA000B0ACB0FFA8A8A8FFA8ACA8FFB0ACB0FF3E
:100AB000A8A8A8FFA8ACA8FFA8ACA8FF909090FF9A
:100AC000787878FF787878FF7878785D0000000093
:100AD0000000000000000000000000000000000016
:100AE0000000000000000000000000000000000006
:100AF00000000000000000000000000000000000F6
:100B0000000000000000000000000000787878611C
:100B1000787878FF787878FF909090FFA8ACA8FF5D
:100B2000B0ACB0FFB0A8B0FFA8ACA8FFA8ACA8FFBD
:100B3000A8ACA8FFA09CA0FF787C78FF807C80FFF9
:100B4000807C80FF787C78FF787C80FF807C80FFD1
:100B5000787C78FF787C80FF807C80FF787C78FFD1
:100B6000787C80FF787C80FF787C78FF787C80FFC1
:100B7000787C80FF787C78FF787C80FF787C80FFB1
:100B8000787C80FF787C78FF787878FF787878FFB9
:100B90005858A0FF0000F8FF0000F8FF0000F8FF21
:100BA0000000F8FF707480FF787878FF807C78FF11
:100BB000A8ACB0FFB0ACA8FFB0ACB0FFA8ACA8FF29
:100BC000B0ACA8FFB0ACB0FFA8ACB0FFB0ACA8FF11
:100BD000B0ACA8FFA8ACB0FFA8ACA8FFB0ACA8FF11
:100BE000A0A4A8FF787878FF787878FF585898FF05
:100BF0000000F8FF0000F8FF0000F8FF0000F8FF19
:100C0000707080FF787878FF787C80FFB0ACA8FFA8
:100C1000A8A8A8FFB0ACB0FFB0ACA8FFA8A8B0FFD0
:100C2000B0ACB0FFB0ACA8FFA8A8B0FFA8ACB0FFB4
:100C3000B0ACA8FFB0A8B0FFA8ACA8FFA8A4A8FFBC
:100C4000787878FF787878FF605C98FF0000F8FF8C
:100C50000000F8FF0000F8FF0000F8FF707080FF50
:100C6000787878FF787878FFB0ACA8FFB0ACA8FFB0
:100C7000A8ACA8FFB0ACA8FFB0ACA8FFB0ACA8FF70
:100C8000A8ACA8FFB0ACA8FFB0ACA8FFA8ACA8FF68
:100C9000787C78FF787878FF706C88FF0000F8FF28
:100CA0000000F8FF0000F8FF0000F8FF605C98FF0C
:100CB000787878FF787878FFA8A4A8FFA8ACA8FF78
:100CC000A8A8A8FF787878FF787878FF686890FF00
:100CD0000000F8FF0000F8FF0000F8FF0000F8FF38
:100CE000606490FF787878FF787878FFA8A8A8FFEC
:100CF000B0ACA8FFB0ACA8FFA8ACA8FF908C88FF50
:100D0000787878FF787878FF2020E0FF0000F8FFFF
:100D10000000F8FF0000F8FF3034C0FF787878FF5B
:100D2000787878FF989490FFA8ACA8FFA8ACA8FFAB
:100D3000B0ACA8FFA8ACA8FFA8ACA8FFB0ACB0FFAF
:100D4000A8A8A8FFA8ACB0FFB0ACA8FFA8A8B0FFA7
:100D5000A8ACB0FFB0ACA8FFB0A8B0FFA8ACA8FF8B
:100D6000A8ACB0FFB0A8A8FFA8ACA8FFA8ACA8FF8B
:100D7000808080FF787878FF787878FF0000F8FF2F
:100D80000000F8FF0000F8FF0000F8FF5050A8FF37
:100D9000787878FF787878FFA0A0A0FFA8ACB0FFA3
:100DA000B0ACA8FFB0A8B0FFA8ACB0FFA8ACA8FF3B
:100DB000B0ACB0FFA8ACA8FFB0A8B0FFB0ACB0FF1B
:100DC000A8ACA8FFB0A8B0FFA8ACA8FFA8ACA8FF2B
:100DD000B0A8B0FFB0ACB0FFA8ACA8FF909090FF57
:100DE000787878FF787878FF7878785D0000000070
:100DF00000000000000000000000000000000000F3
:100E000000000000000000000000000000000000E2
:100E100000000000000000000000000000000000D2
:100E20000000000000000000000000007878785DFD
:100E3000787878FF787878FF909090FFA8ACA8FF3A
:100E4000A8ACA8FFA8ACA8FFB0A8B0FFA8ACA8FFAA
:100E5000A8ACA8FFA8ACA8FFA8ACA8FFA8ACA8FFA6
:100E6000A8ACA8FFA8ACA8FFB0ACA8FFA8ACA8FF8E
:100E7000A8ACA8FFB0ACA8FFA8ACA8FFA8ACA8FF7E
:100E8000B0ACA8FFB0ACA8FFA8ACA8FFB0ACA8FF5E
:100E9000B0ACA8FFA8ACA8FFB0ACA8FFB0ACA8FF4E
:100EA000A8ACA8FFA0A4A8FF787878FF787878FF8E
:100EB0005858A0FF0000F8FF0000F8FF0000F8FFFE
:100EC0000000F8FF707480FF787878FF807C78FFEE
:100ED000A8ACA8FFA8ACB0FFA8A8A8FFA8ACA8FF22
:100EE000A8ACB0FFA8A8A8FFA8ACA8FFA8ACB0FF0A
:100EF000A8A8A8FFB0ACA8FFB0ACB0FFA8ACA8FFF2
:100F0000A8A4A8FF787878FF787878FF585C98FFD5
:100F10000000F8FF0000F8FF0000F8FF0000F8FFF5
:100F2000707080FF787878FF787C78FFA8ACB0FF8D
:100F3000A8ACA8FFA8ACA8FFA8ACA8FFA8ACA8FFC5
:100F4000A8ACA8FFA8ACA8FFB0ACA8FFA8ACA8FFAD
:100F5000A8A8B0FFA8ACA8FFA8ACA8FFA8A4A8FFA9
:100F6000787878FF787878FF585C98FF0000F8FF71
:100F70000000F8FF0000F8FF0000F8FF706C88FF29
:100F8000787878FF787C78FFA8ACB0FFA8ACB0FF89
:100F9000B0ACB0FFA8ACB0FFA8ACA8FFA8ACB0FF45
:100FA000B0ACB0FFA8ACA8FFA8ACB0FFB0ACB0FF2D
:100FB000787878FF787878FF707088FF0000F8FF05
:100FC0000000F8FF0000F8FF0000F8FF585C98FFF1
:100FD000787878FF787878FFA8A4A8FFA8ACA8FF55
:100FE000A8ACB0FF787878FF787878FF686888FFD9
:100FF0000000F8FF0000F8FF0000F8FF0000F8FF15
:10100000686090FF787878FF787878FFA8A8A8FFC4
:10101000A8ACA8FFA8ACB0FFA8ACB0FF888C88FF34
:10102000787878FF787878FF201CE0FF0000F8FFE0
:101030000000F8FF0000F8FF3034C8FF787878FF30
:10104000787878FF909490FFA8ACA8FFB0ACB0FF80
:10105000B0ACB0FFA8ACA8FFA8A8B0FFB0ACA8FF88
:10106000A8ACA8FFA8ACA8FFB0ACA8FFA8ACA8FF8C
:10107000A8ACA8FFA8ACA8FFB0ACA8FFA8ACB0FF74
:10108000A8ACA8FFB0ACB0FFB0A8A8FFA8ACA8FF60
:10109000808080FF787878FF787878FF0804F8FF00
:1010A0000000F8FF0000F8FF0000F8FF504CA8FF18
:1010B000787878FF787878FFA0A0A0FFA8ACA8FF88
:1010C000A8ACA8FFB0ACA8FFA8A8A8FFA8ACA8FF30
:1010D000B0ACA8FFA8A8A8FFA8ACA8FFA8ACA8FF20
:1010E000A8ACA8FFB0ACB0FFA8ACA8FFA8ACA8FF04
:1010F000B0ACB0FFA8ACA8FFB0ACB0FF909090FF30
:10110000787878FF787878FF7878785D000000004C
:1011100000000000000000000000000000000000CF
:1011200000000000000000000000000000000000BF
:1011300000000000000000000000000000000000AF
:101140000000000000000000000000007878785DDA
:10115000787878FF787878FF909090FFB0ACB0FF07
:10116000A8ACA8FFA8ACA8FFB0ACB0FFB0A8B0FF77
:10117000B0ACB0FFA8ACB0FFB0A8A8FFB0ACB0FF57
:10118000A8ACB0FFB0A8A8FFA8ACB0FFA8ACB0FF57
:10119000B0ACA8FFA8ACB0FFA8ACB0FFB0ACA8FF43
:1011A000A8ACB0FFA8ACB0FFB0ACA8FFA8ACB0FF33
:1011B000A8ACB0FFB0ACA8FFA8ACB0FFA8ACA8FF2B
:1011C000B0ACA8FFA8A4A8FF787878FF787878FF5B
:1011D000585898FF0000F8FF0000F8FF0000F8FFE3
:1011E0000000F8FF707480FF787878FF807C80FFC3
:1011F000A8A8A8FFA8ACA8FFB0ACB0FFB0A8A8FFF3
:10120000A8ACA8FFB0ACB0FFB0A8A8FFA8ACA8FFDE
:10121000A8ACB0FFA8A8A8FFA8ACA8FFA8A8B0FFDA
:10122000A8A4A0FF787878FF787878FF605898FFB6
:101230000000F8FF0000F8FF0000F8FF0000F8FFD2
:10124000707080FF787878FF807C80FFB0A8A8FF5E
:10125000A8ACB0FFB0A8B0FFB0ACA8FFA8ACB0FF7E
:10126000B0A8B0FFA8ACA8FFA8ACA8FFB0A8B0FF7A
:10127000B0ACA8FFA8ACA8FFA8ACB0FFA8A4A8FF7A
:10128000787878FF787878FF585C98FF0000F8FF4E
:101290000000F8FF0000F8FF0000F8FF707080FF0A
:1012A000787878FF787878FFA8ACA8FFB0ACA8FF72
:1012B000A8A8A8FFA8A8A8FFA8ACB0FFB0A8A8FF3E
:1012C000A8A8A8FFA8ACB0FFA8ACA8FFB0A8A8FF2A
:1012D000787878FF787878FF707080FF0000F8FFEA
:1012E0000000F8FF0000F8FF0000F8FF585C98FFCE
:1012F000787878FF787878FFA8A4A0FFA8ACA8FF3A
:10130000B0A8A8FF787878FF787878FF686888FFB9
:101310000000F8FF0000F8FF0000F8FF0000F8FFF1
:10132000606490FF787878FF787878FFA8A8A8FFA5
:10133000B0ACA8FFA8A8B0FFB0ACA8FFA09CA0FFCD
:10134000909090FF787878FF5858A0FF3034C0FF15
:101350000000F8FF0000F8FF1014E8FF302CD0FF69
:10136000787878FF808080FF908C90FFA8ACA8FFF1
:10137000A8ACA8FFB0A8B0FFA8ACA8FFB0ACB0FF65
:10138000A8A8B0FFA8ACA8FFB0A8B0FFB0ACB0FF51
:10139000A8A8A8FFA8ACB0FFB0ACA8FFA8A8A8FF59
:1013A000A8ACB0FFA8ACA8FFB0ACB0FFA8A8B0FF35
:1013B000808080FF787878FF787878FF0004F8FFE5
:1013C0000000F8FF0000F8FF0000F8FF5050A8FFF1
:1013D000787878FF787878FFA0A0A0FFA8A8A8FF69
:1013E000B0ACB0FFA8ACB0FFA8ACA8FFB0A8B0FFED
:1013F000A8ACB0FFA8ACA8FFB0ACB0FFA8A8A8FFED
:10140000B0ACB0FFA8ACA8FFB0A8B0FFA8ACA8FFD4
:10141000A8A8A8FFA8ACA8FFB0ACB0FF909090FF20
:10142000787878FF787878FF7878785D0000000029
:1014300000000000000000000000000000000000AC
:10144000000000000000000000000000000000009C
:10145000000000000000000000000000000000008C
:101460000000000000000000000000007878785DB7
:10147000787878FF787878FF909090FFB0ACB0FFE4
:10148000B0A8B0FFA8ACA8FFA8ACA8FFA8ACA8FF64
:10149000A8A8A8FFB0ACA8FFA8ACB0FFA8A8A8FF58
:1014A000B0ACA8FFA8ACB0FFA8A8A8FFB0ACA8FF3C
:1014B000A8A8B0FFA8A8A8FFB0ACA8FFA8A8B0FF34
:1014C000A8ACA8FFA8A8A8FFB0ACA8FFA8A8B0FF28
:1014D000A8ACA8FFB0ACA8FFA8A8B0FFA8ACB0FF0C
:1014E000A8ACA8FFA0A0A0FF787878FF787878FF54
:1014F0005858A0FF0000F8FF0000F8FF0000F8FFB8
:101500000000F8FF787480FF787878FF807C78FF9F
:10151000A8ACA8FFA8ACB0FFB0ACA8FFA8ACB0FFC7
:10152000A8ACA8FFB0ACB0FFA8A8A8FFB0ACA8FFBB
:10153000B0ACB0FFA8ACB0FFB0ACA8FFA8ACA8FF9F
:10154000A8A4A8FF787878FF787878FF585898FF93
:101550000000F8FF0000F8FF0000F8FF0000F8FFAF
:10156000707080FF787878FF787C78FFA8ACA8FF4F
:10157000B0A8A8FFA8ACB0FFA8ACA8FFB0A8A8FF6F
:10158000A8ACB0FFB0ACA8FFA8A8B0FFA8ACB0FF53
:10159000B0ACA8FFA8ACA8FFB0ACA8FFA8A4A8FF57
:1015A000787878FF787878FF605C98FF0000F8FF23
:1015B0000000F8FF0000F8FF0000F8FF706C80FFEB
:1015C000787878FF787878FFB0ACB0FFA8ACA8FF47
:1015D000B0ACA8FFA8ACB0FFB0ACA8FFA8ACA8FF07
:1015E000B0ACB0FFA8ACA8FFB0ACA8FFA8ACB0FFEF
:1015F000787878FF787878FF706C88FF0000F8FFC3
:101600000000F8FF0000F8FF0000F8FF605C98FFA2
:10161000787878FF787878FFA8A4A8FFA8ACA8FF0E
:10162000A8ACA8FF787878FF787878FF686890FF92
:101630000000F8FF0000F8FF0000F8FF0000F8FFCE
:10164000606090FF787878FF787878FFA8A8A8FF86
:10165000A8ACA8FFB0ACA8FFA8ACB0FFA8ACA8FF8E
:10166000A0A0A0FF787878FF787878FF5054A0FF8A
:101670000000F8FF0000F8FF0000F8FF0000F8FF8E
:10168000787878FF787878FF807C80FFA8ACA8FF16
:10169000A8ACA8FFB0ACA8FFA8ACA8FFA8ACA8FF56
:1016A000B0ACB0FFA8A8A8FFA8ACA8FFB0ACB0FF32
:1016B000A8A8A8FFA8ACB0FFB0ACA8FFB0A8A8FF2E
:1016C000A8ACB0FFA8ACA8FFB0ACA8FFA8ACA8FF1E
:1016D000808080FF787878FF787878FF0800F8FFBE
:1016E0000000F8FF0000F8FF0000F8FF5050A8FFCE
:1016F000787878FF787878FFA0A0A0FFA8ACA8FF42
:10170000B0A8A8FFA8ACB0FFA8ACA8FFB0ACA8FFD9
:10171000A8ACB0FFB0ACA8FFA8A8B0FFB0ACA8FFC1
:10172000A8ACA8FFA8A8B0FFB0ACA8FFB0ACB0FFB1
:10173000A8A8A8FFA8ACA8FFA8ACB0FF909090FF05
:10174000787878FF787878FF7878785D0000000006
:101750000000000000000000000000000000000089
:101760000000000000000000000000000000000079
:101770000000000000000000000000000000000069
:101780000000000000000000000000007878785D94
:10179000787878FF787878FF909090FFA8ACA8FFD1
:1017A000A8ACA8FFB0A8B0FFA8ACA8FFA8ACA8FF41
:1017B000B0ACB0FFA8ACA8FFA8ACA8FFA8ACA8FF2D
:1017C000B0ACA8FFA8ACB0FFB0ACA8FFA8ACA8FF15
:1017D000B0ACB0FFA8ACA8FFB0ACA8FFB0ACA8FFFD
:1017E000A8A8B0FFB0ACA8FFA8ACA8FFA8ACB0FFF9
:1017F000B0A8A8FFA8ACA8FFB0ACA8FFB0A8B0FFE5
:10180000A8ACA8FFA0A4A0FF787878FF787878FF2C
:101810005858A0FF0000F8FF0000F8FF0000F8FF94
:101820000000F8FF707480FF787878FF807C78FF84
:10183000A8A8B0FFA8ACA8FFB0A8A8FFA8ACB0FFAC
:10184000A8ACA8FFA8A8A8FFA8ACB0FFA8ACA8FFA8
:10185000B0A8A8FFA8ACB0FFA8ACA8FFB0A8A8FF8C
:10186000A0A4A8FF787878FF787878FF585C98FF74
:101870000000F8FF0000F8FF0000F8FF0000F8FF8C
:10188000707080FF787878FF787C80FFB0ACA8FF1C
:10189000A8ACA8FFA8ACB0FFA8ACA8FFB0A8A8FF50
:1018A000A8ACA8FFA8ACA8FFB0ACA8FFA8ACB0FF3C
:1018B000A8A8A8FFA8ACB0FFA8ACA8FFA8A4A8FF40
:1018C000787878FF787878FF585C98FF0000F8FF08
:1018D0000000F8FF0000F8FF0000F8FF707088FFBC
:1018E000787878FF787878FFA8ACB0FFA8ACB0FF24
:1018F000B0ACA8FFA8A8B0FFA8ACA8FFB0ACA8FFE8
:10190000A8A8B0FFA8ACA8FFB0ACB0FFA8ACA8FFD7
:10191000787878FF787878FF707088FF0000F8FF9B
:101920000000F8FF0000F8FF0000F8FF585C98FF87
:10193000787878FF787878FFA8A4A8FFA8ACA8FFEB
:10194000A8A8B0FF787878FF787878FF686888FF73
:101950000000F8FF0000F8FF0000F8FF0000F8FFAB
:10196000606490FF787878FF787878FFA8A8A8FF5F
:10197000A8ACB0FFB0A8A8FFA8ACA8FFB0ACB0FF5F
:10198000A0A0A0FF787878FF787878FF5054A0FF67
:101990000000F8FF0000F8FF0000F8FF0000F8FF6B
:1019A000787878FF787878FF807C80FFA8ACB0FFEB
:1019B000B0ACB0FFA8A8B0FFA8ACA8FFB0ACA8FF1F
:1019C000A8ACB0FFA8ACA8FFB0ACA8FFA8ACA8FF1B
:1019D000A8ACA8FFB0ACB0FFA8ACA8FFA8ACA8FF0B
:1019E000B0A8B0FFA8ACA8FFA8A8A8FFB0ACB0FFF3
:1019F000808080FF787878FF787878FF0004F8FF9F
:101A00000000F8FF0000F8FF0000F8FF5050A8FFAA
:101A1000787878FF787878FFA0A0A0FFA8ACA8FF1E
:101A2000B0ACA8FFA8A8B0FFB0ACA8FFA8ACA8FFB6
:101A3000A8A8A8FFB0ACB0FFA8ACA8FFA8ACA8FFAE
:101A4000B0ACB0FFA8ACA8FFA8ACA8FFA8ACB0FF92
:101A5000B0ACB0FFB0A8A8FFA8ACA8FF909090FFD2
:101A6000787878FF787878FF7878785D00000000E3
:101A70000000000000000000000000000000000066
:101A80000000000000000000000000000000000056
:101A90000000000000000000000000000000000046
:101AA0000000000000000000000000007878785D71
:101AB000787878FF787878FF909090FFA8ACA8FFAE
:101AC000B0ACB0FFA8ACA8FFB0A8B0FFB0ACB0FFFE
:101AD000A8A8A8FFB0ACB0FFA8A8B0FFB0ACA8FF02
:101AE000A8A8B0FFA8ACA8FFB0ACA8FFA8A8B0FFFA
:101AF000A8ACA8FFB0ACB0FFA8A8A8FFA8ACB0FFE6
:101B0000B0ACA8FFA8ACB0FFA8ACA8FFB0ACA8FFD1
:101B1000A8ACB0FFA8ACA8FFA8ACA8FFB0A8B0FFC5
:101B2000B0ACA8FFA0A4A8FF787878FF787878FFF9
:101B30005858A0FF0000F8FF0000F8FF0000F8FF71
:101B40000000F8FF707080FF787878FF807C78FF65
:101B5000A8ACB0FFA8ACA8FFB0A8A8FFB0ACB0FF7D
:101B6000A8ACA8FFB0ACA8FFB0ACB0FFA8ACA8FF71
:101B7000A8A8A8FFB0ACB0FFA8ACA8FFA8ACA8FF6D
:101B8000A8A4A8FF787878FF787878FF585898FF4D
:101B90000000F8FF0000F8FF0000F8FF0000F8FF69
:101BA000707080FF787878FF807880FFA8ACB0FFF5
:101BB000B0ACA8FFA8A8A8FFB0ACB0FFA8ACB0FF1D
:101BC000A8ACB0FFB0A8A8FFA8ACA8FFB0ACA8FF15
:101BD000B0A8B0FFA8ACA8FFA8ACA8FFA8A4A8FF15
:101BE000787878FF787878FF585C98FF0000F8FFE5
:101BF0000000F8FF0000F8FF0000F8FF707080FFA1
:101C0000787878FF787878FFA8ACA8FFB0ACA8FF08
:101C1000A8A8B0FFA8ACA8FFB0ACA8FFA8A8B0FFC8
:101C2000A8ACA8FFB0ACA8FFA8A8B0FFB0ACA8FFB4
:101C3000787C78FF787878FF706C80FF0000F8FF80
:101C40000000F8FF0000F8FF0000F8FF585C98FF64
:101C5000787878FF787878FFA8A4A0FFA8ACA8FFD0
:101C6000A8ACA8FF787878FF787878FF686888FF54
:101C70000000F8FF0000F8FF0000F8FF0000F8FF88
:101C8000686090FF787878FF787878FFA8A8A8FF38
:101C9000B0ACB0FFA8ACA8FFA8A8A8FFB0ACB0FF3C
:101CA000A8A8A8FFA0A0A0FF808480FF707080FF7C
:101CB000605C98FF100CF0FF0000F8FF0000F8FFD8
:101CC000181CE0FF504CA8FF787878FF808480FFD4
:101CD000A09CA0FFB0ACA8FFA8A8B0FFB0A8A8FF28
:101CE000A8ACA8FFB0ACB0FFA8A8B0FFA8ACA8FFF4
:101CF000B0A8B0FFA8ACA8FFA8ACB0FFB0A8A8FFE0
:101D0000A8ACA8FFB0ACB0FFA8ACA8FFA8A8B0FFD3
:101D1000808080FF787878FF787878FF0004F8FF7B
:101D20000000F8FF0000F8FF0000F8FF504CA8FF8B
:101D3000787878FF787878FFA0A0A0FFA8ACA8FFFB
:101D4000A8ACB0FFB0ACA8FFA8A8B0FFA8ACA8FF93
:101D5000B0ACB0FFA8A8A8FFA8ACA8FFB0A8B0FF7F
:101D6000A8ACA8FFB0A8A8FFA8ACA8FFA8ACA8FF83
:101D7000B0ACB0FFA8ACA8FFB0ACA8FF909090FFAB
:101D8000787878FF787878FF7878785D00000000C0
:101D90000000000000000000000000000000000043
:101DA0000000000000000000000000000000000033
:101DB0000000000000000000000000000000000023
:101DC0000000000000000000000000007878785D4E
:101DD000787878FF787878FF909090FFB0ACB0FF7B
:101DE000A8ACA8FFA8ACA8FFA8ACA8FFA8ACA8FF07
:101DF000A8ACA8FFA8A4A8FF989898FF989898FF67
:101E0000989898FF989898FF989898FF989898FFB6
:101E1000989898FF989898FF989898FF989898FFA6
:101E2000989898FF989898FF989898FF989898FF96
:101E3000989898FF989898FF989898FF989898FF86
:101E4000989898FF989498FF787878FF787878FF3A
:101E5000585498FF0000F8FF0000F8FF0000F8FF5A
:101E60000000F8FF707480FF787878FF807C78FF3E
:101E7000A8ACA8FFA8ACB0FFB0ACA8FFA8A8B0FF62
:101E8000A8ACA8FFB0A8B0FFA8ACA8FFA8ACB0FF52
:101E9000B0ACA8FFA8ACA8FFA8A8B0FFB0ACA8FF42
:101EA000A8A4A8FF787878FF787878FF585C98FF26
:101EB0000000F8FF0000F8FF0000F8FF0000F8FF46
:101EC000707080FF787878FF787C78FFA8ACB0FFDE
:101ED000B0A8A8FFA8ACA8FFA8ACA8FFB0ACA8FF0A
:101EE000A8A8B0FFA8ACB0FFA8ACA8FFA8ACB0FFF2
:101EF000B0ACA8FFA8A8A8FFA8ACA8FFA8A4A8FFFA
:101F0000787878FF787878FF605C98FF0000F8FFB9
:101F10000000F8FF0000F8FF0000F8FF706C88FF79
:101F2000787878FF787C78FFB0ACB0FFA8ACA8FFD9
:101F3000A8ACA8FFB0ACB0FFA8ACA8FFB0ACB0FF95
:101F4000A8ACA8FFA8ACA8FFB0A8B0FFA8ACB0FF91
:101F5000787878FF787878FF707088FF0000F8FF55
:101F60000000F8FF0000F8FF0000F8FF605C98FF39
:101F7000787878FF787878FFA8A4A8FFA8ACA8FFA5
:101F8000A8A8A8FF787878FF787878FF686888FF35
:101F90000000F8FF0000F8FF0000F8FF0000F8FF65
:101FA000606490FF787878FF787878FFA8A8A8FF19
:101FB000A8ACA8FFA8ACB0FFB0ACA8FFA8ACA8FF25
:101FC000A8ACB0FFB0ACA8FF888488FF787878FF11
:101FD000787878FF1010F0FF0000F8FF0000F8FF9D
:101FE0000000F8FF4040B8FF787878FF787878FFF5
:101FF000989898FFA8ACA8FFB0ACB0FFA8ACA8FF19
:10200000A8ACA8FFB0A8B0FFA8ACA8FFB0ACA8FFD0
:10201000A8A8B0FFA8ACA8FFB0ACA8FFA8A8B0FFC4
:10202000A8ACA8FFB0ACA8FFB0ACB0FFA8ACA8FFAC
:10203000808080FF787878FF787878FF0804F8FF50
:102040000000F8FF0000F8FF0000F8FF5050A8FF64
:10205000787878FF787878FFA0A0A0FFB0A8A8FFD4
:10206000A8ACB0FFA8ACA8FFB0ACA8FFA8ACB0FF6C
:10207000B0ACA8FFA8ACA8FFA8ACB0FFB0ACA8FF5C
:10208000A8A8B0FFA8ACB0FFB0A8A8FFA8ACA8FF54
:10209000A8A8B0FFA8ACB0FFB0ACA8FF909090FF8C
:1020A000787878FF787878FF787878610000000099
:1020B0000000000000000000000000000000000020
:1020C0000000000000000000000000000000000010
:1020D0000000000000000000000000000000000000
:1020E0000000000000000000000000007878785D2B
:1020F000787878FF787878FF909090FFA8ACA8FF68
:10210000B0A8B0FFA8ACA8FFB0ACB0FFA8A8A8FFCB
:10211000B0ACB0FFA09CA0FF787878FF787878FF0B
:10212000787878FF787878FF787878FF787878FF13
:10213000787878FF787878FF787878FF787878FF03
:10214000787878FF787878FF787878FF787878FFF3
:10215000787878FF787878FF787878FF787878FFE3
:10216000787878FF787878FF787878FF787878FFD3
:102170005858A0FF0000F8FF0000F8FF0000F8FF2B
:102180000000F8FF707480FF787878FF807C80FF13
:10219000A8A8A8FFA8ACA8FFB0ACB0FFA8ACA8FF47
:1021A000A8ACA8FFA8ACA8FFB0A8B0FFA8ACA8FF37
:1021B000B0ACB0FFA8A8A8FFA8ACA8FFA8ACB0FF1F
:1021C000A8A4A0FF787878FF787878FF585898FF0F
:1021D0000000F8FF0000F8FF0000F8FF0000F8FF23
:1021E000707080FF787878FF807C80FFA8ACA8FFB3
:1021F000A8ACB0FFB0A8B0FFA8ACA8FFB0ACA8FFD7
:10220000B0ACA8FFA8ACA8FFB0A8B0FFA8ACA8FFCE
:10221000A8ACB0FFB0ACA8FFA8ACB0FFA8A4A8FFC2
:10222000787878FF787878FF585C98FF0000F8FF9E
:102230000000F8FF0000F8FF0000F8FF707080FF5A
:10224000787878FF787878FFA8ACB0FFB0A8A8FFBE
:10225000A8ACA8FFA8A8B0FFB0ACA8FFA8A8A8FF8A
:10226000B0ACB0FFA8ACA8FFA8ACA8FFB0ACA8FF6A
:10227000787878FF787878FF707088FF0000F8FF32
:102280000000F8FF0000F8FF0000F8FF585C98FF1E
:10229000787878FF787878FFA8A4A8FFA8ACB0FF7A
:1022A000B0ACA8FF787878FF787878FF686890FFFE
:1022B0000000F8FF0000F8FF0000F8FF0000F8FF42
:1022C000606090FF787878FF787878FFA8A8A8FFFA
:1022D000B0ACA8FFA8A8B0FFA8ACA8FFB0ACA8FFFE
:1022E000A8A8B0FFA8ACA8FF888488FF787878FFFA
:1022F000787878FF1010F0FF0000F8FF0000F8FF7A
:102300000000F8FF4044B0FF787878FF787878FFD5
:10231000989C98FFB0ACA8FFA8ACB0FFA8ACA8FFF1
:10232000B0ACA8FFA8ACB0FFA8ACA8FFB0ACA8FFA9
:10233000A8ACB0FFB0ACA8FFA8ACA8FFA8ACB0FF99
:10234000B0A8B0FFA8ACA8FFA8ACA8FFB0A8A8FF91
:10235000808080FF787878FF787878FF0004F8FF35
:102360000000F8FF0000F8FF0000F8FF5050A8FF41
:10237000787878FF787878FFA0A0A0FFA8ACA8FFB5
:10238000B0A8A8FFA8ACB0FFA8A8A8FFB0ACA8FF51
:10239000A8A8B0FFB0ACA8FFA8ACA8FFA8ACB0FF3D
:1023A000B0ACA8FFA8ACA8FFB0ACB0FFB0ACA8FF21
:1023B000A8A8A8FFA8ACB0FFB0ACA8FF909090FF71
:1023C000787878FF787878FF7878785D000000007A
:1023D00000000000000000000000000000000000FD
:1023E00000000000000000000000000000000000ED
:1023F00000000000000000000000000000000000DD
:102400000000000000000000000000007878785D07
:10241000787878FF787878FF909090FFA8ACA8FF44
:10242000B0ACB0FFA8A8A8FFA8ACA8FFB0ACB0FFA4
:10243000A8ACA8FF989C98FF787878FF787878FF08
:10244000787878FF787878FF787878FF787878FFF0
:10245000787878FF787878FF787878FF787878FFE0
:10246000787878FF787878FF787878FF787878FFD0
:10247000787878FF787878FF787878FF787878FFC0
:10248000787878FF787878FF787878FF787878FFB0
:102490005858A0FF0000F8FF0000F8FF0000F8FF08
:1024A0000000F8FF707478FF787878FF807C80FFF8
:1024B000A8ACA8FFA8A8A8FFB0ACB0FFA8ACA8FF24
:1024C000B0A8B0FFA8ACA8FFA8ACA8FFB0A8B0FF08
:1024D000A8ACA8FFB0ACA8FFA8ACB0FFA8ACA8FF00
:1024E000A8A4A8FF787878FF787878FF5858A0FFDC
:1024F0000000F8FF0000F8FF0000F8FF0000F8FF00
:10250000707080FF787878FF807C78FFA8A8A8FF9B
:10251000A8ACA8FFB0ACB0FFA8A8B0FFA8ACA8FFBB
:10252000A8ACB0FFB0A8A8FFB0ACA8FFA8ACB0FFA3
:10253000A8A8A8FFB0ACA8FFA8ACA8FFA8A4A8FFB3
:10254000787878FF787878FF605C98FF0000F8FF73
:102550000000F8FF0000F8FF0000F8FF706C80FF3B
:10256000787878FF787878FFA8ACB0FFB0ACA8FF97
:10257000A8ACB0FFB0ACA8FFA8A8A8FFA8ACB0FF5B
:10258000B0ACB0FFA8A8A8FFA8ACB0FFB0ACA8FF43
:10259000787878FF787878FF706C80FF0000F8FF1B
:1025A0000000F8FF0000F8FF0000F8FF585C98FFFB
:1025B000787878FF787878FFA8A4A0FFA8ACA8FF67
:1025C000A8A8A8FF787878FF787878FF686888FFEF
:1025D0000000F8FF0000F8FF0000F8FF0000F8FF1F
:1025E000606490FF787878FF787878FFA8A8A8FFD3
:1025F000B0ACA8FFA8A8B0FFA8ACA8FFB0ACA8FFDB
:10260000A8ACB0FFA8ACA8FFA8A8A8FF989898FF0E
:10261000787878FF707080FF403CB8FF0000F8FFCA
:102620000000F8FF0804F8FF1818E8FF787878FF32
:10263000807C78FF888888FFA8A8B0FFA8A8A8FF9A
:10264000B0ACA8FFA8A8B0FFA8ACA8FFB0A8A8FF8E
:10265000A8ACB0FFA8A8A8FFB0ACA8FFA8ACB0FF7A
:10266000A8ACA8FFB0ACA8FFA8A8B0FFA8ACB0FF6A
:10267000808080FF787878FF787878FF0000F8FF16
:102680000000F8FF0000F8FF0000F8FF5050A8FF1E
:10269000787878FF787878FFA0A0A0FFA8ACA8FF92
:1026A000B0ACB0FFA8ACA8FFA8ACB0FFB0A8A8FF22
:1026B000A8ACB0FFA8A8A8FFB0ACA8FFA8A8B0FF1E
:1026C000A8ACA8FFA8ACA8FFA8ACB0FFB0ACA8FF0E
:1026D000A8ACA8FFA8A8B0FFB0ACA8FF909090FF4E
:1026E000787878FF787878FF7878785D0000000057
:1026F00000000000000000000000000000000000DA
:1027000000000000000000000000000000000000C9
:1027100000000000000000000000000000000000B9
:1027200000000000000000000000000078787861E0
:10273000787878FF787878FF909090FFB0ACB0FF11
:10274000A8ACA8FFA8ACA8FFB0A8B0FFA8ACA8FF91
:10275000A8ACA8FFA09CA0FF787878FF787878FFD5
:10276000606090FF4040B8FF403CB8FF4040B8FF79
:102770004040B8FF403CB8FF4040B8FF403CB8FF85
:102780004040B8FF403CB8FF403CB8FF4040B8FF75
:10279000403CB8FF403CB8FF4040B8FF403CB8FF69
:1027A000403CB8FF4040B8FF403CB8FF403CB8FF59
:1027B000282CC8FF0000F8FF0000F8FF0000F8FF19
:1027C0000000F8FF707480FF787878FF807C78FFD5
:1027D000A8ACA8FFB0ACB0FFA8ACA8FFA8A8A8FF01
:1027E000B0ACB0FFA8ACA8FFA8ACA8FFB0ACB0FFDD
:1027F000A8ACA8FFA8A8B0FFB0ACA8FFA8A8A8FFE5
:10280000A8A4A8FF787878FF787878FF585C98FFBC
:102810000000F8FF0000F8FF0000F8FF0000F8FFDC
:10282000707080FF787878FF787C80FFB0ACA8FF6C
:10283000A8ACA8FFA8ACA8FFB0ACA8FFA8A8B0FFA0
:10284000A8ACA8FFA8ACB0FFA8ACA8FFB0ACA8FF8C
:10285000A8A8B0FFA8ACA8FFB0ACA8FFA8A4A8FF88
:10286000787878FF787878FF585C98FF0000F8FF58
:102870000000F8FF0000F8FF0000F8FF707088FF0C
:10288000787878FF787C78FFB0ACA8FFA8ACB0FF70
:10289000A8ACA8FFB0ACA8FFA8ACB0FFA8ACA8FF3C
:1028A000B0ACA8FFA8A8A8FFB0ACB0FFA8ACB0FF20
:1028B000787878FF787878FF707088FF0000F8FFEC
:1028C0000000F8FF0000F8FF0000F8FF605C98FFD0
:1028D000787878FF787878FFA8A4A8FFA8ACA8FF3C
:1028E000A8ACA8FF787878FF787878FF686888FFC8
:1028F0000000F8FF0000F8FF0000F8FF0000F8FFFC
:10290000686090FF787878FF787878FFA8A8A8FFAB
:10291000A8ACB0FFB0ACA8FFA8A8A8FFB0ACB0FFAF
:10292000A8ACA8FFB0A8A8FFA8ACA8FF989C98FFE7
:10293000787878FF787878FF4044B0FF0000F8FF9F
:102940000000F8FF0000F8FF100CF0FF787878FF27
:10295000787878FF888488FFA8ACA8FFB0ACA8FF7F
:10296000A8ACB0FFA8ACA8FFB0A8B0FFA8ACA8FF67
:10297000A8ACB0FFB0ACA8FFB0A8A8FFA8ACB0FF4F
:10298000A8ACA8FFB0A8A8FFA8ACB0FFA8ACA8FF4F
:10299000808080FF787878FF787878FF0804F8FFE7
:1029A0000000F8FF0000F8FF0000F8FF504CA8FFFF
:1029B000787878FF787878FFA0A0A0FFA8ACA8FF6F
:1029C000B0A8B0FFA8ACA8FFB0ACA8FFA8ACB0FFFF
:1029D000A8ACA8FFB0ACB0FFA8ACA8FFB0ACB0FFEB
:1029E000B0A8A8FFA8A8B0FFA8ACA8FFB0ACB0FFE3
:1029F000A8A8A8FFA8ACA8FFB0ACB0FF909090FF2B
:102A0000787878FF787878FF7878785D0000000033
:102A100000000000000000000000000000000000B6
:102A200000000000000000000000000000000000A6
:102A30000000000000000000000000000000000096
:102A40000000000000000000000000007878785DC1
:102A5000787878FF787878FF909090FFA8ACA8FFFE
:102A6000B0ACB0FFA8ACA8FFB0ACB0FFA8A8A8FF5E
:102A7000A8ACA8FFA09CA0FF787878FF787878FFB2
:102A80004844B0FF0000F8FF0000F8FF0000F8FF26
:102A90000000F8FF0000F8FF0000F8FF0000F8FF5A
:102AA0000000F8FF0000F8FF0000F8FF0000F8FF4A
:102AB0000000F8FF0000F8FF0000F8FF0000F8FF3A
:102AC0000000F8FF0000F8FF0000F8FF0000F8FF2A
:102AD0000000F8FF0000F8FF0000F8FF0000F8FF1A
:102AE0000000F8FF787080FF787878FF787C80FFAE
:102AF000A8A8A8FFB0ACB0FFA8ACA8FFA8ACA8FFDE
:102B0000B0ACB0FFA8A8A8FFB0ACB0FFA8ACA8FFBD
:102B1000A8A8A8FFB0ACB0FFA8ACA8FFA8ACA8FFBD
:102B2000A8A4A8FF787878FF787878FF585898FF9D
:102B30000000F8FF0000F8FF0000F8FF0000F8FFB9
:102B4000707080FF787878FF787C80FFB0A8B0FF45
:102B5000A8ACA8FFA8ACB0FFB0A8A8FFB0ACA8FF75
:102B6000A8ACA8FFB0A8B0FFA8ACA8FFB0ACA8FF65
:102B7000A8ACB0FFA8A8B0FFA8ACA8FFA8A4A8FF65
:102B8000787878FF787878FF585C98FF0000F8FF35
:102B90000000F8FF0000F8FF0000F8FF706C80FFF5
:102BA000787878FF787878FFA8ACB0FFB0A8A8FF55
:102BB000A8A8A8FFA8ACB0FFB0ACA8FFA8A8A8FF21
:102BC000A8ACB0FFB0ACA8FFA8ACA8FFA8ACB0FF01
:102BD000787878FF787878FF707088FF0000F8FFC9
:102BE0000000F8FF0000F8FF0000F8FF585C98FFB5
:102BF000787878FF787878FFA8A4A8FFA8ACA8FF19
:102C0000A8A8B0FF787878FF787878FF686890FF98
:102C10000000F8FF0000F8FF0000F8FF0000F8FFD8
:102C2000606490FF787878FF787878FFA8A8A8FF8C
:102C3000A8ACA8FFA8ACB0FFB0ACA8FFA8A8B0FF94
:102C4000A8ACA8FFB0ACB0FFB0A8B0FF989CA0FFA4
:102C5000787C78FF787878FF4848B0FF0804F8FF60
:102C60000000F8FF0000F8FF100CF0FF707480FF08
:102C7000787478FF808480FFA8A8A8FFA8A8A8FF80
:102C8000B0ACB0FFA8ACA8FFB0ACA8FFA8ACB0FF38
:102C9000A8ACA8FFB0ACB0FFA8A8A8FFA8ACA8FF3C
:102CA000B0ACB0FFA8ACA8FFB0ACA8FFB0ACA8FF18
:102CB000808080FF787878FF787878FF0004F8FFCC
:102CC0000000F8FF0000F8FF0000F8FF5050A8FFD8
:102CD000787878FF787878FFA0A0A0FFA8ACA8FF4C
:102CE000A8ACA8FFB0A8B0FFA8ACA8FFA8ACA8FFEC
:102CF000B0A8B0FFA8ACA8FFA8ACA8FFA8ACA8FFDC
:102D0000B0ACB0FFA8ACA8FFB0ACA8FFA8A8B0FFBB
:102D1000A8ACA8FFB0ACB0FFA8ACA8FF909090FF03
:102D2000787878FF787878FF7878785D0000000010
:102D30000000000000000000000000000000000093
:102D40000000000000000000000000000000000083
:102D50000000000000000000000000000000000073
:102D60000000000000000000000000007878785D9E
:102D7000787878FF787878FF909090FFA8ACA8FFDB
:102D8000B0A8B0FFA8ACA8FFA8ACA8FFB0ACB0FF3B
:102D9000A8A8A8FFA09CA0FF787878FF787878FF93
:102DA0004848B0FF0000F8FF0000F8FF0000F8FFFF
:102DB0000000F8FF0000F8FF0000F8FF0000F8FF37
:102DC0000000F8FF0000F8FF0000F8FF0000F8FF27
:102DD0000000F8FF0000F8FF0000F8FF0000F8FF17
:102DE0000000F8FF0000F8FF0000F8FF0000F8FF07
:102DF0000000F8FF0000F8FF0000F8FF0000F8FFF7
:102E00000000F8FF707480FF787878FF807C78FF8E
:102E1000A8ACA8FFA8ACB0FFB0A8A8FFA8ACB0FFB2
:102E2000A8ACA8FFB0A8A8FFA8ACB0FFA8ACA8FFAA
:102E3000B0ACA8FFA8ACB0FFA8ACA8FFB0A8A8FF92
:102E4000A0A4A8FF787878FF787878FF585898FF82
:102E50000000F8FF0000F8FF0000F8FF0000F8FF96
:102E6000707080FF787878FF807C78FFA8A8A8FF32
:102E7000B0ACB0FFA8ACA8FFA8ACB0FFA8ACA8FF4E
:102E8000B0ACB0FFA8A8A8FFA8ACB0FFB0ACA8FF3A
:102E9000B0ACA8FFA8ACA8FFA8ACA8FFA8A4A8FF46
:102EA000787878FF787878FF605C98FF0000F8FF0A
:102EB0000000F8FF0000F8FF0000F8FF707080FFCE
:102EC000787878FF787878FFA8ACB0FFB0ACA8FF2E
:102ED000A8ACB0FFA8ACA8FFB0A8B0FFA8ACA8FFF2
:102EE000A8ACB0FFB0A8A8FFA8ACA8FFB0ACA8FFE2
:102EF000787878FF787878FF706C80FF0000F8FFB2
:102F00000000F8FF0000F8FF0000F8FF585C98FF91
:102F1000787878FF787878FFA8A4A0FFA8ACA8FFFD
:102F2000B0ACA8FF787878FF787878FF686888FF79
:102F30000000F8FF0000F8FF0000F8FF0000F8FFB5
:102F4000606090FF787878FF787878FFA8A8A8FF6D
:102F5000B0ACA8FFA8A8A8FFA8ACB0FFB0ACA8FF71
:102F6000A8ACA8FFA8ACA8FFB0ACB0FFA8ACA8FF65
:102F7000B0ACA8FF808080FF787878FF787878FF01
:102F80000000F8FF0000F8FF0000F8FF0000F8FF65
:102F90005050A8FF787878FF787878FFA0A0A0FF3D
:102FA000A8ACB0FFB0ACA8FFA8A8A8FFB0ACB0FF19
:102FB000A8ACA8FFA8A8A8FFB0ACB0FFA8ACA8FF19
:102FC000A8A8B0FFA8ACB0FFA8A8A8FFB0ACB0FFFD
:102FD000808080FF787878FF787878FF0004F8FFA9
:102FE0000000F8FF0000F8FF0000F8FF5050A8FFB5
:102FF000787878FF787878FFA0A0A0FFA8ACA8FF29
:10300000B0ACB0FFA8A8A8FFA8ACA8FFB0ACB0FFB8
:10301000A8A8A8FFB0ACA8FFA8A8B0FFA8ACA8FFBC
:10302000B0ACA8FFA8ACB0FFA8A8A8FFB0ACA8FFA0
:10303000A8ACB0FFB0ACA8FFA8ACB0FF909090FFD8
:10304000787878FF787878FF7878785D00000000ED
:103050000000000000000000000000000000000070
:103060000000000000000000000000000000000060
:103070000000000000000000000000000000000050
:103080000000000000000000000000007878785D7B
:10309000787878FF787878FF909090FFB0ACB0FFA8
:1030A000A8ACA8FFA8A8A8FFB0ACB0FFA8ACA8FF28
:1030B000A8ACA8FFA09CA0FF787878FF787878FF6C
:1030C0004844B0FF0000F8FF0000F8FF0000F8FFE0
:1030D0000000F8FF0000F8FF0000F8FF0000F8FF14
:1030E0000000F8FF0000F8FF0000F8FF0000F8FF04
:1030F0000000F8FF0000F8FF0000F8FF0000F8FFF4
:103100000000F8FF0000F8FF0000F8FF0000F8FFE3
:103110000000F8FF0000F8FF0000F8FF0000F8FFD3
:103120000000F8FF707480FF787878FF807C78FF6B
:10313000A8ACA8FFB0ACB0FFB0A8A8FFA8ACA8FF8F
:10314000A8ACB0FFB0ACA8FFA8A8A8FFB0ACB0FF77
:10315000B0A8A8FFA8ACB0FFA8ACA8FFB0ACA8FF6F
:10316000A8A4A8FF787878FF787878FF585C98FF53
:103170000000F8FF0000F8FF0000F8FF0000F8FF73
:10318000707080FF787878FF787C80FFA8ACA8FF0B
:10319000B0A8A8FFB0ACB0FFA8ACA8FFA8A8A8FF33
:1031A000B0ACB0FFA8ACA8FFA8A8A8FFA8ACB0FF1F
:1031B000B0A8A8FFA8ACB0FFA8ACA8FFA8A4A8FF1F
:1031C000787878FF787878FF585C98FF0000F8FFEF
:1031D0000000F8FF0000F8FF0000F8FF707088FFA3
:1031E000787878FF787878FFA8ACA8FFB0ACB0FF0B
:1031F000A8ACA8FFB0ACA8FFA8ACB0FFB0ACA8FFCB
:10320000A8ACA8FFA8A8B0FFB0ACB0FFA8ACA8FFBE
:10321000787878FF787878FF707088FF0000F8FF82
:103220000000F8FF0000F8FF0000F8FF605C98FF66
:10323000787878FF787878FFA8A4A8FFA8ACA8FFD2
:10324000A8A8A8FF787878FF787878FF686888FF62
:103250000000F8FF0000F8FF0000F8FF0000F8FF92
:10326000606490FF787878FF787878FFA8A8A8FF46
:10327000B0ACB0FFA8ACA8FFA8A8A8FFB0ACB0FF46
:10328000A8ACA8FFA8A8A8FFA8ACA8FFB0A8B0FF4A
:10329000A8ACA8FF808080FF787878FF787878FFE6
:1032A0000000F8FF0000F8FF0000F8FF0000F8FF42
:1032B0005050A8FF787878FF787878FFA0A0A0FF1A
:1032C000A8ACA8FFA8ACB0FFB0A8A8FFA8ACA8FF06
:1032D000A8ACB0FFB0ACA8FFA8ACA8FFB0ACB0FFE2
:1032E000B0ACA8FFA8A8A8FFA8ACA8FFA8ACB0FFE6
:1032F000808080FF787878FF787878FF0800F8FF82
:103300000000F8FF0000F8FF0000F8FF5050A8FF91
:10331000787878FF787878FFA0A0A0FFA8A8A8FF09
:10332000B0ACB0FFA8ACA8FFB0ACB0FFA8ACA8FF91
:10333000A8ACA8FFB0ACB0FFB0ACB0FFA8A8A8FF85
:10334000A8ACA8FFB0A8B0FFA8ACA8FFA8ACA8FF85
:10335000B0A8B0FFA8ACA8FFA8ACA8FF909090FFC1
:10336000787878FF787878FF7878785D00000000CA
:10337000000000000000000000000000000000004D
:10338000000000000000000000000000000000003D
:10339000000000000000000000000000000000002D
:1033A0000000000000000000000000007878785D58
:1033B000787878FF787878FF909090FFA8ACA8FF95
:1033C000B0ACB0FFA8ACA8FFB0A8B0FFA8ACA8FFF5
:1033D000A8ACA8FFA09CA0FF787878FF787878FF49
:1033E0005050A8FF1818E8FF1818E8FF1818E8FF51
:1033F0001818E8FF1818E8FF1818E8FF1818E8FF71
:103400001818E8FF1818E8FF1818E8FF1818E8FF60
:103410001818E8FF1818E8FF1818E8FF1818E8FF50
:103420001818E8FF1818E8FF1818E8FF1818E8FF40
:103430001818E8FF1818E8FF1818E0FF1818E8FF38
:103440001818E0FF787480FF787878FF787C80FF28
:10345000A8ACA8FFA8A8A8FFB0ACB0FFA8ACA8FF74
:10346000B0ACB0FFA8ACA8FFA8ACB0FFA8ACA8FF58
:10347000A8A8A8FFB0ACB0FFA8ACA8FFA8A8A8FF58
:10348000A8A4A8FF787878FF787878FF606098FF24
:103490001818E8FF1818E8FF1818E8FF1818E8FFD0
:1034A000707080FF787878FF807C80FFA8ACA8FFE0
:1034B000A8ACA8FFA8A8B0FFB0ACA8FFA8ACA8FF14
:1034C000B0ACB0FFB0ACA8FFA8ACA8FFA8ACB0FFF0
:1034D000B0A8A8FFA8ACA8FFA8ACB0FFA8A4A0FF04
:1034E000787878FF787878FF606090FF1818E0FFB0
:1034F0001818E0FF1818E8FF1818E8FF707080FF30
:10350000787878FF787878FFB0ACB0FFA8ACA8FFE7
:10351000A8A8A8FFB0A8B0FFA8ACA8FFA8ACA8FFB7
:10352000B0A8B0FFA8ACA8FFB0ACA8FFA8ACB0FF93
:10353000787878FF787878FF707080FF1818E8FF47
:103540001818E8FF1818E0FF1818E0FF606090FFF7
:10355000787878FF787878FFA8A4A8FFA8ACB0FFA7
:10356000A8ACA8FF787878FF787878FF706C88FF2F
:103570001818E8FF1818E8FF1818E8FF1818E8FFEF
:10358000686890FF787878FF787878FFA8A8A8FF17
:10359000A8ACB0FFB0ACA8FFA8ACA8FFB0A8B0FF23
:1035A000B0ACB0FFA8ACA8FFA8A8B0FFB0ACA8FF13
:1035B000A8ACB0FF888488FF807C80FF787878FF93
:1035C0001818E8FF1818E8FF1818E0FF1818E8FFA7
:1035D000585898FF787878FF787878FFA0A0A0FFF7
:1035E000B0ACA8FFA8ACB0FFA8ACA8FFB0A8A8FFDB
:1035F000A8ACB0FFA8A8A8FFA8ACA8FFA8ACB0FFD3
:10360000B0ACA8FFB0ACA8FFA8ACB0FFB0A8A8FFB2
:10361000808080FF787878FF787878FF1818E0FF4E
:103620001818E8FF1818E8FF1814E0FF5854A0FF16
:10363000787878FF787878FFA0A0A0FFA8ACA8FFE2
:10364000A8ACA8FFB0A8B0FFA8ACA8FFA8A8B0FF7E
:10365000B0ACA8FFA8ACA8FFA8ACB0FFB0ACA8FF66
:10366000A8ACB0FFB0ACA8FFA8ACB0FFA8ACA8FF56
:10367000B0A8A8FFA8ACB0FFB0ACA8FF909090FF96
:10368000787878FF787878FF7878785D00000000A7
:10369000000000000000000000000000000000002A
:1036A000000000000000000000000000000000001A
:1036B000000000000000000000000000000000000A
:1036C0000000000000000000000000007878785D35
:1036D000787878FF787878FF909090FFA8ACA8FF72
:1036E000B0ACB0FFA8ACA8FFA8ACA8FFB0A8B0FFD2
:1036F000A8ACA8FFA09CA0FF787878FF787878FF26
:10370000787878FF787878FF787878FF787878FF1D
:10371000787878FF787878FF787878FF787878FF0D
:10372000787878FF787878FF787878FF787878FFFD
:10373000787878FF787878FF787878FF787878FFED
:10374000787878FF787878FF787878FF787878FFDD
:10375000787878FF787878FF787878FF787878FFCD
:10376000787878FF787878FF787878FF807C80FFA9
:10377000A8ACA8FFA8ACA8FFA8ACB0FFB0A8A8FF51
:10378000A8A8A8FFB0ACB0FFA8ACA8FFB0ACA8FF39
:10379000A8ACB0FFA8ACA8FFB0A8B0FFA8ACA8FF29
:1037A000A0A4A8FF787878FF787878FF787878FFF9
:1037B000787878FF787878FF787878FF787878FF6D
:1037C000787878FF787878FF807C78FFA8ACB0FFB5
:1037D000A8ACA8FFB0ACB0FFA8A8A8FFA8ACB0FFE9
:1037E000A8A8A8FFB0ACA8FFA8ACB0FFB0ACA8FFD9
:1037F000A8ACA8FFB0ACB0FFA8ACA8FFA8A4A8FFD5
:10380000787878FF787878FF787878FF787878FF1C
:10381000787878FF787878FF787878FF787878FF0C
:10382000787878FF787878FFA8ACB0FFB0ACA8FFC4
:10383000A8ACA8FFA8ACB0FFB0ACA8FFA8A8A8FF90
:10384000A8ACB0FFB0ACA8FFA8ACA8FFB0ACB0FF6C
:10385000787878FF787878FF787878FF787878FFCC
:10386000787878FF787878FF787878FF787878FFBC
:10387000787878FF787878FFA8A4A8FFA8ACA8FF8C
:10388000A8A8A8FF787878FF787878FF787878FF0C
:10389000787878FF787878FF787878FF787878FF8C
:1038A000787878FF787878FF787878FFA8A8A8FFEC
:1038B000A8A8A8FFB0ACB0FFA8ACA8FFA8ACA8FF10
:1038C000B0ACB0FFA8ACA8FFB0ACA8FFA8ACA8FFF4
:1038D000A8ACA8FFA8ACA8FF989498FF787878FFC8
:1038E000787878FF787878FF787878FF787878FF3C
:1038F000787878FF787878FF787878FFA0A0A0FFB4
:10390000B0ACB0FFA8ACA8FFA8ACB0FFB0ACA8FFAB
:10391000B0ACB0FFA8A8A8FFB0ACB0FFA8A8A8FFA3
:10392000A8A8A8FFA8ACB0FFB0ACA8FFA8ACA8FF9F
:10393000808080FF787878FF787878FF787878FFD3
:10394000787878FF787878FF787878FF787878FFDB
:10395000787878FF787878FFA0A0A0FFB0ACA8FFB7
:10396000A8ACB0FFA8ACA8FFB0A8A8FFA8ACB0FF57
:10397000A8ACA8FFB0A8A8FFA8A8A8FFA8ACB0FF53
:10398000B0ACA8FFA8A8A8FFB0ACB0FFA8ACA8FF37
:10399000A8ACA8FFB0ACB0FFA8A8B0FF909090FF73
:1039A000787878FF787878FF7878785D0000000084
:1039B0000000000000000000000000000000000007
:1039C00000000000000000000000000000000000F7
:1039D00000000000000000000000000000000000E7
:1039E0000000000000000000000000007878785D12
:1039F000787878FF787878FF909090FFB0ACB0FF3F
:103A0000A8ACA8FFA8A8A8FFB0ACB0FFA8ACA8FFBE
:103A1000A8ACA8FFA09CA0FF787878FF787878FF02
:103A2000787878FF787878FF787878FF787878FFFA
:103A3000787878FF787878FF787878FF787878FFEA
:103A4000787878FF787878FF787878FF787878FFDA
:103A5000787878FF787878FF787878FF787878FFCA
:103A6000787878FF787878FF787878FF787878FFBA
:103A7000787878FF787878FF787878FF787878FFAA
:103A8000787878FF787878FF787878FF807C78FF8E
:103A9000B0A8A8FFA8ACB0FFB0ACA8FFA8ACA8FF26
:103AA000A8ACB0FFA8A8A8FFB0ACA8FFA8A8B0FF1A
:103AB000B0ACA8FFA8ACA8FFB0ACB0FFA8ACA8FF02
:103AC000A8A4A0FF787878FF787878FF787878FFD6
:103AD000787878FF787878FF787878FF787878FF4A
:103AE000787878FF787878FF787878FFB0ACA8FF9E
:103AF000A8ACB0FFB0A8A8FFA8ACA8FFA8ACB0FFC6
:103B0000B0ACA8FFA8A8B0FFA8A8B0FFA8ACA8FFB9
:103B1000B0A8B0FFA8ACA8FFA8ACA8FFA8A4A8FFB5
:103B2000787878FF787878FF787878FF787878FFF9
:103B3000787878FF787878FF787878FF787878FFE9
:103B4000787878FF787C78FFA8ACA8FFB0ACB0FF9D
:103B5000A8A8A8FFA8ACB0FFB0ACA8FFA8ACB0FF65
:103B6000B0ACA8FFA8A8B0FFA8ACA8FFB0ACA8FF55
:103B7000787878FF787878FF787878FF787878FFA9
:103B8000787878FF787878FF787878FF787878FF99
:103B9000787878FF787878FFA8A4A8FFA8ACA8FF69
:103BA000A8ACA8FF787878FF787878FF787878FFE5
:103BB000787878FF787878FF787878FF787878FF69
:103BC000787878FF787878FF787878FFA8A8A8FFC9
:103BD000B0ACA8FFA8A8B0FFA8ACA8FFA8ACA8FFED
:103BE000A8A8B0FFB0ACA8FFA8A8B0FFA8ACB0FFD1
:103BF000B0ACA8FFA8ACA8FF989498FF787878FF9D
:103C0000787878FF787878FF787878FF787878FF18
:103C1000787878FF787878FF787878FFA0A0A0FF90
:103C2000A8ACA8FFB0A8A8FFA8A8B0FFA8ACA8FFA0
:103C3000B0ACA8FFA8ACB0FFB0ACA8FFB0ACA8FF78
:103C4000A8ACB0FFA8ACB0FFA8A8A8FFB0ACA8FF74
:103C5000808080FF787878FF787878FF787878FFB0
:103C6000787878FF787878FF787878FF787878FFB8
:103C7000787878FF787878FFA0A0A0FFA8A8A8FFA0
:103C8000B0ACB0FFA8ACA8FFB0ACA8FFA8ACB0FF28
:103C9000A8ACB0FFB0ACA8FFA8ACA8FFA8A8B0FF24
:103CA000B0ACA8FFA8ACA8FFA8A8B0FFB0ACA8FF14
:103CB000A8ACA8FFA8ACB0FFB0ACA8FF909090FF54
:103CC000787878FF787878FF78787861000000005D
:103CD00000000000000000000000000000000000E4
:103CE00000000000000000000000000000000000D4
:103CF00000000000000000000000000000000000C4
:103D00000000000000000000000000007878785DEE
:103D1000787878FF787878FF909090FFA8ACA8FF2B
:103D2000B0ACB0FFA8A8A8FFB0ACB0FFA8ACA8FF8B
:103D3000A8A8A8FFA0A0A0FF888888FF888888FF7F
:103D4000888888FF888888FF888888FF888888FF17
:103D5000888888FF888888FF888888FF888888FF07
:103D6000888888FF888888FF888888FF888888FFF7
:103D7000888888FF888888FF888888FF888888FFE7
:103D8000888888FF888888FF888888FF888888FFD7
:103D9000888888FF888888FF888888FF888888FFC7
:103DA000888888FF888888FF888888FF888C88FFB3
:103DB000A8ACB0FFB0A8B0FFA8ACA8FFB0ACA8FFFB
:103DC000A8ACB0FFB0ACA8FFA8ACB0FFA8A8A8FFF3
:103DD000B0ACA8FFA8ACB0FFA8A8A8FFB0ACA8FFE3
:103DE000A8A8A8FF888888FF888888FF888888FF17
:103DF000888888FF888888FF888888FF888888FF67
:103E0000888888FF888888FF908C90FFA8ACA8FFDE
:103E1000A8A8A8FFB0ACB0FFA8ACA8FFB0ACA8FFA2
:103E2000A8ACA8FFA8ACA8FFB0ACA8FFA8ACA8FF9E
:103E3000A8ACB0FFB0A8A8FFA8ACA8FFA8A8A8FF8E
:103E4000888888FF888888FF888888FF888888FF16
:103E5000888888FF888888FF888888FF888888FF06
:103E6000888888FF888888FFB0ACB0FFA8ACA8FF1E
:103E7000B0A8A8FFA8ACA8FFA8ACB0FFB0A8A8FF46
:103E8000A8ACA8FFA8ACB0FFB0ACB0FFA8ACA8FF2E
:103E9000888888FF888888FF888888FF888888FFC6
:103EA000888888FF888888FF888888FF888888FFB6
:103EB000888888FF888888FFA8A8A8FFB0ACA8FFDA
:103EC000B0ACB0FF888888FF888888FF888888FF22
:103ED000888888FF888888FF888888FF888888FF86
:103EE000888888FF888888FF888888FFA8A8A8FF16
:103EF000B0ACA8FFA8ACB0FFB0A8A8FFB0ACA8FFBA
:103F0000A8ACB0FFA8A8A8FFB0ACA8FFA8ACB0FFB1
:103F1000B0A8A8FFA8ACA8FF989CA0FF888888FF3D
:103F2000888888FF888888FF888888FF888888FF35
:103F3000888888FF888888FF888888FFA8A4A8FFC9
:103F4000A8ACA8FFB0ACB0FFA8ACA8FFA8ACA8FF75
:103F5000A8A8B0FFA8ACA8FFA8ACA8FFB0A8B0FF65
:103F6000A8ACA8FFB0ACA8FFA8ACB0FFA8A8B0FF51
:103F7000908C90FF888888FF888888FF888888FFD1
:103F8000888888FF888888FF888888FF888888FFD5
:103F9000888888FF888888FFA0A4A0FFA8ACB0FF0D
:103FA000B0A8A8FFA8ACB0FFA8ACA8FFB0A8A8FF15
:103FB000A8ACB0FFB0ACA8FFA8ACB0FFA8ACA8FFFD
:103FC000B0ACA8FFA8ACB0FFA8A8A8FFB0ACB0FFE9
:103FD000A8A8A8FFB0ACA8FFA8ACB0FF909090FF35
:103FE000787878FF787878FF7878785D000000003E
:103FF00000000000000000000000000000000000C1
:1040000000000000000000000000000000000000B0
:1040100000000000000000000000000000000000A0
:104020000000000000000000000000007878785DCB
:10403000787878FF787878FF909090FFA8ACA8FF08
:10404000B0ACB0FFA8ACA8FFA8ACA8FFB0ACB0FF64
:10405000A8ACA8FFA8ACA8FFA8ACB0FFA8ACA8FF6C
:10406000A8ACA8FFA8ACA8FFA8ACA8FFA8ACA8FF64
:10407000A8ACB0FFA8ACA8FFA8ACA8FFA8ACB0FF44
:10408000A8ACA8FFA8ACA8FFA8ACB0FFA8ACA8FF3C
:10409000A8ACA8FFA8ACB0FFA8ACA8FFA8ACA8FF2C
:1040A000A8ACB0FFA8ACA8FFA8ACA8FFA8ACA8FF1C
:1040B000A8ACA8FFA8ACA8FFA8ACA8FFA8ACB0FF0C
:1040C000A8ACA8FFA8ACA8FFB0ACB0FFA8ACA8FFF4
:1040D000A8ACA8FFA8ACA8FFA8A8B0FFB0ACA8FFE8
:1040E000A8A8A8FFA8ACB0FFB0ACA8FFA8ACB0FFD0
:1040F000A8ACA8FFB0A8B0FFA8ACA8FFA8ACB0FFC0
:10410000A8ACB0FFA8ACA8FFB0ACA8FFA8ACB0FFAB
:10411000B0ACA8FFB0ACA8FFA8ACB0FFB0ACA8FF93
:10412000A8ACA8FFA8ACB0FFB0ACA8FFA8ACB0FF8B
:10413000A8ACA8FFB0ACB0FFA8A8B0FFA8ACA8FF7F
:10414000B0A8B0FFA8ACB0FFB0ACA8FFA8ACA8FF67
:10415000A8ACB0FFB0A8A8FFA8ACB0FFA8ACA8FF5F
:10416000B0ACA8FFA8ACA8FFA8ACA8FFB0ACA8FF53
:10417000A8ACA8FFA8ACA8FFA8ACA8FFB0ACB0FF43
:10418000A8ACA8FFA8ACA8FFB0ACB0FFA8ACA8FF33
:10419000A8ACB0FFB0ACA8FFA8A8A8FFB0ACB0FF17
:1041A000A8ACA8FFA8A8A8FFB0ACB0FFA8ACB0FF0F
:1041B000B0ACB0FFB0ACA8FFA8ACB0FFA8ACA8FFF3
:1041C000B0ACB0FFA8ACA8FFA8ACA8FFA8ACB0FFEB
:1041D000A8ACA8FFA8ACA8FFA8ACA8FFA8ACB0FFEB
:1041E000A8ACA8FFB0ACB0FFB0ACB0FFA8ACA8FFC3
:1041F000B0ACB0FFB0ACA8FFA8ACA8FFB0ACA8FFB3
:10420000B0ACA8FFA8ACB0FFB0ACA8FFA8ACA8FFAA
:10421000A8ACB0FFA8ACA8FFA8ACA8FFB0ACB0FF9A
:10422000A8ACA8FFA8ACA8FFB0ACA8FFA8ACB0FF92
:10423000A8A8A8FFB0ACA8FFA8ACB0FFA8ACA8FF86
:10424000B0ACA8FFA8ACA8FFA8ACA8FFA8ACB0FF72
:10425000B0ACA8FFA8ACA8FFA8ACB0FFB0ACA8FF5A
:10426000A8ACA8FFA8ACB0FFB0ACA8FFB0ACA8FF4A
:10427000A8A8B0FFB0ACA8FFA8ACB0FFA8A8A8FF42
:10428000B0ACA8FFA8ACA8FFB0ACA8FFA8ACA8FF32
:10429000A8ACA8FFB0ACB0FFA8ACA8FFA8ACA8FF22
:1042A000B0ACB0FFA8ACA8FFA8ACA8FFB0ACA8FF0A
:1042B000A8ACB0FFA8ACA8FFB0ACA8FFA8ACB0FFFA
:1042C000A8ACA8FFB0A8A8FFA8ACB0FFA8ACA8FFF6
:1042D000B0A8A8FFA8A8B0FFB0ACA8FFA8ACA8FFE2
:1042E000A8A8B0FFB0ACA8FFA8ACA8FFA8ACB0FFCE
:1042F000B0ACA8FFA8A8A8FFA8ACB0FF909090FF12
:10430000787878FF787878FF7878785D000000001A
:10431000000000000000000000000000000000009D
:10432000000000000000000000000000000000008D
:10433000000000000000000000000000000000007D
:1043400000000000000000000000000078787861A4
:10435000787878FF787878FF909090FFB0ACB0FFD5
:10436000A8ACA8FFA8A8A8FFB0ACB0FFB0A8B0FF49
:10437000A8ACA8FFB0ACB0FFB0ACA8FFA8ACB0FF31
:10438000B0ACB0FFB0ACA8FFA8ACB0FFB0A8B0FF15
:10439000B0ACA8FFA8ACA8FFB0A8B0FFB0ACA8FF15
:1043A000A8ACA8FFB0ACB0FFB0ACA8FFA8ACA8FF09
:1043B000B0ACB0FFB0ACA8FFA8ACA8FFB0ACB0FFE9
:1043C000B0ACA8FFA8ACB0FFB0ACB0FFB0ACA8FFD9
:1043D000A8ACB0FFB0ACB0FFB0A8A8FFA8ACA8FFD5
:1043E000B0ACB0FFB0A8A8FFA8ACB0FFB0A8A8FFC1
:1043F000B0ACA8FFA8ACB0FFB0ACA8FFA8ACB0FFB1
:10440000A8A8A8FFB0ACA8FFA8ACB0FFA8A8A8FFB8
:10441000B0ACA8FFA8ACA8FFB0ACB0FFA8A8A8FF9C
:10442000B0ACA8FFA8ACB0FFA8A8A8FFB0ACA8FF8C
:10443000A8ACB0FFA8ACA8FFB0ACA8FFA8ACB0FF78
:10444000B0ACA8FFA8ACA8FFA8A8B0FFB0ACA8FF6C
:10445000A8ACA8FFA8A8A8FFB0ACA8FFA8ACA8FF6C
:10446000A8ACB0FFB0A8A8FFA8ACB0FFB0A8A8FF48
:10447000A8ACA8FFB0ACB0FFA8ACA8FFA8A8B0FF3C
:10448000B0ACB0FFA8ACA8FFA8ACB0FFB0ACB0FF18
:10449000B0ACB0FFA8ACA8FFB0ACB0FFA8ACA8FF10
:1044A000A8ACA8FFB0A8B0FFA8ACA8FFA8A8A8FF18
:1044B000B0ACB0FFA8ACB0FFA8ACA8FFB0ACA8FFF0
:1044C000A8ACB0FFB0A8A8FFA8ACA8FFA8ACA8FFF4
:1044D000A8ACA8FFB0ACB0FFA8ACA8FFA8ACA8FFE0
:1044E000B0ACB0FFA8ACA8FFB0ACB0FFB0ACA8FFB8
:1044F000A8ACB0FFB0ACA8FFB0ACB0FFA8A8A8FFB4
:10450000A8ACA8FFA8ACA8FFA8A8A8FFA8ACB0FFBB
:10451000A8ACA8FFA8ACB0FFA8ACB0FFB0A8A8FF9B
:10452000A8ACB0FFA8ACA8FFB0A8A8FFA8ACB0FF8B
:10453000B0ACA8FFA8A8A8FFA8ACB0FFB0A8B0FF77
:10454000A8ACA8FFA8A8B0FFB0ACB0FFA8ACA8FF6B
:10455000A8ACB0FFB0ACA8FFB0ACA8FFA8A8B0FF53
:10456000A8ACA8FFB0ACB0FFA8ACA8FFB0ACB0FF3F
:10457000A8ACA8FFA8ACA8FFB0ACB0FFA8ACA8FF3F
:10458000A8A8A8FFB0ACB0FFA8ACA8FFA8A8B0FF2F
:10459000B0ACA8FFA8ACA8FFB0ACB0FFA8ACB0FF0F
:1045A000A8A8A8FFA8ACB0FFB0ACB0FFA8ACA8FF0B
:1045B000A8ACA8FFB0ACB0FFA8ACA8FFB0ACB0FFEF
:1045C000A8ACA8FFA8ACB0FFB0ACA8FFA8ACB0FFE7
:1045D000A8ACA8FFB0ACB0FFB0A8A8FFA8ACA8FFDB
:1045E000A8ACB0FFB0ACA8FFA8ACA8FFA8ACB0FFC7
:1045F000B0ACA8FFA8ACA8FFA8ACB0FFB0A8A8FFBB
:10460000A8ACB0FFB0ACA8FFA8A8A8FFA8ACB0FFAA
:10461000B0ACA8FFA8ACB0FFB0ACA8FF909090FFE2
:10462000787878FF787878FF7878785D00000000F7
:10463000000000000000000000000000000000007A
:10464000000000000000000000000000000000006A
:10465000000000000000000000000000000000005A
:1046600000000000000000000000000078787834AE
:104670007878788A7878788A888888C3909490FF48
:10468000989498FFA0A0A0FFA8ACA8FFA8ACA8FF92
:10469000A8A8A8FFB0ACB0FFA8A8A8FFA8A8A8FF2A
:1046A000B0ACA8FFA8A8B0FFA8ACA8FFB0ACA8FF0A
:1046B000A8A8A8FFA8ACB0FFB0ACA8FFA8A8A8FF06
:1046C000A8ACB0FFB0A8A8FFA8A8B0FFA8ACA8FFEE
:1046D000B0A8B0FFA8A8A8FFA8ACB0FFB0A8A8FFDA
:1046E000A8A8A8FFA8ACA8FFB0A8A8FFA8A8B0FFDA
:1046F000A8ACA8FFB0ACA8FFA8A8B0FFA8ACA8FFC2
:10470000B0ACA8FFA8ACB0FFA8A8A8FFA8ACB0FFA9
:10471000A8ACA8FFB0A8B0FFA8ACA8FFA8ACA8FFA1
:10472000B0ACB0FFA8ACA8FFB0A8A8FFA8ACB0FF81
:10473000A8ACA8FFB0ACB0FFA8A8A8FFA8ACA8FF81
:10474000B0ACA8FFA8A8B0FFA8ACA8FFB0ACA8FF69
:10475000A8A8B0FFA8ACA8FFA8A8A8FFB0A8B0FF61
:10476000A8ACA8FFB0ACA8FFA8A8B0FFB0ACA8FF49
:10477000A8ACB0FFA8ACB0FFB0ACA8FFB0ACA8FF2D
:10478000A8ACA8FFA8ACA8FFB0A8B0FFA8ACA8FF31
:10479000A8ACA8FFB0ACB0FFA8A8A8FFB0ACA8FF19
:1047A000A8ACA8FFB0A8B0FFA8ACA8FFA8A8A8FF15
:1047B000A8ACA8FFB0A8B0FFA8ACA8FFA8ACB0FFF9
:1047C000B0A8A8FFB0ACB0FFA8ACA8FFA8ACA8FFE9
:1047D000B0A8A8FFA8ACB0FFA8A8A8FFB0ACA8FFDD
:1047E000A8ACB0FFA8ACA8FFB0A8A8FFA8ACB0FFC9
:1047F000A8A8A8FFB0ACA8FFA8ACB0FFA8A8A8FFC5
:10480000B0ACA8FFA8A8B0FFA8ACA8FFB0ACA8FFA8
:10481000A8A8A8FFA8ACB0FFB0ACA8FFA8A8A8FFA4
:10482000B0ACB0FFB0ACA8FFA8A8A8FFB0ACA8FF80
:10483000B0ACA8FFA8A8A8FFA8ACB0FFB0ACA8FF78
:10484000A8A8A8FFA8ACB0FFA8ACA8FFB0A8B0FF6C
:10485000A8ACA8FFB0ACA8FFB0A8B0FFA8ACA8FF58
:10486000B0ACA8FFA8ACA8FFB0A8A8FFA8ACA8FF50
:10487000A8A8B0FFB0ACA8FFA8ACA8FFA8A8B0FF3C
:10488000B0ACA8FFA8ACA8FFB0A8B0FFA8ACA8FF28
:10489000A8ACB0FFB0A8A8FFB0ACB0FFA8ACA8FF10
:1048A000A8A8B0FFB0ACA8FFA8ACA8FFA8ACB0FF08
:1048B000B0ACA8FFA8A8A8FFA8ACA8FFB0ACA8FF00
:1048C000A8ACB0FFB0A8A8FFA8A8B0FFB0ACA8FFE4
:1048D000A8A8B0FFA8ACA8FFB0A8A8FFA8ACB0FFDC
:1048E000A8ACA8FFB0A8A8FFB0ACB0FFA8A8A8FFCC
:1048F000A8ACA8FFB0ACB0FFA8A8A8FFA8ACA8FFC0
:10490000B0ACB0FFB0A8A8FFA8ACA8FFB0A8B0FF9B
:10491000A8ACA8FFA8ACA8FFB0ACB0FFA8ACA8FF9B
:10492000A8ACA8FFB0ACB0FFB0A8B0FFA8ACA8FF7F
:10493000A0A0A0FF989498FF909490FF888888C3C7
:10494000787878867878788A7878783400000000EB
:104950000000000000000000000000000000000057
:104960000000000000000000000000000000000047
:104970000000000000000000000000000000000037
:104980000000000000000000000000000000000027
:1049900000000000000000007878787D787878FFCB
:1049A000787878FF989898FFA8ACA8FFB0ACB0FFD3
:1049B000A8ACA8FFA8ACA8FFB0ACB0FFA8ACA8FFFB
:1049C000A8ACA8FFA8ACB0FFB0A8A8FFA8ACA8FFEF
:1049D000A8ACB0FFA8ACA8FFB0ACB0FFA8ACA8FFD3
:1049E000A8ACA8FFB0ACB0FFA8ACA8FFA8ACA8FFCB
:1049F000B0ACA8FFA8ACB0FFA8ACA8FFB0ACB0FFAB
:104A0000A8ACA8FFA8ACA8FFA8ACB0FFA8ACA8FFB2
:104A1000B0ACA8FFA8ACB0FFA8ACA8FFA8A8B0FF96
:104A2000A8ACA8FFB0ACA8FFA8ACB0FFA8ACA8FF8A
:104A3000B0ACA8FFA8A8B0FFA8ACA8FFB0ACA8FF76
:104A4000A8A8B0FFA8ACA8FFB0ACA8FFA8ACB0FF66
:104A5000A8A8A8FFB0ACA8FFA8ACB0FFA8ACA8FF5E
:104A6000B0ACB0FFA8ACA8FFB0ACB0FFA8ACA8FF3A
:104A7000B0ACB0FFA8ACA8FFA8ACB0FFB0ACA8FF2A
:104A8000A8ACB0FFA8ACA8FFB0ACA8FFA8A8B0FF26
:104A9000B0ACA8FFA8A8A8FFA8A8B0FFB0ACB0FF12
:104AA000A8ACA8FFA8ACB0FFB0ACA8FFA8ACB0FF02
:104AB000A8A8A8FFB0ACA8FFA8ACB0FFA8ACA8FFFE
:104AC000B0ACA8FFA8ACB0FFB0ACA8FFA8ACA8FFE2
:104AD000A8ACB0FFB0A8A8FFA8ACA8FFA8ACA8FFDE
:104AE000B0ACB0FFA8ACA8FFA8ACB0FFB0ACA8FFBA
:104AF000A8ACA8FFB0ACB0FFA8A8A8FFA8ACA8FFBE
:104B0000B0ACB0FFA8ACA8FFB0ACB0FFB0ACB0FF89
:104B1000A8A8A8FFA8ACA8FFB0ACB0FFA8ACA8FF9D
:104B2000A8ACA8FFB0ACB0FFA8A8A8FFA8ACB0FF85
:104B3000B0ACA8FFA8A8A8FFA8ACB0FFA8ACA8FF7D
:104B4000B0ACB0FFA8ACB0FFA8ACB0FFB0ACA8FF51
:104B5000A8A8B0FFB0ACA8FFA8ACA8FFA8ACB0FF55
:104B6000B0ACA8FFB0ACA8FFA8ACB0FFA8ACA8FF41
:104B7000A8ACB0FFA8ACA8FFA8ACA8FFA8ACB0FF39
:104B8000A8ACA8FFB0ACB0FFA8ACA8FFB0ACA8FF21
:104B9000A8A8B0FFA8ACA8FFB0ACB0FFA8ACA8FF15
:104BA000A8ACA8FFB0ACB0FFA8A8A8FFA8ACA8FF0D
:104BB000B0ACA8FFA8A8B0FFA8ACA8FFB0ACA8FFF5
:104BC000A8ACB0FFA8A8A8FFB0ACA8FFA8ACB0FFE5
:104BD000A8A8B0FFB0ACA8FFA8ACB0FFA8A8A8FFD9
:104BE000B0ACA8FFA8ACA8FFA8ACA8FFB0ACB0FFC1
:104BF000A8ACA8FFA8A8A8FFB0ACB0FFA8ACA8FFBD
:104C0000A8A8A8FFB0ACB0FFA8ACA8FFA8ACA8FFAC
:104C1000B0A8B0FFA8ACA8FFA8ACB0FFB0ACA8FF8C
:104C2000A8A8B0FFA8ACA8FFA8ACB0FFB0ACA8FF84
:104C3000A8A8B0FFB0ACA8FFA8A8A8FFA8ACB0FF78
:104C4000B0ACA8FFA8A8A8FFA8ACB0FFB0ACA8FF64
:104C5000989898FF787878FF787878FF7878787DDA
:104C60000000000000000000000000000000000044
:104C70000000000000000000000000000000000034
:104C80000000000000000000000000000000000024
:104C90000000000000000000000000000000000014
:104CA0000000000000000000000000000000000004
:104CB00000000000000000007878787D787878FFA8
:104CC000787878FF989898FFB0A8B0FFA8ACA8FFB4
:104CD000B0A8B0FFA8ACA8FFB0ACB0FFB0A8A8FFC8
:104CE000A8ACA8FFB0ACB0FFA8ACA8FFB0ACB0FFB8
:104CF000A8A8A8FFB0ACA8FFA8ACB0FFA8A8A8FFC0
:104D0000B0ACA8FFA8ACB0FFA8A8A8FFB0ACB0FF9B
:104D1000A8ACA8FFA8A8A8FFB0ACB0FFA8ACA8FF9B
:104D2000B0ACB0FFB0A8B0FFA8ACA8FFB0ACA8FF73
:104D3000A8A8B0FFB0ACA8FFB0ACA8FFA8ACB0FF6B
:104D4000B0A8A8FFA8ACA8FFB0ACB0FFB0A8A8FF5F
:104D5000A8ACA8FFA8ACB0FFB0ACA8FFB0A8B0FF4B
:104D6000A8ACA8FFA8ACB0FFB0ACA8FFA8A8B0FF43
:104D7000B0ACA8FFA8ACA8FFB0A8B0FFA8ACA8FF33
:104D8000A8A8A8FFB0ACB0FFA8A8A8FFA8ACA8FF2F
:104D9000B0ACA8FFA8A8B0FFB0ACA8FFA8ACA8FF13
:104DA000A8A8B0FFB0ACA8FFA8ACA8FFA8ACB0FF03
:104DB000B0ACA8FFA8ACA8FFA8ACB0FFB0A8A8FFF3
:104DC000A8A8A8FFA8ACB0FFB0ACA8FFA8A8A8FFEF
:104DD000A8ACB0FFB0ACA8FFA8A8B0FFA8ACA8FFD3
:104DE000A8A8B0FFB0ACA8FFA8A8A8FFB0ACB0FFBF
:104DF000A8ACB0FFA8ACA8FFB0A8A8FFA8ACB0FFB3
:104E0000A8A8A8FFB0A8A8FFA8ACB0FFA8A8B0FFAA
:104E1000B0ACA8FFA8ACA8FFB0ACB0FFA8A8A8FF92
:104E2000A8ACA8FFB0A8B0FFA8ACA8FFA8ACA8FF8A
:104E3000B0ACA8FFA8A8B0FFB0ACA8FFA8A8B0FF6E
:104E4000A8ACA8FFB0ACA8FFA8ACB0FFA8ACA8FF66
:104E5000B0ACB0FFB0ACA8FFA8A8A8FFA8ACB0FF4A
:104E6000B0ACA8FFA8A8A8FFA8ACA8FFA8ACB0FF4A
:104E7000A8ACA8FFB0A8B0FFA8ACA8FFA8A8B0FF36
:104E8000B0ACA8FFA8A8A8FFB0ACB0FFB0ACA8FF1A
:104E9000A8A8A8FFB0ACB0FFB0A8A8FFA8ACA8FF16
:104EA000B0A8B0FFA8A8B0FFA8ACA8FFB0ACB0FFF6
:104EB000A8ACA8FFA8A8A8FFB0ACB0FFA8ACA8FFFA
:104EC000A8A8B0FFB0ACA8FFA8ACB0FFA8ACA8FFE2
:104ED000B0ACA8FFA8ACB0FFA8ACA8FFB0ACA8FFCE
:104EE000A8ACB0FFB0ACA8FFA8A8A8FFB0ACB0FFBA
:104EF000A8ACA8FFB0ACA8FFA8ACB0FFA8ACB0FFAE
:104F0000B0ACA8FFA8ACB0FFA8ACA8FFB0ACA8FF9D
:104F1000A8ACB0FFB0ACA8FFA8ACB0FFB0ACA8FF85
:104F2000A8ACA8FFA8ACB0FFB0ACA8FFA8ACB0FF7D
:104F3000A8ACA8FFB0ACA8FFA8ACB0FFA8A8A8FF79
:104F4000B0ACA8FFA8ACB0FFA8ACA8FFB0ACA8FF5D
:104F5000A8ACB0FFA8A8A8FFB0ACB0FFA8ACA8FF51
:104F6000B0A8A8FFA8ACB0FFA8ACA8FFA8ACA8FF49
:104F7000989498FF787878FF787878FF7878787DBB
:104F80000000000000000000000000000000000021
:104F90000000000000000000000000000000000011
:104FA0000000000000000000000000000000000001
:104FB00000000000000000000000000000000000F1
:104FC00000000000000000000000000000000000E1
:104FD000000000000000000078787830787878656C
:104FE00078787865888888C3908C90FF888C88FF53
:104FF000908C90FF888C90FF888C88FF908C90FF1D
:10500000908C90FF888C88FF908C90FF888C90FF0C
:10501000908C88FF908C90FF888C90FF908C90FFF4
:10502000908C90FF888C88FF908C90FF908C90FFE4
:10503000908C90FF888C88FF908C90FF888C88FFE4
:10504000908C88FF908C90FF888C90FF908C90FFC4
:10505000888C90FF908C88FF908C90FF888C90FFBC
:10506000908C88FF888C90FF888C90FF908C88FFB4
:10507000908C90FF888C90FF908C88FF888C90FF9C
:10508000908C90FF908C88FF888C90FF908C90FF84
:10509000908C90FF888C90FF908C90FF908C88FF74
:1050A000888C90FF908C90FF908C90FF888C90FF64
:1050B000908C88FF908C90FF888C90FF908C88FF5C
:1050C000908C90FF908C90FF888C90FF908C88FF44
:1050D000908C90FF888C90FF908C88FF908C90FF34
:1050E000908C90FF888C88FF908C90FF908C90FF24
:1050F000908C88FF908C90FF908C88FF908C90FF14
:10510000908C90FF888C88FF908C90FF908C90FF03
:10511000888C88FF908C90FF908C90FF908C90FFF3
:10512000888C88FF908C90FF908C88FF888C90FFF3
:10513000908C90FF908C88FF888C90FF908C90FFD3
:10514000908C88FF888C90FF908C90FF888C88FFD3
:10515000908C90FF908C90FF888C88FF908C90FFB3
:10516000908C90FF908C88FF908C90FF888C90FFA3
:10517000908C88FF908C90FF888C90FF908C88FF9B
:10518000908C90FF908C88FF908C90FF908C90FF7B
:10519000908C88FF888C90FF908C90FF908C88FF7B
:1051A000888C90FF888C90FF908C90FF908C88FF6B
:1051B000888C90FF908C90FF908C90FF888C88FF5B
:1051C000908C90FF908C88FF888C90FF908C90FF43
:1051D000908C88FF908C90FF888C90FF908C88FF3B
:1051E000908C90FF908C90FF908C88FF888C90FF23
:1051F000908C90FF908C90FF908C90FF888C88FF13
:10520000908C90FF908C90FF888C88FF908C90FF02
:10521000908C88FF888C90FF908C88FF908C90FFFA
:10522000908C90FF908C90FF888C90FF908C88FFE2
:10523000908C90FF888C90FF908C88FF908C90FFD2
:10524000908C90FF888C88FF908C90FF908C90FFC2
:10525000888C88FF908C90FF908C90FF888C88FFC2
:10526000908C90FF908C90FF908C88FF888C90FFA2
:10527000908C90FF908C88FF888C90FF908C90FF92
:10528000908C90FF908C88FF908C90FF888C90FF82
:10529000888888C378787865787878657878783081
:1052A00000000000000000000000000000000000FE
:1052B00000000000000000000000000000000000EE
:1052C00000000000000000000000000000000000DE
:1052D00000000000000000000000000000000000CE
:1052E00000000000000000000000000000000000BE
:1052F00000000000000000000000000000000000AE
:10530000000000007878789E787878FF787878FFC9
:10531000787878FF787878FF787878FF787878FFF1
:10532000787878FF787878FF787878FF787878FFE1
:10533000787878FF787878FF787878FF787878FFD1
:10534000787878FF787878FF787878FF787878FFC1
:10535000787878FF787878FF787878FF787878FFB1
:10536000787878FF787878FF787878FF787878FFA1
:10537000787878FF787878FF787878FF787878FF91
:10538000787878FF787878FF787878FF787878FF81
:10539000787878FF787878FF787878FF787878FF71
:1053A000787878FF787878FF787878FF787878FF61
:1053B000787878FF787878FF787878FF787878FF51
:1053C000787878FF787878FF787878FF787878FF41
:1053D000787878FF787878FF787878FF787878FF31
:1053E000787878FF787878FF787878FF787878FF21
:1053F000787878FF787878FF787878FF787878FF11
:10540000787878FF787878FF787878FF787878FF00
:10541000787878FF787878FF787878FF787878FFF0
:10542000787878FF787878FF787878FF787878FFE0
:10543000787878FF787878FF787878FF787878FFD0
:10544000787878FF787878FF787878FF787878FFC0
:10545000787878FF787878FF787878FF787878FFB0
:10546000787878FF787878FF787878FF787878FFA0
:10547000787878FF787878FF787878FF787878FF90
:10548000787878FF787878FF787878FF787878FF80
:10549000787878FF787878FF787878FF787878FF70
:1054A000787878FF787878FF787878FF787878FF60
:1054B000787878FF787878FF787878FF787878FF50
:1054C000787878FF787878FF787878FF787878FF40
:1054D000787878FF787878FF787878FF787878FF30
:1054E000787878FF787878FF787878FF787878FF20
:1054F000787878FF787878FF787878FF787878FF10
:10550000787878FF787878FF787878FF787878FFFF
:10551000787878FF787878FF787878FF787878FFEF
:10552000787878FF787878FF787878FF787878FFDF
:10553000787878FF787878FF787878FF787878FFCF
:10554000787878FF787878FF787878FF787878FFBF
:10555000787878FF787878FF787878FF787878FFAF
:10556000787878FF787878FF787878FF787878FF9F
:10557000787878FF787878FF787878FF787878FF8F
:10558000787878FF787878FF787878FF787878FF7F
:10559000787878FF787878FF787878FF787878FF6F
:1055A000787878FF787878FF787878FF787878FF5F
:1055B0007878789A000000000000000000000000E9
:1055C00000000000000000000000000000000000DB
:1055D00000000000000000000000000000000000CB
:1055E00000000000000000000000000000000000BB
:1055F00000000000000000000000000000000000AB
:10560000000000000000000000000000000000009A
:10561000000000000000000000000000000000008A
:10562000000000007878789A787878FF787878FFAA
:10563000787878FF787878FF787878FF787878FFCE
:10564000787878FF787878FF787878FF787878FFBE
:10565000787878FF787878FF787878FF787878FFAE
:10566000787878FF787878FF787878FF787878FF9E
:10567000787878FF787878FF787878FF787878FF8E
:10568000787878FF787878FF787878FF787878FF7E
:10569000787878FF787878FF787878FF787878FF6E
:1056A000787878FF787878FF787878FF787878FF5E
:1056B000787878FF787878FF787878FF787878FF4E
:1056C000787878FF787878FF787878FF787878FF3E
:1056D000787878FF787878FF787878FF787878FF2E
:1056E000787878FF787878FF787878FF787878FF1E
:1056F000787878FF787878FF787878FF787878FF0E
:10570000787878FF787878FF787878FF787878FFFD
:10571000787878FF787878FF787878FF787878FFED
:10572000787878FF787878FF787878FF787878FFDD
:10573000787878FF787878FF787878FF787878FFCD
:10574000787878FF787878FF787878FF787878FFBD
:10575000787878FF787878FF787878FF787878FFAD
:10576000787878FF787878FF787878FF787878FF9D
:10577000787878FF787878FF787878FF787878FF8D
:10578000787878FF787878FF787878FF787878FF7D
:10579000787878FF787878FF787878FF787878FF6D
:1057A000787878FF787878FF787878FF787878FF5D
:1057B000787878FF787878FF787878FF787878FF4D
:1057C000787878FF787878FF787878FF787878FF3D
:1057D000787878FF787878FF787878FF787878FF2D
:1057E000787878FF787878FF787878FF787878FF1D
:1057F000787878FF787878FF787878FF787878FF0D
:10580000787878FF787878FF787878FF787878FFFC
:10581000787878FF787878FF787878FF787878FFEC
:10582000787878FF787878FF787878FF787878FFDC
:10583000787878FF787878FF787878FF787878FFCC
:10584000787878FF787878FF787878FF787878FFBC
:10585000787878FF787878FF787878FF787878FFAC
:10586000787878FF787878FF787878FF787878FF9C
:10587000787878FF787878FF787878FF787878FF8C
:10588000787878FF787878FF787878FF787878FF7C
:10589000787878FF787878FF787878FF787878FF6C
:1058A000787878FF787878FF787878FF787878FF5C
:1058B000787878FF787878FF787878FF787878FF4C
:1058C000787878FF787878FF787878FF787878FF3C
:1058D0007878789A000000000000000000000000C6
:1058E00000000000000000000000000000000000B8
:1058F00000000000000000000000000000000000A8
:105900000000000000000000000000000000000097
:105910000000000000000000000000000000000087
:105920000000000000000000000000000000000077
:105930000000000000000000000000000000000067
:105940000000000078787828787878417878784175
:10595000787878417878784178787845787878419F
:105960007878784178787841787878417878784193
:105970007878784178787841787878417878784183
:105980007878784178787841787878417878784173
:105990007878784178787841787878417878784163
:1059A0007878784178787841787878417878784153
:1059B0007878784178787841787878417878784143
:1059C0007878784178787841787878417878784133
:1059D0007878784178787841787878417878784123
:1059E0007878784178787841787878417878784113
:1059F0007878784178787841787878417878784103
:105A000078787841787878417878784178787841F2
:105A100078787841787878417878784178787841E2
:105A200078787841787878417878784178787841D2
:105A300078787841787878417878784178787841C2
:105A400078787841787878417878784178787841B2
:105A500078787841787878417878784178787841A2
:105A60007878784178787841787878417878784192
:105A70007878784178787841787878417878784182
:105A80007878784178787841787878417878784172
:105A90007878784178787841787878417878784162
:105AA0007878784178787841787878417878784152
:105AB0007878784178787841787878417878784142
:105AC0007878784178787841787878417878784132
:105AD0007878784178787841787878417878784122
:105AE0007878784178787841787878417878784112
:105AF0007878784178787841787878417878784102
:105B000078787841787878417878784178787841F1
:105B100078787841787878417878784178787841E1
:105B200078787841787878417878784178787841D1
:105B300078787841787878417878784178787841C1
:105B400078787841787878417878784178787841B1
:105B500078787841787878417878784178787841A1
:105B60007878784178787841787878417878784191
:105B70007878784178787841787878417878784181
:105B80007878784178787841787878417878784171
:105B90007878784178787841787878417878784161
:105BA0007878784178787841787878417878784151
:105BB0007878784178787841787878417878784141
:105BC0007878784178787841787878417878784131
:105BD0007878784178787841787878417878784121
:105BE0007878784178787841787878417878784111
:105BF0007878782800000000000000000000000015
:105C00000000000000000000000000000000000094
:105C10000000000000000000000000000000000084
:105C20000000000000000000000000000000000074
:105C30000000000000000000000000000000000064
:105C40000000000000000000000000000000000054
:105C50000000000000000000000000000000000044
:105C60000000000000000000000000000000000034
:105C70000000000000000000000000000000000024
:105C80000000000000000000000000000000000014
:105C90000000000000000000000000000000000004
:105CA00000000000000000000000000000000000F4
:105CB00000000000000000000000000000000000E4
:105CC00000000000000000000000000000000000D4
:105CD00000000000000000000000000000000000C4
:105CE00000000000000000000000000000000000B4
:105CF00000000000000000000000000000000000A4
:105D00000000000000000000000000000000000093
:105D10000000000000000000000000000000000083
:105D20000000000000000000000000000000000073
:105D30000000000000000000000000000000000063
:105D40000000000000000000000000000000000053
:105D50000000000000000000000000000000000043
:105D60000000000000000000000000000000000033
:105D70000000000000000000000000000000000023
:105D80000000000000000000000000000000000013
:105D90000000000000000000000000000000000003
:105DA00000000000000000000000000000000000F3
:105DB00000000000000000000000000000000000E3
:105DC00000000000000000000000000000000000D3
:105DD00000000000000000000000000000000000C3
:105DE00000000000000000000000000000000000B3
:105DF00000000000000000000000000000000000A3
:105E00000000000000000000000000000000000092
:105E10000000000000000000000000000000000082
:105E20000000000000000000000000000000000072
:105E30000000000000000000000000000000000062
:105E40000000000000000000000000000000000052
:105E50000000000000000000000000000000000042
:105E60000000000000000000000000000000000032
:105E70000000000000000000000000000000000022
:105E80000000000000000000000000000000000012
:105E90000000000000000000000000000000000002
:105EA00000000000000000000000000000000000F2
:105EB00000000000000000000000000000000000E2
:105EC00000000000000000000000000000000000D2
:105ED00000000000000000000000000000000000C2
:105EE00000000000000000000000000000000000B2
:105EF00000000000000000000000000000000000A2
:105F00000000000000000000000000000000000091
:105F10000000000000000000000000000000000081
:105F20000000000000000000000000000000000071
:105F30000000000000000000000000000000000061
:105F40000000000000000000000000000000000051
:105F50000000000000000000000000000000000041
:105F60000000000000000000000000000000000031
:105F70000000000000000000000000000000000021
:105F80000000000000000000000000000000000011
:105F90000000000000000000000000000000000001
:105FA00000000000000000000000000000000000F1
:105FB00000000000000000000000000000000000E1
:105FC00000000000000000000000000000000000D1
:105FD00000000000000000000000000000000000C1
:105FE00000000000000000000000000000000000B1
:105FF00000000000000000000000000000000000A1
:106000000000000000000000000000000000000090
:106010000000000000000000000000000000000080
:106020000000000000000000000000000000000070
:106030000000000000000000000000000000000060
:106040000000000000000000000000000000000050
:106050000000000000000000000000000000000040
:106060000000000000000000000000000000000030
:106070000000000000000000000000000000000020
:106080000000000000000000000000000000000010
:106090000000000000000000000000000000000000
:1060A00000000000000000000000000000000000F0
:1060B00000000000000000000000000000000000E0
:1060C00000000000000000000000000000000000D0
:1060D00000000000000000000000000000000000C0
:1060E00000000000000000000000000000000000B0
:1060F00000000000000000000000000000000000A0
:10610000000000000000000000000000000000008F
:10611000000000000000000000000000000000007F
:10612000000000000000000000000000000000006F
:10613000000000000000000000000000000000005F
:10614000000000000000000000000000000000004F
:10615000000000000000000000000000000000003F
:10616000000000000000000000000000000000002F
:10617000000000000000000000000000000000001F
:10618000000000000000000000000000000000000F
:1061900000000000000000000000000000000000FF
:1061A00000000000000000000000000000000000EF
:1061B00000000000000000000000000000000000DF
:1061C00000000000000000000000000000000000CF
:1061D00000000000000000000000000000000000BF
:1061E00000000000000000000000000000000000AF
:1061F000000000000000000000000000000000009F
:10620000000000000000000000000000000000008E
:10621000000000000000000000000000000000007E
:10622000000000000000000000000000000000006E
:10623000000000000000000000000000000000005E
:10624000000000000000000000000000000000004E
:10625000000000000000000000000000000000003E
:10626000000000000000000000000000000000002E
:10627000000000000000000000000000000000001E
:10628000000000000000000000000000000000000E
:1062900000000000000000000000000000000000FE
:1062A00000000000000000000000000000000000EE
:1062B00000000000000000000000000000000000DE
:1062C00000000000000000000000000000000000CE
:1062D00000000000000000000000000000000000BE
:1062E00000000000000000000000000000000000AE
:1062F000000000000000000000000000000000009E
:10630000000000000000000000000000000000008D
:10631000000000000000000000000000000000007D
:10632000000000000000000000000000000000006D
:10633000000000000000000000000000000000005D
:10634000000000000000000000000000000000004D
:10635000000000000000000000000000000000003D
:10636000000000000000000000000000000000002D
:10637000000000000000000000000000000000001D
:10638000000000000000000000000000000000000D
:1063900000000000000000000000000000000000FD
:1063A00000000000000000000000000000000000ED
:1063B00000000000000000000000000000000000DD
:1063C00000000000000000000000000000000000CD
:1063D00000000000000000000000000000000000BD
:1063E00000000000000000000000000000000000AD
:1063F000000000000000000000000000000000009D
:10640000000000000000000000000000000000008C
:10641000000000000000000000000000000000007C
:10642000000000000000000000000000000000006C
:10643000000000000000000000000000000000005C
:10644000000000000000000000000000000000004C
:10645000000000000000000000000000000000003C
:10646000000000000000000000000000000000002C
:10647000000000000000000000000000000000001C
:10648000000000000000000000000000000000000C
:1064900000000000000000000000000000000000FC
:1064A00000000000000000000000000000000000EC
:1064B00000000000000000000000000000000000DC
:1064C00000000000000000000000000000000000CC
:1064D00000000000000000000000000000000000BC
:1064E00000000000000000000000000000000000AC
:1064F000000000000000000000000000000000009C
:10650000000000000000000000000000000000008B
:10651000000000000000000000000000000000007B
:10652000000000000000000000000000000000006B
:10653000000000000000000000000000000000005B
:10654000000000000000000000000000000000004B
:10655000000000000000000000000000000000003B
:10656000000000000000000000000000000000002B
:10657000000000000000000000000000000000001B
:10658000000000000000000000000000000000000B
:1065900000000000000000000000000000000000FB
:1065A00000000000000000000000000000000000EB
:1065B00000000000000000000000000000000000DB
:1065C00000000000000000000000000000000000CB
:1065D00000000000000000000000000000000000BB
:1065E00000000000000000000000000000000000AB
:1065F000000000000000000000000000000000009B
:10660000000000000000000000000000000000008A
:10661000000000000000000000000000000000007A
:10662000000000000000000000000000000000006A
:10663000000000000000000000000000000000005A
:10664000000000000000000000000000000000004A
:10665000000000000000000000000000000000003A
:10666000000000000000000000000000000000002A
:10667000000000000000000000000000000000001A
:10668000000000000000000000000000000000000A
:1066900000000000000000000000000000000000FA
:1066A00000000000000000000000000000000000EA
:1066B00000000000000000000000000000000000DA
:1066C00000000000000000000000000000000000CA
:1066D00000000000000000000000000000000000BA
:1066E00000000000000000000000000000000000AA
:1066F000000000000000000000000000000000009A
:106700000000000000000000000000000000000089
:106710000000000000000000000000000000000079
:106720000000000000000000000000000000000069
:106730000000000000000000000000000000000059
:106740000000000000000000000000000000000049
:106750000000000000000000000000000000000039
:106760000000000000000000000000000000000029
:106770000000000000000000000000000000000019
:106780000000000000000000000000000000000009
:1067900000000000000000000000000000000000F9
:1067A00000000000000000000000000000000000E9
:1067B00000000000000000000000000000000000D9
:1067C00000000000000000000000000000000000C9
:1067D00000000000000000000000000000000000B9
:1067E00000000000000000000000000000000000A9
:1067F0000000000000000000000000000000000099
:106800000000000000000000000000000000000088
:106810000000000000000000000000000000000078
:106820000000000000000000000000000000000068
:106830000000000000000000000000000000000058
:106840000000000000000000000000000000000048
:106850000000000000000000000000000000000038
:106860000000000000000000000000000000000028
:106870000000000000000000000000000000000018
:106880000000000000000000000000000000000008
:1068900000000000000000000000000000000000F8
:1068A00000000000000000000000000000000000E8
:1068B00000000000000000000000000000000000D8
:1068C00000000000000000000000000000000000C8
:1068D00000000000000000000000000000000000B8
:1068E00000000000000000000000000000000000A8
:1068F0000000000000000000000000000000000098
:106900000000000000000000000000000000000087
:106910000000000000000000000000000000000077
:106920000000000000000000000000000000000067
:106930000000000000000000000000000000000057
:106940000000000000000000000000000000000047
:106950000000000000000000000000000000000037
:106960000000000000000000000000000000000027
:106970000000000000000000000000000000000017
:106980000000000000000000000000000000000007
:1069900000000000000000000000000000000000F7
:1069A00000000000000000000000000000000000E7
:1069B00000000000000000000000000000000000D7
:1069C00000000000000000000000000000000000C7
:1069D00000000000000000000000000000000000B7
:1069E00000000000000000000000000000000000A7
:1069F0000000000000000000000000000000000097
:106A00000000000000000000000000000000000086
:106A10000000000000000000000000000000000076
:106A20000000000000000000000000000000000066
:106A30000000000000000000000000000000000056
:106A40000000000000000000000000000000000046
:106A50000000000000000000000000000000000036
:106A60000000000000000000000000000000000026
:106A70000000000000000000000000000000000016
:106A80000000000000000000000000000000000006
:106A900000000000000000000000000000000000F6
:106AA00000000000000000000000000000000000E6
:106AB00000000000000000000000000000000000D6
:106AC00000000000000000000000000000000000C6
:106AD00000000000000000000000000000000000B6
:106AE00000000000000000000000000000000000A6
:106AF0000000000000000000000000000000000096
:106B00000000000000000000000000000000000085
:106B10000000000000000000000000000000000075
:106B20000000000000000000000000000000000065
:106B30000000000000000000000000000000000055
:106B40000000000000000000000000000000000045
:106B50000000000000000000000000000000000035
:106B60000000000000000000000000000000000025
:106B70000000000000000000000000000000000015
:106B80000000000000000000000000000000000005
:106B900000000000000000000000000000000000F5
:106BA00000000000000000000000000000000000E5
:106BB00000000000000000000000000000000000D5
:106BC00000000000000000000000000000000000C5
:106BD00000000000000000000000000000000000B5
:106BE00000000000000000000000000000000000A5
:106BF0000000000000000000000000000000000095
:106C00000000000000000000000000000000000084
:106C10000000000000000000000000000000000074
:106C20000000000000000000000000000000000064
:106C30000000000000000000000000000000000054
:106C40000000000000000000000000000000000044
:106C50000000000000000000000000000000000034
:106C60000000000000000000000000000000000024
:106C70000000000000000000000000000000000014
:106C80000000000000000000000000000000000004
:106C900000000000000000000000000000000000F4
:106CA00000000000000000000000000000000000E4
:106CB00000000000000000000000000000000000D4
:106CC00000000000000000000000000000000000C4
:106CD00000000000000000000000000000000000B4
:106CE00000000000000000000000000000000000A4
:106CF0000000000000000000000000000000000094
:106D00000000000000000000000000000000000083
:106D10000000000000000000000000000000000073
:106D20000000000000000000000000000000000063
:106D30000000000000000000000000000000000053
:106D40000000000000000000000000000000000043
:106D50000000000000000000000000000000000033
:106D60000000000000000000000000000000000023
:106D70000000000000000000000000000000000013
:106D80000000000000000000000000000000000003
:106D900000000000000000000000000000000000F3
:106DA00000000000000000000000000000000000E3
:106DB00000000000000000000000000000000000D3
:106DC00000000000000000000000000000000000C3
:106DD00000000000000000000000000000000000B3
:106DE00000000000000000000000000000000000A3
:106DF0000000000000000000000000000000000093
:106E00000000000000000000000000000000000082
:106E10000000000000000000000000000000000072
:106E20000000000000000000000000000000000062
:106E30000000000000000000000000000000000052
:106E40000000000000000000000000000000000042
:106E50000000000000000000000000000000000032
:106E60000000000000000000000000000000000022
:106E70000000000000000000000000000000000012
:106E80000000000000000000000000000000000002
:106E900000000000000000000000000000000000F2
:106EA00000000000000000000000000000000000E2
:106EB00000000000000000000000000000000000D2
:106EC00000000000000000000000000000000000C2
:106ED00000000000000000000000000000000000B2
:106EE00000000000000000000000000000000000A2
:106EF0000000000000000000000000000000000092
:106F00000000000000000000000000000000000081
:106F10000000000000000000000000000000000071
:106F20000000000000000000000000000000000061
:106F30000000000000000000000000000000000051
:106F40000000000000000000000000000000000041
:106F50000000000000000000000000000000000031
:106F60000000000000000000000000000000000021
:106F70000000000000000000000000000000000011
:106F80000000000000000000000000000000000001
:106F900000000000000000000000000000000000F1
:106FA00000000000000000000000000000000000E1
:106FB00000000000000000000000000000000000D1
:106FC00000000000000000000000000000000000C1
:106FD00000000000000000000000000000000000B1
:106FE00000000000000000000000000000000000A1
:106FF0000000000000000000000000000000000091
:107000000000000000000000000000000000000080
:107010000000000000000000000000000000000070
:107020000000000000000000000000000000000060
:107030000000000000000000000000000000000050
:107040000000000000000000000000000000000040
:107050000000000000000000000000000000000030
:107060000000000000000000000000000000000020
:107070000000000000000000000000000000000010
:107080000000000000000000000000000000000000
:1070900000000000000000000000000000000000F0
:1070A00000000000000000000000000000000000E0
:1070B00000000000000000000000000000000000D0
:1070C00000000000000000000000000000000000C0
:1070D00000000000000000000000000000000000B0
:1070E00000000000000000000000000000000000A0
:1070F0000000000000000000000000000000000090
:10710000000000000000000000000000000000007F
:10711000000000000000000000000000000000006F
:10712000000000000000000000000000000000005F
:10713000000000000000000000000000000000004F
:10714000000000000000000000000000000000003F
:10715000000000000000000000000000000000002F
:10716000000000000000000000000000000000001F
:10717000000000000000000000000000000000000F
:1071800000000000000000000000000000000000FF
:1071900000000000000000000000000000000000EF
:1071A00000000000000000000000000000000000DF
:1071B00000000000000000000000000000000000CF
:1071C00000000000000000000000000000000000BF
:1071D00000000000000000000000000000000000AF
:1071E000000000000000000000000000000000009F
:1071F000000000000000000000000000000000008F
:10720000000000000000000000000000000000007E
:10721000000000000000000000000000000000006E
:10722000000000000000000000000000000000005E
:10723000000000000000000000000000000000004E
:10724000000000000000000000000000000000003E
:10725000000000000000000000000000000000002E
:10726000000000000000000000000000000000001E
:10727000000000000000000000000000000000000E
:1072800000000000000000000000000000000000FE
:1072900000000000000000000000000000000000EE
:1072A00000000000000000000000000000000000DE
:1072B00000000000000000000000000000000000CE
:1072C00000000000000000000000000000000000BE
:1072D00000000000000000000000000000000000AE
:1072E000000000000000000000000000000000009E
:1072F000000000000000000000000000000000008E
:10730000000000000000000000000000000000007D
:10731000000000000000000000000000000000006D
:10732000000000000000000000000000000000005D
:10733000000000000000000000000000000000004D
:10734000000000000000000000000000000000003D
:10735000000000000000000000000000000000002D
:10736000000000000000000000000000000000001D
:10737000000000000000000000000000000000000D
:1073800000000000000000000000000000000000FD
:1073900000000000000000000000000000000000ED
:1073A00000000000000000000000000000000000DD
:1073B00000000000000000000000000000000000CD
:1073C00000000000000000000000000000000000BD
:1073D00000000000000000000000000000000000AD
:1073E000000000000000000000000000000000009D
:1073F000000000000000000000000000000000008D
:10740000000000000000000000000000000000007C
:10741000000000000000000000000000000000006C
:10742000000000000000000000000000000000005C
:10743000000000000000000000000000000000004C
:10744000000000000000000000000000000000003C
:10745000000000000000000000000000000000002C
:10746000000000000000000000000000000000001C
:10747000000000000000000000000000000000000C
:1074800000000000000000000000000000000000FC
:1074900000000000000000000000000000000000EC
:1074A00000000000000000000000000000000000DC
:1074B00000000000000000000000000000000000CC
:1074C00000000000000000000000000000000000BC
:1074D00000000000000000000000000000000000AC
:1074E000000000000000000000000000000000009C
:1074F000000000000000000000000000000000008C
:10750000000000000000000000000000000000007B
:10751000000000000000000000000000000000006B
:10752000000000000000000000000000000000005B
:10753000000000000000000000000000000000004B
:10754000000000000000000000000000000000003B
:10755000000000000000000000000000000000002B
:10756000000000000000000000000000000000001B
:10757000000000000000000000000000000000000B
:1075800000000000000000000000000000000000FB
:1075900000000000000000000000000000000000EB
:1075A00000000000000000000000000000000000DB
:1075B00000000000000000000000000000000000CB
:1075C00000000000000000000000000000000000BB
:1075D00000000000000000000000000000000000AB
:1075E000000000000000000000000000000000009B
:1075F000000000000000000000000000000000008B
:10760000000000000000000000000000000000007A
:10761000000000000000000000000000000000006A
:10762000000000000000000000000000000000005A
:10763000000000000000000000000000000000004A
:10764000000000000000000000000000000000003A
:10765000000000000000000000000000000000002A
:10766000000000000000000000000000000000001A
:10767000000000000000000000000000000000000A
:1076800000000000000000000000000000000000FA
:1076900000000000000000000000000000000000EA
:1076A00000000000000000000000000000000000DA
:1076B00000000000000000000000000000000000CA
:1076C00000000000000000000000000000000000BA
:1076D00000000000000000000000000000000000AA
:1076E000000000000000000000000000000000009A
:1076F000000000000000000000000000000000008A
:107700000000000000000000000000000000000079
:107710000000000000000000000000000000000069
:107720000000000000000000000000000000000059
:107730000000000000000000000000000000000049
:107740000000000000000000000000000000000039
:107750000000000000000000000000000000000029
:107760000000000000000000000000000000000019
:107770000000000000000000000000000000000009
:1077800000000000000000000000000000000000F9
:1077900000000000000000000000000000000000E9
:1077A00000000000000000000000000000000000D9
:1077B00000000000000000000000000000000000C9
:1077C00000000000000000000000000000000000B9
:1077D00000000000000000000000000000000000A9
:1077E0000000000000000000000000000000000099
:1077F0000000000000000000000000000000000089
:107800000000000000000000000000000000000078
:107810000000000000000000000000000000000068
:107820000000000000000000000000000000000058
:107830000000000000000000000000000000000048
:107840000000000000000000000000000000000038
:107850000000000000000000000000000000000028
:107860000000000000000000000000000000000018
:107870000000000000000000000000000000000008
:1078800000000000000000000000000000000000F8
:1078900000000000000000000000000000000000E8
:1078A00000000000000000000000000000000000D8
:1078B00000000000000000000000000000000000C8
:1078C00000000000000000000000000000000000B8
:1078D00000000000000000000000000000000000A8
:1078E0000000000000000000000000000000000098
:1078F0000000000000000000000000000000000088
:107900000000000000000000000000000000000077
:107910000000000000000000000000000000000067
:107920000000000000000000000000000000000057
:107930000000000000000000000000000000000047
:107940000000000000000000000000000000000037
:107950000000000000000000000000000000000027
:107960000000000000000000000000000000000017
:107970000000000000000000000000000000000007
:1079800000000000000000000000000000000000F7
:1079900000000000000000000000000000000000E7
:1079A00000000000000000000000000000000000D7
:1079B00000000000000000000000000000000000C7
:1079C00000000000000000000000000000000000B7
:1079D00000000000000000000000000000000000A7
:1079E0000000000000000000000000000000000097
:1079F0000000000000000000000000000000000087
:107A00000000000000000000000000000000000076
:107A10000000000000000000000000000000000066
:107A20000000000000000000000000000000000056
:107A30000000000000000000000000000000000046
:107A40000000000000000000000000000000000036
:107A50000000000000000000000000000000000026
:107A60000000000000000000000000000000000016
:107A70000000000000000000000000000000000006
:107A800000000000000000000000000000000000F6
:107A900000000000000000000000000000000000E6
:107AA00000000000000000000000000000000000D6
:107AB00000000000000000000000000000000000C6
:107AC00000000000000000000000000000000000B6
:107AD00000000000000000000000000000000000A6
:107AE0000000000000000000000000000000000096
:107AF0000000000000000000000000000000000086
:107B00000000000000000000000000000000000075
:107B10000000000000000000000000000000000065
:107B20000000000000000000000000000000000055
:107B30000000000000000000000000000000000045
:107B40000000000000000000000000000000000035
:107B50000000000000000000000000000000000025
:107B60000000000000000000000000000000000015
:107B70000000000000000000000000000000000005
:107B800000000000000000000000000000000000F5
:107B900000000000000000000000000000000000E5
:107BA00000000000000000000000000000000000D5
:107BB00000000000000000000000000000000000C5
:107BC00000000000000000000000000000000000B5
:107BD00000000000000000000000000000000000A5
:107BE0000000000000000000000000000000000095
:107BF0000000000000000000000000000000000085
:107C00000000000000000000000000000000000074
:107C10000000000000000000000000000000000064
:107C20000000000000000000000000000000000054
:107C30000000000000000000000000000000000044
:107C40000000000000000000000000000000000034
:107C50000000000000000000000000000000000024
:107C60000000000000000000000000000000000014
:107C70000000000000000000000000000000000004
:107C800000000000000000000000000000000000F4
:107C900000000000000000000000000000000000E4
:107CA00000000000000000000000000000000000D4
:107CB00000000000000000000000000000000000C4
:107CC00000000000000000000000000000000000B4
:107CD00000000000000000000000000000000000A4
:107CE0000000000000000000000000000000000094
:107CF0000000000000000000000000000000000084
:107D00000000000000000000000000000000000073
:107D10000000000000000000000000000000000063
:107D20000000000000000000000000000000000053
:107D30000000000000000000000000000000000043
:107D40000000000000000000000000000000000033
:107D50000000000000000000000000000000000023
:107D60000000000000000000000000000000000013
:107D70000000000000000000000000000000000003
:107D800000000000000000000000000000000000F3
:107D900000000000000000000000000000000000E3
:107DA00000000000000000000000000000000000D3
:107DB00000000000000000000000000000000000C3
:107DC00000000000000000000000000000000000B3
:107DD00000000000000000000000000000000000A3
:107DE0000000000000000000000000000000000093
:107DF0000000000000000000000000000000000083
:107E00000000000000000000000000000000000072
:107E10000000000000000000000000000000000062
:107E20000000000000000000000000000000000052
:107E30000000000000000000000000000000000042
:107E40000000000000000000000000000000000032
:107E50000000000000000000000000000000000022
:107E60000000000000000000000000000000000012
:107E70000000000000000000000000000000000002
:107E800000000000000000000000000000000000F2
:107E900000000000000000000000000000000000E2
:107EA00000000000000000000000000000000000D2
:107EB00000000000000000000000000000000000C2
:107EC00000000000000000000000000000000000B2
:107ED00000000000000000000000000000000000A2
:107EE0000000000000000000000000000000000092
:107EF0000000000000000000000000000000000082
:107F00000000000000000000000000000000000071
:107F10000000000000000000000000000000000061
:107F20000000000000000000000000000000000051
:107F30000000000000000000000000000000000041
:107F40000000000000000000000000000000000031
:107F50000000000000000000000000000000000021
:107F60000000000000000000000000000000000011
:107F70000000000000000000000000000000000001
:107F800000000000000000000000000000000000F1
:107F900000000000000000000000000000000000E1
:107FA00000000000000000000000000000000000D1
:107FB00000000000000000000000000000000000C1
:107FC00000000000000000000000000000000000B1
:107FD00000000000000000000000000000000000A1
:107FE0000000000000000000000000000000000091
:107FF0000000000000000000000000000000000081
:108000000000000000000000000000000000000070
:108010000000000000000000000000000000000060
:108020000000000000000000000000000000000050
:108030000000000000000000000000000000000040
:108040000000000000000000000000000000000030
:108050000000000000000000000000000000000020
:108060000000000000000000000000000000000010
:108070000000000000000000000000000000000000
:1080800000000000000000000000000000000000F0
:1080900000000000000000000000000000000000E0
:1080A00000000000000000000000000000000000D0
:1080B00000000000000000000000000000000000C0
:1080C00000000000000000000000000000000000B0
:1080D00000000000000000000000000000000000A0
:1080E0000000000000000000000000000000000090
:1080F0000000000000000000000000000000000080
:10810000000000000000000000000000000000006F
:10811000000000000000000000000000000000005F
:10812000000000000000000000000000000000004F
:10813000000000000000000000000000000000003F
:10814000000000000000000000000000000000002F
:10815000000000000000000000000000000000001F
:10816000000000000000000000000000000000000F
:1081700000000000000000000000000000000000FF
:1081800000000000000000000000000000000000EF
:1081900000000000000000000000000000000000DF
:1081A00000000000000000000000000000000000CF
:1081B00000000000000000000000000000000000BF
:1081C00000000000000000000000000000000000AF
:1081D000000000000000000000000000000000009F
:1081E000000000000000000000000000000000008F
:1081F000000000000000000000000000000000007F
:10820000000000000000000000000000000000006E
:10821000000000000000000000000000000000005E
:10822000000000000000000000000000000000004E
:10823000000000000000000000000000000000003E
:10824000000000000000000000000000000000002E
:10825000000000000000000000000000000000001E
:10826000000000000000000000000000000000000E
:1082700000000000000000000000000000000000FE
:1082800000000000000000000000000000000000EE
:1082900000000000000000000000000000000000DE
:1082A00000000000000000000000000000000000CE
:1082B00000000000000000000000000000000000BE
:1082C00000000000000000000000000000000000AE
:1082D000000000000000000000000000000000009E
:1082E000000000000000000000000000000000008E
:1082F000000000000000000000000000000000007E
:10830000000000000000000000000000000000006D
:10831000000000000000000000000000000000005D
:10832000000000000000000000000000000000004D
:10833000000000000000000000000000000000003D
:10834000000000000000000000000000000000002D
:10835000000000000000000000000000000000001D
:10836000000000000000000000000000000000000D
:1083700000000000000000000000000000000000FD
:1083800000000000000000000000000000000000ED
:1083900000000000000000000000000000000000DD
:1083A00000000000000000000000000000000000CD
:1083B00000000000000000000000000000000000BD
:1083C00000000000000000000000000000000000AD
:1083D000000000000000000000000000000000009D
:1083E000000000000000000000000000000000008D
:1083F000000000000000000000000000000000007D
:10840000000000000000000000000000000000006C
:10841000000000000000000000000000000000005C
:10842000000000000000000000000000000000004C
:10843000000000000000000000000000000000003C
:10844000000000000000000000000000000000002C
:10845000000000000000000000000000000000001C
:10846000000000000000000000000000000000000C
:1084700000000000000000000000000000000000FC
:1084800000000000000000000000000000000000EC
:1084900000000000000000000000000000000000DC
:1084A00000000000000000000000000000000000CC
:1084B00000000000000000000000000000000000BC
:1084C00000000000000000000000000000000000AC
:1084D000000000000000000000000000000000009C
:1084E000000000000000000000000000000000008C
:1084F000000000000000000000000000000000007C
:10850000000000000000000000000000000000006B
:10851000000000000000000000000000000000005B
:10852000000000000000000000000000000000004B
:10853000000000000000000000000000000000003B
:10854000000000000000000000000000000000002B
:10855000000000000000000000000000000000001B
:10856000000000000000000000000000000000000B
:1085700000000000000000000000000000000000FB
:1085800000000000000000000000000000000000EB
:1085900000000000000000000000000000000000DB
:1085A00000000000000000000000000000000000CB
:1085B00000000000000000000000000000000000BB
:1085C00000000000000000000000000000000000AB
:1085D000000000000000000000000000000000009B
:1085E000000000000000000000000000000000008B
:1085F000000000000000000000000000000000007B
:10860000000000000000000000000000000000006A
:10861000000000000000000000000000000000005A
:10862000000000000000000000000000000000004A
:10863000000000000000000000000000000000003A
:10864000000000000000000000000000000000002A
:10865000000000000000000000000000000000001A
:10866000000000000000000000000000000000000A
:1086700000000000000000000000000000000000FA
:1086800000000000000000000000000000000000EA
:1086900000000000000000000000000000000000DA
:1086A00000000000000000000000000000000000CA
:1086B00000000000000000000000000000000000BA
:1086C00000000000000000000000000000000000AA
:1086D000000000000000000000000000000000009A
:1086E000000000000000000000000000000000008A
:1086F000000000000000000000000000000000007A
:108700000000000000000000000000000000000069
:108710000000000000000000000000000000000059
:108720000000000000000000000000000000000049
:108730000000000000000000000000000000000039
:108740000000000000000000000000000000000029
:108750000000000000000000000000000000000019
:108760000000000000000000000000000000000009
:1087700000000000000000000000000000000000F9
:1087800000000000000000000000000000000000E9
:1087900000000000000000000000000000000000D9
:1087A00000000000000000000000000000000000C9
:1087B00000000000000000000000000000000000B9
:1087C00000000000000000000000000000000000A9
:1087D0000000000000000000000000000000000099
:1087E0000000000000000000000000000000000089
:1087F0000000000000000000000000000000000079
:108800000000000000000000000000000000000068
:108810000000000000000000000000000000000058
:108820000000000000000000000000000000000048
:108830000000000000000000000000000000000038
:108840000000000000000000000000000000000028
:108850000000000000000000000000000000000018
:108860000000000000000000000000000000000008
:1088700000000000000000000000000000000000F8
:1088800000000000000000000000000000000000E8
:1088900000000000000000000000000000000000D8
:1088A00000000000000000000000000000000000C8
:1088B00000000000000000000000000000000000B8
:1088C00000000000000000000000000000000000A8
:1088D0000000000000000000000000000000000098
:1088E0000000000000000000000000000000000088
:1088F0000000000000000000000000000000000078
:108900000000000000000000000000000000000067
:108910000000000000000000000000000000000057
:108920000000000000000000000000000000000047
:108930000000000000000000000000000000000037
:108940000000000000000000000000000000000027
:108950000000000000000000000000000000000017
:108960000000000000000000000000000000000007
:1089700000000000000000000000000000000000F7
:1089800000000000000000000000000000000000E7
:1089900000000000000000000000000000000000D7
:1089A00000000000000000000000000000000000C7
:1089B00000000000000000000000000000000000B7
:1089C00000000000000000000000000000000000A7
:1089D0000000000000000000000000000000000097
:1089E0000000000000000000000000000000000087
:1089F0000000000000000000000000000000000077
:108A00000000000000000000000000000000000066
:108A10000000000000000000000000000000000056
:108A20000000000000000000000000000000000046
:108A30000000000000000000000000000000000036
:108A40000000000000000000000000000000000026
:108A50000000000000000000000000000000000016
:108A60000000000000000000000000000000000006
:108A700000000000000000000000000000000000F6
:108A800000000000000000000000000000000000E6
:108A900000000000000000000000000000000000D6
:108AA00000000000000000000000000000000000C6
:108AB00000000000000000000000000000000000B6
:108AC00000000000000000000000000000000000A6
:108AD0000000000000000000000000000000000096
:108AE0000000000000000000000000000000000086
:108AF0000000000000000000000000000000000076
:108B0000000000000000000000000000C5FEE2FEC2
:108B1000E4FEE5FEC3FEA2FEC3FEC3FEE3FEE4FEEA
:108B2000A2FEA3FEC1FEC4FEC2FEA3FEE2FEC1FE83
:108B3000C3FEC3FEC2FEA7FEC5FEC1FEE5FEC1FE2A
:108B400005FF07FFA5FEC1F6E5FEA5FEC6FEC3FEB6
:108B5000C1FEC3FEC1FE01FF06FFC3FEC3FEE6FE6B
:108B6000C2FEA1FEE1FEE5FEE6FEC4FEC2FEE5FE9B
:108B7000E2FEE3FEC1FEA4FEE5FEE3FEC1FEC5FE8D
:108B8000A1FEA3FEC3FEA2FEE4FEE5FEA2FEC4FE1D
:108B9000E4FEE5FEC3FEC1FEC4FEE2FEE7FEC4FE47
:108BA000C5FEC3FEC3FEC4FEC1FEC1FE03FFC2FE7E
:108BB000C3F6E4FEC5FEC3FEC4FEA2FEE3FEC4FE91
:108BC000E5FEE4FEE6FEC1FEC3FEE0FEC2FE82FE5E
:108BD000C3FEC2FEC3FEC2FEC2FEE2FEE1FEE4FE32
:108BE000E3FEE4FEC4FEA6FEE4FEE0FEE6FEE5FED5
:108BF000E4FEE2FE08FFC6FEE5FEE3FEC4FEA2FEC2
:108C0000C0FEC1FEC1FEC1FEA6FEE0FEC3FEC3FE65
:108C1000E5FEC4FEC1FEE5FEA2FEE5FEA2FEA3FE49
:108C2000A2FEC3FEA4FEA4FEE6FEC3FEA2FEE2FE7A
:108C3000E0FEE4FEA3FEE4FEE3FEC2FEE3FEE4FE8D
:108C4000E6FEC4FEC5FEC0FEC1FEC3FEC2FEC3FEFC
:108C5000C2FEC2FEC2FEC1FEE1FEA2FEE4FEA3FE13
:108C6000C3FEE0FEC4FEE7FEE5FEE6FE05FFE4FE11
:108C7000E3FEC4FE06FF06FFC3FEC1FEC2FEE3FE26
:108C8000C4FEE4FEE4FEC3FEA1FEA2FEC1FEE3FEBE
:108C9000E3FEA2FEC3FEA2FEC5FEA4FE82FEC7FE48
:108CA000A2F6C2FEE1FEE5FEC3FEC0FEC2FEE4FE89
:108CB000C4FEA1FEE1FEE3FEA3FEE5FEE6FEC2FE6B
:108CC000E5FEC6FEE6FEE3FEC1FE08FF06FFE3FE8C
:108CD00006FFE6FEE6FEE5FEE5FEE3FEE3FEA4FE9D
:108CE000E3FEC3FEC2FEC1FEC3FEC5FEC4FEC4FE5B
:108CF000E6FEC1FEC3FEC2FEC4FEC3FEC1FEC3FE4D
:108D0000C2FEC3FEC7FEC3FEC3FEC2FEA1F6A2FEA4
:108D1000E4FEE3FEE5FE06FF06FFE6FEE8FEC2FE19
:108D2000C1FEE7FEC4FEE7FEC2FEE1FEE2FEC1FEBA
:108D3000E4FEC3FEC3FEE5FEC2FEC3FEE3FEE5FEA7
:108D4000C6FEE8FEE5FEC6FEC4FEE4FEE3FEE4FE6B
:108D5000C2FEC4FEC3FEC2FEA4FEE5FEE5FEE6FEC4
:108D6000E3FEC5FEE7FEE5FE03FFC4FEE2FEE5FE10
:108D7000E5FEC2FEE6FEE5FEC5FEE6FEE5FEC5FE3C
:108D8000C2FEE4FEE4FEE4FEE2FEC1FEC3FEC4FE5B
:108D9000E2FEC3FEE1FE06FFE3FEC1FEC5FEE3FE0A
:108DA000C5FE05FFE2FEE4FEE5FEA3FEE1FEC3FE16
:108DB000C2FEC4FEE5FEC2FEE6FEE7FEA4FEC4FE61
:108DC000C2FEE3FE05FFC3FEE2FEC2FEC3FEE4FEFA
:108DD000C2FEC2FEC2FEC3FEC3FEE4FE01FFC4FE2D
:108DE000E5FEE7FEE7FEC6FEA7FEC7FEE4FE03FFC4
:108DF000E6FEE6FEC5FEE5FEC3FEA2FEC4FEE5FEFF
:108E0000E3FEE4FEE6FEC2FEC2FEA2FEC1FE05FFD8
:108E1000C5FEC5FEC3FEE3FEE4FEE5FEC1FEC5FEE3
:108E2000E5FEE5FEC4FEE5FEE2FEA3FEE3FEE4FE93
:108E3000E2FEC2FEC3FEE3FEE4FEC2FEE3FEE2FE8D
:108E4000C4FEE7FEC3FEA0FEE7FEC6FEE2FEA2FEF3
:108E5000E3FEE3FEE2FE82FEC3FEC2FEC3FEC2FEEE
:108E600005FFC2FEC1FEC5FEC2FEC3FEC4FEC3FEB8
:108E7000C4FEE8FEE5FEE6FEE3FEC3FEC4FEE4FE3D
:108E8000E2FEE5FEC2FEA3FEC1FE06FFE6FEC1FE57
:108E900081FEA1FEE3FEC3FEE4FEC3FEE5FE04FF89
:108EA000C2FEC2FEE5FE07FFC6FEC3FEC5FEE2FE31
:108EB000C3FEE5FE05FFE7FEE3FEC2FEC0FEC1FE07
:108EC000E2FEE5FEE7FEE6FEE6FEE7FEE5FEC2FEAA
:108ED000C3FEE3FEE3FEE4FEE5FEE7FEC4FEEAFEBB
:108EE000C4FEE7FE04FFE3FEA2FEC3FEE2FEC1FEF7
:108EF000E5FEE5FEE2FEA1FEC2FE06FF03FFA3FEC5
:108F0000E3FEC4FEC4FEE2FE05FFE4FEA4FEC5FED1
:108F100005FFE6FEE4FEE3FEC3FEC1FEE3FEE2FE65
:108F2000E3FEA1FEE3FEE3FEA0FEC1FEE5FEE5FEDC
:108F300005FFE8FEE6FEC2FE81FEE2FEC3FEC2FEC3
:108F400003FFC4FEA2FEE3FEC3FEC2FEC3FE06FF95
:108F5000C5FEC3FEC1FEA5FEC5FEE3FEE2FEC6FEE3
:108F6000E5FEE4FEC1FEA2FEC3FEC3FEE1FEE3FE9B
:108F7000C4FEE2FEC2FEC1FEA3FEA1FE06FFE2FEAB
:108F8000C0FEC3FEC2FEC4FEE4FEE5FEE5FEC3FE77
:108F9000C6FE06FF06FFA2FEA1FEC1FEE1FEC2FE66
:108FA000C0FEA2FEE2FEC0FEA1FEC3FEC4FEC1FEE4
:108FB000C2FEC2FEC4FEA4FEC1FEC3FEC5FEE6FEA6
:108FC000C2FEC3FEA1FEA5FEC5FEE3FEC1FEC2FEBB
:108FD000E4FEC2FEC3FEC3FEE2FEE5FEE3FEC2FE09
:108FE000E4FEC4FEC3FEE3FEC4FEE7FEC3FEC4FE11
:108FF000C3FEC2FEC3FEC3FEC2FEC3FEC1FEE5FE4B
:10900000A3FEE5FEE3FEC1FEC4FEC3FEE2FEC1FE1A
:10901000C4FEE3FE06FFE6FE06FFE7FEE5FEE5FE14
:10902000C4FEE3FE06FFC4FEA4FEC4FEE4FEA0FEF2
:10903000C3FEC5FEC3FEC1FEE3FEC3FEA2FEA5FE47
:10904000A1FEE4FEC3FEC4FEC2FEE2FEE5FEE7FEB4
:10905000C4FEC5FEC1FEC5FE05FF02FFA3FEA2FEC3
:1090600006FFC3FEC3FE05FFC2FEE4FEE3FE04FFEF
:10907000E4FEC3FEC1FEC4FEA2F6E5FEE5FEC6FEAA
:1090800008FFE6FEE4FEE5FEE5FEC3FEE5FEC3FEE8
:1090900008FFE4FEC3FEE7FEC2FEE5FE04FFC1FEDC
:1090A00006FFC3FEC3FE04FFC4FEE5FEE6FEE5FECA
:1090B000E5FEE4FE08FF07FFE7FEE8FEE7FEE4FE4C
:1090C00008FF07FFC4FEE4FEE3FEC2FEE2FEA1FECF
:1090D000A4FEC5FEC3FEE8FEE2FEE4FEC2FEA2FE62
:1090E000C3FEA2FEE4FEE6FEA2FEC4FEC3FEC2FE76
:1090F000A3FEE4FEC1FEC3FEE5FEE2FEC2FEC3FE29
:10910000E3FEA1FEA0F6C3FEE4FEC4FEC1FEE3FE44
:10911000E5FEC1FE06FFC3FEC6FEC5FEE3FEE4FE9D
:10912000E5FEE3FEC4FEE6FE27FFC3FEE1FEC0FE51
:10913000E2FEC4FEC3FE09FF05FFE5FEE1FEC4FE3C
:10914000C3FEC5FEE5FEE4FE04FFC4FEC2FEA1FEB2
:10915000A1FEC2FEC2FEC2FEA1FEC3FEC3FEA2F677
:10916000E2FEC2FEC2FEC5FEE3FEC3FEE3FEC0FE9B
:10917000C1FEC5FEA3FEE7FEC3F6E8FEE2FEE0FE8A
:1091800001FFE3FEE7FE07FFE6FEE5FEC6FEC6FEC4
:10919000C3FEC2FEC1FEE4FEE6FEC2FEC1FEC1FE8B
:1091A000E7FEC6FEC2FEA3FEE5FEE4FEC2FEE2FE50
:1091B000C3FEA2FEC1FEA1FEE3FEC5FEC4FEE2FEAA
:1091C000C3FEE3FEA2FEC1FEC4FEE6FE04FFC4FE33
:1091D000E2FEE4FEC4FEE7FE04FFC2FEE7FE84FEFC
:1091E000E5FEC4FEE2F6C2FEC4FEC6FEC3FEC3FE3A
:1091F000E7FEC3FEC3FEC1FEE3FEC0FEE4FE08FFC1
:10920000E4FEE6FEA1FEC2FEE2FEC5FEE7FEE2FED1
:10921000E3FEE3FEC4FEE4FEC6FEC7FEE4FEC6FEB9
:10922000A3FEE5FEE6FEE6FEE4FEE5FEE5FEE6FE66
:1092300005FFC2FEE6FEA2FEC6FEC7FEE7FEC4FEB6
:10924000E4FEC6FEE5FEE7FEC4FEE6FEC3FEE4FE67
:10925000C2FEA3FEC1FEC4FEE6FEE2F6E6FEE3FEAB
:10926000C3FEC0FE25FFC6FEA1FEC5FEC2FEE4FE93
:10927000E4FEC5FEC2FEE4FEA4FEA3FE02FFE3FE82
:10928000A1FEC2FEC2FEC2FEC3FEC4FEE4FEE4FEB8
:10929000E7FEC6FEA3FEA4FEA2FEC3FEC5FEE3FEDD
:1092A00006FFE7FE05FFA2FEE3FEA4FEE3FEE9FEE5
:1092B00007FF04FFC2FEE6FEC5FE83FEC3FEC2FE3C
:1092C00004FF28FFE6FEC2FE81FEE2FEE3FEC2FED0
:1092D000A1FEC2FEC2FEE5FEE4FEA3FEE3FE26FF03
:1092E00006FFE6FEC5FEC2FEE3FEC3FEE6FEE6FEA8
:1092F000E8FEE5FEE4FE05FF04FFC3FEA2FEE3FE7A
:10930000A1FEC4FEE6FEC2FEE1FEE4FEE4FEA1F61E
:10931000C5FEC3FEE5FEC3FEA3FEE4FEC3FEE2FE01
:10932000C6FEC3FEC5FEE4FEE4FEC4FEE4FEE5FEAA
:10933000E5FEE6FEE2FEC3FEE6FEE4FEC7FEE5FE57
:1093400005FFE5FEC2FE03FFE7FE05FFE6FEE5FEC4
:10935000E6FEC6FEE5FEE3FEA4FEC6FEE6FE07FF51
:10936000E7FEC6FEC9FEA5FEE2FEE6FEE5FEE7FE5E
:1093700005FFE6FE05FFE5FEE6FEE2FEC1FEE4FEB9
:10938000E6FEE6FEC3FEC4FE05FFE4FEC6FEC2FE28
:10939000C6FEC7FEE2FEC5FEE4FEC5FEE2FEA2FE7C
:1093A000E0FEE4FEA1FEE3FEE5FEC7FEE3FEA2FE54
:1093B000A2FEC4FEC5FEE7FEC3FEC6FEC6FEE5FE77
:1093C00004FFC2FEE2FEA2FEA4FEE4FEE6FEC5FE2F
:1093D000C3FEE7FEC4FEC3FEC2FEE6FEE5FEC4FE1B
:1093E000E7FEE6FEC3FEC3FEE2FEC0FEE4FEC7FEED
:1093F000E3FEC4FE02FF09FFE3FEE4FEC8FEC4FE76
:10940000C3FEC3FEC3FEE1FEC2FEC0FEC3FEC1FE3C
:10941000C2FEC0FEE4FEC3FEC2FE2AFF09FFC7FE75
:10942000C2FEC6FEE4FE82FEE4FEE1FEE5FEE8FECC
:10943000E5FEC2FEE5FEE3FE06FFE6FEE4FEE6FE16
:10944000C1FEC2FEE5FEC5FEC7FEC6FEE4FEC2FECC
:10945000E4FEE4FEC4FEE5FEE3FEE2FEA2FEC4FE80
:10946000E4FEE8FEE7FEC4FEC4FEA3FEE4FEC2F690
:10947000E4FEE3FEE3FEE3FEC1FEC1FE06FFC4FE22
:10948000E4FEC6FEE7FEE7FEE7FEE4FEE8FEE6FEDB
:10949000E6FEA2FEA4FEE1FEE2FEA1FEA1FEE6FEC5
:1094A000C2FEC1FEE4FEC3FEC6FEC2FE02FFE1FE36
:1094B000C2FEE5FEC1FEC6FEE5FE07FFA4FEC1FE3C
:1094C000E1FEC3F6C3FEE5FE06FFA2FEC2FEE5FE18
:1094D000E3FEE1F6C3FEC3FEE1FEE1FEC8FEE2FEEE
:1094E000E4FEE6FE03FF06FFC6FEE7FEE5FEC2FE63
:1094F000A5FEE6FEE6FEC4FEE7FEC4FEA4FEA5FE53
:10950000C6FEA4FEE5FEE6FEC1FEA1FEE8FEE5FE07
:10951000E7FEC3FE06FFC5FEE7FEE5FEC3FEE1FE75
:10952000E4FEA1FEC4FEA2FEC3FEE5FEC5FEC4FE2F
:10953000E4FEA2FEC2FEE6FEA3FEC4FEC3FEA1FE42
:10954000A2FEC1FEC2FEC2FEA2FEE6FEC7FEE5FE10
:10955000C5FEE3FEE3FEC1FEC1FEC1FEE2FEE2FE89
:10956000E1FEA2FEA4FEE3FE07FFE5FE25FFA4FE4A
:10957000E1FEE4FEA1FE02FFC3FE01FFE3FEE2FE08
:10958000C2FEE2FEE6FEC3FEC5FE04FFC3FEA0FE71
:10959000E5FEE6FEE6FEE6FEE6FEE5FEE7FEE6FEAC
:1095A000C3FEA2FEE7FE07FFC1FEE2FEE1FEC2FE31
:1095B000E5FEE6FEE3FEE7FEC2FEC4FEE3FEC2FEFB
:1095C00006FFE6FEE5FE06FFE3FEA1FEE3FEE7FE84
:1095D000E5FE05FFC4FEC1FEA2FEC2FEE3FEC4FE20
:1095E000C7FEA5FEE5FEC5FEC3FEC5FEE6FEE4FE23
:1095F000E4FEE7FEE6FEE6FEE3FEC6FEA2FEA3FEF6
:10960000C4FE07FFE4FEC0FEC3FEE4FE05FFE4FE69
:10961000C5FEC5FEE4FEE5FEE6FEC4FEA4FEC1FEF8
:10962000C3FEC2FEE4FEC3FEC3FEC4FE03FFE2FEB1
:10963000C3FEC3FE83FE27FFE3FEA6FEE6FE05FF94
:10964000C7FEA6FEC4FEE5FEA2FEC4FEE6FE06FFC1
:10965000C3FE07FFE3FEE2FEC4FEE4FEC7FEE5FE36
:10966000C3FEE3FE07FFE5FEC3FEC2FEC6FE04FF27
:10967000C3FEC5FEE4FEE4FE05FFC6FEC5FEC4FE55
:10968000E2FEA2FEC2FE83FEA3FEE5FEC4FEC2FE13
:10969000C2FEC0FEC3FEE1FEE5FEA0FEC1FEE0FE8E
:1096A000E3FEC4FEE4FE07FFA3FEE4FEE7FE08FFC0
:1096B000C5FEC2FEC1FEA4FEC1FEC2FEC2FEE5FEA4
:1096C000A2FEC2FEE6FEE3FEC2FEE3FE62F6E6FE98
:1096D000E5FEC2FEA3FEA2FE85FEE5FEC2FEE4FE9E
:1096E000E4FEE7FEE3FEA1FEA2FE05FFE5FEE4FECA
:1096F000C4FEC2FEE2FE02FFE5FEC3FEC2FE06FF9E
:10970000E4FEC3FEE4FEC4FEE2FEC5FEC2FEC3FEEE
:10971000C2FEC1FEE6FEC1FEA2FEC1FEA2FEE2FE48
:10972000C3FEC1FEE5FEE6FEA3FEA6FEE5FEC3FE09
:10973000E5FE06FFE5FEE6FEC2FEE4FE04FFA2FE35
:10974000C4FEE4FEE4FEA4FEE3FEE5FE26FFC3FE47
:10975000A1FEE3FEE2FE07FFC5FEC3FEC3FEC3FE9D
:10976000E5FEE3FEE1FEE3FEE9FEE5FEE6FEE2F6EF
:10977000E6FEE3FE03FFE7FEC6FEE7FE06FFC0FED1
:10978000E4FEC3FEC3FEC3FEC5FEE4FE0AFF08FFFF
:10979000E5FEA2FEC5FE05FFC4FEC2FEC1FEC5FE7B
:1097A000E4FEE1FE06FFE5FEE5FEC1FEC1FEE2FECF
:1097B000E7FEE7FE08FF08FFE5FEC4FEE3FEC1FE8C
:1097C000C4FEE4FEE2FEA1FEA3FEC1FEE5FEC4FE71
:1097D000E6FEE4FEE6FEE6FE05FFC2FEE4FEC3FE94
:1097E000E2FEE3FEE7FEC5FEE5FEE6FEC3FEE4FEA6
:1097F000E4FEE5FEE3FEA5FEE6FEE5FEC1FEA6FEF6
:10980000E2FEE4FEE3FEA2FEA3FEA3FEC2FEA2FE73
:10981000A2FE81F6A1FEA2FEC1FEC2FE81FEE5FE11
:10982000A4FEA4FEC8FEA3F605FFC5FEC2FEC4FE4C
:10983000E3FEC1FEC2FEC4FEA2FEC5FEE3FEC2FE02
:10984000C4FEC3FEC1FEC6FEE6FEC6FEA2FEE4FEE8
:10985000C2FEE3FEE3FEA2FE02FFE6FEC5FE05FF3A
:1098600003FFC1FEC4FEC6FEC6FEC3FEE6FEC4FE86
:10987000C4FEC5FEC3FEC3FEE2FEE2FEE3FE05FF3C
:10988000C2FEE6FEE3FEE5FEE6FEE6FE06FFE6FEBF
:10989000E6FEE5FEE5FEE4FEC2FEC4FEC0FEC5FE39
:1098A00004FFE1FEC1FEC1FEC3FEC4FE06FFE6FEEC
:1098B000E4FEE5FEE4FEE6FEE4FEA4FE81FEA1FE7B
:1098C000C1FEC1FEC1FEA3FEE4FEE7FE04FF04FFED
:1098D00007FFA6FEE7FEE3FEE3FEC5FEC4FEC5FEEF
:1098E000E7FEE5FEE7FE09FFE7FEE4FEC3FEC3FE7A
:1098F000E2FEE3FEA2FEC1FEE4FEC3FEE4FEC1FE04
:10990000E3FEE5FEE2FEE5FEC4FEC4FEE7FEE4FE85
:10991000E7FE04FFC3FEC4FEE7FEA2F6E2FEE4FE9D
:10992000E6FEE5FE06FFE5FEC5FEC4FEE0FE04FF22
:1099300004FFE9FEE7FEE4FEC4FEA1FEC3FEE5FE71
:10994000E4FEE6FEC3FEC2FEC2FEA3FEC4FE04FFAA
:10995000C2FEE5FEC5FE08FFE5FEE3FE05FFE4FEF0
:10996000C3FEC4FEE3FEC3FEC0FEC2FEC4FEE5FEAF
:10997000E4FEC0FE83FEE4FEC4FEE4FEE6FEE5FE79
:10998000E2FEE5FEC5FE07FFC4FEE6FEE7FE04FFBD
:10999000E4FEE7FEE3FEE4FEC4FEE6FEE3FEE6FED2
:1099A000C7FEC6FEC2FEE4FEA2FE05FF04FFE3FE04
:1099B000C2FEC5FEC2FEA3FEC0FEE6FEA3F6E5F6AD
:1099C000C2FEE2FEA2FEC3FEC7FEE4FEC5FE05FF28
:1099D000C3FEC0FEC1FEE3FEC2FEE1FEE3FEE3FE07
:1099E00006FF04FFE6FEE5FEC1F6A1FEE2FEC3FEB1
:1099F00006FFC3FEE2FEA5FEE4FEE4FE07FFE3FE73
:109A0000E4FE02FFE5FEE7FE28FFE3FE06FFC9FED7
:109A1000E6FE06FFE6FEE1FEC4FEC6FEC4FEA3FEB1
:109A200002FFC2FEA2FEC4FEC4FEC5FEE1FEC6FEEB
:109A3000A6FE06FFE6FEC4FEE5FEE5FEA9FEC8FEA4
:109A4000C5FEC3FEC2FEC6FEA2FEC7FEE2FEE3FEE8
:109A5000A3FEE9FEE4FEC3FE24FFE2FEE4FEE1FE17
:109A6000A2FEE1FEA2FEC5FEE1F6E5FEC6FE05FF92
:109A7000E7FEA2FEC1FEE3FEE1FEE1FEC5FE84FEBE
:109A8000C5FEC2FEA1FEE2FEC3FEC7FEC2FEC1FECF
:109A9000C1FEC2FE08FFC1FE04FFE5FEA4FEA3F660
:109AA000C3FEC3FEC4FEE3FEC4FEE5FEE3FEE9FE24
:109AB0002BFF09FFC4FEA2FEA5FEC4FEC4FEC6F62F
:109AC00082FEC6FEE6FEE9FEE4FEC5FEC5FEC3FE5E
:109AD000C5FEC4FEC1FEC3FEC4FEC4FEE1FEC1FE5F
:109AE000A2FEC1FEA3FEA2FEE4FEC2FEC3FEE7FE8E
:109AF00007FF81FE07FFE4FEA1FEC2FEC5FEC2FE17
:109B0000C1FEC3FEC3FEE0FEC3FEC3FEC1FEC2FE35
:109B1000E6FEC2FE07FFC3FEA1FEE6FEC4FEE4FEB3
:109B2000E4FEE4FEA6FEA3FEC4FEE7FE07FFC5FEBC
:109B300006FF05FF06FFE6FEE4FEC1FEE5FEE6FECB
:109B4000C3FEA1FEA1FEC1FEE7FEE5FEC5FEE5FEE9
:109B5000E7FEE5FEA2FEC2FE04FFC2FEA7FE08FF6E
:109B6000E6FEC5FEE9FE06FFE6FEC4FEC5FEE4FE17
:109B7000C2FEC3FE06FFE1FEE8FEC2FEA3FEC7FE74
:109B8000E5FEE2FE04FFE4FEC4FEE7FEE5FEC6FEDF
:109B9000E5FEC4FEC6FE07FFE6FE05FFE2FEC4FECC
:109BA000E7FEE6FEC2FEC2FEC4FEA3FEA3FEC2FEA8
:109BB000E4FEE2FEC4FEE2F6E7FE07FF07FFE2FE78
:109BC00005FFA3FEC2FEC5FE06FFE2FEC0FE06FFC5
:109BD000E5FEE4FEC3FE06FF08FFE7FEE5FEE6FE47
:109BE00003FFE7FEE3FE06FFE3FEC3FEA1FEC3FEA6
:109BF000E0FEC2FEE8FEE6FEC3FEE4FE05FFC3FE95
:109C0000C4FEE5FEE4FEE8FEC6FE26FFE4FEC3FE5B
:109C1000C3FEC3FEA4FEA3FEC2FEC4FEE4FEA3FE7A
:109C2000C7FEC5FE03FFE7FEE4FEC6FEE3FEE4FE5C
:109C3000C3FEE8FEC6FEC4FEE8FEE3FEA7FEE7FEA6
:109C4000E6FEE6FEE5FEC2FEE1FEE5FEA2FE06FF42
:109C5000C4FEC3FEE4FEC3FEE3FEE3FEC4FEA4FEB8
:109C600082FEA4FEA1FE09FFE7FEE3FEC1FEE3FEC5
:109C7000E4FEA2FE82F6C1FEC3FEC1FEA1FE04FF09
:109C8000C3FEC3F6E9FE05FFA3F6E3FE01FFC3FE34
:109C9000E5FEC3FEC2FEC0FEC1FEE4FEC4FEC4FE7D
:109CA000C4FEC5FEC5FEE2FEE1FEC3FE08FFE5FE02
:109CB00007FFE4FEC2FEC7FEE3FEC3FEC5FEE5FEEF
:109CC000C5FEC5FEE2FEE3FEC2F6E5FEE7FEA3FE2C
:109CD000E6FEE4FEC3FEC5FEC2FEE2F6E4FEE4FEDE
:109CE000E5FEE7FEE8FEE6FEE3FEE1FEC7FEE7FE78
:109CF000C2FEA3FEA2FEE4FEE5FE28FFE4FEE4FEB3
:109D0000C5FEE5FE26FFC4FEC4FEA4F6C5FEA7FE02
:109D100004FFE4FEC4FE03FFC6FEA2FEC0FEE3FE97
:109D2000C5FEA6FEC5FEE6FEE4FEE7FEA3FEE7FED8
:109D3000E4FEE5FEE5FEE4FEE5FE08FF07FFE6FEC5
:109D4000E4FEE4FEC5FEE5FEC3FEC4FEC3FEA4FEC3
:109D5000E6FEC2FEE5FEA5FEE2FEE0FEE5FEE4FE56
:109D6000E6FE80EEC2FEC3FEE5FEE2FEC4FEE6FEB7
:109D7000E6FEE4FEE4FEC2FEC3FEE6FEE5FEA3FE52
:109D8000E0FE06FFC4FEA2FEC5FEA4FEA3FEE3FEA7
:109D9000A1FEC5FEC6F6C4FEE4FEC5FEC7FE06FF74
:109DA000C4FEA6FEE5FEC5FEE4FEE7FEE3FEC2FE3F
:109DB000A5FEA5FEC3FEA2FEE4FEA4FEC1FEC5FEF6
:109DC00008FFC6FEE3FEC1FEE2FEC3FEC1FEC4FE06
:109DD000A5FEC6FEC4FEE3FEE5FEC2FEE6FEC3FE31
:109DE000C2FEE7FE04FF06FFE5FEE4FEA3FEE1FE81
:109DF000C1FEC2FEE3FEC3FEC1FEA3FEC3FEC2FE61
:109E0000E5FEC3FE04FFE2FE05FFE1FEA2FEC1FE89
:109E1000C3FEA1FEE3FEE3FEC4FEC4FEC4FE07FFD4
:109E2000E6FEE4FEC2FEA1FEA2FEC5FEE1FEE3FEEA
:109E3000C2FEA2FEE5FEE6FEA1FEE4FE06FFE2FE95
:109E4000E4FEE5FEA1F6E2FEC4FEC4FEE2FEE4FE90
:109E5000C5FEE6FEC5FE06FFE6FEC2FEC2FEC5FE6C
:109E6000E3FEA2FEC4FEC3FEE7FE03FF07FFC3FE40
:109E700004FFE5FEC3FE06FFE6FEE3FEC4FEE5FECC
:109E8000C3FEE3FEC6FEE3FEE2FE07FFC6FEC2FE21
:109E9000E6FEC4FEE5FEC5FEC5FEC4FEC6FEE1FE4E
:109EA000E5FEC4FE04FFE2FEE5FEE5FEC4FE06FF9D
:109EB000E4FEE7FE09FF08FFE4FEC3FE05FFC4FE63
:109EC000E3FEC3FEC3FEC6FEC5FEE2FEC3FEE3FE26
:109ED000C5FE03FFC4FEE4FEC3FEC1FEC1FEE3FEF9
:109EE000E4FEC2FEC2FEC4FEE6FEE4FE05FFE3FEA3
:109EF000C4FEE4FEE8FEE5FEC6FEC1F6E6FEA2F6FE
:109F0000C2FEA2F6C2FEC5FEC2FEE6FEC4FEC6FE4C
:109F1000A2F6E7FEC4FEC2FEC3FEC3FEC4FEE5FE1B
:109F200008FF07FFE5FEA5FEC7FEE7FEC2FEC4FE72
:109F3000A4FE07FF06FFE7FEE5FEA5FEC3FEC6FE84
:109F400004FF08FFC4FEC7FEC2FEC4FEE4FEE4FE3A
:109F5000C1FEE3FEE5FE04FFC3FEE3FEC4FEE4FE35
:109F6000C2FEA5FEC4FEC5FEE3FEE3FEC2FEE3FEA6
:109F7000E5FEE4FEC3FEE7FEE2FEE5FEE1FEC1FE15
:109F8000C2FEE5FE06FFE6FEE7FEC4FEE4FEE5FED9
:109F900005FFA3FEA3FEC5FEC5FEE3FE05FFC2FE50
:109FA00004FFC6FEE2FEC3FEE7FEC4FEE7FEC5FEFA
:109FB000E7FEE4FEC2FEC2FEA3FEE3FEC2FEC1FE59
:109FC00004FFC5FEA3FEC3FEC4FEC7FEE6FEE4FE1C
:109FD000E5FEE6FEC4FEE7FEE7FEC3FEE6FEE3FEA8
:109FE000A5FEC3FEE7FE05FFE4FEC4FEC2FEE9FED9
:109FF000C4FEC1FEE2FEE5FEC5FEC3FEC6FEE5FEF2
:10A00000E8FEE5FEC5FEC5FEE5FEE1FE07FFC3FE78
:10A01000A2FE07FF06FFE5FEC5F6E5FEC4FEE5FE6F
:10A02000E6FE06FFC7FEE9FE29FFE5FEA2FEA3F657
:10A03000C5F6C3FEE2FEC3FEC1FEC2FEC5FEE7FEDC
:10A04000E9FEC5FEC4FEE4FEC1FEC0FEC3FEE3FEA3
:10A05000E3FEC2FEE5FEE5FEE5FE06FFC5FEE2FE0E
:10A06000E2FEE3FEC4FEE3FEE7FEC0FEE4FEE3FE26
:10A07000C1FEC1FEC1FEC4FEC4FEC6FEC6FEE2FEB7
:10A0800005FFC2FEC2FEE6FEE4FEC5FEC3FEC2FE42
:10A09000E7FEE8FEE3FE84FEE5FEE4FEC1FEC1FE4F
:10A0A00006FFC6FEE5FEC4FEE5FEE6FEC3FEA2FE1A
:10A0B000E2FEE1FEA1FEC5FE06FF07FFC5FE06FFAC
:10A0C00006FFE1FEE8FEC7FEE7FEE7FEC6FEC7FEAE
:10A0D000C5FEE2FEC6FEE7FEC4FEA2FEE3FEC5FE2E
:10A0E000E5FE04FFA5FEE2FEA3FEA2FEC2FEC2FE46
:10A0F000E5FEE8FEE4FE24FFC3FEA4FEE4FEC3FE8C
:10A10000E5FEE3FEE3FEC3F6E6FEC1FEC0FEA7FEEB
:10A11000A4FEC2FEC5FEC1FEC4FEE2FEC7FEE7FE0F
:10A12000C7FE07FF07FFC7FEE4FEC2FEC4FEE5FE52
:10A13000C6FEE6F604FFE5FEA4F6C1FEE2FEC2FEA0
:10A14000A1FEC2FEC6FEA2FEA1FEC2FEC2FEE3FE4C
:10A1500005FFE6FEE6FE06FFC1FEA3FEC1FEA3FE6E
:10A16000A4FEA4FEA3FEE3FEE6FE85FEA4FEE5FE3D
:10A17000E6FEE4FEE3FEC3FEC4FEC5FEA5FEE5FE6C
:10A18000C8FEE6FEC1FEA4FEE6FE06FF06FFC5FE13
:10A19000E5FEC4FE04FFA4FEE1FE03FFE2FEE3FED3
:10A1A000C5FEC7FEC6FEC3FEC3FEC4FEA2FEC1F6C8
:10A1B000E5FEA1FEC6FE04FFC5FEE6FEC3FE06FFE9
:10A1C000C1FEC1FE04FFE3FEC3FEC3FEC5FE07FFE2
:10A1D00008FFC7FE05FFC7FEC4FEE4FEC3FEC2FEC5
:10A1E000C5FE04FF04FFE4FEC2FEE4FEC4FEE5FE7D
:10A1F000C3FEC3FEE3FE03F7E6FEC7FEA5FEC5FEF3
:10A20000C2FEE4FEA3FEE4FE08FF07FFE4FEE6FE56
:10A21000E5FEC2FEC2FEA2FEC2FEC2FEC4FEA2FE59
:10A22000C2FEE2FEE3FEE4FEC4FEC7FEE5FEE4FE7F
:10A23000E3FEC3FEE6FEC3FEE3FEE4FEE6FEE4FE4E
:10A24000E6FEE6FEE2FEC2FE05FFE3FEE6FEC1FE1E
:10A25000C4FEC3FEE7FEE6FEE2FE80FEE2FEE2FE94
:10A26000C2FEC2FEC2FEC4FEA3FEC4FEE6FEE4FEC3
:10A27000E5FEE3FEE4FEC1FEC4FEE6FEC4FEE4FE2F
:10A2800008FF09FFE8FE07FFE9FE05FFE5FEE7FE20
:10A29000E7FEC1FEC6FEE3FEC6FEC5FE82FE06FF69
:10A2A000C7FEC5FEC3FEC5FEC2FEE4FEE4FE05FF1A
:10A2B000E3FE03FFE5FEC3FEA3FEC5FE05FFC4FEED
:10A2C000E7FEA5FEA4FEE3FEE8FEE6FE07FFE6FECF
:10A2D000C2FEE1FEC2FEC3FEE6FEE6FE06FFE4FEAF
:10A2E0000AFFE4FEC1FEC2FEC2FEE3FE06FF04FF5B
:10A2F000C4F6E5FEC5FEC6FEC6FEE8FEE3FEC7FEEA
:10A30000E5FEE6FE05FFC1FEC1FEC3FEC4FEC2FEC1
:10A31000C2FEC2FEE5FEE7FEC3FEE3FEC2FEE4FEB1
:10A32000C4FEC2FEC1FEC2FEC7FEE5FEE5FEA3FE00
:10A33000C2FEC4FEC4FEC4FEC2FEA2FEE6FEE2FEF3
:10A34000C3FEC3FEC2FE25FFC5FEE3FE05FFE7FE1A
:10A35000A4FEA2F6E7FEE5FEE4FEC4FEE6FEE6FE8F
:10A36000C6FEA7FEE6FEE3FEC2FEC3FEA2FEE5FEBB
:10A37000E3FEC3FEA3FEA2FEC5FEA2FEC2FEC4FE15
:10A38000C1FE81FE80FE03FFC6FEC3FEE7FEC2FEE5
:10A39000E4FEE3FEC4FEC6FEE5FEE6FEE3FEE2FEEC
:10A3A000C4FEA4FEA2FEC9FEE3FEC1FEC3FEC3FEC0
:10A3B000C0FE03FFEAFEE8FEC6FEE3FEC2FEC6FEE6
:10A3C000A2FEE2FEC5FEC6FEE3FE07FFC4FE82FE5D
:10A3D000E2FEE6FEC4FEE5FEC3FEA2FEC6F6A4FE55
:10A3E000C6FEE8FEE4FEE6FEA3FEC2FEA4FEE6FE16
:10A3F00007FFC6FE06FFE7FEA7FEC4FEC3FEA2FEE1
:10A40000A2FEA2FEE6FEE4FEE2FEE2FEA5FEE5FE00
:10A41000C6FEC4FEE5FEE2FEE5FEE2FEE4FEA3FEAD
:10A42000E5FEE4FEC2FEC4FEE6FEC5FEC5FEE1F6A4
:10A43000C5FEE6FEE9FE06FFC5FEC2FEC2FE03FF44
:10A44000C2FEE1F608FFE5FEE3FEE2FEE2FEC3FE29
:10A45000E1FEE6FE08FFA5FEE5FEC6FEC1FEC2FE69
:10A46000E2FEE2FEE4FEE7FE26FFC2FEC1FEA1FE22
:10A4700008FFC3FE04FFC3FEE5FEC6FEE7FEE7FEDF
:10A48000E3FEE3FEC5FEC2FEE4FEA4FEE4FEC3FE60
:10A4900007FFE5FE07FFC5FEC4FE07FFE7FEC6FE99
:10A4A000A4FEE5FEC8FEE5FEE6FE04FFE4FE04FFB2
:10A4B000C5FEE7F6E4FE06FFC4FEE7FEA5F6E4FEF1
:10A4C000A2FEC4FEC4FEC3FEE4FEE1FEC1FEC4FE65
:10A4D000A2FEC5FEE5FEE6FEC4FEC4FEC1FEE4FE2D
:10A4E000A1FEE6FE05FFE5FEA3FEC2FEC6FEE6FEF9
:10A4F000C3FEE5FEE6FEC1FEC3FEE5FEA2FEE3FEF0
:10A50000C2FEA2FEA2FEC2FEE3FEA3FEC3FEA2FEA8
:10A51000A1FE81F6A2FEC3FEC4FEC5FEC4FEE5FE9A
:10A52000C0FEC3FEA3FEA2FEC2FEC1FEC3FEE2FE4B
:10A53000E4FEE3FEE3FEC5FEE3FEC8FE06FF05FF04
:10A54000C5FEE7FEE5FEC6FE06FFE4FEE7FEE5FE0D
:10A55000C4FEC2FEC0FEC3FE05FFC3FEC4FEC3FEB2
:10A56000E3FEA6FEC5FE05FFE4FEE4FEA2FEA1FE9C
:10A57000A0FEA2FEC2FEE3FEC6FE07FFC3FEE4FE8F
:10A58000A2FE07FFC4FEE5FEE4FE06FFE7FE05FFB0
:10A59000E5FEC2FEC4FEE5FEE6FEE3FEE5FEE6FEE7
:10A5A000C4FEC2FEE3FEC3FEC3FEE5FEC5FEC2FE60
:10A5B00005FFA4F6C1FEC3FE06FFC7FEE5FE25FFAC
:10A5C000E5FEC4FEC4FEC5FEC7FEC6FE05FFC3FE13
:10A5D000E2FEC3FEC4FEC4FE03FFE6FE05FFC4FEAA
:10A5E000C5FEE7FEE4FEE3FEE4FE05FFC2FE06FF55
:10A5F000E6FEC4FEE4FE05FFE5FEE5FEE4FEC5FE64
:10A60000C4FEC4FEE6FEC3FEC4FEE2FEC2FEC4FEFD
:10A61000C4FEC3FE23FFE4FEC2FEC4FEC5FEC5FEAB
:10A62000E4FEC3FEE7FE06FFC4FEE4FEE4FEC4FE55
:10A63000E4FE27FFA2FEE2FEC3FEE2FEE3FEC2FE50
:10A64000A4FEE5FEC2FEE4FEE6FEC2FEE5FEC2FE9C
:10A65000C3FEA4FEC1FEE4FEC3FEC4FEE4FEC6FECD
:10A66000C3FEC3FEC2FEE6FEC2FEE5FEC3FEC5FE9D
:10A67000A5FEC2FEA7FEC4FEC5FEA2FE81FEC2FE6E
:10A68000C2FEC3FEE4FEC2FEA2FEE4FE82F6C4FEEB
:10A69000C4FEE3FEE3FEE4FEE2FEE2FEC3FEE6FEEF
:10A6A000E6FEC1FEC6FEC4FEC5FEE1FEC1FEE5FE3D
:10A6B000C6FEE6FEE4FEC6FEC4FEC3FEC4FEE6FE23
:10A6C000E5FEC3FEE7FEC2FEC1FE81FE82FEC4FEC1
:10A6D000C5FE05FFE6FEC4FEC8FEC6FEC5F6C8FE02
:10A6E000C4FEC5FEC4FEE7FEA3FEC2FEC3FEC2FE5C
:10A6F000E3FEC5FEA3FEC3FEC4FEA1FEC5FEC5FE6D
:10A70000C5FE05FFE2FE07FFC5FE08FFE4FEC6FE2C
:10A71000C4FEE3FEC2FEC2FEE1FEE5FEC6FEE4FEAE
:10A72000C3FEC3FEE7FEE8FE09FFC3FEE6FEE6FE4B
:10A73000E4FEE4FE06FFE7FEE5FEC8FEA4FEC1FE61
:10A74000C3FEC4FEC3FEC2FEE3FEA4FEE6FEE5FEBB
:10A75000E5FEE5FEC5FE04FFC4FEA3FEE4FEE6FE44
:10A76000E5FEE4FEC4FEE5FEE5FEE5FEEAFEC7FE0C
:10A7700009FF03FFE3FEC5FEE6FEE1FEC4FE08FF9F
:10A78000E7FEE3FEE6FEC2FEC2FEC6FEE3FEC6FE36
:10A79000A1FEC3FEE4FEE6FEC6FEE4FEE3FEC4FE4A
:10A7A000C6FEE6FEE5FEE6FEC7FEE4FEE4FEC3FEF0
:10A7B000C3FEC6FEC2FEC6FEC5FEA3FEE4FEA6FEA6
:10A7C000C5FEC2FEC2FE06FFE5FEC3FEE5FEA2FE1A
:10A7D000E2FEE7FEE3FEE5FEC1FEC3FEC4FEC4FEEC
:10A7E000A2FEA4F604FFC4FEA2FEC3FEC1FEC1FE8B
:10A7F000E2FEA1FEE3F627FFC3FEE3FEE3FEA4FEB6
:10A80000C4FEE2FE02FFC2FEC0FEE4FEE1FEE3FE85
:10A81000C4FEE3FEE5FEC2FEA2FE83FEC5FEE5FE2B
:10A82000A2F6E7FEC5FEA2FEC3FEC5FEC2FEE6FE20
:10A83000C3FEC2FEC2F6E2FEE1FEA3FEA5FEE9FEF5
:10A84000E8FEC8FEC7FEE2FE82FE61F6A0FE61FEE3
:10A85000A3FEA2FEC4FEC7FEC6FEE6FEE6FEC6FEE0
:10A86000E3FE26FFC3F606FF05FFE3FEC4FEA1F6E6
:10A87000C1FEC5FEE6FEC7FEC2F6C7FEC5FEE4FE8B
:10A8800006FFE9FEC7FEC5FEE2FE05FFE8FE07FF84
:10A89000C3FE06FFE4FEE6FEC5FEC3FEC5FEA2FE45
:10A8A000E4FEE6FEE5FEE3FEA3FEC3FE89FE06FF30
:10A8B000C3FEE3FEE2FEE8FEA3F6E4FE08FFA3F615
:10A8C000E3FE24FFE4FEE4FEC4FEE4FEE4FEE5FE57
:10A8D000E6FEE6FE02FFC2F6C5FEE6FEC7FEC5FEC8
:10A8E000E4FEA1FEC1FEC2FEC1FEA1FEC5FE05FF43
:10A8F000C7FEC5FEE4FEC3FEE3FEE8FEA4FEE0FEE6
:10A90000E6FEE5FEC3FEC5FEE3FEC5FEE1FE06FF74
:10A9100003FFE2FE05FFC1FEE3FEE3FEE2FEE3FE0F
:10A92000C5FEE4FEA4FEE6FEA1FEA1FE04FFA3FE1A
:10A93000E5FEE4FEE7FEE8FEA7FEE5FEC3FEC6FE7A
:10A94000E4FEE6FEC4FEE6FEE5FEE4FEA1FEA2FE97
:10A95000C2FEC1FEA2FEE2FEC4FEC4FEC5FEC6FEED
:10A9600006FFC5FEC7FEE3FE06FFE5FEC0FEC3FE12
:10A97000E3FEC5FEA4FEA5FEA2FEA4FEC2FEE5FE09
:10A980000AFFE8FEC6FEE5FEC3FEC6FEE5FEC2FE09
:10A99000A3FE83FEC4FEC5FEE8FEC0FEC1FEC2FEED
:10A9A00004FFE2FEC2F6E3FEC5FEE6FE06FFE4FE9D
:10A9B000C4FEA2FEE3FEE1FE07FF07FFA2FEC2FE09
:10A9C000C5FEC1FEC2FEE6FEC0FEC1FE81F6A2FECD
:10A9D000C2FEE1FE04FFE5FEC7FEC4FEE7FEC6FEC2
:10A9E000C3FEC7FEC3FEC1FEA1FEA4FEC4FEC3FE9D
:10A9F000C5FEE4FEE5FEE6FEA5FEC5FEC4FEA3FE22
:10AA0000C1FEE4FEC4FEE4FEE6FEA2FEA3FEE5FEF9
:10AA1000E2FE06FFE9FEE6FEE9FE06FFC5FEE6FEF3
:10AA2000C6FEA5F6A1FEE1FEC5FEC1FEE1FEE6FE04
:10AA3000E6FEC4FE07FFE5FEC8FEE5FEE4FEE8FE16
:10AA4000E7FEC4FE03FFE6FEE7FEA4FEC6FE07FF28
:10AA5000A3FEA3FE04FFE6FEE1FEA1FEC2FEE3FEAE
:10AA6000C3FEA2FEC1FEE5FEC9FEC3FEC4FEC4FED7
:10AA7000E4FEE4FEC1FEC3FEC2FE07FFE6FEE2FE08
:10AA800004FF03FFE4FEE2FEA6FEE8FEA6FE07FFCB
:10AA9000C6FEC7FEE7FE05FFC4FEC1FEC5FEA4FE5E
:10AAA000C4FEE5FEA5FEC1F6C6FEC4FEE6FEC3FE7C
:10AAB000E1FEC0FEA3FEC4FE82FEA1FEE3FEE4FEB4
:10AAC00005FF04FFC8FEE5FEC5FEC3FEC2FEC5FECF
:10AAD000A6FEC3FEA3FEE3FEC5FEE5FEE3FEE4FE26
:10AAE000C3FEE4FEE5FEC4FEC2FEC4FEC1FEC4FE1B
:10AAF000E6FEC3FEA4FEE3FEC4FEA5FEE6FEC3FE24
:10AB0000E2FE06FFE6FE04FFE3FEE7FEC4FEC4FE2F
:10AB1000E6FEC3FEC1FEC4FEC4FEC4FEC3FEE3FEE9
:10AB2000C5FEC4FEE4FEC3FEC2FEC2FE07FFE6FE93
:10AB3000C4FEE4FEC5FEA4FEC5FEE2FEC5FEC2FEE6
:10AB400002FFE4FEC4FEE6FEC4FEC0FEA2FEE3FE7B
:10AB5000C3FEA2FEC2FEE6FEE7FEC4FEC2FEE3FEA8
:10AB6000A2FEC1FEC3FEC4FEE4FEE3FEE5FE05FF59
:10AB7000C4FEC2FEE3FE06FFE5FEC5FEE6FEE7FEFE
:10AB8000E8FEC3FEE6FEC3FEE4FEE3FEE8FE07FFCA
:10AB9000E8FEE8FEC6FEA5FEC4FEC3FEE4FEE5FE3A
:10ABA00005FFE6FEE8FEA1FEC4FEC4FEE4FEE7FEED
:10ABB00006FFC4FEC4FEE7FEE4FEC6FEE4FE84FE1D
:10ABC000C5FEC4FEE1FEE3FEC2FEC1FEC3FEE5FE1D
:10ABD000E4F6E7FEC5FEC3FEE6FEE6FE85F6C7FE2A
:10ABE000C1FEE5FEA1FEE4FEA3FEC4FEE3FEC3FE3D
:10ABF000A5FEC1F6A8FEE5FEE6FEA5FEC3FEC2FE6A
:10AC0000C3FEE5FEA2FEC4FEC4FE05FFE6FE27FF6E
:10AC1000C1FEE8FEC2FEE3FEC4FEE4FEC7FEA3FEE4
:10AC2000C2FEC1FEE1FEA2FEE5FEC6FEE5FEE4FEBA
:10AC3000A2FEC3FEE5FEE6FEE7FEC8FEC7FEC7FEB7
:10AC4000A5FEC5FEC4FEE5FEE6FEE4FEC2FEE2FE93
:10AC5000C7FE84FEC2FEC4FEC3FEC2FEE2FEC3FE09
:10AC6000C8FEE1FEC7FEA5FEC7FEC2FEC2FEC3FED1
:10AC7000C4FEC4FEA2FEE4FEE4FEC2FEC3FEA2FECB
:10AC8000C2FEE7FEE7FEC6FEC6FEE6FEE3FEC1FE2E
:10AC9000C1FEC7FEC3FEC7FEE7FEC6FEC5FEE6FE5A
:10ACA000C4FEC2FEA4FEC3FEE4FEC5FEC3FEC7FE94
:10ACB00006FFE5FEE2FEC1FEE5FEC5FEC4FEE1FEC6
:10ACC000E2FEC4FE07FF08FF09FFE4FEE3FEC2FE4A
:10ACD000C3FEE6FEA5FEC5FEE6FEE5FEE7FEE5FEDA
:10ACE000C5FEC5FEE4FEE7FEC4FEE7FEE7FEE6FEA7
:10ACF000C6FEC5FEE4FEC3FEE7FEE4FEE5FEE4FE9E
:10AD0000C3FEE3FEA2FEC5FEC5FEE4FEA3FEC6FE34
:10AD1000C7FEE3FEC3FEC3FEC1FEE6FEC5FE09FF9D
:10AD2000C6FEC4FEC4FEE3FE07FFC4FEC4FEA2FED0
:10AD3000C4FEC2FEC2FEE4FEE7FEA3FEC1FE05FFA6
:10AD400005FF07FFE8FEE6FEC6FE03FFC3FEE4FEC6
:10AD5000E1FEE6FEC3FEC3FE09FFE7FEE5FEE1FEFF
:10AD6000A4FEA4FEE1FEC6FEE4FE07FFE6FE08FF29
:10AD7000E7FEC4FEC4FEC8FEC3FEE9FEC4FEC3FE79
:10AD8000C4FEA4FEE5FEE4FE81FEC5FEA1FEC5FEF6
:10AD9000A2F6A4FEC5FEE5FEE6FEE5FEC4FEE5FE67
:10ADA000C2FEC3FEC6FEC3FEC4FEC3FEC6FEE7FE71
:10ADB000C5FEA4FEE4FEC3FEE3FEA3FEC3FEA2FEA8
:10ADC000C4FEC3FEE5FEC4FEC5FEC6FEC3FEC4FE51
:10ADD000A3FEC6FEC4FE03FFE5FEA6FEA2FEC3FE62
:10ADE00025FFC2FEC3FEE5FE61FE04FFC5FEC3FEF5
:10ADF000E5FEC5FEE5FEC1FEE4FEC2FEC2FEA6FE05
:10AE0000C4FEE5FE82FE81FEE7FE05FFC4FEE2FE13
:10AE1000E2FEE7FEC2FEA2FEA5FEC3FEC5FEE5FE03
:10AE2000C6FEA4FEC5FEE1FEE5FEE5FE04FFE5FE6E
:10AE3000A1FEC4FE06FFE5FEC6FE06FFC4FEC4FE7C
:10AE4000E5FEC3FEC3FEA5FEA7FEE7FEE5FEC3FECC
:10AE5000C3FEC4FEE4FEE5FEE4FEC7FE08FFE2FE1C
:10AE6000E2FEE5FEC3FEC2FE06FF07FFC5FEE7F6F3
:10AE7000C4FEC3FEE3FEC6FEC4FEE5FEE5FEA3FE81
:10AE8000A1FEC6FEE7FEE8FEE3FEC3F6E7FE06FF10
:10AE900007FFE4FEE4FEE3FEA2FEC3FEE4FE04FFC1
:10AEA00009FFE7FEC6FEC4FEC3FEE6FEE3FEC4FEE7
:10AEB00006FFE8FEE5FEC3FEE2FEA5FEE4FEE5FEBB
:10AEC000C5FEC5FEC5FEA3FEC5FEC6FEA2FEC2FEB1
:10AED000C1FEE5FEE6FEC6FEC6FEC6FEE3FEC6FEFB
:10AEE000C8FEE7FE07FFE7FEE5FEC2FEC2FEC3FEA8
:10AEF000A2FEC6FEC1FE82FEC3FEE6FEE6FEE3FE45
:10AF0000E5FEE6FEE5FEE5FE05FF28FFC7FEE6FEE0
:10AF1000C5FE82FEE1FE84FE81F6E6FEE5FE82F6D7
:10AF2000E6FEA6FEE7FEE5FEC3FEC1FEC4FEA4FEED
:10AF3000C4FEE6FEE2FEE6FEC6FEA2FEC3FEC2FEC2
:10AF4000C2FEC3FEA3FEC2FEC5FEE5FEC4FEA5FE14
:10AF5000E5FEE4FEC0FEE4FEA3FE43F6C4FEC4FE2E
:10AF6000C6FEE4FEA5FE05FFE4FE06FFA1FEE4FE2C
:10AF7000C2FEC4FEE5FEC1FEE7FEE4FEE5FEE2FE23
:10AF8000A2FEE4FEC4FEE8FEE5FEC4FEE2FEE3FE31
:10AF9000C2FEC5FEC7FEA2F6E4FEE7FEC6FEA4FEA4
:10AFA00008FF05FFC6FE07FFE6FEC6FEE6FEC3FE7F
:10AFB000C5FE04FFE7FEC7FEE4FEA5FEE5FEA1FE1A
:10AFC000E4FEE6FEE6FEE3FEC5FEC3FEC2FEE4FED0
:10AFD000C3FEC5FEE6FEC7FEC5FEE5FEE4FEA2FE1C
:10AFE000A2FEE6FEE6FEA1FEA3FEC3FEC5FEC7FE70
:10AFF000A3FE07FF08FFE5FEE6FEC6FE07FF09FF0A
:10B0000007FFA2FEE3FEE5FEE4FEC5FEE3FEE8FE6A
:10B0100027FF09FFE5FEC4FEE0FEC4FEC5FEE4FE18
:10B0200006FFE8FEE7FEE2FEA3FEE5FEE4FEC3FE49
:10B03000C5FEC1FEC3FE07FFC2FEC1FE06FFA1FEA4
:10B04000C1FEE3FEE2FEC3FEC0FEE3FEE1FEC5FE7E
:10B05000E4FEE5FEE4FEC3FEC2FEA4FEC4FEE6FE80
:10B06000E2FEC5FEC6FEA4FEE4FEA5FEA3FEC3FEF0
:10B0700085FEE6FEC7FEE6FEC2FEC5FEE7FEC3FE97
:10B08000C5FEC3FE04FFC5FEC3FEC6FEE7FEC5FE49
:10B09000E2FEA1FEC3FEE3FEC4FEE4FE03FFC4FE27
:10B0A000C5FEC3FEC3FEE1FEA3FEC6FEA7FEC4FEB0
:10B0B000C5FEA6FEE4FEA3FE25FFE7FE06FFA2FEF8
:10B0C000E4FEC5FEE5FEE6FEE4FEC5FEE7FEE5FEA7
:10B0D000C2FEC3FEE5FEA0FEA6FEC4FEC1FEE4FE67
:10B0E000C4FEA1FEA2FEE3FEC2FEC2FEE3FE05FF19
:10B0F000E5FEE3FEE4FEC5FEC6FEE3FE81FEA3FE22
:10B1000005FF06FFC5FEE2FEE4FEE3FEC4FEE5FE2B
:10B11000E7FEE9FEE8FEE5FEC4FEC4FEE5FEE7FE4E
:10B12000E7FE07FFE7FEC4F6E7FEC7FECBFEE6FE3E
:10B13000C6FEC4FEC4FEC1FEA1FEC1F6E5FE06FFCA
:10B1400005FF05FFE7FEE5FEE6FEC4FE05FFC5FEC2
:10B15000E4FEE6FEC5FEC3FEC3FEE5FEC6FEE6FE59
:10B16000C6FEC0FEE1FEC6FEE6FE05FFC6FE07FF08
:10B17000C6FEE7FEC3FEC3FEE5FE06FFE6FE08FFD1
:10B18000C3FEE5FEC3FEE6FEE5FEE8FE09FFA8FEFF
:10B19000C2FEC6FEC5FEE5FEC3FEA3FEA2FE83FE02
:10B1A000E3FEA5FEC3FEA3FE05FFE7FEC6FEA3FE6B
:10B1B000C3FEE1F608FFE4FEC1FEC4FEC4FEC2FE0B
:10B1C000E5FEC3FEC2FE07FFE8FEE3FEE5FEE7FE86
:10B1D000E4FEC6FEC3FEC5FEA2FEA2FEE4FEA3FE82
:10B1E000C4FEC3FEE5FEE4FEE4FEC4FEC1FE05FFB0
:10B1F000C6FEE5FEE3FEC3FEA4FEC7F607FFE6FEBD
:10B20000E3FEA3FEA3FEE4FEA1FEC2FEA1FEC1FE7C
:10B21000A3FEC3FEE4FEC2FEC5FEA4FEC3FEC5FE41
:10B22000C5FEC3FEE5FEC4FEC1FEE4FEC2FE07FF8E
:10B23000E5FEC3FEC2F6A4FEA3FEC4FEE4FEC1FE0C
:10B24000A1FEC1FE81FEA3F607FFC5FEE3FEC3FE1D
:10B25000C6FE07FFC4FEC6FEC1FEC4FEC1FEA3FEBD
:10B26000E2FEC4FEC6FEC5FEC1FEE4FEC5FEA5FEAE
:10B27000C2FEC4FE27FF04FF04FF06FFE6FEE2FE57
:10B28000E5FEE5FEE3FEC6FEC2FEC1FEC6FEE4FE2E
:10B29000C8FEC5FEC6F6C6FEC3FEE6FEC6FEE4FE5A
:10B2A000E4FEC6FEE6FEA5FEC4FEE6FEC4FEE7FE24
:10B2B000A4FEE6FE04FFE4FEC3FE03FFC6FE06FF97
:10B2C000E4FEC3FEE2FEE4FEC4FEE6FEC3FEE2FED2
:10B2D000C3F6E3FEC1FEC6FEE6FEA5F6A0FE06FF2F
:10B2E000E7FEC3F6A4FEE5FEE5FEC3FEE8FEC5FEEE
:10B2F000C3FE06FFC4F6E5FEC2FEC4FEE3FE08FF81
:10B30000E7FEC5FEE5FEC4FEC5FEC3FEC9FEE6FEC1
:10B31000E7FEA4FEE5FEC8FEE7FEC3FEE5FE28FF4D
:10B32000E4FEE4FEC4FEE8FEE5FEA5FEE8FE07FF3F
:10B33000C5FE06FFC2FEC5FEE4FEE2FEC2FEC1FE81
:10B34000E2FEC7FEE5FEC2FEC6FEC6FEA2FEC0FECF
:10B35000C1FEA7FEC1FEA3FEC5FEC8FEC4FEE7FEF9
:10B36000C5FEC5FEC5FEE4FEE6FEE3FEC2FEC1FE6E
:10B37000E5FEE5FE04FFC1FEA3FEE3FEC3FEA1FE63
:10B38000C2FEC0FEC3FEE5FEC5FEE6FEC2FEE4FE52
:10B39000E2FEC4FEC3FEA3FEC1FEE5FE08FFE4FE1E
:10B3A000C5FEC2FEC2FEC1FEC2FEE4FEA3FEC4FE96
:10B3B000C4FEE2FEE3FEE5FEE4FEE3FEC3FEE4FEC1
:10B3C000C5FEE7FEE3F6A3FEA2FEC1FEA2FEC5FE99
:10B3D000E1FEC5FEC3FEE4FEE6FEE8FEC4FEE5FEB9
:10B3E000E6FEE6FEC6FEE5FEC4FEC2FEA1FEC6FE09
:10B3F000C4FEC4FEE4FEE5FEE9FEA4FE07FFE7FE90
:10B40000C5FEC4FEE6FEE5FEC4FEA3FEC1FEE1FEEF
:10B41000C2FEE5FEC3FEC1FEC4FEE2FEE6FEA4FEE1
:10B42000E7FEE5FEC4FEC5FEC4FEC3F6C5FEC7FECC
:10B43000C5FE07FFC4F6C4FEE4FEE7FE06FFE1FE1C
:10B44000E7FEE7FE04FFE3FEC3FEC3FEA1FE61FECE
:10B45000C2FEA5FEA4FEE2FEC1FEE1FE80FEC4FE29
:10B46000C4FEC3FEC4FEC3FEE5FEE5FEE2FEC5FE6D
:10B47000C3FEE5FEE1FE02FFE5FEC7FEE7FE06FFB6
:10B48000C7FEE2FEC7FEC4FEE3FEA4FEC4FEC2FE8B
:10B4900082FEE3FE82F6C1FEC3FEC5FEC6FEA3F633
:10B4A000C2FEC2FEC2FEA5FEC7FEC4FEC1FEA2FED3
:10B4B000C2FEC5FEE8FEC4FE08FFE6FEE5FEC5FED0
:10B4C000A4FEE5FEC4FEE7FEA4FEC3FEC6FEA2FE89
:10B4D000C4FEC6FEA4FEE6FE06FFE7FEA5FEA2FE33
:10B4E00081FE04FFC3FEC4FEC6FEC4FEC7FE85FE89
:10B4F000E6FEC5FEE4FEE6FEE6FEC5FEC6FEE5FE91
:10B50000A4FEE5FEA7FEE5FEC6FEE5FEE4FEA3FE04
:10B51000C4FEE6FEE7FEE4FEE5FEC1FEC1FEC3FE9C
:10B52000E3FEC7FEA6FEE6FEA2FEE3FEC5FEE4FEC7
:10B53000C4FEC1FEA1FEA2FEE5FE07FFE5FE08FF78
:10B54000E6FE05FFC5FEC6FEC5FEE7FEE6FEE3FE1F
:10B55000A3FE06FFE7FEC7FEE6FEE7FEC3FE05FF0D
:10B56000E5FEE5FEC5FEC4FEC4FEC3FEE5FEC5FE67
:10B57000C7FEC3FEC2FEC2FEC2FE09FFC5FEE3FE59
:10B58000C3FEC4FEC5FE06FFE6FEE6FEC6FEE5FE01
:10B59000E6FEE3FE02FF06FFE7FEC4FEC7FEE7FE8F
:10B5A000C5FEC4FEC3FEC5FEA3FEA4FEC6FE08FF84
:10B5B000E8FEC2FEE8FEC6FEE5FEC6FEE6FEE4FECE
:10B5C000C3FEC6FEC4FEC2FE04FFC2FEA2FEE6FE2D
:10B5D000C5FEC6FEC7FEC6FEC4FEA4FEE4FEC3FE54
:10B5E000C1FEC1FEA3FEC4FEE2FEE5FEE8FE08FFCA
:10B5F000C4FEC1FEC2FEC2FE03FFC1FEE5FEC2FEE6
:10B60000C7FEE6FEA5FEC6FEE4FEE7FEE5FEE9FE99
:10B61000A3FEA6FEA2FEE6FEC3FEC3FEA5FEC4FE7A
:10B62000C5FEA3F6C2FEC2FEC3FEC1FEE4FEC4FE1A
:10B6300005FFA1FEC2FEC4FEA3FEC2FEC3FEA2FE23
:10B64000C2FEC3FEE1FEA1FEA4FEA1FEC3FEE9FE12
:10B65000C5FEA5FEE5FE04FFC3FEC1FEC2FEC2FE9E
:10B66000C2FEE4FE02FFA1FEE3FEC2FEC5FEE6FE50
:10B67000E5FEC7FEC7FEC3FEE3FEC4FEC0FEA1FE9C
:10B68000E6FEE7FE05FFC7FEC5FEA8FEE3FEC3FE1D
:10B69000C5FEC8FEE3FEC3FE06FF29FFA1FEA3FE12
:10B6A000E3FEE6FEA5FEA3FEC3FEC2FEC3FEC5FE8C
:10B6B000E6FEE5FEC5FEC2FEC2FEE5FEC2FEE6FEF9
:10B6C00008FFC5FEC6FEC5FEE8FEC5FEC4FEC4FEFC
:10B6D000C5FEE6FEE4FEA2FEE2FEC6FEE6FE04FFB6
:10B6E000E3FEE3FEC2FEC4FEC5FE08FFC4FEC3FEC9
:10B6F00007FFA3FEC2FEE4FE06FFE6FEE2FEE2FE58
:10B70000C3FEC6FEE3FEE6FEC4FEC3FEA5FEC4FE07
:10B71000E3FEC4FE83FEC5FEE6FEC6FEC3FEE4FEF7
:10B72000E8FEE4FEC4FEC5FEE8FE05FFC3FEE4FE3F
:10B73000C4FEC2FEE5FE82FEE7FE82FEC2FEC3FE3E
:10B74000C1FEC5FEA3FEC5FEE8FEE6FEC4FEC2FEC7
:10B75000C5FEC1FEE5FEC6FEC6FEC7FEE6FEE4FE71
:10B76000A2F6E4FEC4FEC6FE07FFE6FEE5FEE6FE28
:10B77000C4FE27FFE4FE07FFE6FEC3FEE4FEE5FE8F
:10B78000E5FEC4FEC5FEA5FEC2FEC4FEE6FEC4FE86
:10B7900006FFC2FEA3F6E4FEE5FEE6FEE6FEA5FE1B
:10B7A000A4FEE4FEC5FEE4FEC8FEE7FEC4FEC5FE40
:10B7B000C3FEA1FEE3FEC1FEA2FEA6FEA5FEC4FEE0
:10B7C000C5FEE6FEC4FEA3FEE7FEC6FEA6FEE5FE3F
:10B7D000E3FEC4FEC6FEA1F6E5FEC3FEA3FEA6FE82
:10B7E000C7FEA5FEA3F6C3FEC3FEC3FEC7FEC7FE8B
:10B7F000A3FEC8FEC6FEE7FEE6FEE6FEE8FEE5FEA8
:10B80000C8FEC1FEA1FEC0FEC4FEC2FEE6FE04FFED
:10B81000C3FEE4FE06FFC5FEC2F606FFE6FE07FF16
:10B82000C3FEE5FEE4FEE4FEC5FEE4FEE8FEE8FE3F
:10B83000C3FEE4FEA5FEE4FEE5FEE2FEC3FE06FF57
:10B84000C4FEE6FEE5FEC3FEE5FEC5FE08FFC5FE3E
:10B85000A2FEE5FEA3FEC6FEC4FEE3FEC3FEA3FEFB
:10B86000C3FEC2FEC4FEE3FEC5FEC4FEE5FEE4FE6A
:10B87000E6FEC5FE09FFC6FEE4FEC2FEC3FEC4FE30
:10B88000A0F6C5FEC6FEC6FEC4FEE2FEA0FEE4FEB5
:10B89000A2F6E2FEA2FEC4FEA8FEC4FE04FFA3FEC2
:10B8A000E7FEE7FEC5FEC1FEC4FEA2FE07FFC4FE22
:10B8B000C5FEC3FEE2FEE0FEC2FEC3FEC3FEC3FE43
:10B8C000C1FEC6FE06FFC2FEC6FEE8FEC6FEE3FEE1
:10B8D000C6FEE4FEC4FEE5FEC5FEA2FEC5FEA4FE55
:10B8E000C4FEA2FEC4FEE5FEC4FEC1FEC4FEE4FE2C
:10B8F000E4FEE4FEE5FEC3FEC4FEE7FEC7FEA5FED1
:10B9000007FFE6FEC6FEE1FEC6FEC3FEE7FEE8FE5A
:10B9100007FFC2F6C0FEC4FEC3FEC3FEC2FEC3FEE6
:10B92000C4FE05FFE7FEC4FEE7FEE5FEE6FEE4FE1C
:10B93000C6FEA3FEA2FEA2FEC5FEA2FEC1FE81FEC1
:10B94000A1FEC4FEC5FEC6FEC5FEE3FEC1FE07FFA6
:10B95000E5FEE7FEE6FEC8FEC7FEA6FEC4FEC6FE86
:10B96000E8FE06FF04FF07FFE4FEE5FEC4FEE7FE77
:10B97000E8FEE5FEE6FE0AFFC8FEC2FEC4FEE6FEE5
:10B98000E6FEC5FEC4FEE4FEC3FEC5FEC5FEA6FE81
:10B99000A3FEA2FEA3FEA3FEC4FEE6FEA4FEC6FE18
:10B9A00081FEA1FEC5FEA2FEA2FEA4FEA4FEC5FE6F
:10B9B000C3FEC4FEE4FEC2FEC2FEC2FEC6FEE2FE3E
:10B9C000E6FEC3FEC3FEC3FEC4FEA4FEE7FEC3FE46
:10B9D00005FFE5FEE3FEC2FEC5FEE5FEE6FE05FF51
:10B9E000C2FEE6FEE5FEC5FEE5FEE6FEE1FEA5FEC4
:10B9F000E5FEC4FEE3FEA4FEE4FEE6FEE2FEA5FED6
:10BA0000E5FEC8FEE6FEE5FEA4FEC3FEA5FEC5FEFD
:10BA1000E4FEE5FE07FFE6FEE6FEC6FE05FFE3FEEA
:10BA2000E4FEC4F6C6FEC5FEC6FEC4FEC3FEE7FEC7
:10BA300026FFC7FEC2FEC1FEC2FEE3FEC3FEE6FE57
:10BA4000E7FEC5FEA4FEA8FEC5F6E5FEC6FEC6FEE0
:10BA5000A5FEC9FE07FFC5FEE4FE06FFE6FEC6FE24
:10BA6000C6FEA2FEE6FEC7FEC3FEC7FEE5FEA4FEBE
:10BA7000E3FEC2FEC4FEE6FEE7FEC5FEE7FEE5FE0F
:10BA8000A6FEC5FEE0FEA1FEC4FEC6FEC3FEC2FECB
:10BA9000C3FEC5FEE5FEC7FEE7F6A4FEE5FEE4FE36
:10BAA000C5FEC3FEC5FEE6FE06FFC3FEC4FEC5F628
:10BAB000E7FEE8FEAAFEC7FE84F6C3FEE5FEC5FE6D
:10BAC000E4FEA2FEA5FEA1FEC3FEC4FEE3FEE3FE6D
:10BAD000A4FEE3FEA4FEE5FEC4FEA1FEA4FE07FF55
:10BAE000E4FEC5FEE6FEE5FEA2FEE5FEE5FEE8FE9E
:10BAF000E5FEA5FEC5FE06FFC5FEE9FEE6FEE5FE87
:10BB0000C3FEC3FE05FFE6FE06FFE6FEC8FEC5FE59
:10BB1000E3FEC6FEE6FEE7FEC5FEE4FEE5FEA4FE8D
:10BB2000E7FEC3FEC2FEE4FEE3FEC5FEE8FE08FF3C
:10BB3000E8FEC4FEE5FEE2FEE3FE07FF06FFC2F6F6
:10BB4000C4FE82FEE4FEC2FEC4FEC4FEC4FEE7FEE6
:10BB500008FFE5FEA4FEC2FEE3FEA3FEC3FEE6FE72
:10BB6000C5FEC4FEC4FEE5FEC3FEA8FEC5FEE7FE9C
:10BB7000C4FEC3FEE3FEC5FEE5FEC5FEC6FE07FF2E
:10BB800085FEC5FEE6FEC7FEC6FEE6FEC3FEC2FE9D
:10BB9000E3FEE6FEE2FEA2FEE5FEE7FEC7FE08FFCC
:10BBA000E7FEC6FEE5FEA2FEE5FEE7FEC3FEC3FE1F
:10BBB00006FFA5FEE7FE03FFC6FEC2FEC4FEC4FEEE
:10BBC000C3FEE5FEE5FEC5FEE6FEA4FEC4FEC4FE21
:10BBD00007FFE4FEE5FEC4F681FEE4FEE1FEA3FEFF
:10BBE000C7FEE5FEE4FEC4FE01FFC1FEC5FEE5FEA4
:10BBF000C2FEE3FEE5FEE6FEA2FEE4FEA4FEA6FE15
:10BC0000C4FEC4FEA3FEA4FEE6FEC6FEA6FEA6FE7D
:10BC1000E5FEE3FE03FF62F6A3FEC2FEE2FEA2FE25
:10BC2000A2FEC5FE08FFC4FEA1FEA3FEA3FEE6FE23
:10BC3000C3FEC2FEA5FEC4FEC1FEE8FEC4FEE3FED6
:10BC4000A1FEC3FEA3FE07FFC2FEE2FEC1FEC5FECB
:10BC5000C6FEC5FEC7FEC4FEE5FE07FFE5FEE7FE25
:10BC6000E6FEC3F6E4FEC4FE08FFC5FE29FFC4FEDF
:10BC7000E5FEE5FEC6FEC5FEC2FEA5FEE7FEC5FE6C
:10BC8000E5FEE4FEC4FEE6FEC8FEE5FEC2FEC4FE1E
:10BC9000E1FEE6FE04FFC1F6E7FEE5FEC3FEE3FEBD
:10BCA000A2FEE1FEC3FEA4FEE3FEE3FEC3F6C3F67E
:10BCB000E6FEE7FEC1FEC5FEA4FEE2FEC3FEC3FE35
:10BCC000E2FEC5FEE6FEE6FEC4FEC5FEC4FEE9FEDB
:10BCD000E6FEE6FEE6FEE4FEE6FEA6FEC6FEE5FEA7
:10BCE000E5FEC4FEE4FEE3FEA3FEC2FEE2FEC2FEEB
:10BCF000E3FEC4FEE4FEC7FEC6FEE4FEA4FE06FFAD
:10BD0000E7FEE4FEC5FEC4FE08FFC8FE83F6C5FEDE
:10BD1000E7FE04FFA7FEC6FEC3FEE4FEC5FEC7FEA7
:10BD2000C4FEA7FEE5FEE0FEE4FEA4FEC3FEA1FE07
:10BD3000E4FEC3FEC6FEC8FEC1FEE5FEE3FEE2FE73
:10BD4000E2FEC6FEC1FEE2FEC2FEA4FEC7FEE4FEA7
:10BD5000C4FEA3F6C4FEE3FEC4FEE4FEC6FEC1FEBE
:10BD6000E4FEE3FEA2FEE6FEC2FEA3FEA1F6A3FEF3
:10BD7000C1FEE6FEA1FEC1FEC3FEE4FEE3FEC5FE7B
:10BD8000A4FE83FEE3FECAFEC6FEE5FEC5FEC4FEBB
:10BD9000C3FEC6FEE6FEC6FEC4FEC4FEC5FEE6FE4B
:10BDA000E5FEE6FEC4FE05FFC7F6A5FEE4FEC3FE03
:10BDB000C5FE82FEC2FEA1FEC2FEE2FEC4FEC3FEBE
:10BDC000C5FEE5FEA3FEC2FEE8FE06FFC5FEE6FEDA
:10BDD000E7FEC2FEA3FEC6FEE7FEC4FE02FFE4FECF
:10BDE000C1FEE3FEC6FEE7FEC4FEC6FEC2FEC2FE04
:10BDF000A3FEA2FEC7FE03FFE2FEE4FEA0F6E2FE03
:10BE0000E3FEC3FEC3FE04FFA3FEE7FEC5FEA1FEE4
:10BE1000E6FEC4FEC1FEC3FEC3FEC3FEA4FE06FFD3
:10BE2000A3FEC5FEC4FEC7FEE5FEC6FEC6FEA3FE1B
:10BE3000E5FEA2FEC2FEE5FEC5FEE6FEA4F6C7FED6
:10BE4000E3FEE5FEC6FEA1FEE1FEE5FEC0FEC5FE88
:10BE5000A4F6C5FEE7FE82FEC5FEA4FEC4FEC4FE37
:10BE6000A5FEC3FEE2FEE9FEC5FEC4FEC4FEA4FEBE
:10BE7000C5FEE3FEE6FEE6FEE7FEE7FEC6FEC7FE03
:10BE8000E8FEC5FEC4FEC4FEC2FEE5FEC5FEC4FE5D
:10BE9000C6FEA5FEE7FEE8FEE9FEC8FEE7FEC6FE1A
:10BEA000C6FEC3FEA5FEC5FEE3FEC5FEC2FEC5FE80
:10BEB000C7FEE5FEE4FEC1FEE4FEA5FEE8FEA4FE2C
:10BEC000A3FEC4FEA6FEE4FEC2FEA3F6C1FEE5FE8E
:10BED000E6FEE5FEA3FEC2FEE4FEA0FEE4FEC5FE15
:10BEE000E4FEE5FEC7FEC5FE04FFC3FEA2FEC3FEE0
:10BEF000C2FEA3FE03FFA3FEE5FEE4FEE4FEC2FED7
:10BF000083FEA1FEE7FEE5FEE5FEA3FEC3FEA2FE64
:10BF1000C2FEC1FEC2FEE7FE06FFC4FEE2FEE5FE73
:10BF2000E6FE06FFE7FEA2FEC2FEE2FEC6FEE5FE5C
:10BF3000C5FEC2FEC3FEC1FEE5FEE5FEC4FEE5FE93
:10BF4000E6FEE5FEE6FEC4FEE7FEE7FEE3FEE2FEF9
:10BF5000C4FEC3FE06FFC4FEC7FE08FF09FF08FFBC
:10BF6000E6FEC5FEE7FEE8FEE8FE06FFC4FEC2FEF2
:10BF7000E6FE05FFC4FEC3FEA2FE05FFC4FEC3FE2F
:10BF8000C4FEE2FEE2FEC3FEE8FEE8FEC6FEC6FE1A
:10BF9000C4FEE6FEC6FEE4FEE6FEC2FEC4FEE4FE0D
:10BFA00007FFC4FEC2FEC2FEC3FEE5FEE6FEE5FEDE
:10BFB000C4FEE5FEC2FEC3FEC3FEA3FEE8FEC7FE4E
:10BFC000C2FEC1FEA1FEE6FEE4FEE6FEC6FEA2FE45
:10BFD000C5FEC4FEC5FEA3FEC5FEC5FEC5FEE7FE4A
:10BFE000A4FEC7FE82F6C4FEA4FEC5FEC9FEC8FEBE
:10BFF000C3FEC6FEC4FEC4FEC4FEC1FEE7FEC5FE0F
:10C00000C5FEC5FEE7FEE5FEC4FEA3F6C5FEC3FE03
:10C01000E8FE07FFE6FEE4FEE7FEE5FEC5FEE7FEFE
:10C02000C4FEC6FEC5FEC2FEC4FEC4FEC4FEE4FEDF
:10C03000A4FEC3FEA4FEE6FEC6FEC5FEA3FEE6FE0B
:10C0400007FFE6FEC1FEE1FEA3FEA1FEC5FEE8FE7F
:10C05000C5FEA5FEC5FEA4FEC6FEC5FEC3FEC2FE0D
:10C06000C0FEA1FEC8FEC4FEC3FEA6FEA5FEE5FE00
:10C07000C4FEC6FEE2FEA1FEC3FEE4FEE3FEE4FE55
:10C08000E6FEC6FEC6FEE6FEC8FEC6FEA3FEC6FE71
:10C09000E6FEE3FEA3FEC2FEC1FE82FEE6FEE5FE74
:10C0A000C2FEE3FEA3FEA6FEE5FEE6FEC6FEC1FE60
:10C0B000E3FEC3FEC5FEC3FEE5FEC4FEE4FEC4FE11
:10C0C00008FFC5FEC3FEA1FEC6FEC4FEA3FEE1FE40
:10C0D000E5FEC5FEA6FEA3FEE6FEC3FEE5FEE5FE0A
:10C0E000E7FEC3FEC4FE05FFA4FEE6FEC7FEE4FEB7
:10C0F000C5FEE3FEC2FEC3FEA7FEA3FEC3FEC5FE51
:10C10000C5FEC1FEC4FEE7FEE4FEC3FEE4FEC6FEBD
:10C11000A2F6C3FEE6FEC3FEA4FEE5FEC3FEC5FE18
:10C12000C2FEC5FEE3FEA1FEA4FEE6FEC3FEC3FE04
:10C1300004FFC5FEC1FEC4FEC6FEE2FEA5FE07FF6B
:10C14000E8FEA5FEE6FEC7FEE6FEC3FEC4FEC6FE92
:10C15000E3FEE8FEE7FEE4FEE7FEC6FEA4FEE7FE21
:10C16000C8FEC5FEC4FEE7FEA6FEE5FEC3FEE7FE72
:10C17000C4FEE6FEE8FEA4FEC5FEA7FEA4FEC2FEC7
:10C18000C5FEC6FEC8FEC7FEC5FEE5FEE6FEC6FE4F
:10C19000C9FE08FFC6FEA7FEA2FE09FFE5FEC9FE16
:10C1A000C5FEC2FEE7FEE6FEE6FEE3FEA5FEE8FEF5
:10C1B000C6FEE6FEE5FEC3FEE5F6C4FEC2FEC2FE16
:10C1C000C5FE06FFE7FEE6FE06FFE6FEA4FEC7FE8E
:10C1D000C5FEE6FE05FFE5FEC3FEC4FEC0FEC5FECD
:10C1E000E1FEC4FEC1FEC5FEE5FEE5FEA2FEC2FE06
:10C1F000A6FEC5FEC4FEE5FEE5FEE7FE06FF06FF61
:10C20000C6FEA2FEA3FEE5FEC4FEE4FE0AFFE5FEB6
:10C21000C1FEA3FEE3FEC2FEE4FEC3FEC2FEC3FEF9
:10C22000A1FEE4FEC4FE03FF03FFA6FEE6FEE5FE5C
:10C23000E5FE04FFC4FEE4FEC8FEC4FEC5FEC5FE66
:10C24000E7FEE6FEE5FEC4FEE2FE02FFC4FEC5FE1A
:10C25000E5FEE4FE06FFC5FEE5FEC4FEC4FEC6FE26
:10C26000E6FEC5FEE5FEE8FEC8FEE7FE07FF05FFA9
:10C27000E7FEE6FEC2F6E4FEA2FEE4FEE8FEE5FE10
:10C28000E4FEC5FEC5FEE8FECBFEC5FEA6FEC6FE6C
:10C29000C4FEC4FEC5FEC2FEC5FEC5F6A4FEC3FEB6
:10C2A00024FFA6FEA4FEC2FE82FEC3FEE7FEE7FE5A
:10C2B000E9FEA9FE02FF83FEC3FEE5FEE6FEE5FE03
:10C2C000C7FEC4FEC5FEE7FECAFEC7FEC3FEC2FE31
:10C2D000E4FEC5FEC2FEC2FEA3FEC7FEC4FEC7FE4C
:10C2E000E7FEC6FEA6FEC6FEE6FEE3FEE4FEC2F6DE
:10C2F000C5FE06FFC8FEE9FEE7FEE7FEC7FEE7FE55
:10C30000C5FEA1FEA6FEE1FEC1FEE4FEC3FEA3FE45
:10C31000A5FEC3FEC3FEE5FE06FFE6FEE2FEA4FEAA
:10C32000C8FE05FFA4FEC4FE86FEC5FE06FFC1FED4
:10C33000C4FEE6FEA7FEE1FEC4FEC4FEA3FEA6FE0A
:10C34000C2FEE5FEE0FEA4FEC4FEC4FEC3FEC2FEC5
:10C35000E4FEE3FE81FEE6FE07FFE2FEE6FEC7FE28
:10C36000E5FE08FFE5FE03FFA3FEC5F6C5FEA3FE3E
:10C37000C4FEE3FEE7FEC7FE06FFE6FEA3FEC1FE27
:10C38000C3FEE5FEE6FEE6FEE6FEE6FEC4FEC4FEF5
:10C3900005FFE5FEC5FEC6FEE2FEE5FEA3F6E3FEF2
:10C3A000E5FEA3FEA9FEC8FEA3FEC7FEE7FEE6FE6D
:10C3B000C3FEE3FEC3FEC4FEC5FEE6FEC9FEA4FE48
:10C3C000C2FEC2FEC8FEC4FEC4FEC5FEA3FEE5FE5C
:10C3D000E6FEA4F6A2FEC2FEC1FEC2FEA4FEC4FE9C
:10C3E000C6FEE7FEA2FEC3FEC3FE09FFE4FEC2FED8
:10C3F000C3FEE4FEE4FEC5FEC3FEC5FEE6FEE5FEAA
:10C40000A4FE85FEC6FEE3FEC7FEE8FEE6FEE4FEF1
:10C41000E4FEE5FEC6FEE6FEC6FEC8FEC7FEC6FE9C
:10C42000C6FEC6FE86FEC8FEEBFEE9FEC4F6E7FECB
:10C43000A4FEE6FEC6FEC4FEC3FEC6FEC8FEE8FEBF
:10C4400008FF02FFE6FEC4FEC5FEC4FEE2FEC6FE15
:10C45000C6FEC5FEC8FEE7FEE6FEC5FE05FFE7FE1A
:10C46000C5FEA5FE82FEE3FEC2FEC2FEA2FEA5FE42
:10C47000C3FEA5FEC4FEA3FEA2FEC2FEE3FEE5FED1
:10C4800028FFC6FEC3F6A1FEA3FEC4FEE5FEC3FE62
:10C49000E3FEE4FEC3F6E3FEC6FEC5FEA1FEA4FE77
:10C4A000A4FEC1FE06FFA2FEC3FEA3FEC1FEC2FEA5
:10C4B000A5FEE7FEE8FE85FEE3FEC3FEC2FEC5FE66
:10C4C000C3FEC6FEE8FEE8FEC5FEE5FEC3FEE6FED0
:10C4D000E3FEC2FEE2FE06FF05FFC3FEE5FEE2FE4E
:10C4E000E5FEA3FEC3FEE3FEE6FEC6FEC2FE05FFBA
:10C4F00082FE83FEA3FEE4FEE5FEE4FEA4FEA3FEB0
:10C50000E5FEE6FEC5FEE7FE03FFC5FEE3FEE6FE32
:10C5100008FFE6FEC4FEC3FEE8FEE4FEA6FEE6FE5D
:10C52000E3FEA2FEC7FEC1FE05FFE6FEA2FE29FF56
:10C5300009FFE9FE02FFA4FEE7FEE7FEE5FEE7FED7
:10C54000E6FEE5FEC4FEC5FEE7FEA4FEC3FEC5FE94
:10C55000C4FEE3FEC4FEE1FEC5FEE8FE83F6C5FEB2
:10C56000A2FEC3FEE3FEA3FEE6FEC3FEC3FEC6FEBE
:10C57000E5FE08FFE6FEE7FE29FFA5FEC7FEE7FE93
:10C58000CAFEE5FEE6FEC2FEC2FEE3FEE6FE03FFD5
:10C59000E5FEE7FEE8FEA4FEC5FEE6FEA3FEC8FE3D
:10C5A000E9FEE8FEC5F6E5FEE4FEC6FEE3FEE4FEB7
:10C5B000C3FEE6FEA5FEE6FEC4FEC3FEC5FEA3FE68
:10C5C000E4FEC7FE07FFA4FEA6FEE4FEE6FEE7FECD
:10C5D000A4FEE5FE08FF07FFC4FEC2FEC2FEE5FEA4
:10C5E000C1FEC2FEC4FE04FFA4FEC5FEA4FEA2FE60
:10C5F000C5FEC5FE84FEA7FEE7FEC1FEC5FEA3FE86
:10C60000C2FEC3FEC7FEC5FEC6FEE5FEE4FEA3FEF7
:10C61000C5FEA4FEA2FEE7FEC7FEC2FEC7FEC4FE24
:10C62000A2F6C7FEA2FEC5FEE7FEE5FEC5FEE3FEDE
:10C63000C2FEC5FEC3FEC3FEC2FEC0FEA2FEC3FE16
:10C64000A3FEE5FEC1FEA2FEC2FEA2FEC4FEC1FE26
:10C65000C3FEA2FEC2FEE5FEE5FEE7FEE6FE07FF24
:10C6600083FEE6FEC4FEA2FEC4FEE9FEE5FEC5FEB4
:10C67000A1FEC4FEE4FEA4FE04FFC3FEE6FEC6FE69
:10C68000E4FEC2FEE3FEE6FEE7FEE7FEE7FEC4FED2
:10C69000E7FEC6FEE5FEE8FEE9FE0AFFA5F6A3FEFC
:10C6A000C2FEC3FE89FEC4FEE6FEC3FEE4FEA2FE99
:10C6B000C6FEC5FEC6FEC6FEE5FEC5FEC3FEC3FE43
:10C6C000C6FEA2FEC1FEE5FEE3FEC6FEC5FEE7FE17
:10C6D000C4FEA3F6C4FEE2FEC8FEC8FEC3FEC3FE4F
:10C6E000C4FEC5FEC4FEE5FEC7FE06FFC6FEC5FECF
:10C6F000A5F6A4FEE5FEA4FE08FFE8FEC5FEA3FE27
:10C70000C6FEC6FEC6FEA8FE08FFC7FEE6FEE7FEA2
:10C71000E7FEC3FEC2FEA5FEC5FEE6FEC3FEE2FEC8
:10C72000C4FEA2FEC6FEE8FE04FFA2FEE4FEE6FE94
:10C73000A2FE83FEA4FEC5FEA1FEE3FEE4FEE9FE2A
:10C7400005FFA3FEA5FEC4FEC4FEC5FEE6FEC6FEB2
:10C75000C2FEA4FEC1FEC3FEC4FEC5FEA4FEA2FE30
:10C7600007FF07FFC5FEA5FE06FFC9FEC4FEE4FEE7
:10C77000C6FEC6FEC3FEE8FEC7FEE6FEA6FEE5FE5A
:10C78000C6F6C8FEC6FEA5FEC4FEC5FEC7FEA3FED5
:10C79000C5FE82F6C5FEC5FEC3FEA4FEC3FEC3FEF3
:10C7A000E4FEC4FEC5FEC1FEE3FEA5FEE7FEE6FE16
:10C7B000A4FEC1FEC2FE81F6C3FEC2FEE4FEC4FEBC
:10C7C000E4FEE6FEC6FEE6FEE5FE05FFC2FEA4FEB2
:10C7D00084FEE7FEC5FEE4FEE3FEC4FE09FFE4FEC0
:10C7E000C2FEC3FEC3FEE4FEC5FEE1FEE4FEA3F608
:10C7F000C2FEC6FEC7FEE6FEC0FEE6FEC4FEC3FEE7
:10C80000C5FEC7FEE3FEC5FEC5FEC3FE08FFE7FE8C
:10C81000C4FEC5FEC4FE06FFE3FEC3FEE6FEA4FEA4
:10C8200005FFE4FEC5FEE7FEE4FEE6FEA1FEC2FE55
:10C83000C3FEE4FEE6FEC5FEC8FEE8FEE2FEC5FE5F
:10C84000C4FEE6FEE5FEC5FEA1FEC4FEA4FEA4FEF7
:10C85000A1FEC3FEC5FEA5FEA3FEC6FEA4FEC5FE48
:10C86000C4FEA2FEC4FEC2FEC4FEC2FEC5FEC2F6E7
:10C87000C7FEA5FEC7FEE7FE07FFE7FEE6FEA5FE34
:10C88000C4FEE6FEE4FEE7FEE4FEC1FEC6FEC5FE13
:10C89000E7FEE6FEC5FEE6FEE5FEE3FEC7FEC6FEDB
:10C8A000C6FEA4FEC4FEE5FEC2FEC2FEE5FEC6FE56
:10C8B000E2FEA5F6C5FEC2FEC5FEE7FEC4FEC4FE4E
:10C8C000E4FEA4FEE5FEA6FEC4FEC3FEE2FEC7FE35
:10C8D00083FEC3FEC7FEE6FEE5FEE6FEC2FEE2FE06
:10C8E000E7FEA6FEC6FE84F6E6FEC3FEA4FEC4FE78
:10C8F000A3FEE5FEA4FEC6FEE6FE82FEA8FEA3FEA3
:10C90000C5FEC6FEC6FEE5FEC6FEA3FEC2FE84FE52
:10C91000C5FEC4FEC5FEC3FEC6FEC7FEC0FEA2FE27
:10C92000A3FEA4FEA3FEC4FEC3FEE6FEC5FEA1FE5A
:10C93000A3FEC2FEA5FEC6FEE7FEA1FEC3FEE6FE06
:10C94000E5FEC7FEC4FEE4FEA5FEC2FEE3FEC5FE94
:10C95000C6FEE6FEA6FEC3FE04FFE5FEE2FEC3FE43
:10C96000C5FE07FFE5FEE6FEE6FEC7FEA5F6E4FE11
:10C97000C5FEA3FEC2FEC7FE03FFE5FEC6FEC4FE63
:10C98000C4FEE4FEC5FEC7FEC5FEEAFEC2FEE9FE29
:10C99000E8FEC6FEC6FEC5FEE3FEC6FEC2FEC6FE3D
:10C9A000C3FEC4FEA1FEA4FEE5FEC4FEC4FEC3FE9B
:10C9B000C2FEC3FEA3F6C7FEE4FEC4FEE8FE07FF08
:10C9C000E7FEC8FEE7FEE7FE09FFE8FEC5FEC4FE7F
:10C9D000EAFE09FFC4FE04FFC2FEE2FEC5FEE4FE5D
:10C9E000E2FEE5FEC6FEE8FEE7FEC6FEC5FEC3FEAD
:10C9F000A0FEA1FEC3FEA4FEE3FEC3FEC5FEC4FE70
:10CA0000E5FEC3FEA1FEC2FEA6FEA1FEE3FEE9FE18
:10CA1000E7FE07FFA8FEC7FEC5FEC6FEE6FEA6FEB1
:10CA2000C7FEE8FEE5FEC5FEE4FEC4FEC4FEC5FE8C
:10CA3000C6FEC7FEE6FEC1FE84FE06FFC2FEC2FEC3
:10CA4000C2FEC5FEA3FEC5FEC4FEE6FEA2FEC4FEF7
:10CA5000A5FEC6FEC7FEE7FEC6FEC5FE82FEA2FE1E
:10CA6000C5FEA2FEA2FEA2FEC2FEC3FEE4FEE6FEDC
:10CA7000E5FE07FFE3FEA2FEC4FEC4FEA2FEC3FE67
:10CA8000C5FEA2FEA5FEE7FEE5FEE6FEC4FEA2F69A
:10CA9000C6FEC2FEE7FEE4FEC5FEE6FEC4FEC5FE1F
:10CAA000E5FEE5FEE4FE06FFC4FEC3FEE3FEC3FEB4
:10CAB000C4FEE6FEA4FE06FFE7FEE7FEC4FEA3FEFC
:10CAC000C2FEC6FEC4FEE6FEA2FEC4FEC7FE06FF10
:10CAD000C2FEA3FEE6FEC3FEC4FEE5FEA1FEC4FE4A
:10CAE000A3FEA4FEE5FEC5FEC5FEE2FEC6FEA4FE54
:10CAF000E2FEC6FEA3F6E8FEC6FEE5FEE6FEA2FEE8
:10CB0000C3FEEAFEA5FEC4FEC7FEC8FEA7FEC4FE25
:10CB1000C1FEA2FEC4FEC6FEC6FEC7FEA4FE82FE85
:10CB2000C6FEC2FEC7FEC3FEC5FEE6FEE7FEE7FE8A
:10CB3000E6FEE6FEE8FEE7FEC3FEC4FEC1FEC3FE5F
:10CB4000A5FEE8FEE5FEE5FEC3FEC3FEA3FEC1FEB4
:10CB5000C2FEA6FEE5FEE5FEE4FEC9FEE4FEC3FE5F
:10CB6000C2FEC2FEE6FEE6FEE6FEA4FEA4FEC6FE91
:10CB7000A2FEC2FEA5FEC4FE06FFC5FEE6FEC4FE82
:10CB8000E4FEA4FEC4FEC9FEE7FEC7FEC7FEE7FE44
:10CB9000E7FEC7FEC6FEC4FEA5FEC4FEE5FEE7FE38
:10CBA000A7FEC5FEA2FEC4FEC4FEC4FEA5FEC4FED2
:10CBB000E6FEC8FE05FFE4FEA3FEE3FEA4FEC2FE01
:10CBC000C4FEA0FE83FEC8FEE4FE83FEC2FEC3FEDA
:10CBD000C4FEA3FEA4FEA2FEC3FEA2FEC3FEA6FEEA
:10CBE00062FEA3FEC2FEC1FEE6FEA2F6C2FEA2FEE9
:10CBF000A3FEC2F6C4FEA2FE05FFC2F6A3FEA7FE78
:10CC0000C4FE82F605FFE6FEC5FEC1FEC1FEC6FEFD
:10CC1000C1FEC5FEC7FEA4FEE5FEA4FEE4FEA3FE23
:10CC2000A5FEC5FEC2FEC4FEE5FEE5FEE6FEA4FED0
:10CC300006FFE7FEC9FEE6FEC2FEC5FEC7FEEAFE2F
:10CC4000C2FEA2FEC7FEC4F6E7FEC6FEA4FE06FFB5
:10CC5000E7FEE7FEC4FEE3FEE8FEC5FE05FFC3FEF9
:10CC6000C2FEA7FEC5FEC6FEC7FEC3FEC2FE05FF8E
:10CC7000C6FE27FF05F7C4F6A4FE05FFE3FEE6FEA9
:10CC8000A2FEC2FEE4FEC5FEC8FEC2FEE3FEE5FE55
:10CC9000A1F6E5FEE3FEE4FE07FFE5FEA4FEA5FE29
:10CCA00007FFC7FEC8FEE6FEE7FEA1FEE0FEC2FEED
:10CCB00081FEC2FEC3FEE2FEC1FE06FFA4FEC7FE69
:10CCC00081F6C3FE82FEC5FEA4FEC3FEC5FE84FE41
:10CCD000A6FEA2F6A5FEE5FEE4FEEAFEE6FEC2FE24
:10CCE000C2FEC3FEC9FEC3FEE6FEC8FEC6FEA9FE26
:10CCF000A7FEA5FEC3FEE6FEC7FEC6FEC6FEC7FE35
:10CD0000A7FEA5FEA6FEA5FEE8FEC5FEA1F6C8FE8E
:10CD1000C7FE08FF24FF05FFC3FE05FFE4FEE5FE96
:10CD2000E7FEC6FEC4FEC6FEE6FEC6FEC3FEC5FEA8
:10CD3000E6FEC3FEA1FEC3FEC7FEA6FEA5FEC5FE1F
:10CD4000E4FEA3FEE5FEA4FEC5FEA1FEA1FEA2FE3A
:10CD5000A1FEC4FEE5FEC4FEC6FEE4FEE3FEA5FEA3
:10CD6000E5FEC3FEA4FEC4FEE4FE05FFE7FEC2FE30
:10CD7000C4FEC4FEC2FEE6FE08FFE7FEC7FEC1FE1B
:10CD8000C4FEA3F6E7FEC4FEC5FEC5FEE4FEE4FE57
:10CD9000E4FEA3FEA4FEC2FEA1FEA1FEC3FEC5FEEC
:10CDA000C5FEC2FEC1FEC2FEA3FEC1FEE4FEC3FE7E
:10CDB000E6FE08FFC4FEC6FEC7FEC6FEC4FEE6FED3
:10CDC000E8FEE5FEC6FEE7FEA4FEE5FEC2FEE3FECB
:10CDD000E3FEE6FEE5FEE7FEA5FE05FFC7FEE6FE76
:10CDE000E7FEE6FEE6FEE6FEC6FEC6FEE6FEE4FE64
:10CDF000E5FEC5FEA5FEC5FEA7FEA2FEC4FEC4FE5E
:10CE0000C1FEC3FEC3FEA6FEA2FEC2FEC2FEA2FE7D
:10CE1000A2FEC2FEA1FEC3FEA2FEC2FEA1FEC4FE91
:10CE2000E5FEC4FEC4FEC7FEE8FEE6FEE6FEE6FE44
:10CE3000C5FEC5FEC5FEC7FEA6FEE7FEC7FEE9FEAF
:10CE4000E6FEC5FEC5FEE9FE09FFC6FEC4FEA4FE61
:10CE5000E4FEE7FE08FFC6FEC4FEE7FEE8FEC6FEEF
:10CE6000E6FEE5FEA7FEE7FE07FFE6FEC5FEE9FEDD
:10CE7000E7FEC4FEC4FEC4FEC6FEC5FEE7FEE5FE38
:10CE8000C3FEA0FEE6FE83FEC2FEA2FEE7FEE6FEB5
:10CE9000C4F6C6FEE6FEE6FEE6FEA4FE00000000C6
:10CEA0000000000000000000000000000000000082
:10CEB0000000000000000000000000000000000072
:10CEC0000000000000000000000000000000000062
:10CED0000000000000000000000000000000000052
:10CEE0000000000000000000000000000000000042
:10CEF0000000000000000000000000000000000032
:10CF0000000000000000000000000000F8540004D1
:10CF1000F800000000000000000000000000000019
:10CF2000000000000000000000FCF80000FCF80415
:10CF300000FCF800000000000000000000000000FD
:10CF40000000000000000000F8000000F854000499
:10CF5000F8000000000000000000000000000000D9
:10CF60000000000000000000D8580020D85C00EF4E
:10CF7000D85C005500000000000000000000000028
:10CF8000000000000000000000FCF83C00FCF8EF8E
:10CF900000FCF8510000000000000000000000004C
:10CFA0000000000000000000D85C004DD85C00EFDD
:10CFB000D85C0041000000000000000000000000FC
:10CFC0000000000000000000D8580014D85C009257
:10CFD000D85C0079D85C0065F880000000FCF8306F
:10CFE00000FCF86D001CF86D0070F89200FCF8FF72
:10CFF0000088F89E0020F86D00FCF86D00FCF83405
:10D0000000000000D85C0069D85C0079D85C009210
:10D01000E05C0028000000000000000000000000AC
:10D020000000000000000000000000000000000000
:10D03000D85C0096D85C00D3D058001C18D4E07D92
:10D0400000E4F8FF001CF8FF0040F8FF00FCF8FFC8
:10D050000054F8FF001CF8FF00E8F8FF18D8E88239
:10D06000E0600018D85C00DBD85C009A000000008B
:10D0700000000000000000000000000000000000B0
:10D0800000000000000000000000000000000000A0
:10D0900000000000E05C0018D85C00FB783470FFF2
:10D0A0000000F8FF0000F8FF0040F8FF00FCF8FF68
:10D0B0000054F8FF0000F8FF0000F8FF703078FF20
:10D0C000D85C00FFD85C00100000000000000000E9
:10D0D0000000000000000000000000000000000050
:10D0E0000000000000000000000000000000000040
:10D0F00000000000C0600008D85C00594890B0A251
:10D1000000A8F8FF00A8F8FF00BCF8FF00FCF8FF3B
:10D1100000C4F8FF00A8F8FF00A8F8FF4090B0A6F0
:10D12000D85C0059D064000400000000000000003A
:10D1300000000000000000000000000000000000EF
:10D1400000000000000000000000000000000000DF
:10D1500000000000C0400004D85C003048C8A88A25
:10D1600028E0D0FF08FCF8FF00FCF8FF00FCF8FF07
:10D1700000FCF8FF08FCF8FF28E0D0FF48C8A892A0
:10D18000D85C0030A854000400000000000000003B
:10D19000000000000000000000000000000000008F
:10D1A000000000000000000000000000000000007F
:10D1B00000000000E05C0014D85C00FBD85C00FFBD
:10D1C000D86000FF18ECE0FF00FCF8FF00FCF8FF5F
:10D1D00000FCF8FF18E8E0FFD85C00FFD85C00FF17
:10D1E000D85C00FFC85C000C0000000000000000DC
:10D1F000000000000000000000000000000000002F
:10D20000000000000000000000000000000000001E
:10D21000D85C0086D85C00D7D85C00FFD85C00FFE3
:10D22000D85C00FF1834E0FF002CF8FF002CF8FF5A
:10D23000002CF8FF2034E0FFD85C00FFD85C00FF32
:10D24000D85C00FFD85C00D3D85C008E00000000E2
:10D2500000000000000000000000000000000000CE
:10D260000000000000000000D05C000CD85C004909
:10D27000D85C00BED85C00FFD85C00FFD85C00DF43
:10D28000D85C08B61008E8F70000F8FF0000F8FFC7
:10D290000000F8FF1808E8F7D85C00B2D85C00DBA3
:10D2A000E05C00FFD85C00FFD85C00C3D85C004D98
:10D2B000D85800140000000000000000000000002A
:10D2C00000000000F8540004D8600028D85C00FF7B
:10D2D000D85C00FFE06000FFD85C00FFD85C008EE7
:10D2E0000000F8040004F8DF0004F8FF0004F8FF71
:10D2F0000004F8FF0004F8DF00000000D860008A96
:10D30000D85C00FFE05C00FFD85C00FFD85C00FF49
:10D31000E05C0049F8540004000000000000000038
:10D32000F8FCF800E07020C3D85C00DFD85C00FF98
:10D33000D85C00FFD86000FFE05C00FFD85C008E86
:10D3400000FCF80400DCF8DF00DCF8FF00DCF8FF8C
:10D3500000DCF8FF00DCF8DF00000000D85C008A89
:10D36000D86000FFD85C00FFD86000FFD85C00FFE9
:10D37000D85C00E3D86408AEF8FCF80000000000B8
:10D3800000000000E07018DBD85C00FFD85C00FFF4
:10D39000E05C00FFD85C00F7D85C009AE05C0055C8
:10D3A00000ACF8040098F8E30098F8FF0098F8FF44
:10D3B0000098F8FF0098F8DF00000000D85C0051EA
:10D3C000E05C009AD85C00FBE05C00FFD85C00FFEA
:10D3D000D85C00FFE06C18DBF8FCF80400000000EB
:10D3E00000000000D86000C7D85C00FFD85C00FFD8
:10D3F000D86000FFD85C00EBD0680004000000009B
:10D400000000F8040000F8DF0000F8FF0000F8FF5B
:10D410000000F8FF0000F8DF00000000000000003E
:10D4200000000000D85C00F3D85C00FFE06000FF63
:10D43000D85C00FFE06C18DBF8FCF804000000008A
:10D4400000000000D85C00C7D85C00FFE05C00FF73
:10D45000D86000FFD85C00E7D0680004000000003E
:10D46000000000000000F8000000F8450000F8FF90
:10D470000000F8550000F800000000000000000067
:10D4800000000000D85C00F3D85C00FFD85C00FF0F
:10D49000D86000FFE06810D7F8FCF800000000003A
:10D4A00000000000D85C005DD85C007DD85C00798D
:10D4B000D85C007DD85C0071F8800004000000009A
:10D4C00000000000000000000000F8200000F879D3
:10D4D0000000F8280000000000000000000000002C
:10D4E00000000000D85C0075D8600079D85C007935
:10D4F000D85C007DE0681065F8FCF80000000000D2
:10D50000000000000000000000000000000000001B
:10D51000000000000000000000000000000000000B
:10D5200000000000000000000000000000000000FB
:10D5300000000000000000000000000000000000EB
:10D5400000000000000000000000000000000000DB
:10D5500000000000000000000000000000000000CB
:10D5600000000000000000000000000000000000BB
:10D5700000000000000000000000000000000000AB
:10D58000000000000000000000000000000000009B
:10D59000000000000000000000000000000000008B
:10D5A000000000000000000000000000000000007B
:10D5B000000000000000000000000000000000006B
:10D5C000000000000000000000000000000000005B
:10D5D000000000000000000000000000000000004B
:10D5E000000000000000000000000000000000003B
:10D5F000000000000000000000000000000000002B
:10D60000000000000000000000000000000000001A
:10D61000000000000000000000000000000000000A
:10D6200000000000000000000000000000000000FA
:10D6300000000000000000000000000000000000EA
:10D6400000000000000000000000000000000000DA
:10D6500000000000000000000000000000000000CA
:10D6600000000000000000000000000000000000BA
:10D6700000000000000000000000000000000000AA
:10D68000000000000000000000000000000000009A
:10D69000000000000000000000000000000000008A
:10D6A000000000000000000000000000000000007A
:10D6B000000000000000000000000000000000006A
:10D6C000000000000000000000000000000000005A
:10D6D000000000000000000000000000000000004A
:10D6E000000000000000000000000000000000003A
:10D6F000000000000000000000000000000000002A
:10D700000000000000000000000000000000000019
:10D710000000000000000000000000000000000009
:10D7200000000000000000000000000000000000F9
:10D7300000000000000000000000000000000000E9
:10D7400000000000000000000000000000000000D9
:10D7500000000000000000000000000000000000C9
:10D7600000000000000000000000000000000000B9
:10D7700000000000000000000000000000000000A9
:10D780000000000000000000000000000000000099
:10D790000000000000000000000000000000000089
:10D7A0000000000000000000000000000000000079
:10D7B0000000000000000000000000000000000069
:10D7C0000000000000000000000000000000000059
:10D7D0000000000000000000000000000000000049
:10D7E0000000000000000000000000000000000039
:10D7F0000000000000000000000000000000000029
:10D800000000000000000000000000000000000018
:10D810000000000000000000000000000000000008
:10D8200000000000000000000000000000000000F8
:10D8300000000000000000000000000000000000E8
:10D8400000000000000000000000000000000000D8
:10D8500000000000000000000000000000000000C8
:10D8600000000000000000000000000000000000B8
:10D8700000000000000000000000000000000000A8
:10D880000000000000000000000000000000000098
:10D890000000000000000000000000000000000088
:10D8A0000000000000000000000000000000000078
:10D8B0000000000000000000000000000000000068
:10D8C0000000000000000000000000000000000058
:10D8D0000000000000000000000000000000000048
:10D8E0000000000000000000000000000000000038
:10D8F0000000000000000000000000000000000028
:10D900000000000000000000000000000000000017
:10D910000000000000000000000000000000000007
:10D9200000000000000000000000000000000000F7
:10D9300000000000000000000000000000000000E7
:10D9400000000000000000000000000000000000D7
:10D9500000000000000000000000000000000000C7
:10D9600000000000000000000000000000000000B7
:10D9700000000000000000000000000000000000A7
:10D980000000000000000000000000000000000097
:10D990000000000000000000000000000000000087
:10D9A0000000000000000000000000000000000077
:10D9B0000000000000000000000000000000000067
:10D9C0000000000000000000000000000000000057
:10D9D0000000000000000000000000000000000047
:10D9E0000000000000000000000000000000000037
:10D9F0000000000000000000000000000000000027
:10DA00000000000000000000000000000000000016
:10DA10000000000000000000000000000000000006
:10DA200000000000000000000000000000000000F6
:10DA300000000000000000000000000000000000E6
:10DA400000000000000000000000000000000000D6
:10DA500000000000000000000000000000000000C6
:10DA600000000000000000000000000000000000B6
:10DA700000000000000000000000000000000000A6
:10DA80000000000000000000000000000000000096
:10DA90000000000000000000000000000000000086
:10DAA0000000000000000000000000000000000076
:10DAB0000000000000000000000000000000000066
:10DAC0000000000000000000000000000000000056
:10DAD0000000000000000000000000000000000046
:10DAE0000000000000000000000000000000000036
:10DAF0000000000000000000000000000000000026
:10DB00000000000000000000000000000000000015
:10DB10000000000000000000000000000000000005
:10DB200000000000000000000000000000000000F5
:10DB300000000000000000000000000000000000E5
:10DB400000000000000000000000000000000000D5
:10DB500000000000000000000000000000000000C5
:10DB600000000000000000000000000000000000B5
:10DB700000000000000000000000000000000000A5
:10DB80000000000000000000000000000000000095
:10DB90000000000000000000000000000000000085
:10DBA0000000000000000000000000000000000075
:10DBB0000000000000000000000000000000000065
:10DBC0000000000000000000000000000000000055
:10DBD0000000000000000000000000000000000045
:10DBE0000000000000000000000000000000000035
:10DBF0000000000000000000000000000000000025
:10DC00000000000000000000000000000000000014
:10DC10000000000000000000000000000000000004
:10DC200000000000000000000000000000000000F4
:10DC300000000000000000000000000000000000E4
:10DC400000000000000000000000000000000000D4
:10DC500000000000000000000000000000000000C4
:10DC600000000000000000000000000000000000B4
:10DC700000000000000000000000000000000000A4
:10DC80000000000000000000000000000000000094
:10DC90000000000000000000000000000000000084
:10DCA0000000000000000000000000000000000074
:10DCB0000000000000000000000000000000000064
:10DCC0000000000000000000FFFF9EFFFCEE59E690
:10DCD00096D5D3CCF3CCB6D559E6FCEE9EFFFFFF2C
:10DCE0000000000000000000000000000000000034
:10DCF0000000000000000000000000000000000024
:10DD00000000000000000000000000000000000013
:10DD10000000000000000000000000000000000003
:10DD200000000000000000000000000000000000F3
:10DD300000000000000000000000000000000000E3
:10DD400000000000000000000000000000000000D3
:10DD500000000000000000000000000000000000C3
:10DD600000000000000000000000000000000000B3
:10DD700000000000000000000000000000000000A3
:10DD80000000000000000000000000000000000093
:10DD90000000000000000000000000000000000083
:10DDA0000000000000000000000000000000000073
:10DDB0000000000000000000000000000000000063
:10DDC0000000000000000000000000000000000053
:10DDD0000000000000000000000000000000000043
:10DDE0000000000000000000000000000000000033
:10DDF0000000000000000000000000000000000023
:10DE00000000000000000000000000000000000012
:10DE10000000000000000000000000000000000002
:10DE200000000000000000000000000000000000F2
:10DE300000000000000000000000000000000000E2
:10DE4000000000007EFFD3DCECD2A7E1E3E862F83B
:10DE500061F860F880F8A0F8E0F820F940F960F97E
:10DE600080F980F980F940F940F900F9C0F880F8AC
:10DE700060F840F861F8A3E804E108D22DCBF3CCB8
:10DE80003CF7FFFF00000000000000000000000061
:10DE90000000000000000000000000000000000082
:10DEA0000000000000000000000000000000000072
:10DEB0000000000000000000000000000000000062
:10DEC0000000000000000000000000000000000052
:10DED0000000000000000000000000000000000042
:10DEE0000000000000000000000000000000000032
:10DEF0000000000000000000000000000000000022
:10DF00000000000000000000000000000000000011
:10DF10000000000000000000000000000000000001
:10DF200000000000000000000000000000000000F1
:10DF300000000000000000000000000000000000E1
:10DF400000000000000000000000000000000000D1
:10DF500000000000000000000000000000000000C1
:10DF600000000000000000000000000000000000B1
:10DF700000000000000000000000000000000000A1
:10DF80000000000000000000000000000000000091
:10DF90000000000000000000000000000000000081
:10DFA0000000000000000000000000000000000071
:10DFB0000000000000000000000000000000000061
:10DFC00000000000000000001CF710DCA6F182F841
:10DFD00080F8E0F8A0F960FA00FBA0FBE0EB41E478
:10DFE00021CC01BCC1B3A2A3A2A3839B839383933F
:10DFF0008393839383936393839BA29BA2A3C2ABDC
:10E00000E1BB21CC41DC00ECA0FB20FB80FAC0F995
:10E0100000F960F800F861E8C7C992CC5DF700002C
:10E0200000000000000000000000000000000000F0
:10E0300000000000000000000000000000000000E0
:10E0400000000000000000000000000000000000D0
:10E0500000000000000000000000000000000000C0
:10E0600000000000000000000000000000000000B0
:10E0700000000000000000000000000000000000A0
:10E080000000000000000000000000000000000090
:10E090000000000000000000000000000000000080
:10E0A0000000000000000000000000000000000070
:10E0B0000000000000000000000000000000000060
:10E0C0000000000000000000000000000000000050
:10E0D0000000000000000000000000000000000040
:10E0E0000000000000000000000000000000000030
:10E0F0000000000000000000000000000000000020
:10E10000000000000000000000000000000000000F
:10E1100000000000000000000000000000000000FF
:10E1200000000000000000000000000000000000EF
:10E1300000000000000000000000000000000000DF
:10E140000000000000000000000000000000DFFFF1
:10E1500014ED66F940F800F900FA00FBC0FB41DC61
:10E16000E1BB829B638B457B47634863C96B0A7441
:10E170008A7C0B854C958C958C958C958C95AD9562
:10E180008D958D95AD958C958C958D958C956C9583
:10E190000C8DAB7C4A74C96B686327634573648BD1
:10E1A000629BE1B341DCC0FB00FB00FAE0F800F841
:10E1B00020E8C3B831C4DFFF000000000000000009
:10E1C000000000000000000000000000000000004F
:10E1D000000000000000000000000000000000003F
:10E1E000000000000000000000000000000000002F
:10E1F000000000000000000000000000000000001F
:10E20000000000000000000000000000000000000E
:10E2100000000000000000000000000000000000FE
:10E2200000000000000000000000000000000000EE
:10E2300000000000000000000000000000000000DE
:10E2400000000000000000000000000000000000CE
:10E2500000000000000000000000000000000000BE
:10E2600000000000000000000000000000000000AE
:10E27000000000000000000000000000000000009E
:10E28000000000000000000000000000000000008E
:10E29000000000000000000000000000000000007E
:10E2A000000000000000000000000000000000006E
:10E2B000000000000000000000000000000000005E
:10E2C000000000000000000000000000000000004E
:10E2D0000000000000000000F4F4A2F8A0F8E0F94B
:10E2E00020FBE0F321C4829B4483466B69632A745C
:10E2F000EB848C95AD95AC9D8C954C8DCB844A74FC
:10E300000974A96B6863676B6773667B667B667B62
:10E31000657B657B667B667B6773676B686B886311
:10E32000E96B4A748B842B8D8C958D95AD9DAC9546
:10E330008C950C8D4A748863466B448382A321CCF0
:10E34000E0F3C0FA80F960F820F0A2B896D500009A
:10E3500000000000000000000000000000000000BD
:10E3600000000000000000000000000000000000AD
:10E37000000000000000000000000000000000009D
:10E38000000000000000000000000000000000008D
:10E39000000000000000000000000000000000007D
:10E3A000000000000000000000000000000000006D
:10E3B000000000000000000000000000000000005D
:10E3C000000000000000000000000000000000004D
:10E3D000000000000000000000000000000000003D
:10E3E000000000000000000000000000000000002D
:10E3F000000000000000000000000000000000001D
:10E40000000000000000000000000000000000000C
:10E4100000000000000000000000000000000000FC
:10E4200000000000000000000000000000000000EC
:10E4300000000000000000000000000000000000DC
:10E4400000000000000000000000000000000000CC
:10E4500000000000000000000000000000000000BC
:10E46000B6F524F9A0F800FA60FB21DCC2AB4483C6
:10E47000466BC96BCB846C95AD95AD9D6C95EB846B
:10E480002A74A86B467344836393A2A3E1C321DC7F
:10E4900000ECC0FBA0FB40FB00FBC0FAC0FA60FA36
:10E4A00060FA60FAA0FAC0FAE0FA20FB80FBC0FB39
:10E4B000E0F320E401CCC1B3829B438B457B676BC7
:10E4C000C96B6A7C2C8D8C95AD9DAD9D6C958B7CBC
:10E4D000886B4673639301BCE0EBC0FA40F920F807
:10E4E000C3B014CDFFFF00000000000000000000DA
:10E4F000000000000000000000000000000000001C
:10E50000000000000000000000000000000000000B
:10E5100000000000000000000000000000000000FB
:10E5200000000000000000000000000000000000EB
:10E5300000000000000000000000000000000000DB
:10E5400000000000000000000000000000000000CB
:10E5500000000000000000000000000000000000BB
:10E5600000000000000000000000000000000000AB
:10E57000000000000000000000000000000000009B
:10E58000000000000000000000000000000000008B
:10E59000000000000000000000000000000000007B
:10E5A000000000000000000000000000000000006B
:10E5B000000000000000000000000000000000005B
:10E5C000000000000000000000000000000000004B
:10E5D000000000000000000000000000000000003B
:10E5E0000000000000000000FFFF34F524F960F98E
:10E5F00000FB21E4C2AB448347632A744C8DAC9585
:10E60000AD95AD952C8D2A74876B257B6293E1BB0C
:10E6100041ECA0FBE0FA20FA40F960F840F801F87C
:10E6200001E822D824C824B825A846A046A04790CF
:10E6300047904790469846A025A825B024C023D0EF
:10E6400002E083F020F840F8C0F8A0F980FA40FB1F
:10E65000E0F321DCC2AB238B2573886B4A742C8DCD
:10E66000AC9DAD958C95EB84A96B266B829B62ABC0
:10E67000829AC0F960F821E049B2BEFF00000000B4
:10E68000000000000000000000000000000000008A
:10E69000000000000000000000000000000000007A
:10E6A000000000000000000000000000000000006A
:10E6B000000000000000000000000000000000005A
:10E6C000000000000000000000000000000000004A
:10E6D000000000000000000000000000000000003A
:10E6E000000000000000000000000000000000002A
:10E6F000000000000000000000000000000000001A
:10E700000000000000000000000000000000000009
:10E7100000000000000000000000000000000000F9
:10E7200000000000000000000000000000000000E9
:10E7300000000000000000000000000000000000D9
:10E7400000000000000000000000000000000000C9
:10E7500000000000000000000000000000000000B9
:10E7600000000000000000000000000000000000A9
:10E7700000000000DBFEA6F9C0F960FB21D4639322
:10E78000266BC96B2C8DAC95AC9DAC9D6C954A7479
:10E79000676B247BA2AB20E4A0FB80FA40F920F851
:10E7A00001F823D825A848884A606C406E18900864
:10E7B000900090009000900011111111F110922121
:10E7C000944A9000343A922190009000900090007A
:10E7D000900072298F104F496B504970279024B8D0
:10E7E00002E000F860F880F9A0FAC0FB21DCA2A3E7
:10E7F000247B676B0A742C8DAD9DAC9D2A74664A90
:10E800002763438B21C4A0FBC0F940F821D810BC7A
:10E8100000000000000000000000000000000000F8
:10E8200000000000000000000000000000000000E8
:10E8300000000000000000000000000000000000D8
:10E8400000000000FFFF18EE2DE304F941F821F865
:10E8500021F861E049BABFFF00000000000000009D
:10E8600000000000000000000000000000000000A8
:10E870000000000000000000000000000000000098
:10E880000000000000000000000000000000000088
:10E890000000000000000000000000000000000078
:10E8A0000000000000000000000000000000000068
:10E8B0000000000000000000000000000000000058
:10E8C0000000000000000000000000000000000048
:10E8D0000000000000000000000000000000000038
:10E8E0000000000000000000000000000000000028
:10E8F00000000000000000000000000000009EFF7B
:10E90000C6F980F960FB21CC438B47634A748C9530
:10E91000AC9DAC9DAD952C8DC96B4673629321D493
:10E9200080FB20FAC0F800F843D867A06A68717AC3
:10E930009000900090009000900090009000900057
:10E94000900070009000B1089000D3311111B229ED
:10E950009000944A9000D10890009000D008522175
:10E96000D331944AD108B108343A52193119900080
:10E9700090008F086C38497046A023D800F8C0F882
:10E9800020FA60FB21E482A3247B085BC5316C95EF
:10E99000AD958C958B7C4763438B21CC40FB40F934
:10E9A00000F8C3B83CEF00000000000000000000C9
:10E9B0000000000000000000000000000000000057
:10E9C00000000000000000000000000000007DFFCB
:10E9D00049F240F860F9A0FA80FBE0F301DC21D4B1
:10E9E00000E4A0FBC0F920E818CE00000000000001
:10E9F0000000000000000000000000000000000017
:10EA00000000000000000000000000000000000006
:10EA100000000000000000000000000000000000F6
:10EA200000000000000000000000000000000000E6
:10EA300000000000000000000000000000000000D6
:10EA400000000000000000000000000000000000C6
:10EA500000000000000000000000000000000000B6
:10EA600000000000000000000000000000000000A6
:10EA70000000000000000000000000000000000096
:10EA80000000000000000000000014FD00F9E0FAA2
:10EA900021DC6393476B6A7C8C95AD9DAC9DAD95F5
:10EAA0004C8DE973257382A320ECE0FA20F920F85D
:10EAB00023D0A8A06B486F10343A52199000D008A8
:10EAC00090006F106E1890089000900090009000D9
:10EAD00070009000900090007221B0089000111119
:10EAE000343AB7739BADB00890009000D3315663B1
:10EAF0009AAD7CCED773155B900052219000333ACB
:10EB0000343A9000900090009000B0088F106B484D
:10EB1000478844D000F8E0F862B24439A1BB438B87
:10EB2000676B6A7C6C95AD9D8C956A7C266B829B2D
:10EB300021E460FA80F821D851BC000000000000F8
:10EB400000000000000000000000000000000000C5
:10EB50000000000000000000FFFFABF2A0F840FA48
:10EB6000C0F301C463934573686BC96B4A746A7CD4
:10EB700009744863E2ABA0F9829000000000000035
:10EB80000000000000000000000000000000000085
:10EB90000000000000000000000000000000000075
:10EBA0000000000000000000000000000000000065
:10EBB0000000000000000000000000000000000055
:10EBC0000000000000000000000000000000000045
:10EBD0000000000000000000000000000000000035
:10EBE0000000000000000000000000000000000025
:10EBF0000000000000000000000000000000000015
:10EC00000000000000000000000000000000000004
:10EC100000000000FFFF48FA00FA00F4C2AB066BE8
:10EC20002A746C95AC95AD95AC9D8C954A7C266B01
:10EC3000829B21ECC0FAC0F801F025B84A686E1832
:10EC40009000333AD10856637221F3316D28488819
:10EC500002D820F840F842F06B509000700090000D
:10EC60009000900090007442187C11119000143AAA
:10EC7000900090005884F1103119343A7221944A6E
:10EC80005AA5FFFFD994543A7663922190009000E0
:10EC900070009000900090009000B0081111B3290E
:10ECA0007663F331AF10C8508A5243A840F8A0F9F8
:10ECB00060FB21D4438B476B8A7C8D95AD956C9519
:10ECC000C96B247301C460FB00F920F029B2FFFF77
:10ECD0000000000000000000000000000000000034
:10ECE00000000000FCFEA1F800FAE0F3E2B3247B90
:10ECF0008863CB844C952C8D6C95AC95AD95AD9D72
:10ED0000AC9DAD954773E0FA61B0318C0000000016
:10ED100000000000000000000000000000000000F3
:10ED200000000000000000000000000000000000E3
:10ED300000000000000000000000000000000000D3
:10ED400000000000000000000000000000000000C3
:10ED500000000000000000000000000000000000B3
:10ED600000000000000000000000000000000000A3
:10ED70000000000000000000000000000000000093
:10ED80000000000000000000000000000000000083
:10ED90000000000000000000000000000000000073
:10EDA0007DFF22F9C0FA21D4438368632C8DAC9592
:10EDB000AC95AD9DAC952C8D886B247B21CC40FB14
:10EDC00020F900F825B06A586F0890009000900074
:10EDD00052199000B0085663EC6044C840F8C0F97E
:10EDE000A0FB41DC21C460FB21F8B239D331900093
:10EDF000900070009000B0089000311990009000D1
:10EE0000B2299000F552D108B22974429000D1087D
:10EE100052195884D331B54A922990003884B54AA2
:10EE20001A9D9000F110F110B008B1089000900008
:10EE3000B00890002C19F083EC1090006E284880E8
:10EE400023D020F880F980FB01CC2383886B0B8DC5
:10EE5000AD958D958A84266BA2ABE0F380F900F81E
:10EE600024A9BFFF00000000000000000000000017
:10EE700092FCE0F820FB21CC438368630B8D4C951A
:10EE8000E96B25736293C2AB428B2A74AC9DAD953E
:10EE9000AC95AC9D457B60FA62A04D6B0000000014
:10EEA0000000000000000000000000000000000062
:10EEB0000000000000000000000000000000000052
:10EEC0000000000000000000000000000000000042
:10EED0000000000000000000000000000000000032
:10EEE0000000000000000000000000000000000022
:10EEF0000000000000000000000000000000000012
:10EF00000000000000000000000000000000000001
:10EF100000000000000000000000000000000000F1
:10EF20000000000000000000000000009EFF83F9C8
:10EF300060FB01BC05730A74AC95AD9DAD9DAC95AD
:10EF4000AD9DCB84476B629B20F420FA40F846F9D4
:10EF500049708F10900090009000900090009000F9
:10EF6000155BD1086C4843D080F8E0FA21D4438B7C
:10EF700047634A748B7CC1AB40F86C3890009000BA
:10EF80009000900090009000900090009000D108B8
:10EF9000F55A9000900090009000F1105219F11075
:10EFA0009000F3319000B000B008D331D108900048
:10EFB000F99C31195442944A5219F7731332900054
:10EFC000343A2C21F4A4318C9229900090009000C6
:10EFD0009000CF30688023D840F820FAE0F3A2AB4D
:10EFE000256B2A748C95AD9D0C8D4763829320F41C
:10EFF000C0F900F804A9BEFF000000000CFB60F996
:10F00000C0FBC2AB056B4A74AD956C95A86B238BA6
:10F0100021ECA0FA00F960F860FB4763AD9DAC9D60
:10F02000AD95CB84C1B3A0F8C3609AD600000000B0
:10F0300000000000000000000000000000000000D0
:10F0400000000000000000000000000000000000C0
:10F0500000000000000000000000000000000000B0
:10F0600000000000000000000000000000000000A0
:10F070000000000000000000000000000000000090
:10F080000000000000000000000000000000000080
:10F090000000000000000000000000000000000070
:10F0A00000009AF64DE325E9A2F861F840F840F82F
:10F0B00082F845E9CBD296E5BAFE25FA80FBC2ABD1
:10F0C000266B8B7CAD9DAC9DAD958C958C958B7C8A
:10F0D000266BC1B3A0FB60F901F026A06D38722148
:10F0E0009000900090009000900090009221D1102C
:10F0F000339324B880F800FBE1BB05732A748C9528
:10F10000AD9DAD956C95A2A340F8CD48922172219A
:10F110007442900070009000700090009000900089
:10F12000F110900070005219900090009229111176
:10F1300090007221F77B31199000311990009000F6
:10F14000B3299008900090003119521911199000BC
:10F15000AC31D7BD0C42377CF331B008D1089000F8
:10F16000D0089000343AB229F0618AC101E8E0F891
:10F1700000FB21D42383A86B4C8DAD954C8D686327
:10F18000639300ECC0F920F8E3F880F9E0F3829B88
:10F190004763EB84AD9DAC9D4A7C047B21E4C0F9C0
:10F1A00020F861B8828000F820ECA96BAD958C9DA9
:10F1B0008D95066B80FB20E0042900000000000014
:10F1C000000000000000000000000000000000003F
:10F1D000000000000000000000000000000000002F
:10F1E000000000000000000000000000000000001F
:10F1F000000000000000000000000000000000000F
:10F2000000000000000000000000000000000000FE
:10F2100000000000000000000000000000000000EE
:10F22000000000000000000000000000D7F581F899
:10F2300060F9C0FA80F301E401CCE1BBC1C301CCA9
:10F2400021DCE0F320FB00FA80FBC2B3266BEB84E9
:10F25000AC9DAC95AD95AC9D8D9D8A7C056BE1C355
:10F2600060FBC0F802E049788F1090001111F1089E
:10F27000D552922190089000D329D1100F3126A0A9
:10F2800040F880FAC2B3066BAB7CAC9DAD95AC9DEB
:10F290008D95AC9D6C95829B40F88D40343A111150
:10F2A000B00890009000900090009000B008D3311A
:10F2B00090009000900090009000155B90009000EE
:10F2C0009000B229343AD108D1089000D773F110D8
:10F2D000900090009000900090009000B0084B21AA
:10F2E0007AD60E63AF08F5527442343A5663111160
:10F2F000966B543A9000B008D108900011212E9AD4
:10F3000024C020F800FA00F4629B476BEB84AD9DAB
:10F310006C956863638B01EC00F4839B48632C8DD0
:10F32000AD9DAC9D4C95276301C4A0FA20F861A85F
:10F33000E4380421829060F9829B4C8DAC9DAC95A1
:10F34000E97321D4A0F8A2708E73000000000000C1
:10F3500000000000000000000000000000000000AD
:10F36000000000000000000000000000000000009D
:10F37000000000000000000000000000000000008D
:10F38000000000000000000000000000000000007D
:10F39000000000000000000000000000000000006D
:10F3A000000000000000000000000000000000005D
:10F3B00000000000000000004DFBC0F980F3E1BB3D
:10F3C000638B266B88632A74CB840B8D0B8DCB8467
:10F3D0004A74A963276344830663CB84AD95AC9DCF
:10F3E000AD9DAD95AC95AB84066B01BC40FB80F840
:10F3F00023D84A609008F108B0089000B229B108FB
:10F40000343AD108B00852199008497801F0E0F96F
:10F4100081C32452C96B0B8DAD9DAC95AD9DAD954F
:10F42000AC958C9D6C95829B60F871829221177CC3
:10F43000343A3219B3299000900070009000B3293B
:10F4400070009000900090009000D1103119F110E0
:10F45000D54AD1109000900090009000900090004C
:10F460009000900090007000900090006B29DBDE0F
:10F4700031843019B008B329976B5221F110D108AB
:10F480005219111990009000D108D994B229D5527F
:10F490009221316208B101F060F9C0FBA2AB266B8A
:10F4A000CB84AD954C95686347634C8DAC95AD9D11
:10F4B000AC95AB84047B00F4E0F821D0C348042170
:10F4C00055ADFFFFFCFE00F44863AD9DAD950B8D7F
:10F4D000439320FA41C004299EF700000000000079
:10F4E000000000000000000000000000000000001C
:10F4F000000000000000000000000000000000000C
:10F5000000000000000000000000000000000000FB
:10F5100000000000000000000000000000000000EB
:10F5200000000000000000000000000000000000DB
:10F5300000000000000000000000000000000000CB
:10F540000000000030FC80FA01D423836863EB8460
:10F55000AD9DAD9DAC956C95CB846A7C4A74EB8473
:10F56000AC95AC9DAD9DAC95AC9DAD9DAC95AD9570
:10F570008C9D2C8D276BC1B360FBA0F822D84B5813
:10F5800090009000B008966B998C90005221B44A7C
:10F590009000D33131198C5002D860F860FBA0F490
:10F5A00021D421D421C4C1AB476BAC958C9DAD9DBA
:10F5B000AD95AD9D6C95829B80F82D6911117221DE
:10F5C000D110333A365B900090009000900090008C
:10F5D0007000900090089000D3299229D1089000E3
:10F5E00090009000900090007000900052197442BA
:10F5F000900090007000900070008B29DBDE56B503
:10F600000E19B3291332177CBFF7B994333A72211C
:10F61000F1103119900090009000D331DBBDD1087A
:10F62000B008F1109000AF18A98883F800F980FBAA
:10F63000C1B3266BCB84AC9DAD958C9DAC9DAD9537
:10F64000E96B829B20FB20F882900429494AFFFF46
:10F65000FFFFBEFF40FA438B6C95AC956C95E56A55
:10F66000A0FB00F0E338B39C0000000000000000A5
:10F67000000000000000000000000000000000008A
:10F68000000000000000000000000000000000007A
:10F69000000000000000000000000000000000006A
:10F6A000000000000000000000000000000000005A
:10F6B000000000000000000000000000000000004A
:10F6C000000000000000000000000000000000003A
:10F6D000FBFE40FAE1CB25732A748C95AD9D2C8DF1
:10F6E000E973466B448B82A3E1BB01D421BCEA6B76
:10F6F0008D9DAC95AD9D8C95AD9DAC9DAD956C955E
:10F70000886B629BC0FB00F922E04A607221343AA8
:10F710003119900090009000D10890009000922143
:10F72000B229F1100A9123D0C3F042F021F021F860
:10F7300001F800F800F820FA6483AD9D8C95AC9533
:10F74000AD9DAC956C95829BC0F86B48F331B76B5F
:10F75000B22990009000F33170009000900070008A
:10F7600090009000D10811111111D108CE105463EE
:10F77000900090009000311990009000D108522123
:10F780009000900090009000AB31FCE69AD6EB1808
:10F7900090009000B008F552FDDE177CD108900073
:10F7A000900090007000343AB008F331DBB590005F
:10F7B000B3299000798CB54A9000B010496822E0D6
:10F7C000E0F880FBC2AB266BEB84AD9DAD9D8963F9
:10F7D000E1B3C0FA00F8A2780421FBDEFFFFFFFFCF
:10F7E000FFFF2BFB01CC0974AD958D95476320EC91
:10F7F00040F8A368A73900000000000000000000E6
:10F8000000000000000000000000000000000000F8
:10F8100000000000000000000000000000000000E8
:10F8200000000000000000000000000000000000D8
:10F8300000000000000000000000000000000000C8
:10F8400000000000000000000000000000000000B8
:10F85000000000000000000000000000000024FA8A
:10F86000E1E3047B4A74AC9D8D958A7C266B82A370
:10F8700020E420FBC0F9A0F840F820F9829B4C95C9
:10F88000AD95AC958D9DAD95AC958D952A74047B09
:10F8900020ECA0F921E8497031199000D108B00896
:10F8A00090009000900090003119D1085442F1105E
:10F8B0001111F33152195884365B1AA592219229FD
:10F8C000124A8F106988E0F96483AD9DAD958C9DD7
:10F8D000AC9DAD956C9582A3C0F86B4890009000EC
:10F8E0005663B3299000F55A9000F11092219000D0
:10F8F0005221B00890005221900090009000C8184A
:10F900008F0070009000998C900011119000543A73
:10F91000900070008F00EC393DEF5DEF8B29900077
:10F920009000355BD108D108155BB00852199000E2
:10F93000900090009000D55290001111944AF1105F
:10F9400076639000F1109000900072219000900872
:10F950004A6002E0E0F8A0FBA2A347632C8D4C951F
:10F96000276301C480FA20F88288BFFFFFFFFFFFF2
:10F97000FBFE00F4266B8D95AC9DA96B01CCE0F8E5
:10F980008298242900000000000000000000000010
:10F990000000000000000000000000000000000067
:10F9A0000000000000000000000000000000000057
:10F9B0000000000000000000000000000000000047
:10F9C0000000000000000000000000000000000037
:10F9D0000000000000000000000000000000000027
:10F9E00000000000000000000000DBFEC0FAA2A33F
:10F9F00088638C95AD9DCB84056B01C460FB00F9D9
:10FA000021F824B848786C4024C0C0FA4673AC9DF5
:10FA1000AC95AD9DAC9DAC9D0C8D066B01CCA0FA58
:10FA200020F827986F107442D1089000B4525219F0
:10FA3000B008F331F331900090009000B008F55217
:10FA4000F7739221B54AB008D1089000B0089BB571
:10FA5000D108387CEBC140FA457BAC9DAD95AD95A6
:10FA60008C9DAD956C95829BC0F88C507221900056
:10FA70009000F110900090009000343A111131196B
:10FA80007221D3295442F994B00890009000AC0838
:10FA9000E820B00890009000AD085442B008766BA2
:10FAA00090008F000C427DF7BFFF4C4A9000900001
:10FAB00070009000F3311111B32990009000900074
:10FAC0007000B0089000D108900090009000B0083D
:10FAD000543A900090007AAD92213219B00890000B
:10FAE00090009008496822E820F900F44293C86B1E
:10FAF0008C954A7C238300F4E0F841D0AF9BD7FD7E
:10FB0000C0FA24834C8DAD9D2A74C1B3A0F941C0C5
:10FB10000429DFFF000000000000000000000000DA
:10FB200000000000000000000000000000000000D5
:10FB300000000000000000000000000000000000C5
:10FB400000000000000000000000000000000000B5
:10FB500000000000000000000000000000000000A5
:10FB60000000000000000000000000000000000095
:10FB700000000000000000004BFBC0EBE472CB84EF
:10FB8000AD9D8C95A86BA2A360FBA0F884E8EB78F0
:10FB90006F1090009000700801F000F4A96BAD9513
:10FBA000AC9D8D958C95C96B4293E0FBA0F866F1F6
:10FBB000106A343A998C3119900090009000343AD0
:10FBC00090009000900090009008788C11119000A7
:10FBD0009000900090089000F1105442333A900049
:10FBE000F33176636AB960FA4573AC9DAD9DAC950F
:10FBF000AD9D8D9D6C95829BC0F86B5072217221DA
:10FC00009000900074429000B2297663F331B329DA
:10FC1000D0089000B54A9000D55290007221B66B82
:10FC20008B524B21B008B008C918B008944A900014
:10FC300053424C4A7EF7FFFF6F6B8F00900090009D
:10FC400090007000D331F110521990009000900094
:10FC5000D3319000900090009000900090009000B0
:10FC6000700090009000D1089000D552155BB22929
:10FC70009000900090006F08488001F8E0F941E49E
:10FC800004736A7C4C8D076321C460FA00F880F924
:10FC9000C2B38A7CAC95AB84629B40FA21D8E43035
:10FCA000B6BD0000000000000000000000000000E1
:10FCB0000000000000000000000000000000000044
:10FCC0000000000000000000000000000000000034
:10FCD0000000000000000000000000000000000024
:10FCE0000000000000000000000000000000000014
:10FCF0000000000000000000000000000000000004
:10FD000000000000000061F901D427636C95AD9DEF
:10FD10004C8D066B21DC80F922E04A60F331998C2E
:10FD20009000900090006C3880F8E1B3EB84AD95C2
:10FD3000AD9D0B8D066B21D400FA01F0496872214C
:10FD40001332333A5219155B72219000F55AB008FC
:10FD5000900090009000900052195884D331900088
:10FD6000900090089000900092219000900031192E
:10FD70007663D1084698A0FA466BAD9D8C95AC95FC
:10FD8000AD9DAC956C95829BC0F86B509000900037
:10FD9000B008D10872217221365B3663133AB0087D
:10FDA000998C1111944A5221900090009000D10832
:10FDB0000B1996B54D2190006829AD085219734270
:10FDC0008D529EF7FFFFB3948D0890009000700055
:10FDD0009000B00890009000D00892219000900010
:10FDE000F110900090009000900090009000900022
:10FDF000F11090009000F1101111B000D108111114
:10FE0000900090009000900090006E1826A040F89E
:10FE1000E0FAE1BB276B2C8D2A74438BE0F321DCE5
:10FE2000A86BAC95EB842383E0FA20E8E3400C63F5
:10FE300000000000000000000000000000000000C2
:10FE400000000000000000000000000000000000B2
:10FE500000000000000000000000000000000000A2
:10FE60000000000000000000000000000000000092
:10FE70000000000000000000000000000000000082
:10FE80000000000000000000000000000000000072
:10FE90000000000064FAE1BB886BAD9DAC952C8D31
:10FEA000E47200F480F826A08F1090009000333A9E
:10FEB0009000900090004880E0F9448BAC958C95C0
:10FEC000E9736393A0FB80F825B08E18D54A5221C0
:10FED000922952199000B008F110944AD10890006C
:10FEE000900070009000700052211332976BB2297D
:10FEF0009000F1109000D108966BB008B108D5526F
:10FF0000D108366368D1E0FA276BAD958C9DAD9D25
:10FF1000AC95AD956C9582A3C0F84C4890009000CC
:10FF20007000F331F11090009000D108D108F11069
:10FF3000343A51199000B008B108B0009000900018
:10FF4000AF08528C35ADAD080E63AC313019AD5AE7
:10FF5000BFF7FFFFD7BDCC10900090009000343A5F
:10FF6000D108D108900090009000D3319000B229C0
:10FF700090009000700090009000900090009221FE
:10FF8000B329F55290001119B008D5525219B00892
:10FF900090007000B54A365B766B9000D3296D38BF
:10FFA00023D0C0F8E0FB438B09744C8D06630663D5
:10FFB0008D952C8D047B40FB20F0C3486D730000B1
:10FFC0000000000000000000000000000000000031
:10FFD0000000000000000000000000000000000021
:10FFE0000000000000000000000000000000000011
:10FFF0000000000000000000000000000000000001
:020000040804EE
:1000000000000000000000000000000000000000F0
:1000100000000000000000000000000000000000E0
:10002000000022FAC2AB0974AD95AC954C95E47210
:10003000E0FB20F849709000D108F11090005219AF
:10004000F1105219700024C040FB27634C95266BB9
:1000500021CC00FA21F030BB52211111F552FCBD28
:100060007442133A6B50D67B1111F110900090003E
:100070009000B000F110922174423CC69FF7566385
:10008000133A5AA5D10890009000D773B000177C9E
:10009000D1083119E6C820FB2763AC95AD9D8C953E
:1000A000AD9D8D9D6C95829BC0F86B489000900033
:1000B000D108D329D229B008133A90005884566346
:1000C000B008588490009000521974429008900033
:1000D00090004B21BFFF11846F73B29C1084DFFF2F
:1000E000FFFFDBDE0B199000900070009000333AA8
:1000F000311990009000F33190005219F110B54A77
:10010000B00870009000900070009000900092295C
:1001100015630F824A58365B92219000D3319000CC
:10012000D552F331D108544211199000D773900879
:10013000F1102B8921F040FA21CC06636C958C9547
:100140004C8DE472A0FB20F8C358494A000000001F
:10015000000000000000000000000000000000009F
:10016000000000000000000000000000000000008F
:10017000000000000000000000000000000000007F
:10018000000000000000000000000000000000006F
:10019000000000000000000000000000000000005F
:1001A000000000000000000000000000000000004F
:1001B00001FAC2AB2A74AC9DAD958C95066B00F428
:1001C00020F86A60F331333A900011115119B54AA1
:1001D000B32990006F1001F821E40853047B00F468
:1001E000A0F8C8F9AF20D10890009000B44A73522B
:1001F000497042E846A0343AF3311A9D90009000CD
:100200007000566390009000D108966B1CC6F331C5
:100210009000900090009000900090089000900056
:100220009000900024C060FB4863AC95AD95AC9DF8
:10023000AC95AD956C95829BC0F86B5092211119CD
:10024000D108343A5219521990009000D108D7734E
:1002500056639000B000D994B229B0089000900085
:1002600090008E0834A5FFFFD7BD5DEFFFFFFFFFB5
:100270007EF7CB31900090008E080E19B008F55231
:100280005AA5900090005442B2291111111190000A
:100290007000900090009000700090086B4826A0BD
:1002A00001F022E0AF189000F110D55290009000BC
:1002B000B3293119900090009000F110D108333A21
:1002C0009229B008AF6900F8A0FBE56A8C956C959F
:1002D000E56AE0FB20F8A3684531FFFF000000005D
:1002E000000000000000000000000000000000000E
:1002F00000000000000000000000000000000000FE
:1003000000000000000000000000000000000000ED
:1003100000000000000000000000000000000000DD
:1003200000000000000000000000000000000000CD
:10033000000000000000000000000000000023FAA0
:10034000E1B30974AD95AC9D8D9D886B21DC80F87F
:1003500049689000910011119000B108F331F1103B
:100360009000D5526C40A0F8E1B381A300FB21F8C6
:100370006978F552D008F3313119EF28C99821F086
:1003800040F821F0535A1111998C7442D108133A54
:10039000B008922190009000F1109000B54AD10869
:1003A000F1109000900090009000F331F331F5527D
:1003B0009000B00824C880FB6863AD9DAC9D8D950E
:1003C000AC9DAC9D6C95829BC0F8909A544274424F
:1003D0009229988C900090007221922990005AA541
:1003E0001111954A90005442798C333A9000900054
:1003F0008F008F080B42FFFFFFFFFFFFFFFFFFFF94
:100400006D732F6B0E634629EA188F00D33190006D
:10041000333A9000133A90003119B008133A900023
:10042000900090006F084B5026A0C1F080FAC0FAEF
:1004300022E86E28D10892295221F11090007AAD5D
:10044000F773B76B7000D329D0089000543AD008E6
:100450009000922987F920FA63930B8D6C95E56AD9
:1004600000FC40F8A27845290000000000000000D0
:10047000000000000000000000000000000000007C
:10048000000000000000000000000000000000006C
:10049000000000000000000000000000000000005C
:1004A000000000000000000000000000000000004C
:1004B000000000000000000000000000000000003C
:1004C00000000000000000000000000082F901C4EC
:1004D000C96BAD9DAC95AD95AB84C1AB60F926A061
:1004E000900090009000F110900090009229511916
:1004F000922972214878E0F900FDA0F922E02E51FE
:10050000F552900033428D3886B041F8C0F900FCB6
:10051000E0F86C99D32931197221311972219000B8
:10052000900090009000900090009000944A311943
:1005300092219000D110D1085219B008F110B55293
:100540009000900023D0A0F3886BAD95AD9D8C9565
:10055000AD95AD9D6C95829BC0F8EF8172213119EC
:1005600090009000900090005219B2299000B2299A
:10057000AE08EE392A21C818A931AD5AB073929449
:1005800034ADB7BD59CEFFFFFFFFFFFFFFFFFFFFF9
:100590005DEF528C0B218F00F99490007221722133
:1005A00090009000D10852193AA57221D329B018B1
:1005B0004B5825A8A1F060FAE0F320F580FB21F06C
:1005C0006D3090009000B00090009000900090007E
:1005D000111154429000B54A52199000B008900091
:1005E000543A478800F901C42A746C95266B20F4AC
:1005F00040F8A2800421DFFF00000000000000009E
:1006000000000000000000000000000000000000EA
:1006100000000000000000000000000000000000DA
:1006200000000000000000000000000000000000CA
:1006300000000000000000000000000000000000BA
:1006400000000000000000000000000000000000AA
:1006500000000000000000000000EAFA21E46863E6
:10066000AC9DAD9D8C958C95057320FB02D87008D0
:100670009000900090007000B108B44AB008B0003B
:100680009000D10824B800FAA0F825B0B239900043
:1006900011198E7185D040F840FA41E401BC20FB6D
:1006A00005F9FBBD31199000B0081332D108900054
:1006B000900090086E204B5049782798C9D909F2CC
:1006C0008BEA4A68D58BB008343A922190009000AA
:1006D0009000900002E0E0EBC96BAD95AC9DAC9D45
:1006E0008D95AD956C95829BC0F86B48D329900091
:1006F000343A7442F3319000111990009000900048
:100700009000AF2872AB696066788490E48888694D
:10071000CE62F08335AD7DF7FFFFFFFFFFFFFFFFE8
:10072000B6B5518CCD5A6A29CA10AB10D031F01031
:100730005221944A52199000124AD2D325B081F026
:1007400020FAE0F3E2B3836A429300FB01F06C40CD
:100750009000900072211A9DB00890009000155BE7
:10076000D108F110900090009000966B976B90006C
:100770008B5040F821EC47636C95E66200EC60F822
:10078000828804210000000000000000000000003A
:100790000000000000000000000000000000000059
:1007A0000000000000000000000000000000000049
:1007B0000000000000000000000000000000000039
:1007C0000000000000000000000000000000000029
:1007D0000000000000000000000000000000000019
:1007E00000000000000000003CFFE0F3066B8C9569
:1007F000AC95AD9DAC95C97321DC40F86C48900078
:100800009000900090009000D1089000B773F77BA3
:10081000B108133A01F000F80FD39000B010EDA129
:1008200002D880F8E0FA41D4247B264221D460F833
:100830007092966BD108187C311990006E28496827
:1008400025B001F020F8E0F8C0F980FA00FB20FBA9
:1008500080FA40F941F84978511972211111F55285
:10086000B008900001E821ECE96BAD9DAC95AD9D21
:10087000AC9DAC956C9582A3C0F84D69B108521936
:100880009000D331F331900090006D30497025B065
:1008900001F020F8A0F860F9C0F900FA01D9A280AF
:1008A00025396E7318C6FFFFFFFFFFFF3DEF8D5226
:1008B000CC392A21EB18EC10AE31303A8E083119C0
:1008C0009221B2392C7925B040F8E0F9C0FB01BC87
:1008D00024836863C96B629BC0FA00F847906F106D
:1008E00090009000D331F110F110D108B0007BAD31
:1008F00072219000900090009000B061488044D038
:1009000000F860FB05736C95266B00ED40FA60F80B
:1009100021D86D93000000000000000000000000DE
:1009200000000000000000000000000000000000C7
:1009300000000000000000000000000000000000B7
:1009400000000000000000000000000000000000A7
:100950000000000000000000000000000000000097
:100960000000000000000000000000000000000087
:10097000000000000000DFFFC0FA037B4C8DAD9D3E
:100980008C95AD9D6C95238320FA25A8343A52218D
:1009900090007221D1089229155B9000F108F99C12
:1009A000B008F4B322E86C40CF28488021F000F969
:1009B00060FB01C405732A744C95238340FAA8E9AF
:1009C0007AADB76B31191072479002E040F860F9C8
:1009D000C0FAE0F321CC829B648B657B676B676B0D
:1009E000457B629300F480F848809000343A900090
:1009F0009000900001F821DC2A74AC9DAD958D9596
:100A0000AC9DAD9D6C95829BC0F86B50D1089BB599
:100A1000D773F2414B5026A001E840F880F9E0FA84
:100A2000E0F321CCC2AB639364836483438BE1B373
:100A300080EBA1C8318CFFFF9AD692947DEFAB106A
:100A400090009000D1089000900090006F1050CB63
:100A5000A5C840F8A0F980FB21CC43834863CB8430
:100A6000AC9DAB7C629BC0FA20F880F820F86D3812
:100A700090009000900090009000B54A511992218A
:100A8000B00874426D30278822E080F800FA60FBDD
:100A900021E4238BEB84485BE562657B438B21C4B7
:100AA000E0FA20F814C5000000000000000000007B
:100AB0000000000000000000000000000000000036
:100AC0000000000000000000000000000000000026
:100AD0000000000000000000000000000000000016
:100AE0000000000000000000000000000000000006
:100AF00000000000000000000000000000000000F6
:100B000000000000000065FAE2B38A7CAD9DAC9D58
:100B1000AD95AC95A96B00EC21F84F399000900889
:100B2000D1089000F55AD108900090009000F33160
:100B30009000B3AB6C4826A020F880F9C0F3C2AB9C
:100B4000266BAB7CAC95AC9D686B20F421F80F391B
:100B5000D4A3478822E080F800FAA0FB21CC63935D
:100B60004673A963AB7C6C95AC95AD95AC9DAC9D83
:100B7000AD954C8D066321F420F8137B7663FCC59C
:100B80009000900020F801D46A7CAC9DAD958C95C6
:100B9000AD9D8D956C95829BC0F82F8A8F08EC6077
:100BA00028C961F8E0F880FAE0F301C4638B466B72
:100BB000896B8A7C4C8DAC9DAC95AD9DAD9DCB84F5
:100BC000E56A48839EF7F183A9312629DBDE0B19FC
:100BD00070009000566356A44A6865C840F880F9D2
:100BE00060FB21CC438B476B8B7C8C95AD9DAC958A
:100BF0000B8D238320F501DC01C4E1E460F86D3046
:100C00009000D008F5525442700090009008526A4B
:100C10000A9943E000F9A0FAA1DBA2A3447B686330
:100C20002A742B8DAC95AD9DAD9DAD9D8D956A7C47
:100C3000248320FB21E076B50000000000000000C6
:100C400000000000000000000000000000000000A4
:100C50000000000000000000000000000000000094
:100C60000000000000000000000000000000000084
:100C70000000000000000000000000000000000074
:100C80000000000000000000000000000000000064
:100C900000000000CFFB40EC4763AD95AC9D8D9507
:100CA000AC9D8C952383E0F94798543A1111B00814
:100CB00094427221B000900090009000900090004B
:100CC0009000525A42F000F960F4639347630B8D31
:100CD000AD9DAC95AC9DEB8482A360F9E4F805F979
:100CE00060F8E0F9A0F3C2BB448348638A7C8C952A
:100CF000AD95AC9DAD9DAC95AD9D8D95AC9DAD95E7
:100D0000AD9DAC9D6C95238BE0F948889000788C64
:100D10009229713120F801CCAB84AD9DAC95AC9D8E
:100D2000AD95AC956C9582A3C0F825C001E8A0F8FC
:100D300080FA01E4A2AB2573886BCB848D95AD9DC1
:100D4000AC9DAD95AC958D9DAC95AC95AD9DAC95A0
:100D5000C96B96B5688247804B21AB10B07B6C297C
:100D600090009008C7B020F860F920FB21D463936D
:100D700027636A7C8C95AD9DAC95AD9DAC9DAD9582
:100D80002A742763886B2A744A7C01B420F86E2089
:100D90009000F110F33131196F184EAA43C820F9B1
:100DA000C0FAA1CB638B27632A746C95AC95AD9D7B
:100DB000AC95AC95AD9DAC95AC9DAC95AD9DAC9D09
:100DC000AB84E1B3A0F8C3600000000000000000A5
:100DD0000000000000000000000000000000000013
:100DE0000000000000000000000000000000000003
:100DF00000000000000000000000000000000000F3
:100E000000000000000000000000000000000000E2
:100E100000000000000000000000000000000000D2
:100E2000000038FEE0FA047B6C95AD9DAC95AD9565
:100E3000AD9D2A7401D441F8F1495AADB008D108EA
:100E4000D329722111119000700090007000998CCC
:100E5000F11090006C4020F8C0FBE56A8D95AD9DC7
:100E6000AC958D9D8D95066BA0FB20F860F960FB1D
:100E7000E1C3836A2642C96B8A7CEB846C95AD958D
:100E8000AC9D8C95AD95AC9D8C9DAD95AC958C9D98
:100E9000AD95AC9DAD95676B40FB25B89000B3292F
:100EA0009221103140F801C40B8DAD95AC9D8D9D04
:100EB000AC9DAD956C95829B00F920FAC1F382A39D
:100EC000A462485BEB848C95AD9DAD95AC95AC9DD3
:100ED000AD95AC9DAD9DAD958C9DAD9D8D950B8DCE
:100EE000494A2642A0FB23D0AD3131424C216A2928
:100EF0009000478800F941E46293266B4A748C9510
:100F0000AD9DAD9DAC95AD95AC9DAD95AC958D9DD4
:100F1000AD9DAC95AD9DAC9DAB8401C400F86E2039
:100F2000900090086B4886B8E0F8C0FAC1CBE28226
:100F30008652096C2C8DAC95AC9DAD95AC9D8D9D6C
:100F4000AD958C9D8D9DAD958C95AD9DAC95AD95DC
:100F5000AC95247B20FA829835AD0000000000009B
:100F60000000000000000000000000000000000081
:100F70000000000000000000000000000000000071
:100F80000000000000000000000000000000000061
:100F90000000000000000000000000000000000051
:100FA0000000000000000000000000000000000041
:100FB000000022F921C46A74AD9DAC958D9DAC9D55
:100FC000AC95266BE0FAC6C8B00092297221566330
:100FD000B2299000133A343A900031199000B008C9
:100FE000F110F11038844A6080F841DCE96BAC956F
:100FF000AD9DAC956A7C21C480FBE0FC60FD41CCDA
:1010000021C421D421D421D401CCE1BB4293276B4C
:101010008C95AD9DAD958C9DAD95AD9DAC9D8D9503
:10102000AC95AD9D8C95886B80FB46E99000900057
:1010300090008E2840F8E1B34C8D8C95AD95AD9D18
:101040008C95AD9D6C95829B60FD81D4629B82A343
:10105000C2ABA2AB82A342934483686B8C95AD95DF
:101060008C9D8D95AC95AC9DAD95AC9D8C95874A2E
:101070006A7CA96B00F402E0CC10D4521011E7187E
:101080006E1800F800EC27636C95AD95AC9DAC959F
:10109000AD95AC9DAD9D8C95AD9D8C956A7C8C95E8
:1010A000AC9DAD95AC95AD954A7401DC00F86C48EB
:1010B000479081E840FA60FC40FD01BCA2ABC2ABA6
:1010C000E1BBC2AB82A3228B2673CB84AC95AC9DD3
:1010D000AD95AC9DAD95AD9D8C9DAD958D9DAC9D1B
:1010E000AD95667BA0FA62A8CB5A00000000000014
:1010F00000000000000000000000000000000000F0
:1011000000000000000000000000000000000000DF
:1011100000000000000000000000000000000000CF
:1011200000000000000000000000000000000000BF
:1011300000000000000000000000000000000000AF
:1011400075FDC0FB266BAD9DAC95AD958C9DAD9DA1
:101150006C95429320F9CC601CBE9221D10872217B
:10116000155B588490009000B108F7737663900087
:10117000944A90001111D10845B8A0FA457BAC956E
:10118000AD9DAD956A7C41C4C0F9E0F8A0F840F887
:1011900000F801F800F800F800F800F8C0F801BC09
:1011A0000C8DAC9DAD95AC95AD9DAC958D9DAC9DDC
:1011B000AD95AC9DAD9D676B40FB45C0B3299000DC
:1011C0005219AE3860F8E2B34C95AC9DAD95AC9534
:1011D000AC9DAD956C95829BE0F940F900F9C0F8A3
:1011E00080F8A0F880F8E0F860F921CC4A7CAD9D49
:1011F000AC95AD9DAD9D8C95AD95AD9DEB844C8D25
:10120000AD9D8963E0FB63E0EE10900092210E42F9
:10121000496840F9839B6C95AD95AC9D8D9DAD95CE
:101220008C95AC9DAD952C8D886B2383A65AAD9D76
:10123000AC958D9DAC9DAC95C96B00FC00F800F899
:1012400040F960FA20FAC0F940F9E0F880F860F857
:1012500040F840F880F8C0F880FB266BAD9DAD9556
:101260008C9DAC95AD95AC9DAC95AD95AC9D8C9D94
:10127000AD9D657B40FA8298EB62000000000000A3
:10128000000000000000000000000000000000005E
:10129000000000000000000000000000000000004E
:1012A000000000000000000000000000000000003E
:1012B000000000000000000000000000000000002E
:1012C000000000000000000000000000000000001E
:1012D000A2F9C2ABCB84AC9D8D95AC9DAD95AD957F
:1012E000AB7CE1C341F8F7837663D110D108944A0F
:1012F00032199221900090009000B108D10890001E
:10130000F110966B900074426A6060F963938C9D53
:10131000AC95AD9D8C950573C0FA22D86D306E20CA
:101320008F186F106B5020F880F900FB21E40473D4
:101330008C95AD9D8C95AD9DAC9D8C95AD95AD9DE1
:101340008C95AC95AD9D6673E0FA07C99000D229E3
:101350009000307AA0F8C2AB6C95AD95AC9D8D9D98
:10136000AD95AC9D6C95829B60F88290A360C3584C
:10137000C26000F080F8C0F940FB829BEB84AC9D1A
:10138000AD95AC958C9DAD9DAC958C9DAD9DAC9572
:10139000AC9D6863A0FB24C87121F7737221B0086B
:1013A00024C020FB466BAC9DAD95AC95AC9DAD9D2E
:1013B0008D95AB84466B829B00F4C0FC8963AC9531
:1013C000AD9DAD958C9DAD9D876B60FB01E8496837
:1013D0004A686A584B582D69EF716C386F51AE28C6
:1013E0006D3823D820F8A0F940EC4763AD9DAD954A
:1013F0008C9DAD9D8C95AD9DAC9D8D95AC95AD9521
:10140000AC9D448300FA82882C6B00000000000031
:1014100000000000000000000000000000000000CC
:1014200000000000000000000000000000000000BC
:1014300000000000000000000000000000000000AC
:10144000000000000000000000000000000000009C
:101450000000000000000000000000000000F8FD97
:10146000E0FB266BAC95AD9DAC9D8C95AD9DAC9D88
:10147000C96BC0F364D8D108B76B133AD108F33104
:1014800090009000900090009000F1109000343A8D
:1014900090009000343A31196978A0F9638B8D95EA
:1014A000AC9DAD9DAC952A7421DC20F86D30900088
:1014B0009000900022E040FB6393266BC96B6C9513
:1014C000AC9DAD958C9DAD95AD9DEB84AC95AD9DE2
:1014D000AC9D8D95AC95467BA0FA89C1B000722178
:1014E00072216B48E0F8A2A38C95AD958C9DAC95CC
:1014F000AD958D9D6C95829B60F8C35804210421A5
:1015000041B8E0F921CC638B27638A7CAD9DAD9D0A
:101510008C95AD958C956A7C8C95AD95AD9DAC9573
:10152000AD95676B60FB87E9D110722151198F105F
:1015300001F820ECC96BAD958C9DAD95AC9D4A7CB6
:101540000573E1BB80FB20F900F821DC2A74AC9D17
:10155000AC95AD95AD9DAC95457B60FA25B09000FE
:10156000900090009000F110900090007221944A39
:1015700023D0E0F941DC639347636C95AC9DAC9557
:10158000AD95AD9D4C8D4A74AD9D8C9DAD95AC9D3A
:101590008D95438BA0F982808E73000000000000BF
:1015A000000000000000000000000000000000003B
:1015B000000000000000000000000000000000002B
:1015C000000000000000000000000000000000001B
:1015D000000000000000000000000000000000000B
:1015E000000000000000000000000000000020F9E2
:1015F000E1B38B7C4C954C954C8D4C954C954C9512
:10160000686B60FB25A89000F1109000900090009E
:101610009000900070009000900090009000B00842
:101620003119976BF110102102E080FB266B4C956D
:101630004C954C8D4C954C8D037B40FA25A8900021
:1016400090006D3860F8E1BB6A7C4C954C954C95E8
:101650004C954C954C8D8A7C056B645A4C954C95F9
:101660004C954C954C95257B60FA4888D331343A9B
:1016700090008B5820F9839B4C8D4C954C954C9544
:101680004C954C950C8DA2A340F8C3580421E3302F
:1016900000F841E468634C8D4C954C954C954C9505
:1016A0004C954A742573A3722C8D4C954C954C9592
:1016B0004C95476B20FBC8E174423119966B6D3035
:1016C00080F8E1B3AB844C954C954C952C8D228BD6
:1016D000E0FAA0F823D024C060F801BCAB7C4C95A4
:1016E0004C954C954C950B8D629320F94A6890006F
:1016F000D3299000900090007000B54A70003082AD
:1017000080F821C468634C8D4C954C954C954C9554
:101710002C8D88636293E6624C8D4C954C954C956C
:101720004C95238B60F9A270318C00000000000002
:1017300000000000000000000000000000000000A9
:101740000000000000000000000000000000000099
:101750000000000000000000000000000000000089
:101760000000000000000000000000000000000079
:1017700000000000000000000000000055FD60FBBC
:101780008452A62AA62AA72AA62AA622A62AA622E2
:10179000253A40FB26A89000900090009000900011
:1017A000900070009000900870009000D773900037
:1017B000F1107663F020A5D8C0F9A2A3862AA62A44
:1017C000A62AA62AA62AA62A462A41EC20F86E2096
:1017D00090004880E0F9E372A62AA72AA62AA6224A
:1017E000A72A462AC341C1BB60FCE372A62AA62AE7
:1017F000A722A62AA62AA36A20FA4880333A900094
:1018000011118B6840F92283A62AA62AA62AA72AA4
:10181000A622A62A862AA2A360F8C3580421A37090
:1018200000F9829BA62AA62AA62AA62AA622262252
:10183000035201CCC0FB428BA62AA62AA62AA62ABE
:10184000A62A644AE0FAE8C0543AF331F331EFC211
:1018500080F92383A62AA62AA622A62A462201CCFC
:1018600000F824C022E0C0F8C0FBA45AA62AA62A89
:10187000A62AA62AA72A052A21DC00F86E189000BD
:10188000155B998CD329900031199000365BCAC939
:1018900020FAE36AA62AA62AA72AA62AA622A5290A
:1018A000E28220F420FC2442A62AA62AA622A62A06
:1018B000A62A228B20F9A368B29C00000000000039
:1018C00000000000000000000000FFFFA7C9043175
:1018D000DFFF00000000000000000000000000002A
:1018E00000000000000000000000000000000000F8
:1018F00000000000000000000000000000000000E8
:10190000000000000000000000000000AAFA41D41E
:10191000E72AC82BC82BE82BC82BE82BC82BC82BD1
:10192000A632A0FB23C89000900090009008900081
:1019300090009000900090009000F110F110900045
:10194000944A34CCA3F0E0F901C4C62AC82BC82BB2
:10195000C82BC82BC82BC82BA82B0283E0F92790D3
:10196000900024C840FBA53AE82BC82BE82BC82BD5
:10197000882B028380FBA0F840FA046BC82BC82B8D
:10198000C82BE82BC82B0373E0F94978F1105442B7
:10199000D994AC99A0F9237BC82BC82BC82BE82B72
:1019A000C82BC82BA82BA1AB60F8C350042161A899
:1019B00060FAE462C82BC82BC82BE82BA82B028343
:1019C00040FB60F8C0F92383C82BE82BC82BC82B39
:1019D000C82BE45AA0FACAD1B329F110F3310AE2B4
:1019E000A0FAC45AC82BE82BC82BC82BE72A21EC35
:1019F00080F820FA00F4C2AB844A872BC82BC82B8E
:101A0000C82BC82B672BE37280FA25B89000900092
:101A1000900052213119543A5663B0083119A3F09D
:101A2000A0FB8632C82BC82BC82BE82BE72A01CC99
:101A3000E0F900F840FB853AC82BE82BC82BC82BEF
:101A4000C82B629B00F9C36096B50000000000003F
:101A50000000000000007EFFE3F841C80431CF7BA6
:101A60000000000000000000000000000000000076
:101A70000000000000000000000000000000000066
:101A80000000000000000000000000000000000056
:101A900000000000000000000000DFFFE0F9428BC2
:101AA000C82BC82BC82BC82BC82BC82BE82BC82B7E
:101AB000072B21DC20F86E28900090009000700029
:101AC00090009000700090009000900090006D38A1
:101AD00067E160F820FB82A3C62AC82BC82BE82B3D
:101AE000C82BE82BC82BC82BC82BA63200F401F05A
:101AF0006E1800F801E4E72AC82BC82BC82BC82BA6
:101B0000A62A00F401F023D8C0FAC452C82BC82B6F
:101B1000C82BC82BC82B037B80F96A701332900046
:101B2000F110CDE2E0F90373C82BC82BE82BC82BCA
:101B3000C82BE82BA82BA2AB40F8C350042921E006
:101B4000A0FB8632C82BC82BC82BC82B072B01E45F
:101B500000F824C820FA036BC82BC82BE82BC82B2D
:101B6000C82BE45A60FA8AB9343A966B722122D8AB
:101B700080FB6632C82BC82BE82BC82BC62A81D421
:101B8000E1BBE36A8632882BC82BC82BC82BC82B35
:101B9000A82BA632829B60FB41F8CE4090009000BB
:101BA00090009000B008B7737221F55277A440F806
:101BB00041D4072BC82BC82BC82BC82BA54A20FB08
:101BC00023D001E8C0FBA632C82BC82BC82BE82BBA
:101BD000A82B829BA0F8C3505DEF0000000000001E
:101BE000000055FD40FA40FA41C80429EF83000087
:101BF00000000000000000000000000000000000E5
:101C000000000000000000000000000000000000D4
:101C100000000000000000000000000000000000C4
:101C2000000000000000000000009AFE80FB8542DA
:101C3000C82BE82BC82BE82BC82BC82BC82BC82BCC
:101C4000A82B228B00FA23C86F0890009000700028
:101C500090009000700090006E18496823C840F80A
:101C600060FA41DCA45A472BC82BC82BC82BC82BC1
:101C7000C82BE82BC82BC82BE82BA82B629360F944
:101C800025B060F8E1B3672BC82BC82BE82BC82B15
:101C9000A54A20FB25B024C860FB853AC82BC82B79
:101CA000E82BC82BC82B238380F94968D0088D40C6
:101CB00024B840F880FBC462C82BE82BC82BC82B83
:101CC000C82BC82BA82B81A340F8C348E43020F8C8
:101CD00041D4072BC82BC82BE82BC82BA632A0FB5E
:101CE00023D025B0E0FAA452C82BC82BE82BC82B70
:101CF000C82B046B40FAACDA966B3121AA8800F845
:101D000021E4C62AC82BC82BC82BC82BA82BE72A2E
:101D1000672BC82BC82BC82BC82BC82BC82BA632A7
:101D2000428B00F460F921E82D619000343A133AB7
:101D30009000900090009000900072214F92E0F887
:101D4000829BA82BC82BE82BC82BC82B036B00FA4F
:101D5000478800F821ECC72AC82BC82BC82BC82BF2
:101D6000882BA2ABA0F8C35000000000FFFF69FA67
:101D700060FAE0FCC0FA41D8E430B39C00000000F7
:101D80000000000000000000000000000000000053
:101D90000000000000000000000000000000000043
:101DA0000000000000000000000000000000000033
:101DB00000000000000000000000B3FC61E4E72A1E
:101DC000C82BC82BC82BE82BC82BC82BE82BC82B3B
:101DD000C82BA63261DC20F902E049686D286E202C
:101DE0006D304A58479023D020F840F920FB21CC91
:101DF000E36AA62AC82BC82BC82BC82BE82BC82BF4
:101E0000C82BC82BC82BC82BC82BC82B853AC0FBA6
:101E100000F860F9438BC82BC82BC82BE82BC82BC4
:101E2000E46240FA23C801F820F4862AC82BE82B84
:101E3000C82BC82BC82B238360F946A0A5C860F81F
:101E400080FA21D4E1B3C45AC82BC82BC82BE82B85
:101E5000C82BC82B882BA1B340F8E348C358A0F87F
:101E6000A1ABA82BC82BC82BC82BC82BC54A00FB7D
:101E700022D801F0C0FBA632C82BC82BC82BC82B18
:101E8000C82B046340FA2798487821E820F9C0FB62
:101E90002293272BE82BC82BC82BC82BC82BC82B69
:101EA000C82BC82BE82BC82BC82B472BC36A21ECA7
:101EB000C0F901F04888124A9221900090009000E9
:101EC000900070009000D10876635442688000FA58
:101ED0000373C82BC82BE82BC82BC82B428B20F9C7
:101EE00023D060F821CC472BC82BE82BC82BC82B5C
:101EF000A82BA1AB80F8A2786ACAEBFA20FA21DC01
:101F000001BCA0FA21D0E430B29C00000000000027
:101F100000000000000000000000000000000000C1
:101F200000000000000000000000000000000000B1
:101F300000000000000000000000000000000000A1
:101F40000000000000000000000021F9C1ABA82B38
:101F5000C82BC82BC82BC82BC82BE82BC82BC82BC9
:101F6000E82BC82B854241D400FB00F960F840F80B
:101F700080F820F940FA80FB21D46293854A072B30
:101F8000C82BC82BC82BC82BC82BC82BE82BC82B99
:101F9000C82BE82BE82BC82BC82BC82B672BA2AB70
:101FA000E0F880FAE462C82BC82BC82BC82BC82BDA
:101FB0000373E0F900F980FB428B682BC82BC82B18
:101FC000C82BE82BC82B037B80F980F8C0FA21D4FA
:101FD000636AE282C0FCC452C82BC82BE82BC82B12
:101FE000C82BE82B872BC1BB40F8E340A280A0F9A7
:101FF0002383C82BC82BE82BC82BC82BE45A80FAA4
:10200000A0F860FB6293472BC82BE82BC82BC82B8A
:10201000C82BE46240FA00F860F9C0FBA2A3236277
:102020006293A82BC82BE82BC82BE82BC82BE82BD6
:10203000C82BC82BE82BC82B672B228B00FB20F862
:1020400027981031133AD33190005884D110900062
:102050009000F110D008B0083AA5922107D100FBFA
:10206000853AC82BC82BC82BE82BC82B629BC0F81D
:10207000A0F921ECA45AC82BC82BC82BC82BE82BDD
:10208000882BA2A3A0F860F860FA40E4A272028B49
:1020900080FA21D8E43075B500000000000000008F
:1020A0000000000000000000000000000000000030
:1020B0000000000000000000000000000000000020
:1020C0000000000000000000000000000000000010
:1020D00000000000000000000000E0F9237BC82B96
:1020E000E82BC82BE82BC82BC82BE833C82BC82BF0
:1020F000C82BC82BC82BE62AC462A2A301C401C402
:10210000E2B36293E4628632072BA82BC82BC82B5C
:10211000C82BC82BE82BC833C82BE82BC833C82BD7
:10212000C82BC833C82BE82BC82BC82BE82BA54AD3
:1021300060FB60FBA53AC82BC82BE82BC82BC82B2B
:10214000C36261DCA2A38542472BC82BC82BC82BD6
:10215000E82BC82BC82BA462C0E3A1ABA45A262A43
:10216000228BC0FAC0FAA542C82BC82BC82BC82B9B
:10217000C82BC82B882BC1B320F8E44062A080FA9A
:10218000C45AC82BC82BE82BC82BC82BC452A0F4A8
:10219000E2BB844A472BC82BC82BC82BE82BE82B63
:1021A000C82BC552C0FBC1DB6293453A2452A0F450
:1021B0006293C82BC82BC82BC82BC82BE82BA82B85
:1021C000E62A6542472BC82B854AC0FB01E86D38DB
:1021D000D008900090009000900011119000D994C8
:1021E000D108F552B552D3295219D552C4F8E0F3AB
:1021F000A62AC82BC82BC82BC82BC82B228B61E45E
:10220000428B8632A82BC82BC82BC82BE82BC82B97
:10221000C82B228B40F3E1BBC362052A429340FAEC
:1022200041D8E430D39C0000000000000000000012
:10223000000000000000000000000000000000009E
:10224000000000000000000000000000000000008E
:10225000000000000000000000000000000000007E
:102260000000000000000000BFFFA0FAE462C82BDD
:10227000C82BC82BE82BC82BC82BC82BC82BE82B86
:10228000C833C82BC82BC82BC82BA82B672B682B8F
:10229000882BC82BC82BC82BC82BC82BC82BE82BC6
:1022A000C82BC82BC82BE82BC82BC82BC82BE82B56
:1022B000C82BC82BC82BC82BE833C82BC82B272BFF
:1022C000E1BB60F4A62AC82BC82BE82BC833C82B67
:1022D000672B072BA82BC82BC82BC82BE82BC82B88
:1022E000C82BC82BC82B672BE72A882B072B829B70
:1022F00060FA00F8E0FA8542C82BE82BC82BE833D7
:10230000C82BC82B672BE1C320F8E43841C040FB41
:102310006532C82BE82BC82BC82BC82B272BA62A25
:10232000672BC82BC82BC82BE82BC82BC833C82B4E
:10233000C82B272B6632E62A672B845AC0F300FA93
:10234000237BC82BC82BE82BA82BC72AA452429367
:10235000E1E44293A82B472BC1B3C0F849786E2023
:102360006D28338BCE306E206F1090009000133AA2
:102370009000D108311974421332334220F821DC25
:10238000072BC82BE82BC82BC82BC82BE72AE72A1A
:10239000A82BC82BC82BC82BC82BE82BC833C82B9D
:1023A000C82BE72AA62A472BE72A82A300FA21D8BE
:1023B000E430308C0000000000000000000000004D
:1023C000000000000000000000000000000000000D
:1023D00000000000000000000000000000000000FD
:1023E00000000000000000000000000000000000ED
:1023F00000000000000000003CFF00FBC44AC82BA6
:10240000C82BC82BC82BE833C82BC82BE82BC82BEC
:10241000C82BE82BC82BC82BC82BC82BC82BC82B04
:10242000C82BC82BC82BC82BC82BE82BC82BC82BF4
:10243000E82BC833C82BC82BE82BC82BC82BC82BBC
:10244000E82BC82BC82BE82BC82BA82BC632E3726D
:1024500041DCA1DCE72AC82BC82BC82BC82BC82B12
:10246000C82BC82BC82BC82BC82BC82BE82BC833AC
:10247000C82BE82BC82BC82BC82BE62AA2AB20FA06
:1024800020E021D820FBA53AC82BC82BC82BE82B6D
:10249000C82BC82B472B01CC20F8E42820E0E0F320
:1024A000A62AC82BC82BC833E82BC82BC82BC82B8F
:1024B000C82BC82BC82BE82BC82BC82BC82BC82B64
:1024C000E82BC82BC82B672BC36AA0FB20F800FAA7
:1024D0000373E72AA632E462629B21E420FB80F9C1
:1024E00020E48632C82BA542A0FB20F820F840F853
:1024F00040F840F840F820F820F821F823C8479029
:102500006C4890085119900058846E2840F8E1BB3F
:10251000882BC82BC82BE82BE833C82BC82BC82B1B
:10252000C82BC82BE82BC82BC82BC82BC82BC82BF3
:10253000C82BC82BC82BC632C2B3E0F941D0E43057
:10254000D39C00000000000000000000000000001C
:10255000000000000000000000000000000000007B
:10256000000000000000000000000000000000006B
:10257000000000000000000000000000000000005B
:102580000000000000000000DBFE00FBC552E82B4D
:10259000E82BC82BC82BC82BE82BC82BC833C82B5B
:1025A000C82BE82BC82BE82BE82BC82BC82BC82B33
:1025B000E82BC82BC82BE82BC82BC82B472BC82BC4
:1025C000C82BE82BC82BC82BC833E82BC82BC83323
:1025D000E82BC82BC833A82BA632038320E440FA8B
:1025E00040F841CC472BC82BE82BC82BE82BC82B35
:1025F000C82BC82BC82BC82BE833C82BE72AC82BFD
:10260000C82BE82BC82BC82BA632E1C3C0F921D8B0
:10261000E33841C040FBA63AC82BC82BC82BC82BB7
:10262000C82BC833E72A21E420F8042920F821E444
:10263000E72AC82BC82BE82BC82BC82BE833C82B9C
:10264000C82BE82BC833C82B472BC82BE82BC83323
:10265000C82BE82B272B038340FB20F862A080F8CF
:10266000C0FB00ECA0FB80FAE0F800F800F820FBCB
:10267000C362C82BC82BC46281EC21DC01CCE1BB56
:1026800001BCC2AB01BC01BC01CC21E4A0FB80FABF
:10269000E0F842E8EFCA90087442CD50C0F8A2A317
:1026A000A82BC82BC82BC82BC82BE82BC82BE82B72
:1026B000C82BC82BE82BA82B472BC82BE82BC82BE3
:1026C000C833C82BA63201C480F941D0E33030842E
:1026D00000000000000000000000000000000000FA
:1026E00000000000000000000000000000000000EA
:1026F00000000000000000000000000000000000DA
:1027000000000000000000000000000000000000C9
:1027100000000000000000001CFFA0FAE45AC82BD3
:10272000C82BC82BC82BC82BC82BE82BC82BC82BF1
:10273000E82BC833C82BC82BC833E82BC82BC82BB1
:10274000E82BC833C82BE82B872B253AA62AC82BA1
:10275000C82BC82BE82BC82BC82BC82BC82BC82BC1
:10276000C82B882BA63A428B20F4E0F920F841C808
:1027700040F8E1BB682BC82BC82BE833C82BC82B0B
:10278000E833E82BC82BC82B672B845A8452C82BFC
:10279000C82BC82BC833854221D440F941C8E43046
:1027A00059CEDFFF80FBA63AC82BE82BE833C82BB5
:1027B000C82B472B238380FA41C8042920F801D471
:1027C000272BC82BC82BE82BC82BC82BE82BC82BD2
:1027D000C82BE82B882B85426452C82BC82BC82BEA
:1027E000C82B072B829BC0FA20F0C3580421A2906B
:1027F00021E820F021D861A8A27041C8A0F9A2A3C5
:10280000472BC82BC82B472BC62A072B472B882BB7
:10281000882BA82B882B882B472BC72A8632A45AB3
:10282000A2ABE0F300F924C0D0186B5000F98293FA
:10283000C82BC82BE82BC82BC82BC82BC833C82BD8
:10284000E82BC833672BA45A6632C82BC82BE82B59
:10285000C82B854221DC40F941C8E42810840000DF
:102860000000000000000000000000000000000068
:102870000000000000000000000000000000000058
:102880000000000000000000000000000000000048
:102890000000000000000000000000000000000038
:1028A00000000000000000009EFFC0F9237BC82B41
:1028B000C82BE833E82BC82BC833C82BE82BC82B10
:1028C000C82BC82BC82BC82BC82BC82BE833C82B48
:1028D000C82BC82BC82BC632228BC2AB682BC82B87
:1028E000C833C82BC82BE833C82BC82BE82B672B61
:1028F0008542629B00F480F900F862A8E340E34857
:1029000060F8E1B3882BC82BC82BC82BC82BC82B69
:10291000C82BC82BC82BA632629380FC0373E82B0C
:10292000C82BA82B845240ECE0F841B80429308C25
:1029300000001CFF80FBA632C82BC82BC82BE82B3D
:10294000E72A629BE0FA20F0C348D3A445F901CC02
:10295000472BC82BC82BC833C82BC82BC82BC83350
:10296000A82BA632228B80FC638BC82BC82BC82BCC
:10297000A632E1BB20FA20E8C3486A5200009EF765
:102980004531042104210429A38880F841DCA632C2
:10299000A82B072BA62AA542C54AA542A632272B5B
:1029A000C82BC82BC82BC82BC82BC82BC82BC82B8F
:1029B000872B853A01C4C0F924C8CFB240F9628B95
:1029C000C82BC82BC82BE833C82BC82BE82BC82B27
:1029D000A82BA632629BE0FC8542C82BC82B872B14
:1029E000845240ECE0F841B80429F4A4000000004F
:1029F00000000000000000000000000000000000D7
:102A000000000000000000000000000000000000C6
:102A100000000000000000000000000000000000B6
:102A200000000000000000000000000000000000A6
:102A30000000000000000000000060F801C4272B27
:102A4000C82BC82BC82BE82BC82BC82BC82BC833C6
:102A5000E82BC82BE82BE82BC82BC82BC82BC82B7E
:102A6000C82B472BA45221D400FC0373C82BC82BBE
:102A7000E82BC82BC82BC82BE82B472B854AA2A3D1
:102A8000C0FB60F920F08298E4380421DBDE00000E
:102A9000F0FB41CC272BC82BC82BE82BC82BE82BED
:102AA000A82BC632E37221E4C0F960F9428BC82B2F
:102AB000272BC36AE0F360F882A00429B6BD0000AA
:102AC00000003CFFA0FBA62AC82BC82BA82B853AE8
:102AD00001C420FA20E8C35092940000EBFA21E4EC
:102AE000E62AC82BC82BE82BC82BC82B672B863AA5
:102AF000238B20ECE0F9E0F882A3C82BA82B8542B9
:102B000021D460F941D8E438EB62000000000000F5
:102B1000000000000000000038FE00FC0352C46208
:102B2000629B21D4E0FB40FB20FB20FB00FD41C465
:102B3000C362272BC82BC82BC82BE82BC82BC82B4C
:102B4000C82BC82BC62A21CCA0F8C6D0C0F8A2A397
:102B5000A82BC82BC82BC82BC82BE82B872BA63239
:102B6000038320ECA0F960FAC45AC82B472BE37208
:102B7000E0FB60F862980421EF8300000000000091
:102B80000000000000000000000000000000000045
:102B90000000000000000000000000000000000035
:102BA0000000000000000000000000000000000025
:102BB0000000000000000000000000000000000015
:102BC0000000000000000000000065E120FBA45AA6
:102BD000C82BC82BC82BC82BE82BC82BC82BE82B1D
:102BE000C82BC82BC833C82BC82BE82BC82B672B86
:102BF000A54AC1B340FB60F8A0FB8532C82BC82BA7
:102C0000E82BC82BC82B272BA452C1B380FB00F99B
:102C100020E88290E4302529BADE000000000000A0
:102C200031F4A0FBA45AA632C632C632A53AC46219
:102C3000829B20EC40FA20F841D0A0F8C2AB853A44
:102C4000A2AB00FB20F8A2780421DBDE000000002C
:102C50000000DBFEA0F3A62AC82BE632E37200F4E4
:102C600000F941D0E438C7390000000029E260FBD8
:102C7000844AE72AE72AC632A542037BE1BBC0FBB0
:102C8000C0F920F841B860F8E1BBC62AC36A00F475
:102C9000C0F841B8E430F3A40000000000000000D8
:102CA000000000000000FFFFE0FAE1EC00EC80FA19
:102CB000E0F820F820E021E800F860FAE1EC60F9A3
:102CC000E0FAA2AB072BC82BC82BE82BC82BC82BCC
:102CD000E82BC82BC82B844A60FB00F820F821DCC5
:102CE000853AE62AE72AC632A542E46AA2AB00F496
:102CF00000FA20F821D8C0F9037BA53282A300FB9B
:102D000020F8A27804217AD600000000000000001C
:102D100000000000000000000000000000000000B3
:102D200000000000000000000000000000000000A3
:102D30000000000000000000000000000000000093
:102D40000000000000000000000000000000000083
:102D500000000000000000000000BBE660F820EC6E
:102D6000844AA82BC82BC833C82BC82BE833C82BE0
:102D7000C82BC82BC82BC82BC833272B854AA2AB1E
:102D8000A0FBE0F820F040F821CC072BC82BC82B83
:102D9000C833072BA45A01C440FBC0F821E0A2802D
:102DA000E42865311CE7000000000000000000007E
:102DB00096D560F8E0FAA0FBC0F3C0FB80FB80FA78
:102DC000E0F820F861B0C348E43020F840FBC0FBD5
:102DD00040F921E0C3502429FFFF0000000000005B
:102DE000000039FE60FBA462037321D480FA20F84E
:102DF0008290E428EF8300000000000030BCA0F8BF
:102E0000A0FB20EC40F4E0F320FBE0F960F821E0C7
:102E10008298E438E42820F8C0F301DCC0FA20F8F6
:102E20008288042938C6000000000000000000006D
:102E300000000000FFFF22F9A0FAC0F820F061B006
:102E400062488218C34820F080FA829B20FB20F061
:102E500020E060FA228BA82BC82BC82BC82BC82BCC
:102E6000E82BC82BC82B072B21D420F820F040F9E1
:102E7000A0FB00F420ECE0F360FB40FAA0F820F0A7
:102E800062A8E340C35880F820EC00F460F921E028
:102E9000C3500429FFFF00000000000000000000F4
:102EA0000000000000000000000000000000000022
:102EB0000000000000000000000000000000000012
:102EC0000000000000000000000000000000000002
:102ED00000000000000000000000000000000000F2
:102EE0000000000000000000000000002DBB80F882
:102EF00000F4E37AC62AA82BC82BE82BC82BC82BD2
:102F0000E82BC82B472BA632E37201C480FBE0F804
:102F100020E8A280828060F94393C82BC82BE72A5F
:102F2000C36221D400FB80F821D8A3700429084291
:102F3000FFFF000000000000000000000000000093
:102F40000000867961B841D821E021E041C862A83B
:102F5000A270E430042135AD00004DA321D820E05B
:102F60008290E430EC6200000000000000000000ED
:102F70000000BBEE80F8A0FA00FA20F841C0E34858
:102F80000429DBDE0000000000000000FFFFA28833
:102F900021D800F020F021E041C08298C3500429DC
:102FA0000421719400006DAB00F820F841D0C350AB
:102FB0000421BEF700000000000000000000000037
:102FC00000000000A2F800F861B8A368E42804211A
:102FD000042100001CFFC0FA229381B360F8A370A3
:102FE000E34000F8E0F38632E82BC82BC833E82B27
:102FF000C82BC82BE82BA82B629BE0F8828862A024
:1030000021D820F020F021E041C862A0A360E4288C
:1030100004219294BEF782A820F820F862A004311F
:10302000A6390000000000000000000000000000C1
:103030000000000000000000000000000000000090
:103040000000000000000000000000000000000080
:103050000000000000000000000000000000000070
:103060000000000000000000000000000000000060
:103070000000000000000000000000000000C38805
:1030800020F860FA41E44293E462A54AA53AC54AB1
:10309000E462228B01C4E0FB40FA60F821D8A280F0
:1030A0000429663125C900FB854AC62AE37221DC62
:1030B000A0FA60F841D0A36804216631DFFF000068
:1030C0000000000000000000000000000000000000
:1030D00000000000CB5A0421042104210421042112
:1030E0008631BFFF0000000000000000863104218F
:1030F00004219AD60000000000000000000000003B
:1031000000000000457961A88298C35004218E73A5
:103110000000000000000000000000000000FFFFB1
:10312000453104210429042104210429AF7BFFFF38
:103130000000000000000000084AE4300421C73904
:10314000000000000000000000000000000000007F
:103150000000ABDAA278E42804214952DFFF000026
:103160000000FFFF01FB4293035A40FA41C00421D3
:10317000FFFF96E500FA0373C82BC82BC82BC82B9A
:10318000C82BC833C82BC82B428B40F9828804292E
:103190002429042104210421042104214952FFFF90
:1031A0000000000000003DEF042904210421D39C0D
:1031B000000000000000000000000000000000000F
:1031C00000000000000000000000000000000000FF
:1031D00000000000000000000000000000000000EF
:1031E00000000000000000000000000000000000DF
:1031F00000000000000000000000000000000000CF
:1032000000000000000000000000000000000000BE
:10321000296A41C020F840F980FA20FB20FB00FB1E
:1032200040FA60F940F821E861A8C3580421452913
:10323000BEFF0000BBFE40ECE27A21E440FA40F819
:1032400041C0C3580421C741BEFF00000000000078
:10325000000000000000000000000000000000006E
:10326000000000000000000000000000000000005E
:10327000000000000000000000000000000000004E
:10328000000000000000000000000000000000003E
:10329000000000000000494A04218E730000000075
:1032A000000000000000000000000000000000001E
:1032B000000000000000000000000000000000000E
:1032C00000000000000000000000000000000000FE
:1032D00000000000000000000000000000000000EE
:1032E0000000108445319EF700000000000000003F
:1032F000BEFF20FB428B252AA1DB00F8E348318C7E
:10330000FFFFFFFFC1F8C2ABA72BC82BC82BE82BD0
:10331000C82BC82BC82B882BA2A3A0F8A27896B5DF
:10332000000000000000000000000000000000009D
:10333000000000000000000000000000000000008D
:10334000000000000000000000000000000000007D
:10335000000000000000000000000000000000006D
:10336000000000000000000000000000000000005D
:10337000000000000000000000000000000000004D
:10338000000000000000000000000000000000003D
:10339000000000000000000000000000000000002D
:1033A00000003DEF2441A27862A041B841B861B865
:1033B00082A0A278C34004290429D39C0000000005
:1033C0000000000067FA80FCE0F920F841B8C3482B
:1033D0000421108400000000000000000000000034
:1033E00000000000000000000000000000000000DD
:1033F00000000000000000000000000000000000CD
:1034000000000000000000000000000000000000BC
:1034100000000000000000000000000000000000AC
:10342000000000000000000000000000000000009C
:10343000000000000000000000000000000000008C
:10344000000000000000000000000000000000007C
:10345000000000000000000000000000000000006C
:10346000000000000000000000000000000000005C
:1034700000000000000000000000000000009EFFAF
:1034800080FB037B072B038340F962980421FFFF35
:10349000FFFFFFFFA0F9C1AB672BC82BC82BE83398
:1034A000C82BE82BC82BE62A41E400F8C350BFFF25
:1034B000000000000000000000000000000000000C
:1034C00000000000000000000000000000000000FC
:1034D00000000000000000000000000000000000EC
:1034E00000000000000000000000000000000000DC
:1034F00000000000000000000000000000000000CC
:1035000000000000000000000000000000000000BB
:1035100000000000000000000000000000000000AB
:10352000000000000000000000000000000000009B
:103530000000000000000000B39CE7414529252958
:103540004531294AFBDE00000000000000000000B9
:1035500000007EFF20F820F862A8E3400421318CAF
:10356000000000000000000000000000000000005B
:10357000000000000000000000000000000000004B
:10358000000000000000000000000000000000003B
:10359000000000000000000000000000000000002B
:1035A000000000000000000000000000000000001B
:1035B000000000000000000000000000000000000B
:1035C00000000000000000000000000000000000FB
:1035D00000000000000000000000000000000000EB
:1035E00000000000000000000000000000000000DB
:1035F00000000000000000000000000000000000CB
:1036000000000000000000000000000058FEC0FBA9
:10361000C36A672B853A40F321E80429BFFFFFFF07
:10362000B6FDC0FAC2B3A632C82BC82BC82BC82B14
:10363000C82BC82BC82BA45A20FB20E00421000073
:10364000000000000000000000000000000000007A
:10365000000000000000000000000000000000006A
:10366000000000000000000000000000000000005A
:10367000000000000000000000000000000000004A
:10368000000000000000000000000000000000003A
:10369000000000000000000000000000000000002A
:1036A000000000000000000000000000000000001A
:1036B000000000000000000000000000000000000A
:1036C00000000000000000000000000000000000FA
:1036D00000000000000000000000000000000000EA
:1036E000000055F58298E4380429FCE6000000004B
:1036F00000000000000000000000000000000000CA
:1037000000000000000000000000000000000000B9
:1037100000000000000000000000000000000000A9
:103720000000000000000000000000000000000099
:103730000000000000000000000000000000000089
:103740000000000000000000000000000000000079
:103750000000000000000000000000000000000069
:103760000000000000000000000000000000000059
:103770000000000000000000000000000000000049
:103780000000000000000000000000000000000039
:103790000000000000000000000018FE00FCA46211
:1037A000882B472B82AB80F8A270A370F7FD40F9FD
:1037B00020ECC36A272BC82BC82BE82BC82BC82B9F
:1037C000E82BC833072B01CC80F882804529000004
:1037D00000000000000000000000000000000000E9
:1037E00000000000000000000000000000000000D9
:1037F00000000000000000000000000000000000C9
:1038000000000000000000000000000000000000B8
:1038100000000000000000000000000000000000A8
:103820000000000000000000000000000000000098
:103830000000000000000000000000000000000088
:103840000000000000000000000000000000000078
:103850000000000000000000000000000000000068
:103860000000000000000000000000000000000058
:10387000000059CE0421B6BD000000000000000089
:103880000000000000000000000000000000000038
:103890000000000000000000000000000000000028
:1038A0000000000000000000000000000000000018
:1038B0000000000000000000000000000000000008
:1038C00000000000000000000000000000000000F8
:1038D00000000000000000000000000000000000E8
:1038E00000000000000000000000000000000000D8
:1038F00000000000000000000000000000000000C8
:1039000000000000000000000000000000000000B7
:1039100000000000000000000000000000000000A7
:103920000000000000000000C9FA20EC8452A82B1F
:10393000C82BA45AA0FA20F041D0A0F860FBA2AB9B
:10394000853AA82BC82BE82BC82BC82BE82BC833EB
:10395000C82B882B037B80FA21E00429BFFF0000DD
:103960000000000000000000000000000000000057
:103970000000000000000000000000000000000047
:103980000000000000000000000000000000000037
:103990000000000000000000000000000000000027
:1039A0000000000000000000000000000000000017
:1039B0000000000000000000000000000000000007
:1039C00000000000000000000000000000000000F7
:1039D00000000000000000000000000000000000E7
:1039E00000000000000000000000000000000000D7
:1039F00000000000000000000000000000000000C7
:103A000000000000000000000000000000000000B6
:103A100000000000000000000000000000000000A6
:103A20000000000000000000000000000000000096
:103A30000000000000000000000000000000000086
:103A40000000000000000000000000000000000076
:103A50000000000000000000000000000000000066
:103A60000000000000000000000000000000000056
:103A70000000000000000000000000000000000046
:103A80000000000000000000000000000000000036
:103A90000000000000000000000000000000000026
:103AA0000000000000000000000000000000000016
:103AB000000000000000A4F941E4644AA82BC82BD0
:103AC000C62AE1DB20F860F8C0FA01C4844A672BFB
:103AD000C82BC82BC82BE82BC82BC82BC82BE82B0E
:103AE000A82B8452C0FB20F8C3508E730000000046
:103AF00000000000000000000000000000000000C6
:103B000000000000000000000000000000000000B5
:103B100000000000000000000000000000000000A5
:103B20000000000000000000000000000000000095
:103B30000000000000000000000000000000000085
:103B40000000000000000000000000000000000075
:103B50000000000000000000000000000000000065
:103B60000000000000000000000000000000000055
:103B70000000000000000000000000000000000045
:103B80000000000000000000000000000000000035
:103B90000000000000000000000000000000000025
:103BA0000000000000000000000000000000000015
:103BB0000000000000000000000000000000000005
:103BC00000000000000000000000000000000000F5
:103BD00000000000000000000000000000000000E5
:103BE00000000000000000000000000000000000D5
:103BF00000000000000000000000000000000000C5
:103C000000000000000000000000000000000000B4
:103C100000000000000000000000000000000000A4
:103C20000000000000000000000000000000000094
:103C30000000000000000000000000000000000084
:103C40000000000062F941DC653AC82BC82BA82BA4
:103C5000E37A20FA80FA41D4C462072BC82BC82B20
:103C6000E82BC82BC82BC82BE82BC833C82BA82B94
:103C7000844A20F440F8A2784529000000000000A2
:103C80000000000000000000000000000000000034
:103C90000000000000000000000000000000000024
:103CA0000000000000000000000000000000000014
:103CB0000000000000000000000000000000000004
:103CC00000000000000000000000000000000000F4
:103CD00000000000000000000000000000000000E4
:103CE00000000000000000000000000000000000D4
:103CF00000000000000000000000000000000000C4
:103D000000000000000000000000000000000000B3
:103D100000000000000000000000000000000000A3
:103D20000000000000000000000000000000000093
:103D30000000000000000000000000000000000083
:103D40000000000000000000000000000000000073
:103D50000000000000000000000000000000000063
:103D60000000000000000000000000000000000053
:103D70000000000000000000000000000000000043
:103D80000000000000000000000000000000000033
:103D90000000000000000000000000000000000023
:103DA0000000000000000000000000000000000013
:103DB0000000000000000000000000000000000003
:103DC00000000000000000000000000000000000F3
:103DD000FFFF03FA21CC8532C82BC82BE82BA63273
:103DE00000ED41DCE372E62AC82BC82BC82BC82B98
:103DF000C82BE82BC82BC82BC82BE82BA82B845228
:103E000040F480F882980421DFFF000000000000E9
:103E100000000000000000000000000000000000A2
:103E20000000000000000000000000000000000092
:103E30000000000000000000000000000000000082
:103E40000000000000000000000000000000000072
:103E50000000000000000000000000000000000062
:103E60000000000000000000000000000000000052
:103E70000000000000000000000000000000000042
:103E80000000000000000000000000000000000032
:103E90000000000000000000000000000000000022
:103EA0000000000000000000000000000000000012
:103EB0000000000000000000000000000000000002
:103EC00000000000000000000000000000000000F2
:103ED00000000000000000000000000000000000E2
:103EE00000000000000000000000000000000000D2
:103EF00000000000000000000000000000000000C2
:103F000000000000000000000000000000000000B1
:103F100000000000000000000000000000000000A1
:103F20000000000000000000000000000000000091
:103F30000000000000000000000000000000000081
:103F40000000000000000000000000000000000071
:103F50000000000000000000000000000000000061
:103F6000D7FDA1E48632C82BC82BC82BA82B435AF7
:103F7000E36AC62AC82BC82BC82BC82BE82BC82B32
:103F8000C82BC833E82BC82BC833882BA462E0F3B6
:103F900060F88298042159CE000000000000000063
:103FA0000000000000000000000000000000000011
:103FB0000000000000000000000000000000000001
:103FC00000000000000000000000000000000000F1
:103FD00000000000000000000000000000000000E1
:103FE00000000000000000000000000000000000D1
:103FF00000000000000000000000000000000000C1
:1040000000000000000000000000000000000000B0
:1040100000000000000000000000000000000000A0
:104020000000000000000000000000000000000090
:104030000000000000000000000000000000000080
:104040000000000000000000000000000000000070
:104050000000000000000000000000000000000060
:104060000000000000000000000000000000000050
:104070000000000000000000000000000000000040
:104080000000000000000000000000000000000030
:104090000000000000000000000000000000000020
:1040A0000000000000000000000000000000000010
:1040B0000000000000000000000000000000000000
:1040C00000000000000000000000000000000000F0
:1040D00000000000000000000000000000000000E0
:1040E00000000000000000000000000000000000D0
:1040F000B6FD21E4E62AC82BC82BE82BA82B072BFA
:10410000C82BC82BC82BC82BC82BC82BC82BE82BF7
:10411000C82BC82BC82BC82B072B228380FB40F849
:104120008280042118C6000000000000000000008A
:10413000000000000000000000000000000000007F
:10414000000000000000000000000000000000006F
:10415000000000000000000000000000000000005F
:10416000000000000000000000000000000000004F
:10417000000000000000000000000000000000003F
:10418000000000000000000000000000000000002F
:10419000000000000000000000000000000000001F
:1041A000000000000000000000000000000000000F
:1041B00000000000000000000000000000000000FF
:1041C00000000000000000000000000000000000EF
:1041D00000000000000000000000000000000000DF
:1041E00000000000000000000000000000000000CF
:1041F00000000000000000000000000000000000BF
:1042000000000000000000000000000000000000AE
:10421000000000000000000000000000000000009E
:10422000000000000000000000000000000000008E
:10423000000000000000000000000000000000007E
:10424000000000000000000000000000000000006E
:10425000000000000000000000000000000000005E
:10426000000000000000000000000000000000004E
:10427000000000000000000000000000000000003E
:10428000BBFE00F4A62AC82BC82BC833C82BC82BEA
:10429000C82BC82BC82BE82BC82BC82BC833E82B3E
:1042A000C82BC82BC82BA63AE1B380FA20F0A3682C
:1042B0000421BEF700000000000000000000000024
:1042C00000000000000000000000000000000000EE
:1042D00000000000000000000000000000000000DE
:1042E00000000000000000000000000000000000CE
:1042F00000000000000000000000000000000000BE
:1043000000000000000000000000000000000000AD
:10431000000000000000000000000000000000009D
:10432000000000000000000000000000000000008D
:10433000000000000000000000000000000000007D
:10434000000000000000000000000000000000006D
:10435000000000000000000000000000000000005D
:10436000000000000000000000000000000000004D
:10437000000000000000000000000000000000003D
:10438000000000000000000000000000000000002D
:10439000000000000000000000000000000000001D
:1043A000000000000000000000000000000000000D
:1043B00000000000000000000000000000000000FD
:1043C00000000000000000000000000000000000ED
:1043D00000000000000000000000000000000000DD
:1043E00000000000000000000000000000000000CD
:1043F00000000000000000000000000000000000BD
:1044000000000000000000000000000000000000AC
:104410007AFEC0FB862AC82BC82BE82BC82BC82BDA
:10442000E82BC82BC82BE82BC82BC82BE82BC82B94
:10443000C82B882B845240E440F921D8C348252951
:10444000FFFF00000000000000000000000000006E
:10445000000000000000000000000000000000005C
:10446000000000000000000000000000000000004C
:10447000000000000000000000000000000000003C
:10448000000000000000000000000000000000002C
:10449000000000000000000000000000000000001C
:1044A000000000000000000000000000000000000C
:1044B00000000000000000000000000000000000FC
:1044C00000000000000000000000000000000000EC
:1044D00000000000000000000000000000000000DC
:1044E00000000000000000000000000000000000CC
:1044F00000000000000000000000000000000000BC
:1045000000000000000000000000000000000000AB
:10451000000000000000000000000000000000009B
:10452000000000000000000000000000000000008B
:10453000000000000000000000000000000000007B
:10454000000000000000000000000000000000006B
:10455000000000000000000000000000000000005B
:10456000000000000000000000000000000000004B
:10457000000000000000000000000000000000003B
:10458000000000000000000000000000000000002B
:10459000000000000000000000000000000000001B
:1045A000BBFE80FB853AC82BC82BE82BC82BC83331
:1045B000E82BC82BC833C82BE82BC82BC82BC83313
:1045C000C6324293A0FB60F862A8E4286D73000035
:1045D00000000000000000000000000000000000DB
:1045E00000000000000000000000000000000000CB
:1045F00000000000000000000000000000000000BB
:1046000000000000000000000000000000000000AA
:10461000000000000000000000000000000000009A
:10462000000000000000000000000000000000008A
:10463000000000000000000000000000000000007A
:10464000000000000000000000000000000000006A
:10465000000000000000000000000000000000005A
:10466000000000000000000000000000000000004A
:10467000000000000000000000000000000000003A
:10468000000000000000000000000000000000002A
:10469000000000000000000000000000000000001A
:1046A000000000000000000000000000000000000A
:1046B00000000000000000000000000000000000FA
:1046C00000000000000000000000000000000000EA
:1046D00000000000000000000000000000000000DA
:1046E00000000000000000000000000000000000CA
:1046F00000000000000000000000000000000000BA
:1047000000000000000000000000000000000000A9
:104710000000000000000000000000000000000099
:104720000000000000000000000000000000000089
:104730001CFF40FBA542C82BC82BC82BC82BC82B7D
:10474000C82BE82BC82BC82BC833C82B882B854A0D
:1047500021D4E0F920F0A368042172940000000045
:104760000000000000000000000000000000000049
:104770000000000000000000000000000000000039
:104780000000000000000000000000000000000029
:104790000000000000000000000000000000000019
:1047A0000000000000000000000000000000000009
:1047B00000000000000000000000000000000000F9
:1047C00000000000000000000000000000000000E9
:1047D00000000000000000000000000000000000D9
:1047E00000000000000000000000000000000000C9
:1047F00000000000000000000000000000000000B9
:1048000000000000000000000000000000000000A8
:104810000000000000000000000000000000000098
:104820000000000000000000000000000000000088
:104830000000000000000000000000000000000078
:104840000000000000000000000000000000000068
:104850000000000000000000000000000000000058
:104860000000000000000000000000000000000048
:104870000000000000000000000000000000000038
:104880000000000000000000000000000000000028
:104890000000000000000000000000000000000018
:1048A0000000000000000000000000000000000008
:1048B00000000000000000000000000000000000F8
:1048C0003CFF20FBC54AC82BE82BC82BE82BC82B84
:1048D000C82BC82BE82BC82BC82B072B0283E0FB67
:1048E000A0F841C0E4380429FFFF000000000000E8
:1048F00000000000000000000000000000000000B8
:1049000000000000000000000000000000000000A7
:104910000000000000000000000000000000000097
:104920000000000000000000000000000000000087
:104930000000000000000000000000000000000077
:104940000000000000000000000000000000000067
:104950000000000000000000000000000000000057
:104960000000000000000000000000000000000047
:104970000000000000000000000000000000000037
:104980000000000000000000000000000000000027
:104990000000000000000000000000000000000017
:1049A0000000000000000000000000000000000007
:1049B00000000000000000000000000000000000F7
:1049C00000000000000000000000000000000000E7
:1049D00000000000000000000000000000000000D7
:1049E00000000000000000000000000000000000C7
:1049F00000000000000000000000000000000000B7
:104A000000000000000000000000000000000000A6
:104A10000000000000000000000000000000000096
:104A20000000000000000000000000000000000086
:104A30000000000000000000000000000000000076
:104A40000000000000000000000000000000000066
:104A50003DFFE0FAC552E82BC82BC833E82BC82B22
:104A6000C833C82BE82BA82B854201CC40FA20F094
:104A7000A2780421CB5A00000000000000000000D2
:104A80000000000000000000000000000000000026
:104A90000000000000000000000000000000000016
:104AA0000000000000000000000000000000000006
:104AB00000000000000000000000000000000000F6
:104AC00000000000000000000000000000000000E6
:104AD00000000000000000000000000000000000D6
:104AE00000000000000000000000000000000000C6
:104AF00000000000000000000000000000000000B6
:104B000000000000000000000000000000000000A5
:104B10000000000000000000000000000000000095
:104B20000000000000000000000000000000000085
:104B30000000000000000000000000000000000075
:104B40000000000000000000000000000000000065
:104B50000000000000000000000000000000000055
:104B60000000000000000000000000000000000045
:104B70000000000000000000000000000000000035
:104B80000000000000000000000000000000000025
:104B90000000000000000000000000000000000015
:104BA0000000000000000000000000000000000005
:104BB00000000000000000000000000000000000F5
:104BC00000000000000000000000000000000000E5
:104BD00000000000000000000000000000000000D5
:104BE0005DFFE0FAC452C82BC82BC82BC82BE82B9A
:104BF000C82BC82BE72A0383E0FBA0F841C8E338A1
:104C000004219EF7000000000000000000000000EA
:104C10000000000000000000000000000000000094
:104C20000000000000000000000000000000000084
:104C30000000000000000000000000000000000074
:104C40000000000000000000000000000000000064
:104C50000000000000000000000000000000000054
:104C60000000000000000000000000000000000044
:104C70000000000000000000000000000000000034
:104C80000000000000000000000000000000000024
:104C90000000000000000000000000000000000014
:104CA0000000000000000000000000000000000004
:104CB00000000000000000000000000000000000F4
:104CC00000000000000000000000000000000000E4
:104CD00000000000000000000000000000000000D4
:104CE00000000000000000000000000000000000C4
:104CF00000000000000000000000000000000000B4
:104D000000000000000000000000000000000000A3
:104D10000000000000000000000000000000000093
:104D20000000000000000000000000000000000083
:104D30000000000000000000000000000000000073
:104D40000000000000000000000000000000000063
:104D50000000000000000000000000000000000053
:104D60000000000000000000000000000000000043
:104D70005DFFE0FAE54AC82BC82BE82BC82BC82BEF
:104D8000882B844A01CC40FA20F0827804296E7383
:104D90000000000000000000000000000000000013
:104DA0000000000000000000000000000000000003
:104DB00000000000000000000000000000000000F3
:104DC00000000000000000000000000000000000E3
:104DD00000000000000000000000000000000000D3
:104DE00000000000000000000000000000000000C3
:104DF00000000000000000000000000000000000B3
:104E000000000000000000000000000000000000A2
:104E10000000000000000000000000000000000092
:104E20000000000000000000000000000000000082
:104E30000000000000000000000000000000000072
:104E40000000000000000000000000000000000062
:104E50000000000000000000000000000000000052
:104E60000000000000000000000000000000000042
:104E70000000000000000000000000000000000032
:104E80000000000000000000000000000000000022
:104E90000000000000000000000000000000000012
:104EA0000000000000000000000000000000000002
:104EB00000000000000000000000000000000000F2
:104EC00000000000000000000000000000000000E2
:104ED00000000000000000000000000000000000D2
:104EE00000000000000000000000000000000000C2
:104EF00000000000000000000000000000000000B2
:104F00007DFFE0FAC552E82BC82BC82BC833C63248
:104F1000428BC0FBA0F841C0E3382429DFFF00002A
:104F20000000000000000000000000000000000081
:104F30000000000000000000000000000000000071
:104F40000000000000000000000000000000000061
:104F50000000000000000000000000000000000051
:104F60000000000000000000000000000000000041
:104F70000000000000000000000000000000000031
:104F80000000000000000000000000000000000021
:104F90000000000000000000000000000000000011
:104FA0000000000000000000000000000000000001
:104FB00000000000000000000000000000000000F1
:104FC00000000000000000000000000000000000E1
:104FD00000000000000000000000000000000000D1
:104FE00000000000000000000000000000000000C1
:104FF00000000000000000000000000000000000B1
:1050000000000000000000000000000000000000A0
:105010000000000000000000000000000000000090
:105020000000000000000000000000000000000080
:105030000000000000000000000000000000000070
:105040000000000000000000000000000000000060
:105050000000000000000000000000000000000050
:105060000000000000000000000000000000000040
:105070000000000000000000000000000000000030
:105080000000000000000000000000000000000020
:105090007EFFE0FAC452C82BC82B672B845221D460
:1050A000E0F920F0A37004212C6B00000000000048
:1050B00000000000000000000000000000000000F0
:1050C00000000000000000000000000000000000E0
:1050D00000000000000000000000000000000000D0
:1050E00000000000000000000000000000000000C0
:1050F00000000000000000000000000000000000B0
:10510000000000000000000000000000000000009F
:10511000000000000000000000000000000000008F
:10512000000000000000000000000000000000007F
:10513000000000000000000000000000000000006F
:10514000000000000000000000000000000000005F
:10515000000000000000000000000000000000004F
:10516000000000000000000000000000000000003F
:10517000000000000000000000000000000000002F
:10518000000000000000000000000000000000001F
:10519000000000000000000000000000000000000F
:1051A00000000000000000000000000000000000FF
:1051B00000000000000000000000000000000000EF
:1051C00000000000000000000000000000000000DF
:1051D00000000000000000000000000000000000CF
:1051E00000000000000000000000000000000000BF
:1051F00000000000000000000000000000000000AF
:10520000000000000000000000000000000000009E
:10521000000000000000000000000000000000008E
:105220007DFFE0FAC54AC82BA632629B80FB60F87E
:1052300061B0E4380421DFFF00000000000000003E
:10524000000000000000000000000000000000005E
:10525000000000000000000000000000000000004E
:10526000000000000000000000000000000000003E
:10527000000000000000000000000000000000002E
:10528000000000000000000000000000000000001E
:10529000000000000000000000000000000000000E
:1052A00000000000000000000000000000000000FE
:1052B00000000000000000000000000000000000EE
:1052C00000000000000000000000000000000000DE
:1052D00000000000000000000000000000000000CE
:1052E00000000000000000000000000000000000BE
:1052F00000000000000000000000000000000000AE
:10530000000000000000000000000000000000009D
:10531000000000000000000000000000000000008D
:10532000000000000000000000000000000000007D
:10533000000000000000000000000000000000006D
:10534000000000000000000000000000000000005D
:10535000000000000000000000000000000000004D
:10536000000000000000000000000000000000003D
:10537000000000000000000000000000000000002D
:10538000000000000000000000000000000000001D
:10539000000000000000000000000000000000000D
:1053A00000000000000000000000000000000000FD
:1053B0005DFF00FB644AC36221E480F921E8C36019
:1053C0000421EF8300000000000000000000000046
:1053D00000000000000000000000000000000000CD
:1053E00000000000000000000000000000000000BD
:1053F00000000000000000000000000000000000AD
:10540000000000000000000000000000000000009C
:10541000000000000000000000000000000000008C
:10542000000000000000000000000000000000007C
:10543000000000000000000000000000000000006C
:10544000000000000000000000000000000000005C
:10545000000000000000000000000000000000004C
:10546000000000000000000000000000000000003C
:10547000000000000000000000000000000000002C
:10548000000000000000000000000000000000001C
:10549000000000000000000000000000000000000C
:1054A00000000000000000000000000000000000FC
:1054B00000000000000000000000000000000000EC
:1054C00000000000000000000000000000000000DC
:1054D00000000000000000000000000000000000CC
:1054E00000000000000000000000000000000000BC
:1054F00000000000000000000000000000000000AC
:10550000000000000000000000000000000000009B
:10551000000000000000000000000000000000008B
:10552000000000000000000000000000000000007B
:10553000000000000000000000000000000000006B
:105540005DFF40FB21CCC0FA40F862A0E430242982
:10555000FFFF00000000000000000000000000004D
:10556000000000000000000000000000000000003B
:10557000000000000000000000000000000000002B
:10558000000000000000000000000000000000001B
:10559000000000000000000000000000000000000B
:1055A00000000000000000000000000000000000FB
:1055B00000000000000000000000000000000000EB
:1055C00000000000000000000000000000000000DB
:1055D00000000000000000000000000000000000CB
:1055E00000000000000000000000000000000000BB
:1055F00000000000000000000000000000000000AB
:10560000000000000000000000000000000000009A
:10561000000000000000000000000000000000008A
:10562000000000000000000000000000000000007A
:10563000000000000000000000000000000000006A
:10564000000000000000000000000000000000005A
:10565000000000000000000000000000000000004A
:10566000000000000000000000000000000000003A
:10567000000000000000000000000000000000002A
:10568000000000000000000000000000000000001A
:10569000000000000000000000000000000000000A
:1056A00000000000000000000000000000000000FA
:1056B00000000000000000000000000000000000EA
:1056C00000000000000000000000000000000000DA
:1056D000BAFE20FAE0F821D0C3500421B7BD000083
:1056E00000000000000000000000000000000000BA
:1056F00000000000000000000000000000000000AA
:105700000000000000000000000000000000000099
:105710000000000000000000000000000000000089
:105720000000000000000000000000000000000079
:105730000000000000000000000000000000000069
:105740000000000000000000000000000000000059
:105750000000000000000000000000000000000049
:105760000000000000000000000000000000000039
:105770000000000000000000000000000000000029
:105780000000000000000000000000000000000019
:105790000000000000000000000000000000000009
:1057A00000000000000000000000000000000000F9
:1057B00000000000000000000000000000000000E9
:1057C00000000000000000000000000000000000D9
:1057D00000000000000000000000000000000000C9
:1057E00000000000000000000000000000000000B9
:1057F00000000000000000000000000000000000A9
:105800000000000000000000000000000000000098
:105810000000000000000000000000000000000088
:105820000000000000000000000000000000000078
:105830000000000000000000000000000000000068
:105840000000000000000000000000000000000058
:105850000000000000000000000000000000000048
:1058600092EC00F882880429AA5A00000000000087
:105870000000000000000000000000000000000028
:105880000000000000000000000000000000000018
:105890000000000000000000000000000000000008
:1058A00000000000000000000000000000000000F8
:1058B00000000000000000000000000000000000E8
:1058C00000000000000000000000000000000000D8
:1058D00000000000000000000000000000000000C8
:1058E00000000000000000000000000000000000B8
:1058F00000000000000000000000000000000000A8
:105900000000000000000000000000000000000097
:105910000000000000000000000000000000000087
:105920000000000000000000000000000000000077
:105930000000000000000000000000000000000067
:105940000000000000000000000000000000000057
:105950000000000000000000000000000000000047
:105960000000000000000000000000000000000037
:105970000000000000000000000000000000000027
:105980000000000000000000000000000000000017
:105990000000000000000000000000000000000007
:1059A00000000000000000000000000000000000F7
:1059B00000000000000000000000000000000000E7
:1059C00000000000000000000000000000000000D7
:1059D00000000000000000000000000000000000C7
:1059E00000000000000000000000000000000000B7
:1059F00051CCE43804217EEF0000000000000000DC
:105A00000000000000000000000000000000000096
:105A10000000000000000000000000000000000086
:105A20000000000000000000000000000000000076
:105A30000000000000000000000000000000000066
:105A40000000000000000000000000000000000056
:105A50000000000000000000000000000000000046
:105A60000000000000000000000000000000000036
:105A70000000000000000000000000000000000026
:105A80000000000000000000000000000000000016
:105A90000000000000000000000000000000000006
:105AA00000000000000000000000000000000000F6
:105AB00000000000000000000000000000000000E6
:105AC00000000000000000000000000000000000D6
:105AD00000000000000000000000000000000000C6
:105AE00000000000000000000000000000000000B6
:105AF00000000000000000000000000000000000A6
:105B00000000000000000000000000000000000095
:105B10000000000000000000000000000000000085
:105B20000000000000000000000000000000000075
:105B30000000000000000000000000000000000065
:105B40000000000000000000000000000000000055
:105B50000000000000000000000000000000000045
:105B60000000000000000000000000000000000035
:105B70000000000000000000000000000000000025
:105B8000BFFFAA5A00000000000000000000000053
:105B90000000000000000000000000000000000005
:105BA00000000000000000000000000000000000F5
:105BB00000000000000000000000000000000000E5
:105BC00000000000000000000000000000000000D5
:105BD00000000000000000000000000000000000C5
:105BE00000000000000000000000000000000000B5
:105BF00000000000000000000000000000000000A5
:105C00000000000000000000000000000000000094
:105C10000000000000000000000000000000000084
:105C20000000000000000000000000000000000074
:105C30000000000000000000000000000000000064
:105C40000000000000000000000000000000000054
:105C50000000000000000000000000000000000044
:105C60000000000000000000000000000000000034
:105C70000000000000000000000000000000000024
:105C80000000000000000000000000000000000014
:105C90000000000000000000000000000000000004
:105CA00000000000000000000000000000000000F4
:105CB00000000000000000000000000000000000E4
:105CC00000000000000000000000000000000000D4
:105CD00000000000000000000000000000000000C4
:105CE00000000000000000000000000000000000B4
:105CF00000000000000000000000000000000000A4
:105D00000000000000000000000000000000000093
:105D10000000000000000000000000000000000083
:105D20000000000000000000000000000000000073
:105D30000000000000000000000000000000000063
:105D40000000000000000000000000000000000053
:105D50000000000000000000000000000000000043
:105D60000000000000000000000000000000000033
:105D70000000000000000000000000000000000023
:105D80000000000000000000000000000000000013
:105D90000000000000000000000000000000000003
:105DA00000000000000000000000000000000000F3
:105DB00000000000000000000000000000000000E3
:105DC00000000000000000000000000000000000D3
:105DD00000000000000000000000000000000000C3
:105DE00000000000000000000000000000000000B3
:105DF00000000000000000000000000000000000A3
:105E00000000000000000000000000000000000092
:105E10000000000000000000000000000000000082
:105E20000000000000000000000000000000000072
:105E30000000000000000000000000000000000062
:105E40000000000000000000000000000000000052
:105E50000000000000000000000000000000000042
:105E60000000000000000000000000000000000032
:105E70000000000000000000000000000000000022
:105E80000000000000000000000000000000000012
:105E90000000000000000000000000000000000002
:105EA00000000000000000000000000000000000F2
:105EB00000000000000000000000000000000000E2
:105EC00000000000000000000000000000000000D2
:105ED00000000000000000000000000000000000C2
:105EE00000000000000000000000000000000000B2
:105EF00000000000000000000000000000000000A2
:105F00000000000000000000000000000000000091
:105F10000000000000000000000000000000000081
:105F20000000000000000000000000000000000071
:105F30000000000000000000000000000000000061
:105F400000000000000000000000F8FF0000F8FF63
:105F50000000F8FF0000F8FF000000000000000053
:105F60000000000000000000000000000000F8FF3A
:105F70000000F8FF0000F8FF000000000000000033
:105F80000000000000000000000000000000F8FF1A
:105F90000000F8FF0000F8FF0000F8FF0000F8FF25
:105FA0000000F8FF00000000000000000000F8FF03
:105FB0000000F8FF0000F8FF0000F8FF0000F8FF05
:105FC0000000F8FF0000F8FF0000000000000000E3
:105FD0000000F8FF0000F8FF0000F8FF0000F8FFE5
:105FE0000000F8FF0000F8FF0000F8FF0000F8FFD5
:105FF0000000F8FF0000F8FF0000F8FF0000F8FFC5
:106000000000F8FF0000F8FF0000F8FF0000F8FFB4
:10601000000000000000F8FF0000F8FF0000F8FF9B
:106020000000F8FF0000F8FF0000F8FF0000F8FF94
:106030000000F8FF0000F8FF0000F8FF0000F8FF84
:106040000000F8FF0000F8FF0000F8FF0000F8FF74
:106050000000F8FF0000F8FF0000F8FF0000F8FF64
:106060000000F8FF0000F8FF0000F8FF0000F8FF54
:106070000000F8FF0000F8FF0000F8FF0000F8FF44
:106080000000F8FF0000F8FF0000F8FF0000F8FF34
:106090000000F8FF0000F8FF0000F8FF0000F8FF24
:1060A0000000F8FF0000F8FF0000F8FF0000F8FF14
:1060B0000000F8FF0000F8FF0000F8FF0000F8FF04
:1060C0000000F8FF0000F8FF0000F8FF0000F8FFF4
:1060D0000000F8FF0000F8FF0000F8FF0000F8FFE4
:1060E0000000F8FF0000F8FF0000F8FF0000F8FFD4
:1060F0000000F8FF0000F8FF0004F8FF0000F8FFC0
:106100000000F8FF0000F8FF0000F8FF0000F8FFB3
:106110000000F8FF0000F8FF0000F8FF0000F8FFA3
:106120000000F8FF0000F8FF0000F8FF0000F8FF93
:106130000000F8FF0000F8FF0000F8FF0000F8FF83
:106140000000F8FF0000F8FF0000F8FF0000F8FF73
:106150000000F8FF0000F8FF0000F8FF0000F8FF63
:106160000000F8FF0000F8FF0000F8FF0000F8FF53
:106170000000F8FF0000F8FF0000F8FF000000003A
:106180000000F8FF0000F8FF0004F8FF0000F8FF2F
:106190000000F8FF0000F8FF0000F8FF0000F8FF23
:1061A0000000F8FF0004F8FF0000F8FF0000F8FF0F
:1061B0000000F8FF0000F8FF0000F8FF0000F8FF03
:1061C0000000000000000000000000000000F8FFD8
:1061D0000000F8FF0000F8FF0000F8FF0000F8FFE3
:1061E0000000F8FF0000F8FF0000F8FF0000F8FFD3
:1061F0000000F8FF0000F8FF0004F8FF0000F8FFBF
:106200000000F8FF00000000000000000000000097
:1062100000000000000000000000F8FF0000F8FF90
:106220000000F8FF0000F8FF0004F8FF0000F8FF8E
:106230000000F8FF0000F8FF0000F8FF0000F8FF82
:106240000004F8FF0000F8FF00000000000000005C
:10625000000000000000000000000000000000003E
:10626000000000000000F8FF0000F8FF0000F8FF49
:106270000000F8FF0000F8FF0000F8FF0000F8FF42
:106280000000F8FF0004F8FF0000F8FF0000000025
:1062900000000000000000000000000000000000FE
:1062A00000000000000000000000000000000000EE
:1062B0000000F8FF0000F8FF0000F8FF0000F8FF02
:1062C0000000F8FF0004F8FF0000F8FF0000F8FFEE
:1062D00000000000000000000000000000000000BE
:1062E00000000000000000000000000000000000AE
:1062F0000000000000000000000000000000F81096
:106300000000F8FF0000F8FF0000F8FF0000F8FFB1
:106310000000F85D00000000000000000000000028
:10632000000000000000000000000000000000006D
:10633000000000000000000000000000000000005D
:106340000000000000000000000000000000F8FF56
:106350000800F8FF0000000000000000000000003E
:10636000000000000000000000000000000000002D
:10637000000000000000000000000000000000001D
:10638000000000000000000000000000000000000D
:1063900000000000000000000000000000000000FD
:1063A00000000000000000000000000000000000ED
:1063B00000000000000000000000000000000000DD
:1063C00000000000000000000000000000000000CD
:1063D00000000000000000000000000000000000BD
:1063E000000000000000000000000000F06C4841C8
:1063F000F06C50FFF06C484100000000000000000D
:10640000000000000000000000000000F06C504D93
:10641000F86C4875F06C5096F86C4875F06C504DFF
:10642000000000000000000000000000000000006C
:10643000F06C50BEF06C50BE00000000F06C50BE1E
:10644000F86C50BE000000000000000000000000DA
:1064500000000000F06C48C3F86C50BE0000000063
:10646000F06C48C3F06C50BE00000000000000005B
:106470000000000000000000F06C5086D864609AB4
:106480002818E84DD864609AF06C48860000000037
:1064900000000000000000000000000000000000FC
:1064A000201CF041281CF0FF201CF04100000000DF
:1064B00000000000000000000000000000000000DC
:1064C00000000000201CE841281CE8FF201CE841D7
:1064D00000000000000000000000000000000000BC
:1064E0000000000000000000201CF041281CF0FF0C
:1064F0002018F04100000000000000000000000033
:10650000000000000000000000000000281CE8411E
:10651000281CF0FF201CE8410000000000000000E3
:10652000000000000000000000000000000000006B
:106530002018F041201CF0FF281CF0410000000052
:10654000000000000000000000000000000000004B
:10655000000000002018F038201CE8EB2018F0386C
:10656000000000000000000000000000000000002B
:10657000000000000000000000000000000000001B
:10658000000000000000000000000000000000000B
:1065900000000000000000000000000000000000FB
:1065A00000000000000000000000000000000000EB
:1065B00000000000000000000000000000000000DB
:1065C00000000000000000000000000000000000CB
:1065D00000000000000000000000000000000000BB
:1065E00000000000000000000000000000000000AB
:1065F000000000000000000000000000000000009B
:10660000000000000000000000000000000000008A
:10661000000000000000000000000000000000007A
:10662000000000000000000000000000000000006A
:10663000000000000000000020000000200000001A
:1066400020000000200000002000000020000000CA
:106650002000F083F4A420002000000020000000AF
:1066600020000000200000002000000020000000AA
:1066700000000000000000000000000000002000FA
:1066800000000000000020000000000000000000EA
:1066900000007AD6FFFF200000000000000000008C
:1066A00000002000000000000000200000000000AA
:1066B0002000000000000000200000000108000091
:1066C0000000010800000000010820000000000098
:1066D000200079CEFFFF000000000000210800002C
:1066E000000001080000000001080000000001088F
:1066F000200000000000000020000000000020003A
:106700000000200000000000200000000108000040
:1067100000007AD6FFFF20000000000020000000EB
:106720000000200000002000000020000000000009
:106730000000000000000000000000002000000039
:106740000000200000000000000000002000F4A471
:10675000FFFFFFFFFFFFFFFFBBDE000000000000A8
:1067600020000000000000002000000000002000C9
:1067700000000000000020000108000000000108E7
:106780000000000021080000000000000000F4A448
:10679000FFFFFFFFFFFFFFFFDBDE0000000001083F
:1067A00000000000010800000000010800002000B7
:1067B0000108000000000000200000002000000090
:1067C0000000000020000000210800000000F4A4E8
:1067D000FFFFFFFFFFFFFFFFDBDE000000002000E8
:1067E0000000200020000000000020000000000049
:1067F0000000000000000000000000000000200079
:106800000108000821502140000020000000F4A4ED
:10681000FFFFFFFFFFFFFFFFBBDE000020000000C7
:106820002130215820180000000020000100000045
:1068300020000000000000002000010800002000EF
:106840000000201000F820C0000000000000F3A4A9
:10685000FFFFFFFFFFFFFFFFDBDE00000000000087
:10686000218800F8214800000008000000002008EE
:1068700000000000000000002000000000000000F8
:106880000000211800F800C0000000002000F4A45F
:10689000FFFFFFFFFFFFFFFFDBDE00000000000047
:1068A000208800F8204800000000000020000000C0
:1068B00000000000000000000000000020000000B8
:1068C0000000201800F821C0000000000000F4A41F
:1068D000FFFFFFFFFFFFFFFFBBDE00002000000007
:1068E000218800F82048000001002000000001007D
:1068F000000000000000000020000108217820B006
:106900002118621076FD31C42000695276B51CE76B
:10691000FFFFCFFBAAFAFFFFBEF776B58E7300002C
:10692000EC8A76FDA649000021A021A00000000805
:1069300020000000000000000000000020B000F86F
:1069400020208210FFFF18C600006E73FFFFFFFFBC
:10695000FFFFA6F900F8FFFFFFFFFFFF55AD0000A6
:10696000518CFFFF494A000820E820E800000000A1
:1069700020000000000020000000000020B000F80F
:1069800021208210FFFF3ECE1B207D83FFFFEFFB07
:1069900025F941F800F825F949FAFFFF5EB51B28F3
:1069A0005D9CFFFF494A000020E820E8000000004D
:1069B00000000000000000000000010041B041F8AC
:1069C00021208210BFFFFFCD5F30BF8BFFFF2CFB6C
:1069D00000F841F861F800F865F9FFFF7FBD5F300E
:1069E0005F9CDFFF494A000062E062E000000000B7
:1069F00001000000000000002000000096B5FFFF2D
:106A0000042102001F281F62FFFFFFFFFFFF2CFB76
:106A100000F859FEFFFF20F845F9FFFFFFFFFFFFD9
:106A2000DF931F28291000005DEF5DEF00000000DC
:106A300020000000000000002000000096B5FFFFCD
:106A400004212208DF593F83FFFFFFFFFFFF31FCD6
:106A5000A7F9DBFEFFFFC7F1ABFAFFFFFFFFFFFF68
:106A6000BFACBF59891800005DEF5DEF0008200042
:106A700000000000000000000008000096B5FFFFC5
:106A800004218210FFFFFFFFFFFFFFFFFFFFFFFF5B
:106A9000FFFFFFFFFFFFFFFFFFFFFFFFFFFFFFFF06
:106AA000FFFFFFFF494A00005DEF5DEF00000100BE
:106AB00000000000000000002100000096B5FFFF6C
:106AC000CF7B6E73FFFFFFFFFFFFBBFEF3FCDBFE20
:106AD000FFFFFFFFFFFFFFFF9EFFF4FC18FEFFFF1D
:106AE000FFFFFFFF92942D6BBEF77DEF00000008C3
:106AF00020000000000000002000000096B5FFFF0D
:106B0000FFFFFFFFFFFFFFFFFFFFB2FC00F8F3FCFA
:106B1000FFFFFFFFFFFFFFFFBBFE00F8CBFAFFFF09
:106B2000FFFFFFFFFFFFFFFFFFFF5DEF0000200003
:106B300000000000000000000000000096B5FFFF0C
:106B4000FFFFFFFFFFFFFFFFFFFF92FC00F8F4FCD9
:106B5000FFFFFFFFFFFFFFFFBBFE00F8CBFAFFFFC9
:106B6000FFFFFFFFFFFFFFFFFFFF5DEF01000000E2
:106B700000000000000000002000000896B5FFFFA4
:106B8000FFFFFFFFFFFFFFFFFFFFB2FC00F8F4FC79
:106B9000FFFFFFFFFFFFFFFFBAFE00F8CBFAFFFF8A
:106BA000FFFFFFFFFFFFFFFFFFFF7DEF000000087B
:106BB00020000000000000002000010096B5FFFF4B
:106BC000FFFFFFFFFFFF9AFE08FA45F900F8F3FC0C
:106BD000FFFFFFFFFFFFFFFFBBFE00F8C3F808FA4F
:106BE00055FDFFFFFFFFFFFFFFFF5DEF00002000EF
:106BF00000000000000000000000000096B5FFFF4C
:106C0000FFFFFFFFFFFF38FE00F800F800F8F4FC7C
:106C1000FFFFFFFFFFFFFFFFBBFE00F800F800F8DB
:106C200051FCFFFFFFFFFFFFFFFF5DEF00000100D2
:106C300000000000000000002000000096B5FFFFEB
:106C4000FFFF9EF78210624800F800F800F86168C4
:106C500082107AD6FFFF8210823800F800F800F820
:106C600061808210F7BDFFFFFFFF5DEF200000088D
:106C700020000000000000002008000096B5FFFF83
:106C80005DEFDBDE0000213820E800E000E820585E
:106C9000000079CEFFFF2000202820E000E020E067
:106CA0002068000035AD5DEFFFFF5DEF00002000C4
:106CB00000000000000000000100000096B5FFFF8A
:106CC000242100000000000000000000000000007F
:106CD00000007AD6FFFF0000000000000000000066
:106CE00000000000000000005DEF5DEF010000000B
:106CF0000000000000000000200000001084D7BD4C
:106D0000C318200000000000200000000000200048
:106D10000000B394D7BD2000000000000000000078
:106D2000000000000000000075AD55AD2000000817
:106D30000000000000000000200000000000000033
:106D400000080100000020000000010020000000F9
:106D500000000000000000000000200000002108EA
:106D600000002000000000002000000000002000C3
:106D700000000000000000000000000821000000EA
:106D800000002000000000080000000000080000D3
:106D900000002000000000080000000000000000CB
:106DA00020000000010800000000010800000000B1
:046DB00021000000BE
:086DB4003C94FB7F010000008C
:106DBC00D501000845120008B53B000849F1000850
:046DCC006908010849
:086DD000B101000825130008C1
:106DD800000000005A000000D05302080010000014
:106DE80000300000C346000855490008B7460008AF
:106DF800BD46000800000000000000000000000080
:106E0800000000000000000000000000AD4600087F
:106E1800B14600080000000000000000294A0008F0
:106E28008F49000867490008474B0008B349000824
:106E3800EB490008B34A0008214B0008114B000831
:106E4800ED4A00080024F4000100000010000000D2
:106E5800AAAAAAAAE8030000945E0208B05E020883
:106E6800005F0208145F0208285F02083C5F0208FE
:106E7800B45F020818600208785F0208C85F020859
:106E88008C5F0208DC5F02082C6002089060020830
:106E9800505F0208645F0208A4600208F4600208F8
:106EA80054600208B860020868600208CC600208F2
:106EB800A05F0208F05F0208086102081C6102086E
:106EC80004600208406002087C600208E060020872
:106ED8004D32020800000000030000009844012021
:106EE8001401002000000000984401200045012002
:106EF80068450120000000000000000000000000BC
:106F08000000000000000000000000000000000079
:106F18000000000000000000000000000000000069
:106F28000000000000000000000000000000000059
:046F3800D945012016
:106F3C000000000000000000000000000000000045
:106F4C000000000000000000000000000000000035
:106F5C000000000000000000000000000000000025
:106F6C000000000000000000000000000000000015
:106F7C000000000000000000000000000000000005
:106F8C0000000000000000000000000000000000F5
:106F9C0000000000000000000000000000000000E5
:106FAC0000000000000000000000000000000000D5
:106FBC0000000000000000000000000000000000C5
:106FCC0000000000000000000000000000000000B5
:106FDC0000000000000000000000000000000000A5
:106FEC000000000000000000000000000000000095
:106FFC000000000000000000000000000000000085
:10700C000000000000000000000000000000000074
:10701C000000000000000000000000000000000064
:10702C000000000000000000000000000000000054
:10703C000000000000000000000000000000000044
:10704C000000000000000000000000000000000034
:10705C000000000000000000000000000000000024
:10706C000000000000000000000000000000000014
:10707C000000000000000000000000000000000004
:10708C0000000000000000000000000000000000F4
:10709C0000000000000000000000000000000000E4
:1070AC0000000000000000000000000000000000D4
:1070BC0000000000000000000000000000000000C4
:1070CC0000000000000000000000000000000000B4
:1070DC0000000000000000000000000000000000A4
:1070EC000000000000000000000000000000000094
:1070FC000000000000000000000000000000000084
:10710C000000000000000000000000000000000073
:10711C000000000000000000000000000000000063
:10712C000000000000000000000000000000000053
:040000050800065D8C
:00000001FF
