// 4.25.0 0x4c262d48 D2 R0 FRGB565 U565 N0 SExtFlashSection
// Generated by imageconverter. Please, do not edit!

#include <touchgfx/hal/Config.hpp>

LOCATION_PRAGMA("ExtFlashSection")
KEEP extern const unsigned char image_galaga_main[] LOCATION_ATTRIBUTE("ExtFlashSection") = { // 200x88 RGB565 pixels.
    0x00, 0x00, 0x00, 0x00, 0x00, 0x00, 0x00, 0x00, 0x00, 0x00, 0x00, 0x00,
    0x00, 0x00, 0x00, 0x00, 0x00, 0x00, 0x00, 0x00, 0x00, 0x00, 0x00, 0x00,
    0x00, 0x00, 0x00, 0x00, 0x00, 0x00, 0x00, 0x00, 0x00, 0x00, 0x00, 0x00,
    0x00, 0x00, 0x00, 0x00, 0x00, 0x00, 0x00, 0x00, 0x00, 0x00, 0x00, 0x00,
    0x00, 0x00, 0x00, 0x00, 0x00, 0x00, 0x00, 0x00, 0x00, 0x00, 0x00, 0x00,
    0x00, 0x00, 0x00, 0x00, 0x00, 0x00, 0x00, 0x00, 0x00, 0x00, 0x00, 0x00,
    0x00, 0x00, 0x00, 0x00, 0x00, 0x00, 0x00, 0x00, 0x00, 0x00, 0x00, 0x00,
    0x00, 0x00, 0x00, 0x00, 0x00, 0x00, 0x00, 0x00, 0x00, 0x00, 0x00, 0x00,
    0x00, 0x00, 0x00, 0x00, 0x00, 0x00, 0x00, 0x00, 0x00, 0x00, 0x00, 0x00,
    0x00, 0x00, 0x00, 0x00, 0x00, 0x00, 0x00, 0x00, 0x00, 0x00, 0x00, 0x00,
    0x00, 0x00, 0x00, 0x00, 0x00, 0x00, 0x00, 0x00, 0x00, 0x00, 0x00, 0x00,
    0x00, 0x00, 0x00, 0x00, 0x00, 0x00, 0x00, 0x00, 0x00, 0x00, 0x00, 0x00,
    0x00, 0x00, 0x00, 0x00, 0x00, 0x00, 0x00, 0x00, 0x00, 0x00, 0x00, 0x00,
    0x00, 0x00, 0x00, 0x00, 0x00, 0x00, 0x00, 0x00, 0x00, 0x00, 0x00, 0x00,
    0x00, 0x00, 0x00, 0x00, 0x00, 0x00, 0x00, 0x00, 0x00, 0x00, 0x00, 0x00,
    0x00, 0x00, 0x00, 0x00, 0x00, 0x00, 0x00, 0x00, 0x00, 0x00, 0x00, 0x00,
    0x00, 0x00, 0x00, 0x00, 0x00, 0x00, 0x00, 0x00, 0x00, 0x00, 0x00, 0x00,
    0x00, 0x00, 0x00, 0x00, 0x00, 0x00, 0x00, 0x00, 0x00, 0x00, 0x00, 0x00,
    0x00, 0x00, 0x00, 0x00, 0x00, 0x00, 0x00, 0x00, 0x00, 0x00, 0x00, 0x00,
    0x00, 0x00, 0x00, 0x00, 0x00, 0x00, 0x00, 0x00, 0x00, 0x00, 0x00, 0x00,
    0x00, 0x00, 0x00, 0x00, 0x00, 0x00, 0x00, 0x00, 0x00, 0x00, 0x00, 0x00,
    0x00, 0x00, 0x00, 0x00, 0x00, 0x00, 0x00, 0x00, 0x00, 0x00, 0x00, 0x00,
    0x00, 0x00, 0x00, 0x00, 0x00, 0x00, 0x00, 0x00, 0x00, 0x00, 0x00, 0x00,
    0x00, 0x00, 0x00, 0x00, 0x00, 0x00, 0x00, 0x00, 0x00, 0x00, 0x00, 0x00,
    0x00, 0x00, 0x00, 0x00, 0x00, 0x00, 0x00, 0x00, 0x00, 0x00, 0x00, 0x00,
    0x00, 0x00, 0x00, 0x00, 0x00, 0x00, 0x00, 0x00, 0x00, 0x00, 0x00, 0x00,
    0x00, 0x00, 0x00, 0x00, 0x00, 0x00, 0x00, 0x00, 0x00, 0x00, 0x00, 0x00,
    0x00, 0x00, 0x00, 0x00, 0x00, 0x00, 0x00, 0x00, 0x00, 0x00, 0x00, 0x00,
    0x00, 0x00, 0x00, 0x00, 0x00, 0x00, 0x00, 0x00, 0x00, 0x00, 0x00, 0x00,
    0x00, 0x00, 0x00, 0x00, 0x00, 0x00, 0x00, 0x00, 0x00, 0x00, 0x00, 0x00,
    0x00, 0x00, 0x00, 0x00, 0x00, 0x00, 0x00, 0x00, 0x00, 0x00, 0x00, 0x00,
    0x00, 0x00, 0x00, 0x00, 0x00, 0x00, 0x00, 0x00, 0x00, 0x00, 0x00, 0x00,
    0x00, 0x00, 0x00, 0x00, 0x00, 0x00, 0x00, 0x00, 0x00, 0x00, 0x00, 0x00,
    0x00, 0x00, 0x00, 0x00, 0x00, 0x00, 0x00, 0x00, 0x00, 0x00, 0x00, 0x00,
    0x00, 0x00, 0x00, 0x00, 0x00, 0x00, 0x00, 0x00, 0x00, 0x00, 0x00, 0x00,
    0x00, 0x00, 0x00, 0x00, 0x00, 0x00, 0x00, 0x00, 0x00, 0x00, 0x00, 0x00,
    0x00, 0x00, 0x00, 0x00, 0x00, 0x00, 0x00, 0x00, 0x00, 0x00, 0x00, 0x00,
    0x00, 0x00, 0x00, 0x00, 0x00, 0x00, 0x00, 0x00, 0x00, 0x00, 0x00, 0x00,
    0x00, 0x00, 0x00, 0x00, 0x00, 0x00, 0x00, 0x00, 0x00, 0x00, 0x00, 0x00,
    0x00, 0x00, 0x00, 0x00, 0x00, 0x00, 0x00, 0x00, 0x00, 0x00, 0x00, 0x00,
    0x00, 0x00, 0x00, 0x00, 0x00, 0x00, 0x00, 0x00, 0x00, 0x00, 0x00, 0x00,
    0x00, 0x00, 0x00, 0x00, 0x00, 0x00, 0x00, 0x00, 0x00, 0x00, 0x00, 0x00,
    0x00, 0x00, 0x00, 0x00, 0x00, 0x00, 0x00, 0x00, 0x00, 0x00, 0x00, 0x00,
    0x00, 0x00, 0x00, 0x00, 0x00, 0x00, 0x00, 0x00, 0x00, 0x00, 0x00, 0x00,
    0x00, 0x00, 0x00, 0x00, 0x00, 0x00, 0x00, 0x00, 0x00, 0x00, 0x00, 0x00,
    0x00, 0x00, 0x00, 0x00, 0x00, 0x00, 0x00, 0x00, 0x00, 0x00, 0x00, 0x00,
    0x00, 0x00, 0x00, 0x00, 0x00, 0x00, 0x00, 0x00, 0x00, 0x00, 0x00, 0x00,
    0x00, 0x00, 0x00, 0x00, 0x00, 0x00, 0x00, 0x00, 0x00, 0x00, 0x00, 0x00,
    0x00, 0x00, 0x00, 0x00, 0x00, 0x00, 0x00, 0x00, 0x00, 0x00, 0x00, 0x00,
    0x00, 0x00, 0x00, 0x00, 0x00, 0x00, 0x00, 0x00, 0x00, 0x00, 0x00, 0x00,
    0x00, 0x00, 0x00, 0x00, 0x00, 0x00, 0x00, 0x00, 0x00, 0x00, 0x00, 0x00,
    0x00, 0x00, 0x00, 0x00, 0x00, 0x00, 0x00, 0x00, 0x00, 0x00, 0x00, 0x00,
    0x00, 0x00, 0x00, 0x00, 0x00, 0x00, 0x00, 0x00, 0x00, 0x00, 0x00, 0x00,
    0x00, 0x00, 0x00, 0x00, 0x00, 0x00, 0x00, 0x00, 0x00, 0x00, 0x00, 0x00,
    0x00, 0x00, 0x00, 0x00, 0x00, 0x00, 0x00, 0x00, 0x00, 0x00, 0x00, 0x00,
    0x00, 0x00, 0x00, 0x00, 0x00, 0x00, 0x00, 0x00, 0x00, 0x00, 0x00, 0x00,
    0x00, 0x00, 0x00, 0x00, 0x00, 0x00, 0x00, 0x00, 0x00, 0x00, 0x00, 0x00,
    0x00, 0x00, 0x00, 0x00, 0x00, 0x00, 0x00, 0x00, 0x00, 0x00, 0x00, 0x00,
    0x00, 0x00, 0x00, 0x00, 0x00, 0x00, 0x00, 0x00, 0x00, 0x00, 0x00, 0x00,
    0x00, 0x00, 0x00, 0x00, 0x00, 0x00, 0x00, 0x00, 0x00, 0x00, 0x00, 0x00,
    0x00, 0x00, 0x00, 0x00, 0x00, 0x00, 0x00, 0x00, 0x00, 0x00, 0x00, 0x00,
    0x00, 0x00, 0x00, 0x00, 0x00, 0x00, 0x00, 0x00, 0x00, 0x00, 0x00, 0x00,
    0x00, 0x00, 0x00, 0x00, 0x00, 0x00, 0x00, 0x00, 0x00, 0x00, 0x00, 0x00,
    0x00, 0x00, 0x00, 0x00, 0x00, 0x00, 0x00, 0x00, 0x00, 0x00, 0x00, 0x00,
    0x00, 0x00, 0x00, 0x00, 0x00, 0x00, 0x00, 0x00, 0x00, 0x00, 0x00, 0x00,
    0x00, 0x00, 0x00, 0x00, 0x00, 0x00, 0x00, 0x00, 0x00, 0x00, 0x00, 0x00,
    0x00, 0x00, 0x00, 0x00, 0x00, 0x00, 0x00, 0x00, 0x00, 0x00, 0x00, 0x00,
    0x00, 0x00, 0x00, 0x00, 0x00, 0x00, 0x00, 0x00, 0x00, 0x00, 0x00, 0x00,
    0x00, 0x00, 0x00, 0x00, 0x00, 0x00, 0x00, 0x00, 0x00, 0x00, 0x00, 0x00,
    0x00, 0x00, 0x00, 0x00, 0x00, 0x00, 0x00, 0x00, 0x00, 0x00, 0x00, 0x00,
    0x00, 0x00, 0x00, 0x00, 0x00, 0x00, 0x00, 0x00, 0x00, 0x00, 0x00, 0x00,
    0x00, 0x00, 0x00, 0x00, 0x00, 0x00, 0x00, 0x00, 0x00, 0x00, 0x00, 0x00,
    0x00, 0x00, 0x00, 0x00, 0x00, 0x00, 0x00, 0x00, 0x00, 0x00, 0x00, 0x00,
    0x00, 0x00, 0x00, 0x00, 0x00, 0x00, 0x00, 0x00, 0x00, 0x00, 0x00, 0x00,
    0x00, 0x00, 0x00, 0x00, 0x00, 0x00, 0x00, 0x00, 0x00, 0x00, 0x00, 0x00,
    0x00, 0x00, 0x00, 0x00, 0x00, 0x00, 0x00, 0x00, 0x00, 0x00, 0x00, 0x00,
    0x00, 0x00, 0x00, 0x00, 0x00, 0x00, 0x00, 0x00, 0x00, 0x00, 0x00, 0x00,
    0x00, 0x00, 0x00, 0x00, 0x00, 0x00, 0x00, 0x00, 0x00, 0x00, 0x00, 0x00,
    0x00, 0x00, 0x00, 0x00, 0x00, 0x00, 0x00, 0x00, 0x00, 0x00, 0x00, 0x00,
    0x00, 0x00, 0x00, 0x00, 0x00, 0x00, 0x00, 0x00, 0x00, 0x00, 0x00, 0x00,
    0x00, 0x00, 0x00, 0x00, 0x00, 0x00, 0x00, 0x00, 0x00, 0x00, 0x00, 0x00,
    0x00, 0x00, 0x00, 0x00, 0x00, 0x00, 0x00, 0x00, 0x00, 0x00, 0x00, 0x00,
    0x00, 0x00, 0x00, 0x00, 0x00, 0x00, 0x00, 0x00, 0x00, 0x00, 0x00, 0x00,
    0x00, 0x00, 0x00, 0x00, 0x00, 0x00, 0x00, 0x00, 0x00, 0x00, 0x00, 0x00,
    0x00, 0x00, 0x00, 0x00, 0x00, 0x00, 0x00, 0x00, 0x00, 0x00, 0x00, 0x00,
    0x00, 0x00, 0x00, 0x00, 0x00, 0x00, 0x00, 0x00, 0x00, 0x00, 0x00, 0x00,
    0x00, 0x00, 0x00, 0x00, 0x00, 0x00, 0x00, 0x00, 0x00, 0x00, 0x00, 0x00,
    0x00, 0x00, 0x00, 0x00, 0x00, 0x00, 0x00, 0x00, 0x00, 0x00, 0x00, 0x00,
    0x00, 0x00, 0x00, 0x00, 0x00, 0x00, 0x00, 0x00, 0x00, 0x00, 0x00, 0x00,
    0x00, 0x00, 0x00, 0x00, 0x00, 0x00, 0x00, 0x00, 0x00, 0x00, 0x00, 0x00,
    0x00, 0x00, 0x00, 0x00, 0x00, 0x00, 0x00, 0x00, 0x00, 0x00, 0x00, 0x00,
    0x00, 0x00, 0x00, 0x00, 0x00, 0x00, 0x00, 0x00, 0x00, 0x00, 0x00, 0x00,
    0x00, 0x00, 0x00, 0x00, 0x00, 0x00, 0x00, 0x00, 0x00, 0x00, 0x00, 0x00,
    0x00, 0x00, 0x00, 0x00, 0x00, 0x00, 0x00, 0x00, 0x00, 0x00, 0x00, 0x00,
    0x00, 0x00, 0x00, 0x00, 0x00, 0x00, 0x00, 0x00, 0x00, 0x00, 0x00, 0x00,
    0x00, 0x00, 0x00, 0x00, 0x00, 0x00, 0x00, 0x00, 0x00, 0x00, 0x00, 0x00,
    0x00, 0x00, 0x00, 0x00, 0x00, 0x00, 0x00, 0x00, 0x00, 0x00, 0x00, 0x00,
    0x00, 0x00, 0x00, 0x00, 0x00, 0x00, 0x00, 0x00, 0x00, 0x00, 0x00, 0x00,
    0x00, 0x00, 0x00, 0x00, 0x00, 0x00, 0x00, 0x00, 0x00, 0x00, 0x00, 0x00,
    0x00, 0x00, 0x00, 0x00, 0x00, 0x00, 0x00, 0x00, 0x00, 0x00, 0x00, 0x00,
    0x00, 0x00, 0x00, 0x00, 0x00, 0x00, 0x00, 0x00, 0x00, 0x00, 0x00, 0x00,
    0x00, 0x00, 0x00, 0x00, 0x00, 0x00, 0x00, 0x00, 0x00, 0x00, 0x00, 0x00,
    0x00, 0x00, 0x00, 0x00, 0x00, 0x00, 0x00, 0x00, 0x00, 0x00, 0x00, 0x00,
    0x00, 0x00, 0x00, 0x00, 0x00, 0x00, 0x00, 0x00, 0x00, 0x00, 0x00, 0x00,
    0x00, 0x00, 0x00, 0x00, 0x00, 0x00, 0x00, 0x00, 0x00, 0x00, 0x00, 0x00,
    0x00, 0x00, 0x00, 0x00, 0x00, 0x00, 0x00, 0x00, 0x00, 0x00, 0x00, 0x00,
    0x00, 0x00, 0x00, 0x00, 0x00, 0x00, 0x00, 0x00, 0x00, 0x00, 0x00, 0x00,
    0x00, 0x00, 0x00, 0x00, 0x00, 0x00, 0x00, 0x00, 0x00, 0x00, 0x00, 0x00,
    0x00, 0x00, 0x00, 0x00, 0x00, 0x00, 0x00, 0x00, 0x00, 0x00, 0x00, 0x00,
    0x00, 0x00, 0x00, 0x00, 0x00, 0x00, 0x00, 0x00, 0x00, 0x00, 0x00, 0x00,
    0x00, 0x00, 0x00, 0x00, 0x00, 0x00, 0x00, 0x00, 0x00, 0x00, 0x00, 0x00,
    0x00, 0x00, 0x00, 0x00, 0x00, 0x00, 0x00, 0x00, 0x00, 0x00, 0x00, 0x00,
    0x00, 0x00, 0x00, 0x00, 0x00, 0x00, 0x00, 0x00, 0x00, 0x00, 0x00, 0x00,
    0x00, 0x00, 0x00, 0x00, 0x00, 0x00, 0x00, 0x00, 0x00, 0x00, 0x00, 0x00,
    0x00, 0x00, 0x00, 0x00, 0x00, 0x00, 0x00, 0x00, 0x00, 0x00, 0x00, 0x00,
    0x00, 0x00, 0x00, 0x00, 0x00, 0x00, 0x00, 0x00, 0x00, 0x00, 0x00, 0x00,
    0x00, 0x00, 0x00, 0x00, 0x00, 0x00, 0x00, 0x00, 0x00, 0x00, 0x00, 0x00,
    0x00, 0x00, 0x00, 0x00, 0x00, 0x00, 0x00, 0x00, 0x00, 0x00, 0x00, 0x00,
    0x00, 0x00, 0x00, 0x00, 0x00, 0x00, 0x00, 0x00, 0x00, 0x00, 0x00, 0x00,
    0x00, 0x00, 0x00, 0x00, 0x00, 0x00, 0x00, 0x00, 0x00, 0x00, 0x00, 0x00,
    0x00, 0x00, 0x00, 0x00, 0x00, 0x00, 0x00, 0x00, 0x00, 0x00, 0x00, 0x00,
    0x00, 0x00, 0x00, 0x00, 0x00, 0x00, 0x00, 0x00, 0x00, 0x00, 0x00, 0x00,
    0x00, 0x00, 0x00, 0x00, 0x00, 0x00, 0x00, 0x00, 0x00, 0x00, 0x00, 0x00,
    0x00, 0x00, 0x00, 0x00, 0x00, 0x00, 0x00, 0x00, 0x00, 0x00, 0x00, 0x00,
    0x00, 0x00, 0x00, 0x00, 0x00, 0x00, 0x00, 0x00, 0x00, 0x00, 0x00, 0x00,
    0x00, 0x00, 0x00, 0x00, 0x00, 0x00, 0x00, 0x00, 0x00, 0x00, 0x00, 0x00,
    0x00, 0x00, 0x00, 0x00, 0x00, 0x00, 0x00, 0x00, 0x00, 0x00, 0x00, 0x00,
    0x00, 0x00, 0x00, 0x00, 0x00, 0x00, 0x00, 0x00, 0x00, 0x00, 0x00, 0x00,
    0x00, 0x00, 0x00, 0x00, 0x00, 0x00, 0x00, 0x00, 0x00, 0x00, 0x00, 0x00,
    0x00, 0x00, 0x00, 0x00, 0x00, 0x00, 0x00, 0x00, 0x00, 0x00, 0x00, 0x00,
    0x00, 0x00, 0x00, 0x00, 0x00, 0x00, 0x00, 0x00, 0x00, 0x00, 0x00, 0x00,
    0x00, 0x00, 0x00, 0x00, 0x00, 0x00, 0x00, 0x00, 0x00, 0x00, 0x00, 0x00,
    0x00, 0x00, 0x00, 0x00, 0x00, 0x00, 0x00, 0x00, 0x00, 0x00, 0x00, 0x00,
    0x00, 0x00, 0x00, 0x00, 0x00, 0x00, 0x00, 0x00, 0x00, 0x00, 0x00, 0x00,
    0x00, 0x00, 0x00, 0x00, 0x00, 0x00, 0x00, 0x00, 0x00, 0x00, 0x00, 0x00,
    0x00, 0x00, 0x00, 0x00, 0x00, 0x00, 0x00, 0x00, 0x00, 0x00, 0x00, 0x00,
    0x00, 0x00, 0x00, 0x00, 0x00, 0x00, 0x00, 0x00, 0x00, 0x00, 0x00, 0x00,
    0x00, 0x00, 0x00, 0x00, 0x00, 0x00, 0x00, 0x00, 0x00, 0x00, 0x00, 0x00,
    0x00, 0x00, 0x00, 0x00, 0x00, 0x00, 0x00, 0x00, 0x00, 0x00, 0x00, 0x00,
    0x00, 0x00, 0x00, 0x00, 0x00, 0x00, 0x00, 0x00, 0x00, 0x00, 0x00, 0x00,
    0x00, 0x00, 0x00, 0x00, 0x00, 0x00, 0x00, 0x00, 0x00, 0x00, 0x00, 0x00,
    0x00, 0x00, 0x00, 0x00, 0x00, 0x00, 0x00, 0x00, 0x00, 0x00, 0x00, 0x00,
    0x00, 0x00, 0x00, 0x00, 0x00, 0x00, 0x00, 0x00, 0x00, 0x00, 0x00, 0x00,
    0x00, 0x00, 0x00, 0x00, 0x00, 0x00, 0x00, 0x00, 0x00, 0x00, 0x00, 0x00,
    0x00, 0x00, 0x00, 0x00, 0x00, 0x00, 0x00, 0x00, 0x00, 0x00, 0x00, 0x00,
    0x00, 0x00, 0x00, 0x00, 0x00, 0x00, 0x00, 0x00, 0x00, 0x00, 0x00, 0x00,
    0x00, 0x00, 0x00, 0x00, 0x00, 0x00, 0x00, 0x00, 0x00, 0x00, 0x00, 0x00,
    0x00, 0x00, 0x00, 0x00, 0x00, 0x00, 0x00, 0x00, 0x00, 0x00, 0x00, 0x00,
    0x00, 0x00, 0x00, 0x00, 0x00, 0x00, 0x00, 0x00, 0x00, 0x00, 0x00, 0x00,
    0x00, 0x00, 0x00, 0x00, 0x00, 0x00, 0x00, 0x00, 0x00, 0x00, 0x00, 0x00,
    0x00, 0x00, 0x00, 0x00, 0xff, 0xff, 0x9e, 0xff, 0xfc, 0xee, 0x59, 0xe6,
    0x96, 0xd5, 0xd3, 0xcc, 0xf3, 0xcc, 0xb6, 0xd5, 0x59, 0xe6, 0xfc, 0xee,
    0x9e, 0xff, 0xff, 0xff, 0x00, 0x00, 0x00, 0x00, 0x00, 0x00, 0x00, 0x00,
    0x00, 0x00, 0x00, 0x00, 0x00, 0x00, 0x00, 0x00, 0x00, 0x00, 0x00, 0x00,
    0x00, 0x00, 0x00, 0x00, 0x00, 0x00, 0x00, 0x00, 0x00, 0x00, 0x00, 0x00,
    0x00, 0x00, 0x00, 0x00, 0x00, 0x00, 0x00, 0x00, 0x00, 0x00, 0x00, 0x00,
    0x00, 0x00, 0x00, 0x00, 0x00, 0x00, 0x00, 0x00, 0x00, 0x00, 0x00, 0x00,
    0x00, 0x00, 0x00, 0x00, 0x00, 0x00, 0x00, 0x00, 0x00, 0x00, 0x00, 0x00,
    0x00, 0x00, 0x00, 0x00, 0x00, 0x00, 0x00, 0x00, 0x00, 0x00, 0x00, 0x00,
    0x00, 0x00, 0x00, 0x00, 0x00, 0x00, 0x00, 0x00, 0x00, 0x00, 0x00, 0x00,
    0x00, 0x00, 0x00, 0x00, 0x00, 0x00, 0x00, 0x00, 0x00, 0x00, 0x00, 0x00,
    0x00, 0x00, 0x00, 0x00, 0x00, 0x00, 0x00, 0x00, 0x00, 0x00, 0x00, 0x00,
    0x00, 0x00, 0x00, 0x00, 0x00, 0x00, 0x00, 0x00, 0x00, 0x00, 0x00, 0x00,
    0x00, 0x00, 0x00, 0x00, 0x00, 0x00, 0x00, 0x00, 0x00, 0x00, 0x00, 0x00,
    0x00, 0x00, 0x00, 0x00, 0x00, 0x00, 0x00, 0x00, 0x00, 0x00, 0x00, 0x00,
    0x00, 0x00, 0x00, 0x00, 0x00, 0x00, 0x00, 0x00, 0x00, 0x00, 0x00, 0x00,
    0x00, 0x00, 0x00, 0x00, 0x00, 0x00, 0x00, 0x00, 0x00, 0x00, 0x00, 0x00,
    0x00, 0x00, 0x00, 0x00, 0x00, 0x00, 0x00, 0x00, 0x00, 0x00, 0x00, 0x00,
    0x00, 0x00, 0x00, 0x00, 0x00, 0x00, 0x00, 0x00, 0x00, 0x00, 0x00, 0x00,
    0x00, 0x00, 0x00, 0x00, 0x00, 0x00, 0x00, 0x00, 0x00, 0x00, 0x00, 0x00,
    0x00, 0x00, 0x00, 0x00, 0x00, 0x00, 0x00, 0x00, 0x00, 0x00, 0x00, 0x00,
    0x00, 0x00, 0x00, 0x00, 0x00, 0x00, 0x00, 0x00, 0x00, 0x00, 0x00, 0x00,
    0x00, 0x00, 0x00, 0x00, 0x00, 0x00, 0x00, 0x00, 0x00, 0x00, 0x00, 0x00,
    0x00, 0x00, 0x00, 0x00, 0x00, 0x00, 0x00, 0x00, 0x00, 0x00, 0x00, 0x00,
    0x00, 0x00, 0x00, 0x00, 0x00, 0x00, 0x00, 0x00, 0x00, 0x00, 0x00, 0x00,
    0x00, 0x00, 0x00, 0x00, 0x00, 0x00, 0x00, 0x00, 0x00, 0x00, 0x00, 0x00,
    0x00, 0x00, 0x00, 0x00, 0x00, 0x00, 0x00, 0x00, 0x00, 0x00, 0x00, 0x00,
    0x00, 0x00, 0x00, 0x00, 0x00, 0x00, 0x00, 0x00, 0x00, 0x00, 0x00, 0x00,
    0x00, 0x00, 0x00, 0x00, 0x00, 0x00, 0x00, 0x00, 0x00, 0x00, 0x00, 0x00,
    0x00, 0x00, 0x00, 0x00, 0x00, 0x00, 0x00, 0x00, 0x00, 0x00, 0x00, 0x00,
    0x00, 0x00, 0x00, 0x00, 0x00, 0x00, 0x00, 0x00, 0x00, 0x00, 0x00, 0x00,
    0x00, 0x00, 0x00, 0x00, 0x00, 0x00, 0x00, 0x00, 0x00, 0x00, 0x00, 0x00,
    0x7e, 0xff, 0xd3, 0xdc, 0xec, 0xd2, 0xa7, 0xe1, 0xe3, 0xe8, 0x62, 0xf8,
    0x61, 0xf8, 0x60, 0xf8, 0x80, 0xf8, 0xa0, 0xf8, 0xe0, 0xf8, 0x20, 0xf9,
    0x40, 0xf9, 0x60, 0xf9, 0x80, 0xf9, 0x80, 0xf9, 0x80, 0xf9, 0x40, 0xf9,
    0x40, 0xf9, 0x00, 0xf9, 0xc0, 0xf8, 0x80, 0xf8, 0x60, 0xf8, 0x40, 0xf8,
    0x61, 0xf8, 0xa3, 0xe8, 0x04, 0xe1, 0x08, 0xd2, 0x2d, 0xcb, 0xf3, 0xcc,
    0x3c, 0xf7, 0xff, 0xff, 0x00, 0x00, 0x00, 0x00, 0x00, 0x00, 0x00, 0x00,
    0x00, 0x00, 0x00, 0x00, 0x00, 0x00, 0x00, 0x00, 0x00, 0x00, 0x00, 0x00,
    0x00, 0x00, 0x00, 0x00, 0x00, 0x00, 0x00, 0x00, 0x00, 0x00, 0x00, 0x00,
    0x00, 0x00, 0x00, 0x00, 0x00, 0x00, 0x00, 0x00, 0x00, 0x00, 0x00, 0x00,
    0x00, 0x00, 0x00, 0x00, 0x00, 0x00, 0x00, 0x00, 0x00, 0x00, 0x00, 0x00,
    0x00, 0x00, 0x00, 0x00, 0x00, 0x00, 0x00, 0x00, 0x00, 0x00, 0x00, 0x00,
    0x00, 0x00, 0x00, 0x00, 0x00, 0x00, 0x00, 0x00, 0x00, 0x00, 0x00, 0x00,
    0x00, 0x00, 0x00, 0x00, 0x00, 0x00, 0x00, 0x00, 0x00, 0x00, 0x00, 0x00,
    0x00, 0x00, 0x00, 0x00, 0x00, 0x00, 0x00, 0x00, 0x00, 0x00, 0x00, 0x00,
    0x00, 0x00, 0x00, 0x00, 0x00, 0x00, 0x00, 0x00, 0x00, 0x00, 0x00, 0x00,
    0x00, 0x00, 0x00, 0x00, 0x00, 0x00, 0x00, 0x00, 0x00, 0x00, 0x00, 0x00,
    0x00, 0x00, 0x00, 0x00, 0x00, 0x00, 0x00, 0x00, 0x00, 0x00, 0x00, 0x00,
    0x00, 0x00, 0x00, 0x00, 0x00, 0x00, 0x00, 0x00, 0x00, 0x00, 0x00, 0x00,
    0x00, 0x00, 0x00, 0x00, 0x00, 0x00, 0x00, 0x00, 0x00, 0x00, 0x00, 0x00,
    0x00, 0x00, 0x00, 0x00, 0x00, 0x00, 0x00, 0x00, 0x00, 0x00, 0x00, 0x00,
    0x00, 0x00, 0x00, 0x00, 0x00, 0x00, 0x00, 0x00, 0x00, 0x00, 0x00, 0x00,
    0x00, 0x00, 0x00, 0x00, 0x00, 0x00, 0x00, 0x00, 0x00, 0x00, 0x00, 0x00,
    0x00, 0x00, 0x00, 0x00, 0x00, 0x00, 0x00, 0x00, 0x00, 0x00, 0x00, 0x00,
    0x00, 0x00, 0x00, 0x00, 0x00, 0x00, 0x00, 0x00, 0x00, 0x00, 0x00, 0x00,
    0x00, 0x00, 0x00, 0x00, 0x00, 0x00, 0x00, 0x00, 0x00, 0x00, 0x00, 0x00,
    0x00, 0x00, 0x00, 0x00, 0x00, 0x00, 0x00, 0x00, 0x00, 0x00, 0x00, 0x00,
    0x00, 0x00, 0x00, 0x00, 0x00, 0x00, 0x00, 0x00, 0x00, 0x00, 0x00, 0x00,
    0x00, 0x00, 0x00, 0x00, 0x00, 0x00, 0x00, 0x00, 0x00, 0x00, 0x00, 0x00,
    0x00, 0x00, 0x00, 0x00, 0x00, 0x00, 0x00, 0x00, 0x00, 0x00, 0x00, 0x00,
    0x00, 0x00, 0x00, 0x00, 0x00, 0x00, 0x00, 0x00, 0x00, 0x00, 0x00, 0x00,
    0x00, 0x00, 0x00, 0x00, 0x00, 0x00, 0x00, 0x00, 0x00, 0x00, 0x00, 0x00,
    0x00, 0x00, 0x00, 0x00, 0x00, 0x00, 0x00, 0x00, 0x00, 0x00, 0x00, 0x00,
    0x00, 0x00, 0x00, 0x00, 0x1c, 0xf7, 0x10, 0xdc, 0xa6, 0xf1, 0x82, 0xf8,
    0x80, 0xf8, 0xe0, 0xf8, 0xa0, 0xf9, 0x60, 0xfa, 0x00, 0xfb, 0xa0, 0xfb,
    0xe0, 0xeb, 0x41, 0xe4, 0x21, 0xcc, 0x01, 0xbc, 0xc1, 0xb3, 0xa2, 0xa3,
    0xa2, 0xa3, 0x83, 0x9b, 0x83, 0x93, 0x83, 0x93, 0x83, 0x93, 0x83, 0x93,
    0x83, 0x93, 0x63, 0x93, 0x83, 0x9b, 0xa2, 0x9b, 0xa2, 0xa3, 0xc2, 0xab,
    0xe1, 0xbb, 0x21, 0xcc, 0x41, 0xdc, 0x00, 0xec, 0xa0, 0xfb, 0x20, 0xfb,
    0x80, 0xfa, 0xc0, 0xf9, 0x00, 0xf9, 0x60, 0xf8, 0x00, 0xf8, 0x61, 0xe8,
    0xc7, 0xc9, 0x92, 0xcc, 0x5d, 0xf7, 0x00, 0x00, 0x00, 0x00, 0x00, 0x00,
    0x00, 0x00, 0x00, 0x00, 0x00, 0x00, 0x00, 0x00, 0x00, 0x00, 0x00, 0x00,
    0x00, 0x00, 0x00, 0x00, 0x00, 0x00, 0x00, 0x00, 0x00, 0x00, 0x00, 0x00,
    0x00, 0x00, 0x00, 0x00, 0x00, 0x00, 0x00, 0x00, 0x00, 0x00, 0x00, 0x00,
    0x00, 0x00, 0x00, 0x00, 0x00, 0x00, 0x00, 0x00, 0x00, 0x00, 0x00, 0x00,
    0x00, 0x00, 0x00, 0x00, 0x00, 0x00, 0x00, 0x00, 0x00, 0x00, 0x00, 0x00,
    0x00, 0x00, 0x00, 0x00, 0x00, 0x00, 0x00, 0x00, 0x00, 0x00, 0x00, 0x00,
    0x00, 0x00, 0x00, 0x00, 0x00, 0x00, 0x00, 0x00, 0x00, 0x00, 0x00, 0x00,
    0x00, 0x00, 0x00, 0x00, 0x00, 0x00, 0x00, 0x00, 0x00, 0x00, 0x00, 0x00,
    0x00, 0x00, 0x00, 0x00, 0x00, 0x00, 0x00, 0x00, 0x00, 0x00, 0x00, 0x00,
    0x00, 0x00, 0x00, 0x00, 0x00, 0x00, 0x00, 0x00, 0x00, 0x00, 0x00, 0x00,
    0x00, 0x00, 0x00, 0x00, 0x00, 0x00, 0x00, 0x00, 0x00, 0x00, 0x00, 0x00,
    0x00, 0x00, 0x00, 0x00, 0x00, 0x00, 0x00, 0x00, 0x00, 0x00, 0x00, 0x00,
    0x00, 0x00, 0x00, 0x00, 0x00, 0x00, 0x00, 0x00, 0x00, 0x00, 0x00, 0x00,
    0x00, 0x00, 0x00, 0x00, 0x00, 0x00, 0x00, 0x00, 0x00, 0x00, 0x00, 0x00,
    0x00, 0x00, 0x00, 0x00, 0x00, 0x00, 0x00, 0x00, 0x00, 0x00, 0x00, 0x00,
    0x00, 0x00, 0x00, 0x00, 0x00, 0x00, 0x00, 0x00, 0x00, 0x00, 0x00, 0x00,
    0x00, 0x00, 0x00, 0x00, 0x00, 0x00, 0x00, 0x00, 0x00, 0x00, 0x00, 0x00,
    0x00, 0x00, 0x00, 0x00, 0x00, 0x00, 0x00, 0x00, 0x00, 0x00, 0x00, 0x00,
    0x00, 0x00, 0x00, 0x00, 0x00, 0x00, 0x00, 0x00, 0x00, 0x00, 0x00, 0x00,
    0x00, 0x00, 0x00, 0x00, 0x00, 0x00, 0x00, 0x00, 0x00, 0x00, 0x00, 0x00,
    0x00, 0x00, 0x00, 0x00, 0x00, 0x00, 0x00, 0x00, 0x00, 0x00, 0x00, 0x00,
    0x00, 0x00, 0x00, 0x00, 0x00, 0x00, 0x00, 0x00, 0x00, 0x00, 0x00, 0x00,
    0x00, 0x00, 0x00, 0x00, 0x00, 0x00, 0x00, 0x00, 0x00, 0x00, 0x00, 0x00,
    0x00, 0x00, 0x00, 0x00, 0x00, 0x00, 0x00, 0x00, 0x00, 0x00, 0x00, 0x00,
    0x00, 0x00, 0x00, 0x00, 0x00, 0x00, 0x00, 0x00, 0x00, 0x00, 0xdf, 0xff,
    0x14, 0xed, 0x66, 0xf9, 0x40, 0xf8, 0x00, 0xf9, 0x00, 0xfa, 0x00, 0xfb,
    0xc0, 0xfb, 0x41, 0xdc, 0xe1, 0xbb, 0x82, 0x9b, 0x63, 0x8b, 0x45, 0x7b,
    0x47, 0x63, 0x48, 0x63, 0xc9, 0x6b, 0x0a, 0x74, 0x8a, 0x7c, 0x0b, 0x85,
    0x4c, 0x95, 0x8c, 0x95, 0x8c, 0x95, 0x8c, 0x95, 0x8c, 0x95, 0xad, 0x95,
    0x8d, 0x95, 0x8d, 0x95, 0xad, 0x95, 0x8c, 0x95, 0x8c, 0x95, 0x8d, 0x95,
    0x8c, 0x95, 0x6c, 0x95, 0x0c, 0x8d, 0xab, 0x7c, 0x4a, 0x74, 0xc9, 0x6b,
    0x68, 0x63, 0x27, 0x63, 0x45, 0x73, 0x64, 0x8b, 0x62, 0x9b, 0xe1, 0xb3,
    0x41, 0xdc, 0xc0, 0xfb, 0x00, 0xfb, 0x00, 0xfa, 0xe0, 0xf8, 0x00, 0xf8,
    0x20, 0xe8, 0xc3, 0xb8, 0x31, 0xc4, 0xdf, 0xff, 0x00, 0x00, 0x00, 0x00,
    0x00, 0x00, 0x00, 0x00, 0x00, 0x00, 0x00, 0x00, 0x00, 0x00, 0x00, 0x00,
    0x00, 0x00, 0x00, 0x00, 0x00, 0x00, 0x00, 0x00, 0x00, 0x00, 0x00, 0x00,
    0x00, 0x00, 0x00, 0x00, 0x00, 0x00, 0x00, 0x00, 0x00, 0x00, 0x00, 0x00,
    0x00, 0x00, 0x00, 0x00, 0x00, 0x00, 0x00, 0x00, 0x00, 0x00, 0x00, 0x00,
    0x00, 0x00, 0x00, 0x00, 0x00, 0x00, 0x00, 0x00, 0x00, 0x00, 0x00, 0x00,
    0x00, 0x00, 0x00, 0x00, 0x00, 0x00, 0x00, 0x00, 0x00, 0x00, 0x00, 0x00,
    0x00, 0x00, 0x00, 0x00, 0x00, 0x00, 0x00, 0x00, 0x00, 0x00, 0x00, 0x00,
    0x00, 0x00, 0x00, 0x00, 0x00, 0x00, 0x00, 0x00, 0x00, 0x00, 0x00, 0x00,
    0x00, 0x00, 0x00, 0x00, 0x00, 0x00, 0x00, 0x00, 0x00, 0x00, 0x00, 0x00,
    0x00, 0x00, 0x00, 0x00, 0x00, 0x00, 0x00, 0x00, 0x00, 0x00, 0x00, 0x00,
    0x00, 0x00, 0x00, 0x00, 0x00, 0x00, 0x00, 0x00, 0x00, 0x00, 0x00, 0x00,
    0x00, 0x00, 0x00, 0x00, 0x00, 0x00, 0x00, 0x00, 0x00, 0x00, 0x00, 0x00,
    0x00, 0x00, 0x00, 0x00, 0x00, 0x00, 0x00, 0x00, 0x00, 0x00, 0x00, 0x00,
    0x00, 0x00, 0x00, 0x00, 0x00, 0x00, 0x00, 0x00, 0x00, 0x00, 0x00, 0x00,
    0x00, 0x00, 0x00, 0x00, 0x00, 0x00, 0x00, 0x00, 0x00, 0x00, 0x00, 0x00,
    0x00, 0x00, 0x00, 0x00, 0x00, 0x00, 0x00, 0x00, 0x00, 0x00, 0x00, 0x00,
    0x00, 0x00, 0x00, 0x00, 0x00, 0x00, 0x00, 0x00, 0x00, 0x00, 0x00, 0x00,
    0x00, 0x00, 0x00, 0x00, 0x00, 0x00, 0x00, 0x00, 0x00, 0x00, 0x00, 0x00,
    0x00, 0x00, 0x00, 0x00, 0x00, 0x00, 0x00, 0x00, 0x00, 0x00, 0x00, 0x00,
    0x00, 0x00, 0x00, 0x00, 0x00, 0x00, 0x00, 0x00, 0x00, 0x00, 0x00, 0x00,
    0x00, 0x00, 0x00, 0x00, 0x00, 0x00, 0x00, 0x00, 0x00, 0x00, 0x00, 0x00,
    0x00, 0x00, 0x00, 0x00, 0x00, 0x00, 0x00, 0x00, 0x00, 0x00, 0x00, 0x00,
    0x00, 0x00, 0x00, 0x00, 0x00, 0x00, 0x00, 0x00, 0x00, 0x00, 0x00, 0x00,
    0x00, 0x00, 0x00, 0x00, 0x00, 0x00, 0x00, 0x00, 0xf4, 0xf4, 0xa2, 0xf8,
    0xa0, 0xf8, 0xe0, 0xf9, 0x20, 0xfb, 0xe0, 0xf3, 0x21, 0xc4, 0x82, 0x9b,
    0x44, 0x83, 0x46, 0x6b, 0x69, 0x63, 0x2a, 0x74, 0xeb, 0x84, 0x8c, 0x95,
    0xad, 0x95, 0xac, 0x9d, 0x8c, 0x95, 0x4c, 0x8d, 0xcb, 0x84, 0x4a, 0x74,
    0x09, 0x74, 0xa9, 0x6b, 0x68, 0x63, 0x67, 0x6b, 0x67, 0x73, 0x66, 0x7b,
    0x66, 0x7b, 0x66, 0x7b, 0x65, 0x7b, 0x65, 0x7b, 0x66, 0x7b, 0x66, 0x7b,
    0x67, 0x73, 0x67, 0x6b, 0x68, 0x6b, 0x88, 0x63, 0xe9, 0x6b, 0x4a, 0x74,
    0x8b, 0x84, 0x2b, 0x8d, 0x8c, 0x95, 0x8d, 0x95, 0xad, 0x9d, 0xac, 0x95,
    0x8c, 0x95, 0x0c, 0x8d, 0x4a, 0x74, 0x88, 0x63, 0x46, 0x6b, 0x44, 0x83,
    0x82, 0xa3, 0x21, 0xcc, 0xe0, 0xf3, 0xc0, 0xfa, 0x80, 0xf9, 0x60, 0xf8,
    0x20, 0xf0, 0xa2, 0xb8, 0x96, 0xd5, 0x00, 0x00, 0x00, 0x00, 0x00, 0x00,
    0x00, 0x00, 0x00, 0x00, 0x00, 0x00, 0x00, 0x00, 0x00, 0x00, 0x00, 0x00,
    0x00, 0x00, 0x00, 0x00, 0x00, 0x00, 0x00, 0x00, 0x00, 0x00, 0x00, 0x00,
    0x00, 0x00, 0x00, 0x00, 0x00, 0x00, 0x00, 0x00, 0x00, 0x00, 0x00, 0x00,
    0x00, 0x00, 0x00, 0x00, 0x00, 0x00, 0x00, 0x00, 0x00, 0x00, 0x00, 0x00,
    0x00, 0x00, 0x00, 0x00, 0x00, 0x00, 0x00, 0x00, 0x00, 0x00, 0x00, 0x00,
    0x00, 0x00, 0x00, 0x00, 0x00, 0x00, 0x00, 0x00, 0x00, 0x00, 0x00, 0x00,
    0x00, 0x00, 0x00, 0x00, 0x00, 0x00, 0x00, 0x00, 0x00, 0x00, 0x00, 0x00,
    0x00, 0x00, 0x00, 0x00, 0x00, 0x00, 0x00, 0x00, 0x00, 0x00, 0x00, 0x00,
    0x00, 0x00, 0x00, 0x00, 0x00, 0x00, 0x00, 0x00, 0x00, 0x00, 0x00, 0x00,
    0x00, 0x00, 0x00, 0x00, 0x00, 0x00, 0x00, 0x00, 0x00, 0x00, 0x00, 0x00,
    0x00, 0x00, 0x00, 0x00, 0x00, 0x00, 0x00, 0x00, 0x00, 0x00, 0x00, 0x00,
    0x00, 0x00, 0x00, 0x00, 0x00, 0x00, 0x00, 0x00, 0x00, 0x00, 0x00, 0x00,
    0x00, 0x00, 0x00, 0x00, 0x00, 0x00, 0x00, 0x00, 0x00, 0x00, 0x00, 0x00,
    0x00, 0x00, 0x00, 0x00, 0x00, 0x00, 0x00, 0x00, 0x00, 0x00, 0x00, 0x00,
    0x00, 0x00, 0x00, 0x00, 0x00, 0x00, 0x00, 0x00, 0x00, 0x00, 0x00, 0x00,
    0x00, 0x00, 0x00, 0x00, 0x00, 0x00, 0x00, 0x00, 0x00, 0x00, 0x00, 0x00,
    0x00, 0x00, 0x00, 0x00, 0x00, 0x00, 0x00, 0x00, 0x00, 0x00, 0x00, 0x00,
    0x00, 0x00, 0x00, 0x00, 0x00, 0x00, 0x00, 0x00, 0x00, 0x00, 0x00, 0x00,
    0x00, 0x00, 0x00, 0x00, 0x00, 0x00, 0x00, 0x00, 0x00, 0x00, 0x00, 0x00,
    0x00, 0x00, 0x00, 0x00, 0x00, 0x00, 0x00, 0x00, 0x00, 0x00, 0x00, 0x00,
    0x00, 0x00, 0x00, 0x00, 0x00, 0x00, 0x00, 0x00, 0x00, 0x00, 0x00, 0x00,
    0x00, 0x00, 0x00, 0x00, 0x00, 0x00, 0x00, 0x00, 0x00, 0x00, 0x00, 0x00,
    0x00, 0x00, 0x00, 0x00, 0xb6, 0xf5, 0x24, 0xf9, 0xa0, 0xf8, 0x00, 0xfa,
    0x60, 0xfb, 0x21, 0xdc, 0xc2, 0xab, 0x44, 0x83, 0x46, 0x6b, 0xc9, 0x6b,
    0xcb, 0x84, 0x6c, 0x95, 0xad, 0x95, 0xad, 0x9d, 0x6c, 0x95, 0xeb, 0x84,
    0x2a, 0x74, 0xa8, 0x6b, 0x46, 0x73, 0x44, 0x83, 0x63, 0x93, 0xa2, 0xa3,
    0xe1, 0xc3, 0x21, 0xdc, 0x00, 0xec, 0xc0, 0xfb, 0xa0, 0xfb, 0x40, 0xfb,
    0x00, 0xfb, 0xc0, 0xfa, 0xc0, 0xfa, 0x60, 0xfa, 0x60, 0xfa, 0x60, 0xfa,
    0xa0, 0xfa, 0xc0, 0xfa, 0xe0, 0xfa, 0x20, 0xfb, 0x80, 0xfb, 0xc0, 0xfb,
    0xe0, 0xf3, 0x20, 0xe4, 0x01, 0xcc, 0xc1, 0xb3, 0x82, 0x9b, 0x43, 0x8b,
    0x45, 0x7b, 0x67, 0x6b, 0xc9, 0x6b, 0x6a, 0x7c, 0x2c, 0x8d, 0x8c, 0x95,
    0xad, 0x9d, 0xad, 0x9d, 0x6c, 0x95, 0x8b, 0x7c, 0x88, 0x6b, 0x46, 0x73,
    0x63, 0x93, 0x01, 0xbc, 0xe0, 0xeb, 0xc0, 0xfa, 0x40, 0xf9, 0x20, 0xf8,
    0xc3, 0xb0, 0x14, 0xcd, 0xff, 0xff, 0x00, 0x00, 0x00, 0x00, 0x00, 0x00,
    0x00, 0x00, 0x00, 0x00, 0x00, 0x00, 0x00, 0x00, 0x00, 0x00, 0x00, 0x00,
    0x00, 0x00, 0x00, 0x00, 0x00, 0x00, 0x00, 0x00, 0x00, 0x00, 0x00, 0x00,
    0x00, 0x00, 0x00, 0x00, 0x00, 0x00, 0x00, 0x00, 0x00, 0x00, 0x00, 0x00,
    0x00, 0x00, 0x00, 0x00, 0x00, 0x00, 0x00, 0x00, 0x00, 0x00, 0x00, 0x00,
    0x00, 0x00, 0x00, 0x00, 0x00, 0x00, 0x00, 0x00, 0x00, 0x00, 0x00, 0x00,
    0x00, 0x00, 0x00, 0x00, 0x00, 0x00, 0x00, 0x00, 0x00, 0x00, 0x00, 0x00,
    0x00, 0x00, 0x00, 0x00, 0x00, 0x00, 0x00, 0x00, 0x00, 0x00, 0x00, 0x00,
    0x00, 0x00, 0x00, 0x00, 0x00, 0x00, 0x00, 0x00, 0x00, 0x00, 0x00, 0x00,
    0x00, 0x00, 0x00, 0x00, 0x00, 0x00, 0x00, 0x00, 0x00, 0x00, 0x00, 0x00,
    0x00, 0x00, 0x00, 0x00, 0x00, 0x00, 0x00, 0x00, 0x00, 0x00, 0x00, 0x00,
    0x00, 0x00, 0x00, 0x00, 0x00, 0x00, 0x00, 0x00, 0x00, 0x00, 0x00, 0x00,
    0x00, 0x00, 0x00, 0x00, 0x00, 0x00, 0x00, 0x00, 0x00, 0x00, 0x00, 0x00,
    0x00, 0x00, 0x00, 0x00, 0x00, 0x00, 0x00, 0x00, 0x00, 0x00, 0x00, 0x00,
    0x00, 0x00, 0x00, 0x00, 0x00, 0x00, 0x00, 0x00, 0x00, 0x00, 0x00, 0x00,
    0x00, 0x00, 0x00, 0x00, 0x00, 0x00, 0x00, 0x00, 0x00, 0x00, 0x00, 0x00,
    0x00, 0x00, 0x00, 0x00, 0x00, 0x00, 0x00, 0x00, 0x00, 0x00, 0x00, 0x00,
    0x00, 0x00, 0x00, 0x00, 0x00, 0x00, 0x00, 0x00, 0x00, 0x00, 0x00, 0x00,
    0x00, 0x00, 0x00, 0x00, 0x00, 0x00, 0x00, 0x00, 0x00, 0x00, 0x00, 0x00,
    0x00, 0x00, 0x00, 0x00, 0x00, 0x00, 0x00, 0x00, 0x00, 0x00, 0x00, 0x00,
    0x00, 0x00, 0x00, 0x00, 0x00, 0x00, 0x00, 0x00, 0x00, 0x00, 0x00, 0x00,
    0x00, 0x00, 0x00, 0x00, 0x00, 0x00, 0x00, 0x00, 0x00, 0x00, 0x00, 0x00,
    0xff, 0xff, 0x34, 0xf5, 0x24, 0xf9, 0x60, 0xf9, 0x00, 0xfb, 0x21, 0xe4,
    0xc2, 0xab, 0x44, 0x83, 0x47, 0x63, 0x2a, 0x74, 0x4c, 0x8d, 0xac, 0x95,
    0xad, 0x95, 0xad, 0x95, 0x2c, 0x8d, 0x2a, 0x74, 0x87, 0x6b, 0x25, 0x7b,
    0x62, 0x93, 0xe1, 0xbb, 0x41, 0xec, 0xa0, 0xfb, 0xe0, 0xfa, 0x20, 0xfa,
    0x40, 0xf9, 0x60, 0xf8, 0x40, 0xf8, 0x01, 0xf8, 0x01, 0xe8, 0x22, 0xd8,
    0x24, 0xc8, 0x24, 0xb8, 0x25, 0xa8, 0x46, 0xa0, 0x46, 0xa0, 0x47, 0x90,
    0x47, 0x90, 0x47, 0x90, 0x46, 0x98, 0x46, 0xa0, 0x25, 0xa8, 0x25, 0xb0,
    0x24, 0xc0, 0x23, 0xd0, 0x02, 0xe0, 0x83, 0xf0, 0x20, 0xf8, 0x40, 0xf8,
    0xc0, 0xf8, 0xa0, 0xf9, 0x80, 0xfa, 0x40, 0xfb, 0xe0, 0xf3, 0x21, 0xdc,
    0xc2, 0xab, 0x23, 0x8b, 0x25, 0x73, 0x88, 0x6b, 0x4a, 0x74, 0x2c, 0x8d,
    0xac, 0x9d, 0xad, 0x95, 0x8c, 0x95, 0xeb, 0x84, 0xa9, 0x6b, 0x26, 0x6b,
    0x82, 0x9b, 0x62, 0xab, 0x82, 0x9a, 0xc0, 0xf9, 0x60, 0xf8, 0x21, 0xe0,
    0x49, 0xb2, 0xbe, 0xff, 0x00, 0x00, 0x00, 0x00, 0x00, 0x00, 0x00, 0x00,
    0x00, 0x00, 0x00, 0x00, 0x00, 0x00, 0x00, 0x00, 0x00, 0x00, 0x00, 0x00,
    0x00, 0x00, 0x00, 0x00, 0x00, 0x00, 0x00, 0x00, 0x00, 0x00, 0x00, 0x00,
    0x00, 0x00, 0x00, 0x00, 0x00, 0x00, 0x00, 0x00, 0x00, 0x00, 0x00, 0x00,
    0x00, 0x00, 0x00, 0x00, 0x00, 0x00, 0x00, 0x00, 0x00, 0x00, 0x00, 0x00,
    0x00, 0x00, 0x00, 0x00, 0x00, 0x00, 0x00, 0x00, 0x00, 0x00, 0x00, 0x00,
    0x00, 0x00, 0x00, 0x00, 0x00, 0x00, 0x00, 0x00, 0x00, 0x00, 0x00, 0x00,
    0x00, 0x00, 0x00, 0x00, 0x00, 0x00, 0x00, 0x00, 0x00, 0x00, 0x00, 0x00,
    0x00, 0x00, 0x00, 0x00, 0x00, 0x00, 0x00, 0x00, 0x00, 0x00, 0x00, 0x00,
    0x00, 0x00, 0x00, 0x00, 0x00, 0x00, 0x00, 0x00, 0x00, 0x00, 0x00, 0x00,
    0x00, 0x00, 0x00, 0x00, 0x00, 0x00, 0x00, 0x00, 0x00, 0x00, 0x00, 0x00,
    0x00, 0x00, 0x00, 0x00, 0x00, 0x00, 0x00, 0x00, 0x00, 0x00, 0x00, 0x00,
    0x00, 0x00, 0x00, 0x00, 0x00, 0x00, 0x00, 0x00, 0x00, 0x00, 0x00, 0x00,
    0x00, 0x00, 0x00, 0x00, 0x00, 0x00, 0x00, 0x00, 0x00, 0x00, 0x00, 0x00,
    0x00, 0x00, 0x00, 0x00, 0x00, 0x00, 0x00, 0x00, 0x00, 0x00, 0x00, 0x00,
    0x00, 0x00, 0x00, 0x00, 0x00, 0x00, 0x00, 0x00, 0x00, 0x00, 0x00, 0x00,
    0x00, 0x00, 0x00, 0x00, 0x00, 0x00, 0x00, 0x00, 0x00, 0x00, 0x00, 0x00,
    0x00, 0x00, 0x00, 0x00, 0x00, 0x00, 0x00, 0x00, 0x00, 0x00, 0x00, 0x00,
    0x00, 0x00, 0x00, 0x00, 0x00, 0x00, 0x00, 0x00, 0x00, 0x00, 0x00, 0x00,
    0x00, 0x00, 0x00, 0x00, 0x00, 0x00, 0x00, 0x00, 0x00, 0x00, 0x00, 0x00,
    0x00, 0x00, 0x00, 0x00, 0x00, 0x00, 0x00, 0x00, 0x00, 0x00, 0x00, 0x00,
    0xdb, 0xfe, 0xa6, 0xf9, 0xc0, 0xf9, 0x60, 0xfb, 0x21, 0xd4, 0x63, 0x93,
    0x26, 0x6b, 0xc9, 0x6b, 0x2c, 0x8d, 0xac, 0x95, 0xac, 0x9d, 0xac, 0x9d,
    0x6c, 0x95, 0x4a, 0x74, 0x67, 0x6b, 0x24, 0x7b, 0xa2, 0xab, 0x20, 0xe4,
    0xa0, 0xfb, 0x80, 0xfa, 0x40, 0xf9, 0x20, 0xf8, 0x01, 0xf8, 0x23, 0xd8,
    0x25, 0xa8, 0x48, 0x88, 0x4a, 0x60, 0x6c, 0x40, 0x6e, 0x18, 0x90, 0x08,
    0x90, 0x00, 0x90, 0x00, 0x90, 0x00, 0x90, 0x00, 0x11, 0x11, 0x11, 0x11,
    0xf1, 0x10, 0x92, 0x21, 0x94, 0x4a, 0x90, 0x00, 0x34, 0x3a, 0x92, 0x21,
    0x90, 0x00, 0x90, 0x00, 0x90, 0x00, 0x90, 0x00, 0x90, 0x00, 0x72, 0x29,
    0x8f, 0x10, 0x4f, 0x49, 0x6b, 0x50, 0x49, 0x70, 0x27, 0x90, 0x24, 0xb8,
    0x02, 0xe0, 0x00, 0xf8, 0x60, 0xf8, 0x80, 0xf9, 0xa0, 0xfa, 0xc0, 0xfb,
    0x21, 0xdc, 0xa2, 0xa3, 0x24, 0x7b, 0x67, 0x6b, 0x0a, 0x74, 0x2c, 0x8d,
    0xad, 0x9d, 0xac, 0x9d, 0x2a, 0x74, 0x66, 0x4a, 0x27, 0x63, 0x43, 0x8b,
    0x21, 0xc4, 0xa0, 0xfb, 0xc0, 0xf9, 0x40, 0xf8, 0x21, 0xd8, 0x10, 0xbc,
    0x00, 0x00, 0x00, 0x00, 0x00, 0x00, 0x00, 0x00, 0x00, 0x00, 0x00, 0x00,
    0x00, 0x00, 0x00, 0x00, 0x00, 0x00, 0x00, 0x00, 0x00, 0x00, 0x00, 0x00,
    0x00, 0x00, 0x00, 0x00, 0x00, 0x00, 0x00, 0x00, 0x00, 0x00, 0x00, 0x00,
    0x00, 0x00, 0x00, 0x00, 0x00, 0x00, 0x00, 0x00, 0x00, 0x00, 0x00, 0x00,
    0x00, 0x00, 0x00, 0x00, 0xff, 0xff, 0x18, 0xee, 0x2d, 0xe3, 0x04, 0xf9,
    0x41, 0xf8, 0x21, 0xf8, 0x21, 0xf8, 0x61, 0xe0, 0x49, 0xba, 0xbf, 0xff,
    0x00, 0x00, 0x00, 0x00, 0x00, 0x00, 0x00, 0x00, 0x00, 0x00, 0x00, 0x00,
    0x00, 0x00, 0x00, 0x00, 0x00, 0x00, 0x00, 0x00, 0x00, 0x00, 0x00, 0x00,
    0x00, 0x00, 0x00, 0x00, 0x00, 0x00, 0x00, 0x00, 0x00, 0x00, 0x00, 0x00,
    0x00, 0x00, 0x00, 0x00, 0x00, 0x00, 0x00, 0x00, 0x00, 0x00, 0x00, 0x00,
    0x00, 0x00, 0x00, 0x00, 0x00, 0x00, 0x00, 0x00, 0x00, 0x00, 0x00, 0x00,
    0x00, 0x00, 0x00, 0x00, 0x00, 0x00, 0x00, 0x00, 0x00, 0x00, 0x00, 0x00,
    0x00, 0x00, 0x00, 0x00, 0x00, 0x00, 0x00, 0x00, 0x00, 0x00, 0x00, 0x00,
    0x00, 0x00, 0x00, 0x00, 0x00, 0x00, 0x00, 0x00, 0x00, 0x00, 0x00, 0x00,
    0x00, 0x00, 0x00, 0x00, 0x00, 0x00, 0x00, 0x00, 0x00, 0x00, 0x00, 0x00,
    0x00, 0x00, 0x00, 0x00, 0x00, 0x00, 0x00, 0x00, 0x00, 0x00, 0x00, 0x00,
    0x00, 0x00, 0x00, 0x00, 0x00, 0x00, 0x00, 0x00, 0x00, 0x00, 0x00, 0x00,
    0x00, 0x00, 0x00, 0x00, 0x00, 0x00, 0x00, 0x00, 0x00, 0x00, 0x00, 0x00,
    0x00, 0x00, 0x00, 0x00, 0x00, 0x00, 0x00, 0x00, 0x00, 0x00, 0x00, 0x00,
    0x00, 0x00, 0x00, 0x00, 0x00, 0x00, 0x00, 0x00, 0x00, 0x00, 0x9e, 0xff,
    0xc6, 0xf9, 0x80, 0xf9, 0x60, 0xfb, 0x21, 0xcc, 0x43, 0x8b, 0x47, 0x63,
    0x4a, 0x74, 0x8c, 0x95, 0xac, 0x9d, 0xac, 0x9d, 0xad, 0x95, 0x2c, 0x8d,
    0xc9, 0x6b, 0x46, 0x73, 0x62, 0x93, 0x21, 0xd4, 0x80, 0xfb, 0x20, 0xfa,
    0xc0, 0xf8, 0x00, 0xf8, 0x43, 0xd8, 0x67, 0xa0, 0x6a, 0x68, 0x71, 0x7a,
    0x90, 0x00, 0x90, 0x00, 0x90, 0x00, 0x90, 0x00, 0x90, 0x00, 0x90, 0x00,
    0x90, 0x00, 0x90, 0x00, 0x90, 0x00, 0x70, 0x00, 0x90, 0x00, 0xb1, 0x08,
    0x90, 0x00, 0xd3, 0x31, 0x11, 0x11, 0xb2, 0x29, 0x90, 0x00, 0x94, 0x4a,
    0x90, 0x00, 0xd1, 0x08, 0x90, 0x00, 0x90, 0x00, 0xd0, 0x08, 0x52, 0x21,
    0xd3, 0x31, 0x94, 0x4a, 0xd1, 0x08, 0xb1, 0x08, 0x34, 0x3a, 0x52, 0x19,
    0x31, 0x19, 0x90, 0x00, 0x90, 0x00, 0x8f, 0x08, 0x6c, 0x38, 0x49, 0x70,
    0x46, 0xa0, 0x23, 0xd8, 0x00, 0xf8, 0xc0, 0xf8, 0x20, 0xfa, 0x60, 0xfb,
    0x21, 0xe4, 0x82, 0xa3, 0x24, 0x7b, 0x08, 0x5b, 0xc5, 0x31, 0x6c, 0x95,
    0xad, 0x95, 0x8c, 0x95, 0x8b, 0x7c, 0x47, 0x63, 0x43, 0x8b, 0x21, 0xcc,
    0x40, 0xfb, 0x40, 0xf9, 0x00, 0xf8, 0xc3, 0xb8, 0x3c, 0xef, 0x00, 0x00,
    0x00, 0x00, 0x00, 0x00, 0x00, 0x00, 0x00, 0x00, 0x00, 0x00, 0x00, 0x00,
    0x00, 0x00, 0x00, 0x00, 0x00, 0x00, 0x00, 0x00, 0x00, 0x00, 0x00, 0x00,
    0x00, 0x00, 0x00, 0x00, 0x00, 0x00, 0x00, 0x00, 0x00, 0x00, 0x00, 0x00,
    0x00, 0x00, 0x7d, 0xff, 0x49, 0xf2, 0x40, 0xf8, 0x60, 0xf9, 0xa0, 0xfa,
    0x80, 0xfb, 0xe0, 0xf3, 0x01, 0xdc, 0x21, 0xd4, 0x00, 0xe4, 0xa0, 0xfb,
    0xc0, 0xf9, 0x20, 0xe8, 0x18, 0xce, 0x00, 0x00, 0x00, 0x00, 0x00, 0x00,
    0x00, 0x00, 0x00, 0x00, 0x00, 0x00, 0x00, 0x00, 0x00, 0x00, 0x00, 0x00,
    0x00, 0x00, 0x00, 0x00, 0x00, 0x00, 0x00, 0x00, 0x00, 0x00, 0x00, 0x00,
    0x00, 0x00, 0x00, 0x00, 0x00, 0x00, 0x00, 0x00, 0x00, 0x00, 0x00, 0x00,
    0x00, 0x00, 0x00, 0x00, 0x00, 0x00, 0x00, 0x00, 0x00, 0x00, 0x00, 0x00,
    0x00, 0x00, 0x00, 0x00, 0x00, 0x00, 0x00, 0x00, 0x00, 0x00, 0x00, 0x00,
    0x00, 0x00, 0x00, 0x00, 0x00, 0x00, 0x00, 0x00, 0x00, 0x00, 0x00, 0x00,
    0x00, 0x00, 0x00, 0x00, 0x00, 0x00, 0x00, 0x00, 0x00, 0x00, 0x00, 0x00,
    0x00, 0x00, 0x00, 0x00, 0x00, 0x00, 0x00, 0x00, 0x00, 0x00, 0x00, 0x00,
    0x00, 0x00, 0x00, 0x00, 0x00, 0x00, 0x00, 0x00, 0x00, 0x00, 0x00, 0x00,
    0x00, 0x00, 0x00, 0x00, 0x00, 0x00, 0x00, 0x00, 0x00, 0x00, 0x00, 0x00,
    0x00, 0x00, 0x00, 0x00, 0x00, 0x00, 0x00, 0x00, 0x00, 0x00, 0x00, 0x00,
    0x00, 0x00, 0x00, 0x00, 0x00, 0x00, 0x00, 0x00, 0x00, 0x00, 0x00, 0x00,
    0x00, 0x00, 0x00, 0x00, 0x00, 0x00, 0x00, 0x00, 0x00, 0x00, 0x14, 0xfd,
    0x00, 0xf9, 0xe0, 0xfa, 0x21, 0xdc, 0x63, 0x93, 0x47, 0x6b, 0x6a, 0x7c,
    0x8c, 0x95, 0xad, 0x9d, 0xac, 0x9d, 0xad, 0x95, 0x4c, 0x8d, 0xe9, 0x73,
    0x25, 0x73, 0x82, 0xa3, 0x20, 0xec, 0xe0, 0xfa, 0x20, 0xf9, 0x20, 0xf8,
    0x23, 0xd0, 0xa8, 0xa0, 0x6b, 0x48, 0x6f, 0x10, 0x34, 0x3a, 0x52, 0x19,
    0x90, 0x00, 0xd0, 0x08, 0x90, 0x00, 0x6f, 0x10, 0x6e, 0x18, 0x90, 0x08,
    0x90, 0x00, 0x90, 0x00, 0x90, 0x00, 0x90, 0x00, 0x70, 0x00, 0x90, 0x00,
    0x90, 0x00, 0x90, 0x00, 0x72, 0x21, 0xb0, 0x08, 0x90, 0x00, 0x11, 0x11,
    0x34, 0x3a, 0xb7, 0x73, 0x9b, 0xad, 0xb0, 0x08, 0x90, 0x00, 0x90, 0x00,
    0xd3, 0x31, 0x56, 0x63, 0x9a, 0xad, 0x7c, 0xce, 0xd7, 0x73, 0x15, 0x5b,
    0x90, 0x00, 0x52, 0x21, 0x90, 0x00, 0x33, 0x3a, 0x34, 0x3a, 0x90, 0x00,
    0x90, 0x00, 0x90, 0x00, 0x90, 0x00, 0xb0, 0x08, 0x8f, 0x10, 0x6b, 0x48,
    0x47, 0x88, 0x44, 0xd0, 0x00, 0xf8, 0xe0, 0xf8, 0x62, 0xb2, 0x44, 0x39,
    0xa1, 0xbb, 0x43, 0x8b, 0x67, 0x6b, 0x6a, 0x7c, 0x6c, 0x95, 0xad, 0x9d,
    0x8c, 0x95, 0x6a, 0x7c, 0x26, 0x6b, 0x82, 0x9b, 0x21, 0xe4, 0x60, 0xfa,
    0x80, 0xf8, 0x21, 0xd8, 0x51, 0xbc, 0x00, 0x00, 0x00, 0x00, 0x00, 0x00,
    0x00, 0x00, 0x00, 0x00, 0x00, 0x00, 0x00, 0x00, 0x00, 0x00, 0x00, 0x00,
    0x00, 0x00, 0x00, 0x00, 0x00, 0x00, 0x00, 0x00, 0x00, 0x00, 0x00, 0x00,
    0xff, 0xff, 0xab, 0xf2, 0xa0, 0xf8, 0x40, 0xfa, 0xc0, 0xf3, 0x01, 0xc4,
    0x63, 0x93, 0x45, 0x73, 0x68, 0x6b, 0xc9, 0x6b, 0x4a, 0x74, 0x6a, 0x7c,
    0x09, 0x74, 0x48, 0x63, 0xe2, 0xab, 0xa0, 0xf9, 0x82, 0x90, 0x00, 0x00,
    0x00, 0x00, 0x00, 0x00, 0x00, 0x00, 0x00, 0x00, 0x00, 0x00, 0x00, 0x00,
    0x00, 0x00, 0x00, 0x00, 0x00, 0x00, 0x00, 0x00, 0x00, 0x00, 0x00, 0x00,
    0x00, 0x00, 0x00, 0x00, 0x00, 0x00, 0x00, 0x00, 0x00, 0x00, 0x00, 0x00,
    0x00, 0x00, 0x00, 0x00, 0x00, 0x00, 0x00, 0x00, 0x00, 0x00, 0x00, 0x00,
    0x00, 0x00, 0x00, 0x00, 0x00, 0x00, 0x00, 0x00, 0x00, 0x00, 0x00, 0x00,
    0x00, 0x00, 0x00, 0x00, 0x00, 0x00, 0x00, 0x00, 0x00, 0x00, 0x00, 0x00,
    0x00, 0x00, 0x00, 0x00, 0x00, 0x00, 0x00, 0x00, 0x00, 0x00, 0x00, 0x00,
    0x00, 0x00, 0x00, 0x00, 0x00, 0x00, 0x00, 0x00, 0x00, 0x00, 0x00, 0x00,
    0x00, 0x00, 0x00, 0x00, 0x00, 0x00, 0x00, 0x00, 0x00, 0x00, 0x00, 0x00,
    0x00, 0x00, 0x00, 0x00, 0x00, 0x00, 0x00, 0x00, 0x00, 0x00, 0x00, 0x00,
    0x00, 0x00, 0x00, 0x00, 0x00, 0x00, 0x00, 0x00, 0x00, 0x00, 0x00, 0x00,
    0x00, 0x00, 0x00, 0x00, 0x00, 0x00, 0x00, 0x00, 0x00, 0x00, 0x00, 0x00,
    0x00, 0x00, 0x00, 0x00, 0x00, 0x00, 0x00, 0x00, 0xff, 0xff, 0x48, 0xfa,
    0x00, 0xfa, 0x00, 0xf4, 0xc2, 0xab, 0x06, 0x6b, 0x2a, 0x74, 0x6c, 0x95,
    0xac, 0x95, 0xad, 0x95, 0xac, 0x9d, 0x8c, 0x95, 0x4a, 0x7c, 0x26, 0x6b,
    0x82, 0x9b, 0x21, 0xec, 0xc0, 0xfa, 0xc0, 0xf8, 0x01, 0xf0, 0x25, 0xb8,
    0x4a, 0x68, 0x6e, 0x18, 0x90, 0x00, 0x33, 0x3a, 0xd1, 0x08, 0x56, 0x63,
    0x72, 0x21, 0xf3, 0x31, 0x6d, 0x28, 0x48, 0x88, 0x02, 0xd8, 0x20, 0xf8,
    0x40, 0xf8, 0x42, 0xf0, 0x6b, 0x50, 0x90, 0x00, 0x70, 0x00, 0x90, 0x00,
    0x90, 0x00, 0x90, 0x00, 0x90, 0x00, 0x74, 0x42, 0x18, 0x7c, 0x11, 0x11,
    0x90, 0x00, 0x14, 0x3a, 0x90, 0x00, 0x90, 0x00, 0x58, 0x84, 0xf1, 0x10,
    0x31, 0x19, 0x34, 0x3a, 0x72, 0x21, 0x94, 0x4a, 0x5a, 0xa5, 0xff, 0xff,
    0xd9, 0x94, 0x54, 0x3a, 0x76, 0x63, 0x92, 0x21, 0x90, 0x00, 0x90, 0x00,
    0x70, 0x00, 0x90, 0x00, 0x90, 0x00, 0x90, 0x00, 0x90, 0x00, 0xb0, 0x08,
    0x11, 0x11, 0xb3, 0x29, 0x76, 0x63, 0xf3, 0x31, 0xaf, 0x10, 0xc8, 0x50,
    0x8a, 0x52, 0x43, 0xa8, 0x40, 0xf8, 0xa0, 0xf9, 0x60, 0xfb, 0x21, 0xd4,
    0x43, 0x8b, 0x47, 0x6b, 0x8a, 0x7c, 0x8d, 0x95, 0xad, 0x95, 0x6c, 0x95,
    0xc9, 0x6b, 0x24, 0x73, 0x01, 0xc4, 0x60, 0xfb, 0x00, 0xf9, 0x20, 0xf0,
    0x29, 0xb2, 0xff, 0xff, 0x00, 0x00, 0x00, 0x00, 0x00, 0x00, 0x00, 0x00,
    0x00, 0x00, 0x00, 0x00, 0x00, 0x00, 0x00, 0x00, 0x00, 0x00, 0x00, 0x00,
    0xfc, 0xfe, 0xa1, 0xf8, 0x00, 0xfa, 0xe0, 0xf3, 0xe2, 0xb3, 0x24, 0x7b,
    0x88, 0x63, 0xcb, 0x84, 0x4c, 0x95, 0x2c, 0x8d, 0x6c, 0x95, 0xac, 0x95,
    0xad, 0x95, 0xad, 0x9d, 0xac, 0x9d, 0xad, 0x95, 0x47, 0x73, 0xe0, 0xfa,
    0x61, 0xb0, 0x31, 0x8c, 0x00, 0x00, 0x00, 0x00, 0x00, 0x00, 0x00, 0x00,
    0x00, 0x00, 0x00, 0x00, 0x00, 0x00, 0x00, 0x00, 0x00, 0x00, 0x00, 0x00,
    0x00, 0x00, 0x00, 0x00, 0x00, 0x00, 0x00, 0x00, 0x00, 0x00, 0x00, 0x00,
    0x00, 0x00, 0x00, 0x00, 0x00, 0x00, 0x00, 0x00, 0x00, 0x00, 0x00, 0x00,
    0x00, 0x00, 0x00, 0x00, 0x00, 0x00, 0x00, 0x00, 0x00, 0x00, 0x00, 0x00,
    0x00, 0x00, 0x00, 0x00, 0x00, 0x00, 0x00, 0x00, 0x00, 0x00, 0x00, 0x00,
    0x00, 0x00, 0x00, 0x00, 0x00, 0x00, 0x00, 0x00, 0x00, 0x00, 0x00, 0x00,
    0x00, 0x00, 0x00, 0x00, 0x00, 0x00, 0x00, 0x00, 0x00, 0x00, 0x00, 0x00,
    0x00, 0x00, 0x00, 0x00, 0x00, 0x00, 0x00, 0x00, 0x00, 0x00, 0x00, 0x00,
    0x00, 0x00, 0x00, 0x00, 0x00, 0x00, 0x00, 0x00, 0x00, 0x00, 0x00, 0x00,
    0x00, 0x00, 0x00, 0x00, 0x00, 0x00, 0x00, 0x00, 0x00, 0x00, 0x00, 0x00,
    0x00, 0x00, 0x00, 0x00, 0x00, 0x00, 0x00, 0x00, 0x00, 0x00, 0x00, 0x00,
    0x00, 0x00, 0x00, 0x00, 0x00, 0x00, 0x00, 0x00, 0x7d, 0xff, 0x22, 0xf9,
    0xc0, 0xfa, 0x21, 0xd4, 0x43, 0x83, 0x68, 0x63, 0x2c, 0x8d, 0xac, 0x95,
    0xac, 0x95, 0xad, 0x9d, 0xac, 0x95, 0x2c, 0x8d, 0x88, 0x6b, 0x24, 0x7b,
    0x21, 0xcc, 0x40, 0xfb, 0x20, 0xf9, 0x00, 0xf8, 0x25, 0xb0, 0x6a, 0x58,
    0x6f, 0x08, 0x90, 0x00, 0x90, 0x00, 0x90, 0x00, 0x52, 0x19, 0x90, 0x00,
    0xb0, 0x08, 0x56, 0x63, 0xec, 0x60, 0x44, 0xc8, 0x40, 0xf8, 0xc0, 0xf9,
    0xa0, 0xfb, 0x41, 0xdc, 0x21, 0xc4, 0x60, 0xfb, 0x21, 0xf8, 0xb2, 0x39,
    0xd3, 0x31, 0x90, 0x00, 0x90, 0x00, 0x70, 0x00, 0x90, 0x00, 0xb0, 0x08,
    0x90, 0x00, 0x31, 0x19, 0x90, 0x00, 0x90, 0x00, 0xb2, 0x29, 0x90, 0x00,
    0xf5, 0x52, 0xd1, 0x08, 0xb2, 0x29, 0x74, 0x42, 0x90, 0x00, 0xd1, 0x08,
    0x52, 0x19, 0x58, 0x84, 0xd3, 0x31, 0xb5, 0x4a, 0x92, 0x29, 0x90, 0x00,
    0x38, 0x84, 0xb5, 0x4a, 0x1a, 0x9d, 0x90, 0x00, 0xf1, 0x10, 0xf1, 0x10,
    0xb0, 0x08, 0xb1, 0x08, 0x90, 0x00, 0x90, 0x00, 0xb0, 0x08, 0x90, 0x00,
    0x2c, 0x19, 0xf0, 0x83, 0xec, 0x10, 0x90, 0x00, 0x6e, 0x28, 0x48, 0x80,
    0x23, 0xd0, 0x20, 0xf8, 0x80, 0xf9, 0x80, 0xfb, 0x01, 0xcc, 0x23, 0x83,
    0x88, 0x6b, 0x0b, 0x8d, 0xad, 0x95, 0x8d, 0x95, 0x8a, 0x84, 0x26, 0x6b,
    0xa2, 0xab, 0xe0, 0xf3, 0x80, 0xf9, 0x00, 0xf8, 0x24, 0xa9, 0xbf, 0xff,
    0x00, 0x00, 0x00, 0x00, 0x00, 0x00, 0x00, 0x00, 0x00, 0x00, 0x00, 0x00,
    0x92, 0xfc, 0xe0, 0xf8, 0x20, 0xfb, 0x21, 0xcc, 0x43, 0x83, 0x68, 0x63,
    0x0b, 0x8d, 0x4c, 0x95, 0xe9, 0x6b, 0x25, 0x73, 0x62, 0x93, 0xc2, 0xab,
    0x42, 0x8b, 0x2a, 0x74, 0xac, 0x9d, 0xad, 0x95, 0xac, 0x95, 0xac, 0x9d,
    0x45, 0x7b, 0x60, 0xfa, 0x62, 0xa0, 0x4d, 0x6b, 0x00, 0x00, 0x00, 0x00,
    0x00, 0x00, 0x00, 0x00, 0x00, 0x00, 0x00, 0x00, 0x00, 0x00, 0x00, 0x00,
    0x00, 0x00, 0x00, 0x00, 0x00, 0x00, 0x00, 0x00, 0x00, 0x00, 0x00, 0x00,
    0x00, 0x00, 0x00, 0x00, 0x00, 0x00, 0x00, 0x00, 0x00, 0x00, 0x00, 0x00,
    0x00, 0x00, 0x00, 0x00, 0x00, 0x00, 0x00, 0x00, 0x00, 0x00, 0x00, 0x00,
    0x00, 0x00, 0x00, 0x00, 0x00, 0x00, 0x00, 0x00, 0x00, 0x00, 0x00, 0x00,
    0x00, 0x00, 0x00, 0x00, 0x00, 0x00, 0x00, 0x00, 0x00, 0x00, 0x00, 0x00,
    0x00, 0x00, 0x00, 0x00, 0x00, 0x00, 0x00, 0x00, 0x00, 0x00, 0x00, 0x00,
    0x00, 0x00, 0x00, 0x00, 0x00, 0x00, 0x00, 0x00, 0x00, 0x00, 0x00, 0x00,
    0x00, 0x00, 0x00, 0x00, 0x00, 0x00, 0x00, 0x00, 0x00, 0x00, 0x00, 0x00,
    0x00, 0x00, 0x00, 0x00, 0x00, 0x00, 0x00, 0x00, 0x00, 0x00, 0x00, 0x00,
    0x00, 0x00, 0x00, 0x00, 0x00, 0x00, 0x00, 0x00, 0x00, 0x00, 0x00, 0x00,
    0x00, 0x00, 0x00, 0x00, 0x00, 0x00, 0x00, 0x00, 0x9e, 0xff, 0x83, 0xf9,
    0x60, 0xfb, 0x01, 0xbc, 0x05, 0x73, 0x0a, 0x74, 0xac, 0x95, 0xad, 0x9d,
    0xad, 0x9d, 0xac, 0x95, 0xad, 0x9d, 0xcb, 0x84, 0x47, 0x6b, 0x62, 0x9b,
    0x20, 0xf4, 0x20, 0xfa, 0x40, 0xf8, 0x46, 0xf9, 0x49, 0x70, 0x8f, 0x10,
    0x90, 0x00, 0x90, 0x00, 0x90, 0x00, 0x90, 0x00, 0x90, 0x00, 0x90, 0x00,
    0x15, 0x5b, 0xd1, 0x08, 0x6c, 0x48, 0x43, 0xd0, 0x80, 0xf8, 0xe0, 0xfa,
    0x21, 0xd4, 0x43, 0x8b, 0x47, 0x63, 0x4a, 0x74, 0x8b, 0x7c, 0xc1, 0xab,
    0x40, 0xf8, 0x6c, 0x38, 0x90, 0x00, 0x90, 0x00, 0x90, 0x00, 0x90, 0x00,
    0x90, 0x00, 0x90, 0x00, 0x90, 0x00, 0x90, 0x00, 0x90, 0x00, 0xd1, 0x08,
    0xf5, 0x5a, 0x90, 0x00, 0x90, 0x00, 0x90, 0x00, 0x90, 0x00, 0xf1, 0x10,
    0x52, 0x19, 0xf1, 0x10, 0x90, 0x00, 0xf3, 0x31, 0x90, 0x00, 0xb0, 0x00,
    0xb0, 0x08, 0xd3, 0x31, 0xd1, 0x08, 0x90, 0x00, 0xf9, 0x9c, 0x31, 0x19,
    0x54, 0x42, 0x94, 0x4a, 0x52, 0x19, 0xf7, 0x73, 0x13, 0x32, 0x90, 0x00,
    0x34, 0x3a, 0x2c, 0x21, 0xf4, 0xa4, 0x31, 0x8c, 0x92, 0x29, 0x90, 0x00,
    0x90, 0x00, 0x90, 0x00, 0x90, 0x00, 0xcf, 0x30, 0x68, 0x80, 0x23, 0xd8,
    0x40, 0xf8, 0x20, 0xfa, 0xe0, 0xf3, 0xa2, 0xab, 0x25, 0x6b, 0x2a, 0x74,
    0x8c, 0x95, 0xad, 0x9d, 0x0c, 0x8d, 0x47, 0x63, 0x82, 0x93, 0x20, 0xf4,
    0xc0, 0xf9, 0x00, 0xf8, 0x04, 0xa9, 0xbe, 0xff, 0x00, 0x00, 0x00, 0x00,
    0x0c, 0xfb, 0x60, 0xf9, 0xc0, 0xfb, 0xc2, 0xab, 0x05, 0x6b, 0x4a, 0x74,
    0xad, 0x95, 0x6c, 0x95, 0xa8, 0x6b, 0x23, 0x8b, 0x21, 0xec, 0xa0, 0xfa,
    0x00, 0xf9, 0x60, 0xf8, 0x60, 0xfb, 0x47, 0x63, 0xad, 0x9d, 0xac, 0x9d,
    0xad, 0x95, 0xcb, 0x84, 0xc1, 0xb3, 0xa0, 0xf8, 0xc3, 0x60, 0x9a, 0xd6,
    0x00, 0x00, 0x00, 0x00, 0x00, 0x00, 0x00, 0x00, 0x00, 0x00, 0x00, 0x00,
    0x00, 0x00, 0x00, 0x00, 0x00, 0x00, 0x00, 0x00, 0x00, 0x00, 0x00, 0x00,
    0x00, 0x00, 0x00, 0x00, 0x00, 0x00, 0x00, 0x00, 0x00, 0x00, 0x00, 0x00,
    0x00, 0x00, 0x00, 0x00, 0x00, 0x00, 0x00, 0x00, 0x00, 0x00, 0x00, 0x00,
    0x00, 0x00, 0x00, 0x00, 0x00, 0x00, 0x00, 0x00, 0x00, 0x00, 0x00, 0x00,
    0x00, 0x00, 0x00, 0x00, 0x00, 0x00, 0x00, 0x00, 0x00, 0x00, 0x00, 0x00,
    0x00, 0x00, 0x00, 0x00, 0x00, 0x00, 0x00, 0x00, 0x00, 0x00, 0x00, 0x00,
    0x00, 0x00, 0x00, 0x00, 0x00, 0x00, 0x00, 0x00, 0x00, 0x00, 0x00, 0x00,
    0x00, 0x00, 0x00, 0x00, 0x00, 0x00, 0x00, 0x00, 0x00, 0x00, 0x00, 0x00,
    0x00, 0x00, 0x00, 0x00, 0x00, 0x00, 0x00, 0x00, 0x00, 0x00, 0x9a, 0xf6,
    0x4d, 0xe3, 0x25, 0xe9, 0xa2, 0xf8, 0x61, 0xf8, 0x40, 0xf8, 0x40, 0xf8,
    0x82, 0xf8, 0x45, 0xe9, 0xcb, 0xd2, 0x96, 0xe5, 0xba, 0xfe, 0x25, 0xfa,
    0x80, 0xfb, 0xc2, 0xab, 0x26, 0x6b, 0x8b, 0x7c, 0xad, 0x9d, 0xac, 0x9d,
    0xad, 0x95, 0x8c, 0x95, 0x8c, 0x95, 0x8b, 0x7c, 0x26, 0x6b, 0xc1, 0xb3,
    0xa0, 0xfb, 0x60, 0xf9, 0x01, 0xf0, 0x26, 0xa0, 0x6d, 0x38, 0x72, 0x21,
    0x90, 0x00, 0x90, 0x00, 0x90, 0x00, 0x90, 0x00, 0x90, 0x00, 0x90, 0x00,
    0x92, 0x21, 0xd1, 0x10, 0x33, 0x93, 0x24, 0xb8, 0x80, 0xf8, 0x00, 0xfb,
    0xe1, 0xbb, 0x05, 0x73, 0x2a, 0x74, 0x8c, 0x95, 0xad, 0x9d, 0xad, 0x95,
    0x6c, 0x95, 0xa2, 0xa3, 0x40, 0xf8, 0xcd, 0x48, 0x92, 0x21, 0x72, 0x21,
    0x74, 0x42, 0x90, 0x00, 0x70, 0x00, 0x90, 0x00, 0x70, 0x00, 0x90, 0x00,
    0x90, 0x00, 0x90, 0x00, 0xf1, 0x10, 0x90, 0x00, 0x70, 0x00, 0x52, 0x19,
    0x90, 0x00, 0x90, 0x00, 0x92, 0x29, 0x11, 0x11, 0x90, 0x00, 0x72, 0x21,
    0xf7, 0x7b, 0x31, 0x19, 0x90, 0x00, 0x31, 0x19, 0x90, 0x00, 0x90, 0x00,
    0xb3, 0x29, 0x90, 0x08, 0x90, 0x00, 0x90, 0x00, 0x31, 0x19, 0x52, 0x19,
    0x11, 0x19, 0x90, 0x00, 0xac, 0x31, 0xd7, 0xbd, 0x0c, 0x42, 0x37, 0x7c,
    0xf3, 0x31, 0xb0, 0x08, 0xd1, 0x08, 0x90, 0x00, 0xd0, 0x08, 0x90, 0x00,
    0x34, 0x3a, 0xb2, 0x29, 0xf0, 0x61, 0x8a, 0xc1, 0x01, 0xe8, 0xe0, 0xf8,
    0x00, 0xfb, 0x21, 0xd4, 0x23, 0x83, 0xa8, 0x6b, 0x4c, 0x8d, 0xad, 0x95,
    0x4c, 0x8d, 0x68, 0x63, 0x63, 0x93, 0x00, 0xec, 0xc0, 0xf9, 0x20, 0xf8,
    0xe3, 0xf8, 0x80, 0xf9, 0xe0, 0xf3, 0x82, 0x9b, 0x47, 0x63, 0xeb, 0x84,
    0xad, 0x9d, 0xac, 0x9d, 0x4a, 0x7c, 0x04, 0x7b, 0x21, 0xe4, 0xc0, 0xf9,
    0x20, 0xf8, 0x61, 0xb8, 0x82, 0x80, 0x00, 0xf8, 0x20, 0xec, 0xa9, 0x6b,
    0xad, 0x95, 0x8c, 0x9d, 0x8d, 0x95, 0x06, 0x6b, 0x80, 0xfb, 0x20, 0xe0,
    0x04, 0x29, 0x00, 0x00, 0x00, 0x00, 0x00, 0x00, 0x00, 0x00, 0x00, 0x00,
    0x00, 0x00, 0x00, 0x00, 0x00, 0x00, 0x00, 0x00, 0x00, 0x00, 0x00, 0x00,
    0x00, 0x00, 0x00, 0x00, 0x00, 0x00, 0x00, 0x00, 0x00, 0x00, 0x00, 0x00,
    0x00, 0x00, 0x00, 0x00, 0x00, 0x00, 0x00, 0x00, 0x00, 0x00, 0x00, 0x00,
    0x00, 0x00, 0x00, 0x00, 0x00, 0x00, 0x00, 0x00, 0x00, 0x00, 0x00, 0x00,
    0x00, 0x00, 0x00, 0x00, 0x00, 0x00, 0x00, 0x00, 0x00, 0x00, 0x00, 0x00,
    0x00, 0x00, 0x00, 0x00, 0x00, 0x00, 0x00, 0x00, 0x00, 0x00, 0x00, 0x00,
    0x00, 0x00, 0x00, 0x00, 0x00, 0x00, 0x00, 0x00, 0x00, 0x00, 0x00, 0x00,
    0x00, 0x00, 0x00, 0x00, 0x00, 0x00, 0x00, 0x00, 0x00, 0x00, 0x00, 0x00,
    0x00, 0x00, 0x00, 0x00, 0x00, 0x00, 0x00, 0x00, 0xd7, 0xf5, 0x81, 0xf8,
    0x60, 0xf9, 0xc0, 0xfa, 0x80, 0xf3, 0x01, 0xe4, 0x01, 0xcc, 0xe1, 0xbb,
    0xc1, 0xc3, 0x01, 0xcc, 0x21, 0xdc, 0xe0, 0xf3, 0x20, 0xfb, 0x00, 0xfa,
    0x80, 0xfb, 0xc2, 0xb3, 0x26, 0x6b, 0xeb, 0x84, 0xac, 0x9d, 0xac, 0x95,
    0xad, 0x95, 0xac, 0x9d, 0x8d, 0x9d, 0x8a, 0x7c, 0x05, 0x6b, 0xe1, 0xc3,
    0x60, 0xfb, 0xc0, 0xf8, 0x02, 0xe0, 0x49, 0x78, 0x8f, 0x10, 0x90, 0x00,
    0x11, 0x11, 0xf1, 0x08, 0xd5, 0x52, 0x92, 0x21, 0x90, 0x08, 0x90, 0x00,
    0xd3, 0x29, 0xd1, 0x10, 0x0f, 0x31, 0x26, 0xa0, 0x40, 0xf8, 0x80, 0xfa,
    0xc2, 0xb3, 0x06, 0x6b, 0xab, 0x7c, 0xac, 0x9d, 0xad, 0x95, 0xac, 0x9d,
    0x8d, 0x95, 0xac, 0x9d, 0x6c, 0x95, 0x82, 0x9b, 0x40, 0xf8, 0x8d, 0x40,
    0x34, 0x3a, 0x11, 0x11, 0xb0, 0x08, 0x90, 0x00, 0x90, 0x00, 0x90, 0x00,
    0x90, 0x00, 0x90, 0x00, 0xb0, 0x08, 0xd3, 0x31, 0x90, 0x00, 0x90, 0x00,
    0x90, 0x00, 0x90, 0x00, 0x90, 0x00, 0x15, 0x5b, 0x90, 0x00, 0x90, 0x00,
    0x90, 0x00, 0xb2, 0x29, 0x34, 0x3a, 0xd1, 0x08, 0xd1, 0x08, 0x90, 0x00,
    0xd7, 0x73, 0xf1, 0x10, 0x90, 0x00, 0x90, 0x00, 0x90, 0x00, 0x90, 0x00,
    0x90, 0x00, 0x90, 0x00, 0xb0, 0x08, 0x4b, 0x21, 0x7a, 0xd6, 0x0e, 0x63,
    0xaf, 0x08, 0xf5, 0x52, 0x74, 0x42, 0x34, 0x3a, 0x56, 0x63, 0x11, 0x11,
    0x96, 0x6b, 0x54, 0x3a, 0x90, 0x00, 0xb0, 0x08, 0xd1, 0x08, 0x90, 0x00,
    0x11, 0x21, 0x2e, 0x9a, 0x24, 0xc0, 0x20, 0xf8, 0x00, 0xfa, 0x00, 0xf4,
    0x62, 0x9b, 0x47, 0x6b, 0xeb, 0x84, 0xad, 0x9d, 0x6c, 0x95, 0x68, 0x63,
    0x63, 0x8b, 0x01, 0xec, 0x00, 0xf4, 0x83, 0x9b, 0x48, 0x63, 0x2c, 0x8d,
    0xad, 0x9d, 0xac, 0x9d, 0x4c, 0x95, 0x27, 0x63, 0x01, 0xc4, 0xa0, 0xfa,
    0x20, 0xf8, 0x61, 0xa8, 0xe4, 0x38, 0x04, 0x21, 0x82, 0x90, 0x60, 0xf9,
    0x82, 0x9b, 0x4c, 0x8d, 0xac, 0x9d, 0xac, 0x95, 0xe9, 0x73, 0x21, 0xd4,
    0xa0, 0xf8, 0xa2, 0x70, 0x8e, 0x73, 0x00, 0x00, 0x00, 0x00, 0x00, 0x00,
    0x00, 0x00, 0x00, 0x00, 0x00, 0x00, 0x00, 0x00, 0x00, 0x00, 0x00, 0x00,
    0x00, 0x00, 0x00, 0x00, 0x00, 0x00, 0x00, 0x00, 0x00, 0x00, 0x00, 0x00,
    0x00, 0x00, 0x00, 0x00, 0x00, 0x00, 0x00, 0x00, 0x00, 0x00, 0x00, 0x00,
    0x00, 0x00, 0x00, 0x00, 0x00, 0x00, 0x00, 0x00, 0x00, 0x00, 0x00, 0x00,
    0x00, 0x00, 0x00, 0x00, 0x00, 0x00, 0x00, 0x00, 0x00, 0x00, 0x00, 0x00,
    0x00, 0x00, 0x00, 0x00, 0x00, 0x00, 0x00, 0x00, 0x00, 0x00, 0x00, 0x00,
    0x00, 0x00, 0x00, 0x00, 0x00, 0x00, 0x00, 0x00, 0x00, 0x00, 0x00, 0x00,
    0x00, 0x00, 0x00, 0x00, 0x00, 0x00, 0x00, 0x00, 0x00, 0x00, 0x00, 0x00,
    0x00, 0x00, 0x00, 0x00, 0x00, 0x00, 0x00, 0x00, 0x4d, 0xfb, 0xc0, 0xf9,
    0x80, 0xf3, 0xe1, 0xbb, 0x63, 0x8b, 0x26, 0x6b, 0x88, 0x63, 0x2a, 0x74,
    0xcb, 0x84, 0x0b, 0x8d, 0x0b, 0x8d, 0xcb, 0x84, 0x4a, 0x74, 0xa9, 0x63,
    0x27, 0x63, 0x44, 0x83, 0x06, 0x63, 0xcb, 0x84, 0xad, 0x95, 0xac, 0x9d,
    0xad, 0x9d, 0xad, 0x95, 0xac, 0x95, 0xab, 0x84, 0x06, 0x6b, 0x01, 0xbc,
    0x40, 0xfb, 0x80, 0xf8, 0x23, 0xd8, 0x4a, 0x60, 0x90, 0x08, 0xf1, 0x08,
    0xb0, 0x08, 0x90, 0x00, 0xb2, 0x29, 0xb1, 0x08, 0x34, 0x3a, 0xd1, 0x08,
    0xb0, 0x08, 0x52, 0x19, 0x90, 0x08, 0x49, 0x78, 0x01, 0xf0, 0xe0, 0xf9,
    0x81, 0xc3, 0x24, 0x52, 0xc9, 0x6b, 0x0b, 0x8d, 0xad, 0x9d, 0xac, 0x95,
    0xad, 0x9d, 0xad, 0x95, 0xac, 0x95, 0x8c, 0x9d, 0x6c, 0x95, 0x82, 0x9b,
    0x60, 0xf8, 0x71, 0x82, 0x92, 0x21, 0x17, 0x7c, 0x34, 0x3a, 0x32, 0x19,
    0xb3, 0x29, 0x90, 0x00, 0x90, 0x00, 0x70, 0x00, 0x90, 0x00, 0xb3, 0x29,
    0x70, 0x00, 0x90, 0x00, 0x90, 0x00, 0x90, 0x00, 0x90, 0x00, 0xd1, 0x10,
    0x31, 0x19, 0xf1, 0x10, 0xd5, 0x4a, 0xd1, 0x10, 0x90, 0x00, 0x90, 0x00,
    0x90, 0x00, 0x90, 0x00, 0x90, 0x00, 0x90, 0x00, 0x90, 0x00, 0x90, 0x00,
    0x90, 0x00, 0x70, 0x00, 0x90, 0x00, 0x90, 0x00, 0x6b, 0x29, 0xdb, 0xde,
    0x31, 0x84, 0x30, 0x19, 0xb0, 0x08, 0xb3, 0x29, 0x97, 0x6b, 0x52, 0x21,
    0xf1, 0x10, 0xd1, 0x08, 0x52, 0x19, 0x11, 0x19, 0x90, 0x00, 0x90, 0x00,
    0xd1, 0x08, 0xd9, 0x94, 0xb2, 0x29, 0xd5, 0x52, 0x92, 0x21, 0x31, 0x62,
    0x08, 0xb1, 0x01, 0xf0, 0x60, 0xf9, 0xc0, 0xfb, 0xa2, 0xab, 0x26, 0x6b,
    0xcb, 0x84, 0xad, 0x95, 0x4c, 0x95, 0x68, 0x63, 0x47, 0x63, 0x4c, 0x8d,
    0xac, 0x95, 0xad, 0x9d, 0xac, 0x95, 0xab, 0x84, 0x04, 0x7b, 0x00, 0xf4,
    0xe0, 0xf8, 0x21, 0xd0, 0xc3, 0x48, 0x04, 0x21, 0x55, 0xad, 0xff, 0xff,
    0xfc, 0xfe, 0x00, 0xf4, 0x48, 0x63, 0xad, 0x9d, 0xad, 0x95, 0x0b, 0x8d,
    0x43, 0x93, 0x20, 0xfa, 0x41, 0xc0, 0x04, 0x29, 0x9e, 0xf7, 0x00, 0x00,
    0x00, 0x00, 0x00, 0x00, 0x00, 0x00, 0x00, 0x00, 0x00, 0x00, 0x00, 0x00,
    0x00, 0x00, 0x00, 0x00, 0x00, 0x00, 0x00, 0x00, 0x00, 0x00, 0x00, 0x00,
    0x00, 0x00, 0x00, 0x00, 0x00, 0x00, 0x00, 0x00, 0x00, 0x00, 0x00, 0x00,
    0x00, 0x00, 0x00, 0x00, 0x00, 0x00, 0x00, 0x00, 0x00, 0x00, 0x00, 0x00,
    0x00, 0x00, 0x00, 0x00, 0x00, 0x00, 0x00, 0x00, 0x00, 0x00, 0x00, 0x00,
    0x00, 0x00, 0x00, 0x00, 0x00, 0x00, 0x00, 0x00, 0x00, 0x00, 0x00, 0x00,
    0x00, 0x00, 0x00, 0x00, 0x00, 0x00, 0x00, 0x00, 0x00, 0x00, 0x00, 0x00,
    0x00, 0x00, 0x00, 0x00, 0x00, 0x00, 0x00, 0x00, 0x00, 0x00, 0x00, 0x00,
    0x00, 0x00, 0x00, 0x00, 0x00, 0x00, 0x00, 0x00, 0x30, 0xfc, 0x80, 0xfa,
    0x01, 0xd4, 0x23, 0x83, 0x68, 0x63, 0xeb, 0x84, 0xad, 0x9d, 0xad, 0x9d,
    0xac, 0x95, 0x6c, 0x95, 0xcb, 0x84, 0x6a, 0x7c, 0x4a, 0x74, 0xeb, 0x84,
    0xac, 0x95, 0xac, 0x9d, 0xad, 0x9d, 0xac, 0x95, 0xac, 0x9d, 0xad, 0x9d,
    0xac, 0x95, 0xad, 0x95, 0x8c, 0x9d, 0x2c, 0x8d, 0x27, 0x6b, 0xc1, 0xb3,
    0x60, 0xfb, 0xa0, 0xf8, 0x22, 0xd8, 0x4b, 0x58, 0x90, 0x00, 0x90, 0x00,
    0xb0, 0x08, 0x96, 0x6b, 0x99, 0x8c, 0x90, 0x00, 0x52, 0x21, 0xb4, 0x4a,
    0x90, 0x00, 0xd3, 0x31, 0x31, 0x19, 0x8c, 0x50, 0x02, 0xd8, 0x60, 0xf8,
    0x60, 0xfb, 0xa0, 0xf4, 0x21, 0xd4, 0x21, 0xd4, 0x21, 0xc4, 0xc1, 0xab,
    0x47, 0x6b, 0xac, 0x95, 0x8c, 0x9d, 0xad, 0x9d, 0xad, 0x95, 0xad, 0x9d,
    0x6c, 0x95, 0x82, 0x9b, 0x80, 0xf8, 0x2d, 0x69, 0x11, 0x11, 0x72, 0x21,
    0xd1, 0x10, 0x33, 0x3a, 0x36, 0x5b, 0x90, 0x00, 0x90, 0x00, 0x90, 0x00,
    0x90, 0x00, 0x90, 0x00, 0x70, 0x00, 0x90, 0x00, 0x90, 0x08, 0x90, 0x00,
    0xd3, 0x29, 0x92, 0x29, 0xd1, 0x08, 0x90, 0x00, 0x90, 0x00, 0x90, 0x00,
    0x90, 0x00, 0x90, 0x00, 0x70, 0x00, 0x90, 0x00, 0x52, 0x19, 0x74, 0x42,
    0x90, 0x00, 0x90, 0x00, 0x70, 0x00, 0x90, 0x00, 0x70, 0x00, 0x8b, 0x29,
    0xdb, 0xde, 0x56, 0xb5, 0x0e, 0x19, 0xb3, 0x29, 0x13, 0x32, 0x17, 0x7c,
    0xbf, 0xf7, 0xb9, 0x94, 0x33, 0x3a, 0x72, 0x21, 0xf1, 0x10, 0x31, 0x19,
    0x90, 0x00, 0x90, 0x00, 0x90, 0x00, 0xd3, 0x31, 0xdb, 0xbd, 0xd1, 0x08,
    0xb0, 0x08, 0xf1, 0x10, 0x90, 0x00, 0xaf, 0x18, 0xa9, 0x88, 0x83, 0xf8,
    0x00, 0xf9, 0x80, 0xfb, 0xc1, 0xb3, 0x26, 0x6b, 0xcb, 0x84, 0xac, 0x9d,
    0xad, 0x95, 0x8c, 0x9d, 0xac, 0x9d, 0xad, 0x95, 0xe9, 0x6b, 0x82, 0x9b,
    0x20, 0xfb, 0x20, 0xf8, 0x82, 0x90, 0x04, 0x29, 0x49, 0x4a, 0xff, 0xff,
    0xff, 0xff, 0xbe, 0xff, 0x40, 0xfa, 0x43, 0x8b, 0x6c, 0x95, 0xac, 0x95,
    0x6c, 0x95, 0xe5, 0x6a, 0xa0, 0xfb, 0x00, 0xf0, 0xe3, 0x38, 0xb3, 0x9c,
    0x00, 0x00, 0x00, 0x00, 0x00, 0x00, 0x00, 0x00, 0x00, 0x00, 0x00, 0x00,
    0x00, 0x00, 0x00, 0x00, 0x00, 0x00, 0x00, 0x00, 0x00, 0x00, 0x00, 0x00,
    0x00, 0x00, 0x00, 0x00, 0x00, 0x00, 0x00, 0x00, 0x00, 0x00, 0x00, 0x00,
    0x00, 0x00, 0x00, 0x00, 0x00, 0x00, 0x00, 0x00, 0x00, 0x00, 0x00, 0x00,
    0x00, 0x00, 0x00, 0x00, 0x00, 0x00, 0x00, 0x00, 0x00, 0x00, 0x00, 0x00,
    0x00, 0x00, 0x00, 0x00, 0x00, 0x00, 0x00, 0x00, 0x00, 0x00, 0x00, 0x00,
    0x00, 0x00, 0x00, 0x00, 0x00, 0x00, 0x00, 0x00, 0x00, 0x00, 0x00, 0x00,
    0x00, 0x00, 0x00, 0x00, 0x00, 0x00, 0x00, 0x00, 0x00, 0x00, 0x00, 0x00,
    0x00, 0x00, 0x00, 0x00, 0x00, 0x00, 0x00, 0x00, 0xfb, 0xfe, 0x40, 0xfa,
    0xe1, 0xcb, 0x25, 0x73, 0x2a, 0x74, 0x8c, 0x95, 0xad, 0x9d, 0x2c, 0x8d,
    0xe9, 0x73, 0x46, 0x6b, 0x44, 0x8b, 0x82, 0xa3, 0xe1, 0xbb, 0x01, 0xd4,
    0x21, 0xbc, 0xea, 0x6b, 0x8d, 0x9d, 0xac, 0x95, 0xad, 0x9d, 0x8c, 0x95,
    0xad, 0x9d, 0xac, 0x9d, 0xad, 0x95, 0x6c, 0x95, 0x88, 0x6b, 0x62, 0x9b,
    0xc0, 0xfb, 0x00, 0xf9, 0x22, 0xe0, 0x4a, 0x60, 0x72, 0x21, 0x34, 0x3a,
    0x31, 0x19, 0x90, 0x00, 0x90, 0x00, 0x90, 0x00, 0xd1, 0x08, 0x90, 0x00,
    0x90, 0x00, 0x92, 0x21, 0xb2, 0x29, 0xf1, 0x10, 0x0a, 0x91, 0x23, 0xd0,
    0xc3, 0xf0, 0x42, 0xf0, 0x21, 0xf0, 0x21, 0xf8, 0x01, 0xf8, 0x00, 0xf8,
    0x00, 0xf8, 0x20, 0xfa, 0x64, 0x83, 0xad, 0x9d, 0x8c, 0x95, 0xac, 0x95,
    0xad, 0x9d, 0xac, 0x95, 0x6c, 0x95, 0x82, 0x9b, 0xc0, 0xf8, 0x6b, 0x48,
    0xf3, 0x31, 0xb7, 0x6b, 0xb2, 0x29, 0x90, 0x00, 0x90, 0x00, 0xf3, 0x31,
    0x70, 0x00, 0x90, 0x00, 0x90, 0x00, 0x70, 0x00, 0x90, 0x00, 0x90, 0x00,
    0xd1, 0x08, 0x11, 0x11, 0x11, 0x11, 0xd1, 0x08, 0xce, 0x10, 0x54, 0x63,
    0x90, 0x00, 0x90, 0x00, 0x90, 0x00, 0x31, 0x19, 0x90, 0x00, 0x90, 0x00,
    0xd1, 0x08, 0x52, 0x21, 0x90, 0x00, 0x90, 0x00, 0x90, 0x00, 0x90, 0x00,
    0xab, 0x31, 0xfc, 0xe6, 0x9a, 0xd6, 0xeb, 0x18, 0x90, 0x00, 0x90, 0x00,
    0xb0, 0x08, 0xf5, 0x52, 0xfd, 0xde, 0x17, 0x7c, 0xd1, 0x08, 0x90, 0x00,
    0x90, 0x00, 0x90, 0x00, 0x70, 0x00, 0x34, 0x3a, 0xb0, 0x08, 0xf3, 0x31,
    0xdb, 0xb5, 0x90, 0x00, 0xb3, 0x29, 0x90, 0x00, 0x79, 0x8c, 0xb5, 0x4a,
    0x90, 0x00, 0xb0, 0x10, 0x49, 0x68, 0x22, 0xe0, 0xe0, 0xf8, 0x80, 0xfb,
    0xc2, 0xab, 0x26, 0x6b, 0xeb, 0x84, 0xad, 0x9d, 0xad, 0x9d, 0x89, 0x63,
    0xe1, 0xb3, 0xc0, 0xfa, 0x00, 0xf8, 0xa2, 0x78, 0x04, 0x21, 0xfb, 0xde,
    0xff, 0xff, 0xff, 0xff, 0xff, 0xff, 0x2b, 0xfb, 0x01, 0xcc, 0x09, 0x74,
    0xad, 0x95, 0x8d, 0x95, 0x47, 0x63, 0x20, 0xec, 0x40, 0xf8, 0xa3, 0x68,
    0xa7, 0x39, 0x00, 0x00, 0x00, 0x00, 0x00, 0x00, 0x00, 0x00, 0x00, 0x00,
    0x00, 0x00, 0x00, 0x00, 0x00, 0x00, 0x00, 0x00, 0x00, 0x00, 0x00, 0x00,
    0x00, 0x00, 0x00, 0x00, 0x00, 0x00, 0x00, 0x00, 0x00, 0x00, 0x00, 0x00,
    0x00, 0x00, 0x00, 0x00, 0x00, 0x00, 0x00, 0x00, 0x00, 0x00, 0x00, 0x00,
    0x00, 0x00, 0x00, 0x00, 0x00, 0x00, 0x00, 0x00, 0x00, 0x00, 0x00, 0x00,
    0x00, 0x00, 0x00, 0x00, 0x00, 0x00, 0x00, 0x00, 0x00, 0x00, 0x00, 0x00,
    0x00, 0x00, 0x00, 0x00, 0x00, 0x00, 0x00, 0x00, 0x00, 0x00, 0x00, 0x00,
    0x00, 0x00, 0x00, 0x00, 0x00, 0x00, 0x00, 0x00, 0x00, 0x00, 0x00, 0x00,
    0x00, 0x00, 0x00, 0x00, 0x00, 0x00, 0x00, 0x00, 0x00, 0x00, 0x24, 0xfa,
    0xe1, 0xe3, 0x04, 0x7b, 0x4a, 0x74, 0xac, 0x9d, 0x8d, 0x95, 0x8a, 0x7c,
    0x26, 0x6b, 0x82, 0xa3, 0x20, 0xe4, 0x20, 0xfb, 0xc0, 0xf9, 0xa0, 0xf8,
    0x40, 0xf8, 0x20, 0xf9, 0x82, 0x9b, 0x4c, 0x95, 0xad, 0x95, 0xac, 0x95,
    0x8d, 0x9d, 0xad, 0x95, 0xac, 0x95, 0x8d, 0x95, 0x2a, 0x74, 0x04, 0x7b,
    0x20, 0xec, 0xa0, 0xf9, 0x21, 0xe8, 0x49, 0x70, 0x31, 0x19, 0x90, 0x00,
    0xd1, 0x08, 0xb0, 0x08, 0x90, 0x00, 0x90, 0x00, 0x90, 0x00, 0x90, 0x00,
    0x31, 0x19, 0xd1, 0x08, 0x54, 0x42, 0xf1, 0x10, 0x11, 0x11, 0xf3, 0x31,
    0x52, 0x19, 0x58, 0x84, 0x36, 0x5b, 0x1a, 0xa5, 0x92, 0x21, 0x92, 0x29,
    0x12, 0x4a, 0x8f, 0x10, 0x69, 0x88, 0xe0, 0xf9, 0x64, 0x83, 0xad, 0x9d,
    0xad, 0x95, 0x8c, 0x9d, 0xac, 0x9d, 0xad, 0x95, 0x6c, 0x95, 0x82, 0xa3,
    0xc0, 0xf8, 0x6b, 0x48, 0x90, 0x00, 0x90, 0x00, 0x56, 0x63, 0xb3, 0x29,
    0x90, 0x00, 0xf5, 0x5a, 0x90, 0x00, 0xf1, 0x10, 0x92, 0x21, 0x90, 0x00,
    0x52, 0x21, 0xb0, 0x08, 0x90, 0x00, 0x52, 0x21, 0x90, 0x00, 0x90, 0x00,
    0x90, 0x00, 0xc8, 0x18, 0x8f, 0x00, 0x70, 0x00, 0x90, 0x00, 0x99, 0x8c,
    0x90, 0x00, 0x11, 0x11, 0x90, 0x00, 0x54, 0x3a, 0x90, 0x00, 0x70, 0x00,
    0x8f, 0x00, 0xec, 0x39, 0x3d, 0xef, 0x5d, 0xef, 0x8b, 0x29, 0x90, 0x00,
    0x90, 0x00, 0x35, 0x5b, 0xd1, 0x08, 0xd1, 0x08, 0x15, 0x5b, 0xb0, 0x08,
    0x52, 0x19, 0x90, 0x00, 0x90, 0x00, 0x90, 0x00, 0x90, 0x00, 0xd5, 0x52,
    0x90, 0x00, 0x11, 0x11, 0x94, 0x4a, 0xf1, 0x10, 0x76, 0x63, 0x90, 0x00,
    0xf1, 0x10, 0x90, 0x00, 0x90, 0x00, 0x72, 0x21, 0x90, 0x00, 0x90, 0x08,
    0x4a, 0x60, 0x02, 0xe0, 0xe0, 0xf8, 0xa0, 0xfb, 0xa2, 0xa3, 0x47, 0x63,
    0x2c, 0x8d, 0x4c, 0x95, 0x27, 0x63, 0x01, 0xc4, 0x80, 0xfa, 0x20, 0xf8,
    0x82, 0x88, 0xbf, 0xff, 0xff, 0xff, 0xff, 0xff, 0xfb, 0xfe, 0x00, 0xf4,
    0x26, 0x6b, 0x8d, 0x95, 0xac, 0x9d, 0xa9, 0x6b, 0x01, 0xcc, 0xe0, 0xf8,
    0x82, 0x98, 0x24, 0x29, 0x00, 0x00, 0x00, 0x00, 0x00, 0x00, 0x00, 0x00,
    0x00, 0x00, 0x00, 0x00, 0x00, 0x00, 0x00, 0x00, 0x00, 0x00, 0x00, 0x00,
    0x00, 0x00, 0x00, 0x00, 0x00, 0x00, 0x00, 0x00, 0x00, 0x00, 0x00, 0x00,
    0x00, 0x00, 0x00, 0x00, 0x00, 0x00, 0x00, 0x00, 0x00, 0x00, 0x00, 0x00,
    0x00, 0x00, 0x00, 0x00, 0x00, 0x00, 0x00, 0x00, 0x00, 0x00, 0x00, 0x00,
    0x00, 0x00, 0x00, 0x00, 0x00, 0x00, 0x00, 0x00, 0x00, 0x00, 0x00, 0x00,
    0x00, 0x00, 0x00, 0x00, 0x00, 0x00, 0x00, 0x00, 0x00, 0x00, 0x00, 0x00,
    0x00, 0x00, 0x00, 0x00, 0x00, 0x00, 0x00, 0x00, 0x00, 0x00, 0x00, 0x00,
    0x00, 0x00, 0x00, 0x00, 0x00, 0x00, 0x00, 0x00, 0x00, 0x00, 0xdb, 0xfe,
    0xc0, 0xfa, 0xa2, 0xa3, 0x88, 0x63, 0x8c, 0x95, 0xad, 0x9d, 0xcb, 0x84,
    0x05, 0x6b, 0x01, 0xc4, 0x60, 0xfb, 0x00, 0xf9, 0x21, 0xf8, 0x24, 0xb8,
    0x48, 0x78, 0x6c, 0x40, 0x24, 0xc0, 0xc0, 0xfa, 0x46, 0x73, 0xac, 0x9d,
    0xac, 0x95, 0xad, 0x9d, 0xac, 0x9d, 0xac, 0x9d, 0x0c, 0x8d, 0x06, 0x6b,
    0x01, 0xcc, 0xa0, 0xfa, 0x20, 0xf8, 0x27, 0x98, 0x6f, 0x10, 0x74, 0x42,
    0xd1, 0x08, 0x90, 0x00, 0xb4, 0x52, 0x52, 0x19, 0xb0, 0x08, 0xf3, 0x31,
    0xf3, 0x31, 0x90, 0x00, 0x90, 0x00, 0x90, 0x00, 0xb0, 0x08, 0xf5, 0x52,
    0xf7, 0x73, 0x92, 0x21, 0xb5, 0x4a, 0xb0, 0x08, 0xd1, 0x08, 0x90, 0x00,
    0xb0, 0x08, 0x9b, 0xb5, 0xd1, 0x08, 0x38, 0x7c, 0xeb, 0xc1, 0x40, 0xfa,
    0x45, 0x7b, 0xac, 0x9d, 0xad, 0x95, 0xad, 0x95, 0x8c, 0x9d, 0xad, 0x95,
    0x6c, 0x95, 0x82, 0x9b, 0xc0, 0xf8, 0x8c, 0x50, 0x72, 0x21, 0x90, 0x00,
    0x90, 0x00, 0xf1, 0x10, 0x90, 0x00, 0x90, 0x00, 0x90, 0x00, 0x34, 0x3a,
    0x11, 0x11, 0x31, 0x19, 0x72, 0x21, 0xd3, 0x29, 0x54, 0x42, 0xf9, 0x94,
    0xb0, 0x08, 0x90, 0x00, 0x90, 0x00, 0xac, 0x08, 0xe8, 0x20, 0xb0, 0x08,
    0x90, 0x00, 0x90, 0x00, 0xad, 0x08, 0x54, 0x42, 0xb0, 0x08, 0x76, 0x6b,
    0x90, 0x00, 0x8f, 0x00, 0x0c, 0x42, 0x7d, 0xf7, 0xbf, 0xff, 0x4c, 0x4a,
    0x90, 0x00, 0x90, 0x00, 0x70, 0x00, 0x90, 0x00, 0xf3, 0x31, 0x11, 0x11,
    0xb3, 0x29, 0x90, 0x00, 0x90, 0x00, 0x90, 0x00, 0x70, 0x00, 0xb0, 0x08,
    0x90, 0x00, 0xd1, 0x08, 0x90, 0x00, 0x90, 0x00, 0x90, 0x00, 0xb0, 0x08,
    0x54, 0x3a, 0x90, 0x00, 0x90, 0x00, 0x7a, 0xad, 0x92, 0x21, 0x32, 0x19,
    0xb0, 0x08, 0x90, 0x00, 0x90, 0x00, 0x90, 0x08, 0x49, 0x68, 0x22, 0xe8,
    0x20, 0xf9, 0x00, 0xf4, 0x42, 0x93, 0xc8, 0x6b, 0x8c, 0x95, 0x4a, 0x7c,
    0x23, 0x83, 0x00, 0xf4, 0xe0, 0xf8, 0x41, 0xd0, 0xaf, 0x9b, 0xd7, 0xfd,
    0xc0, 0xfa, 0x24, 0x83, 0x4c, 0x8d, 0xad, 0x9d, 0x2a, 0x74, 0xc1, 0xb3,
    0xa0, 0xf9, 0x41, 0xc0, 0x04, 0x29, 0xdf, 0xff, 0x00, 0x00, 0x00, 0x00,
    0x00, 0x00, 0x00, 0x00, 0x00, 0x00, 0x00, 0x00, 0x00, 0x00, 0x00, 0x00,
    0x00, 0x00, 0x00, 0x00, 0x00, 0x00, 0x00, 0x00, 0x00, 0x00, 0x00, 0x00,
    0x00, 0x00, 0x00, 0x00, 0x00, 0x00, 0x00, 0x00, 0x00, 0x00, 0x00, 0x00,
    0x00, 0x00, 0x00, 0x00, 0x00, 0x00, 0x00, 0x00, 0x00, 0x00, 0x00, 0x00,
    0x00, 0x00, 0x00, 0x00, 0x00, 0x00, 0x00, 0x00, 0x00, 0x00, 0x00, 0x00,
    0x00, 0x00, 0x00, 0x00, 0x00, 0x00, 0x00, 0x00, 0x00, 0x00, 0x00, 0x00,
    0x00, 0x00, 0x00, 0x00, 0x00, 0x00, 0x00, 0x00, 0x00, 0x00, 0x00, 0x00,
    0x00, 0x00, 0x00, 0x00, 0x00, 0x00, 0x00, 0x00, 0x00, 0x00, 0x00, 0x00,
    0x4b, 0xfb, 0xc0, 0xeb, 0xe4, 0x72, 0xcb, 0x84, 0xad, 0x9d, 0x8c, 0x95,
    0xa8, 0x6b, 0xa2, 0xa3, 0x60, 0xfb, 0xa0, 0xf8, 0x84, 0xe8, 0xeb, 0x78,
    0x6f, 0x10, 0x90, 0x00, 0x90, 0x00, 0x70, 0x08, 0x01, 0xf0, 0x00, 0xf4,
    0xa9, 0x6b, 0xad, 0x95, 0xac, 0x9d, 0x8d, 0x95, 0x8c, 0x95, 0xc9, 0x6b,
    0x42, 0x93, 0xe0, 0xfb, 0xa0, 0xf8, 0x66, 0xf1, 0x10, 0x6a, 0x34, 0x3a,
    0x99, 0x8c, 0x31, 0x19, 0x90, 0x00, 0x90, 0x00, 0x90, 0x00, 0x34, 0x3a,
    0x90, 0x00, 0x90, 0x00, 0x90, 0x00, 0x90, 0x00, 0x90, 0x08, 0x78, 0x8c,
    0x11, 0x11, 0x90, 0x00, 0x90, 0x00, 0x90, 0x00, 0x90, 0x08, 0x90, 0x00,
    0xf1, 0x10, 0x54, 0x42, 0x33, 0x3a, 0x90, 0x00, 0xf3, 0x31, 0x76, 0x63,
    0x6a, 0xb9, 0x60, 0xfa, 0x45, 0x73, 0xac, 0x9d, 0xad, 0x9d, 0xac, 0x95,
    0xad, 0x9d, 0x8d, 0x9d, 0x6c, 0x95, 0x82, 0x9b, 0xc0, 0xf8, 0x6b, 0x50,
    0x72, 0x21, 0x72, 0x21, 0x90, 0x00, 0x90, 0x00, 0x74, 0x42, 0x90, 0x00,
    0xb2, 0x29, 0x76, 0x63, 0xf3, 0x31, 0xb3, 0x29, 0xd0, 0x08, 0x90, 0x00,
    0xb5, 0x4a, 0x90, 0x00, 0xd5, 0x52, 0x90, 0x00, 0x72, 0x21, 0xb6, 0x6b,
    0x8b, 0x52, 0x4b, 0x21, 0xb0, 0x08, 0xb0, 0x08, 0xc9, 0x18, 0xb0, 0x08,
    0x94, 0x4a, 0x90, 0x00, 0x53, 0x42, 0x4c, 0x4a, 0x7e, 0xf7, 0xff, 0xff,
    0x6f, 0x6b, 0x8f, 0x00, 0x90, 0x00, 0x90, 0x00, 0x90, 0x00, 0x70, 0x00,
    0xd3, 0x31, 0xf1, 0x10, 0x52, 0x19, 0x90, 0x00, 0x90, 0x00, 0x90, 0x00,
    0xd3, 0x31, 0x90, 0x00, 0x90, 0x00, 0x90, 0x00, 0x90, 0x00, 0x90, 0x00,
    0x90, 0x00, 0x90, 0x00, 0x70, 0x00, 0x90, 0x00, 0x90, 0x00, 0xd1, 0x08,
    0x90, 0x00, 0xd5, 0x52, 0x15, 0x5b, 0xb2, 0x29, 0x90, 0x00, 0x90, 0x00,
    0x90, 0x00, 0x6f, 0x08, 0x48, 0x80, 0x01, 0xf8, 0xe0, 0xf9, 0x41, 0xe4,
    0x04, 0x73, 0x6a, 0x7c, 0x4c, 0x8d, 0x07, 0x63, 0x21, 0xc4, 0x60, 0xfa,
    0x00, 0xf8, 0x80, 0xf9, 0xc2, 0xb3, 0x8a, 0x7c, 0xac, 0x95, 0xab, 0x84,
    0x62, 0x9b, 0x40, 0xfa, 0x21, 0xd8, 0xe4, 0x30, 0xb6, 0xbd, 0x00, 0x00,
    0x00, 0x00, 0x00, 0x00, 0x00, 0x00, 0x00, 0x00, 0x00, 0x00, 0x00, 0x00,
    0x00, 0x00, 0x00, 0x00, 0x00, 0x00, 0x00, 0x00, 0x00, 0x00, 0x00, 0x00,
    0x00, 0x00, 0x00, 0x00, 0x00, 0x00, 0x00, 0x00, 0x00, 0x00, 0x00, 0x00,
    0x00, 0x00, 0x00, 0x00, 0x00, 0x00, 0x00, 0x00, 0x00, 0x00, 0x00, 0x00,
    0x00, 0x00, 0x00, 0x00, 0x00, 0x00, 0x00, 0x00, 0x00, 0x00, 0x00, 0x00,
    0x00, 0x00, 0x00, 0x00, 0x00, 0x00, 0x00, 0x00, 0x00, 0x00, 0x00, 0x00,
    0x00, 0x00, 0x00, 0x00, 0x00, 0x00, 0x00, 0x00, 0x00, 0x00, 0x00, 0x00,
    0x00, 0x00, 0x00, 0x00, 0x00, 0x00, 0x00, 0x00, 0x00, 0x00, 0x00, 0x00,
    0x00, 0x00, 0x61, 0xf9, 0x01, 0xd4, 0x27, 0x63, 0x6c, 0x95, 0xad, 0x9d,
    0x4c, 0x8d, 0x06, 0x6b, 0x21, 0xdc, 0x80, 0xf9, 0x22, 0xe0, 0x4a, 0x60,
    0xf3, 0x31, 0x99, 0x8c, 0x90, 0x00, 0x90, 0x00, 0x90, 0x00, 0x6c, 0x38,
    0x80, 0xf8, 0xe1, 0xb3, 0xeb, 0x84, 0xad, 0x95, 0xad, 0x9d, 0x0b, 0x8d,
    0x06, 0x6b, 0x21, 0xd4, 0x00, 0xfa, 0x01, 0xf0, 0x49, 0x68, 0x72, 0x21,
    0x13, 0x32, 0x33, 0x3a, 0x52, 0x19, 0x15, 0x5b, 0x72, 0x21, 0x90, 0x00,
    0xf5, 0x5a, 0xb0, 0x08, 0x90, 0x00, 0x90, 0x00, 0x90, 0x00, 0x90, 0x00,
    0x52, 0x19, 0x58, 0x84, 0xd3, 0x31, 0x90, 0x00, 0x90, 0x00, 0x90, 0x08,
    0x90, 0x00, 0x90, 0x00, 0x92, 0x21, 0x90, 0x00, 0x90, 0x00, 0x31, 0x19,
    0x76, 0x63, 0xd1, 0x08, 0x46, 0x98, 0xa0, 0xfa, 0x46, 0x6b, 0xad, 0x9d,
    0x8c, 0x95, 0xac, 0x95, 0xad, 0x9d, 0xac, 0x95, 0x6c, 0x95, 0x82, 0x9b,
    0xc0, 0xf8, 0x6b, 0x50, 0x90, 0x00, 0x90, 0x00, 0xb0, 0x08, 0xd1, 0x08,
    0x72, 0x21, 0x72, 0x21, 0x36, 0x5b, 0x36, 0x63, 0x13, 0x3a, 0xb0, 0x08,
    0x99, 0x8c, 0x11, 0x11, 0x94, 0x4a, 0x52, 0x21, 0x90, 0x00, 0x90, 0x00,
    0x90, 0x00, 0xd1, 0x08, 0x0b, 0x19, 0x96, 0xb5, 0x4d, 0x21, 0x90, 0x00,
    0x68, 0x29, 0xad, 0x08, 0x52, 0x19, 0x73, 0x42, 0x8d, 0x52, 0x9e, 0xf7,
    0xff, 0xff, 0xb3, 0x94, 0x8d, 0x08, 0x90, 0x00, 0x90, 0x00, 0x70, 0x00,
    0x90, 0x00, 0xb0, 0x08, 0x90, 0x00, 0x90, 0x00, 0xd0, 0x08, 0x92, 0x21,
    0x90, 0x00, 0x90, 0x00, 0xf1, 0x10, 0x90, 0x00, 0x90, 0x00, 0x90, 0x00,
    0x90, 0x00, 0x90, 0x00, 0x90, 0x00, 0x90, 0x00, 0xf1, 0x10, 0x90, 0x00,
    0x90, 0x00, 0xf1, 0x10, 0x11, 0x11, 0xb0, 0x00, 0xd1, 0x08, 0x11, 0x11,
    0x90, 0x00, 0x90, 0x00, 0x90, 0x00, 0x90, 0x00, 0x90, 0x00, 0x6e, 0x18,
    0x26, 0xa0, 0x40, 0xf8, 0xe0, 0xfa, 0xe1, 0xbb, 0x27, 0x6b, 0x2c, 0x8d,
    0x2a, 0x74, 0x43, 0x8b, 0xe0, 0xf3, 0x21, 0xdc, 0xa8, 0x6b, 0xac, 0x95,
    0xeb, 0x84, 0x23, 0x83, 0xe0, 0xfa, 0x20, 0xe8, 0xe3, 0x40, 0x0c, 0x63,
    0x00, 0x00, 0x00, 0x00, 0x00, 0x00, 0x00, 0x00, 0x00, 0x00, 0x00, 0x00,
    0x00, 0x00, 0x00, 0x00, 0x00, 0x00, 0x00, 0x00, 0x00, 0x00, 0x00, 0x00,
    0x00, 0x00, 0x00, 0x00, 0x00, 0x00, 0x00, 0x00, 0x00, 0x00, 0x00, 0x00,
    0x00, 0x00, 0x00, 0x00, 0x00, 0x00, 0x00, 0x00, 0x00, 0x00, 0x00, 0x00,
    0x00, 0x00, 0x00, 0x00, 0x00, 0x00, 0x00, 0x00, 0x00, 0x00, 0x00, 0x00,
    0x00, 0x00, 0x00, 0x00, 0x00, 0x00, 0x00, 0x00, 0x00, 0x00, 0x00, 0x00,
    0x00, 0x00, 0x00, 0x00, 0x00, 0x00, 0x00, 0x00, 0x00, 0x00, 0x00, 0x00,
    0x00, 0x00, 0x00, 0x00, 0x00, 0x00, 0x00, 0x00, 0x00, 0x00, 0x00, 0x00,
    0x00, 0x00, 0x00, 0x00, 0x64, 0xfa, 0xe1, 0xbb, 0x88, 0x6b, 0xad, 0x9d,
    0xac, 0x95, 0x2c, 0x8d, 0xe4, 0x72, 0x00, 0xf4, 0x80, 0xf8, 0x26, 0xa0,
    0x8f, 0x10, 0x90, 0x00, 0x90, 0x00, 0x33, 0x3a, 0x90, 0x00, 0x90, 0x00,
    0x90, 0x00, 0x48, 0x80, 0xe0, 0xf9, 0x44, 0x8b, 0xac, 0x95, 0x8c, 0x95,
    0xe9, 0x73, 0x63, 0x93, 0xa0, 0xfb, 0x80, 0xf8, 0x25, 0xb0, 0x8e, 0x18,
    0xd5, 0x4a, 0x52, 0x21, 0x92, 0x29, 0x52, 0x19, 0x90, 0x00, 0xb0, 0x08,
    0xf1, 0x10, 0x94, 0x4a, 0xd1, 0x08, 0x90, 0x00, 0x90, 0x00, 0x70, 0x00,
    0x90, 0x00, 0x70, 0x00, 0x52, 0x21, 0x13, 0x32, 0x97, 0x6b, 0xb2, 0x29,
    0x90, 0x00, 0xf1, 0x10, 0x90, 0x00, 0xd1, 0x08, 0x96, 0x6b, 0xb0, 0x08,
    0xb1, 0x08, 0xd5, 0x52, 0xd1, 0x08, 0x36, 0x63, 0x68, 0xd1, 0xe0, 0xfa,
    0x27, 0x6b, 0xad, 0x95, 0x8c, 0x9d, 0xad, 0x9d, 0xac, 0x95, 0xad, 0x95,
    0x6c, 0x95, 0x82, 0xa3, 0xc0, 0xf8, 0x4c, 0x48, 0x90, 0x00, 0x90, 0x00,
    0x70, 0x00, 0xf3, 0x31, 0xf1, 0x10, 0x90, 0x00, 0x90, 0x00, 0xd1, 0x08,
    0xd1, 0x08, 0xf1, 0x10, 0x34, 0x3a, 0x51, 0x19, 0x90, 0x00, 0xb0, 0x08,
    0xb1, 0x08, 0xb0, 0x00, 0x90, 0x00, 0x90, 0x00, 0xaf, 0x08, 0x52, 0x8c,
    0x35, 0xad, 0xad, 0x08, 0x0e, 0x63, 0xac, 0x31, 0x30, 0x19, 0xad, 0x5a,
    0xbf, 0xf7, 0xff, 0xff, 0xd7, 0xbd, 0xcc, 0x10, 0x90, 0x00, 0x90, 0x00,
    0x90, 0x00, 0x34, 0x3a, 0xd1, 0x08, 0xd1, 0x08, 0x90, 0x00, 0x90, 0x00,
    0x90, 0x00, 0xd3, 0x31, 0x90, 0x00, 0xb2, 0x29, 0x90, 0x00, 0x90, 0x00,
    0x70, 0x00, 0x90, 0x00, 0x90, 0x00, 0x90, 0x00, 0x90, 0x00, 0x92, 0x21,
    0xb3, 0x29, 0xf5, 0x52, 0x90, 0x00, 0x11, 0x19, 0xb0, 0x08, 0xd5, 0x52,
    0x52, 0x19, 0xb0, 0x08, 0x90, 0x00, 0x70, 0x00, 0xb5, 0x4a, 0x36, 0x5b,
    0x76, 0x6b, 0x90, 0x00, 0xd3, 0x29, 0x6d, 0x38, 0x23, 0xd0, 0xc0, 0xf8,
    0xe0, 0xfb, 0x43, 0x8b, 0x09, 0x74, 0x4c, 0x8d, 0x06, 0x63, 0x06, 0x63,
    0x8d, 0x95, 0x2c, 0x8d, 0x04, 0x7b, 0x40, 0xfb, 0x20, 0xf0, 0xc3, 0x48,
    0x6d, 0x73, 0x00, 0x00, 0x00, 0x00, 0x00, 0x00, 0x00, 0x00, 0x00, 0x00,
    0x00, 0x00, 0x00, 0x00, 0x00, 0x00, 0x00, 0x00, 0x00, 0x00, 0x00, 0x00,
    0x00, 0x00, 0x00, 0x00, 0x00, 0x00, 0x00, 0x00, 0x00, 0x00, 0x00, 0x00,
    0x00, 0x00, 0x00, 0x00, 0x00, 0x00, 0x00, 0x00, 0x00, 0x00, 0x00, 0x00,
    0x00, 0x00, 0x00, 0x00, 0x00, 0x00, 0x00, 0x00, 0x00, 0x00, 0x00, 0x00,
    0x00, 0x00, 0x00, 0x00, 0x00, 0x00, 0x00, 0x00, 0x00, 0x00, 0x00, 0x00,
    0x00, 0x00, 0x00, 0x00, 0x00, 0x00, 0x00, 0x00, 0x00, 0x00, 0x00, 0x00,
    0x00, 0x00, 0x00, 0x00, 0x00, 0x00, 0x00, 0x00, 0x00, 0x00, 0x00, 0x00,
    0x00, 0x00, 0x00, 0x00, 0x00, 0x00, 0x22, 0xfa, 0xc2, 0xab, 0x09, 0x74,
    0xad, 0x95, 0xac, 0x95, 0x4c, 0x95, 0xe4, 0x72, 0xe0, 0xfb, 0x20, 0xf8,
    0x49, 0x70, 0x90, 0x00, 0xd1, 0x08, 0xf1, 0x10, 0x90, 0x00, 0x52, 0x19,
    0xf1, 0x10, 0x52, 0x19, 0x70, 0x00, 0x24, 0xc0, 0x40, 0xfb, 0x27, 0x63,
    0x4c, 0x95, 0x26, 0x6b, 0x21, 0xcc, 0x00, 0xfa, 0x21, 0xf0, 0x30, 0xbb,
    0x52, 0x21, 0x11, 0x11, 0xf5, 0x52, 0xfc, 0xbd, 0x74, 0x42, 0x13, 0x3a,
    0x6b, 0x50, 0xd6, 0x7b, 0x11, 0x11, 0xf1, 0x10, 0x90, 0x00, 0x90, 0x00,
    0x90, 0x00, 0xb0, 0x00, 0xf1, 0x10, 0x92, 0x21, 0x74, 0x42, 0x3c, 0xc6,
    0x9f, 0xf7, 0x56, 0x63, 0x13, 0x3a, 0x5a, 0xa5, 0xd1, 0x08, 0x90, 0x00,
    0x90, 0x00, 0xd7, 0x73, 0xb0, 0x00, 0x17, 0x7c, 0xd1, 0x08, 0x31, 0x19,
    0xe6, 0xc8, 0x20, 0xfb, 0x27, 0x63, 0xac, 0x95, 0xad, 0x9d, 0x8c, 0x95,
    0xad, 0x9d, 0x8d, 0x9d, 0x6c, 0x95, 0x82, 0x9b, 0xc0, 0xf8, 0x6b, 0x48,
    0x90, 0x00, 0x90, 0x00, 0xd1, 0x08, 0xd3, 0x29, 0xd2, 0x29, 0xb0, 0x08,
    0x13, 0x3a, 0x90, 0x00, 0x58, 0x84, 0x56, 0x63, 0xb0, 0x08, 0x58, 0x84,
    0x90, 0x00, 0x90, 0x00, 0x52, 0x19, 0x74, 0x42, 0x90, 0x08, 0x90, 0x00,
    0x90, 0x00, 0x4b, 0x21, 0xbf, 0xff, 0x11, 0x84, 0x6f, 0x73, 0xb2, 0x9c,
    0x10, 0x84, 0xdf, 0xff, 0xff, 0xff, 0xdb, 0xde, 0x0b, 0x19, 0x90, 0x00,
    0x90, 0x00, 0x70, 0x00, 0x90, 0x00, 0x33, 0x3a, 0x31, 0x19, 0x90, 0x00,
    0x90, 0x00, 0xf3, 0x31, 0x90, 0x00, 0x52, 0x19, 0xf1, 0x10, 0xb5, 0x4a,
    0xb0, 0x08, 0x70, 0x00, 0x90, 0x00, 0x90, 0x00, 0x70, 0x00, 0x90, 0x00,
    0x90, 0x00, 0x92, 0x29, 0x15, 0x63, 0x0f, 0x82, 0x4a, 0x58, 0x36, 0x5b,
    0x92, 0x21, 0x90, 0x00, 0xd3, 0x31, 0x90, 0x00, 0xd5, 0x52, 0xf3, 0x31,
    0xd1, 0x08, 0x54, 0x42, 0x11, 0x19, 0x90, 0x00, 0xd7, 0x73, 0x90, 0x08,
    0xf1, 0x10, 0x2b, 0x89, 0x21, 0xf0, 0x40, 0xfa, 0x21, 0xcc, 0x06, 0x63,
    0x6c, 0x95, 0x8c, 0x95, 0x4c, 0x8d, 0xe4, 0x72, 0xa0, 0xfb, 0x20, 0xf8,
    0xc3, 0x58, 0x49, 0x4a, 0x00, 0x00, 0x00, 0x00, 0x00, 0x00, 0x00, 0x00,
    0x00, 0x00, 0x00, 0x00, 0x00, 0x00, 0x00, 0x00, 0x00, 0x00, 0x00, 0x00,
    0x00, 0x00, 0x00, 0x00, 0x00, 0x00, 0x00, 0x00, 0x00, 0x00, 0x00, 0x00,
    0x00, 0x00, 0x00, 0x00, 0x00, 0x00, 0x00, 0x00, 0x00, 0x00, 0x00, 0x00,
    0x00, 0x00, 0x00, 0x00, 0x00, 0x00, 0x00, 0x00, 0x00, 0x00, 0x00, 0x00,
    0x00, 0x00, 0x00, 0x00, 0x00, 0x00, 0x00, 0x00, 0x00, 0x00, 0x00, 0x00,
    0x00, 0x00, 0x00, 0x00, 0x00, 0x00, 0x00, 0x00, 0x00, 0x00, 0x00, 0x00,
    0x00, 0x00, 0x00, 0x00, 0x00, 0x00, 0x00, 0x00, 0x00, 0x00, 0x00, 0x00,
    0x00, 0x00, 0x00, 0x00, 0x00, 0x00, 0x00, 0x00, 0x01, 0xfa, 0xc2, 0xab,
    0x2a, 0x74, 0xac, 0x9d, 0xad, 0x95, 0x8c, 0x95, 0x06, 0x6b, 0x00, 0xf4,
    0x20, 0xf8, 0x6a, 0x60, 0xf3, 0x31, 0x33, 0x3a, 0x90, 0x00, 0x11, 0x11,
    0x51, 0x19, 0xb5, 0x4a, 0xb3, 0x29, 0x90, 0x00, 0x6f, 0x10, 0x01, 0xf8,
    0x21, 0xe4, 0x08, 0x53, 0x04, 0x7b, 0x00, 0xf4, 0xa0, 0xf8, 0xc8, 0xf9,
    0xaf, 0x20, 0xd1, 0x08, 0x90, 0x00, 0x90, 0x00, 0xb4, 0x4a, 0x73, 0x52,
    0x49, 0x70, 0x42, 0xe8, 0x46, 0xa0, 0x34, 0x3a, 0xf3, 0x31, 0x1a, 0x9d,
    0x90, 0x00, 0x90, 0x00, 0x70, 0x00, 0x56, 0x63, 0x90, 0x00, 0x90, 0x00,
    0xd1, 0x08, 0x96, 0x6b, 0x1c, 0xc6, 0xf3, 0x31, 0x90, 0x00, 0x90, 0x00,
    0x90, 0x00, 0x90, 0x00, 0x90, 0x00, 0x90, 0x08, 0x90, 0x00, 0x90, 0x00,
    0x90, 0x00, 0x90, 0x00, 0x24, 0xc0, 0x60, 0xfb, 0x48, 0x63, 0xac, 0x95,
    0xad, 0x95, 0xac, 0x9d, 0xac, 0x95, 0xad, 0x95, 0x6c, 0x95, 0x82, 0x9b,
    0xc0, 0xf8, 0x6b, 0x50, 0x92, 0x21, 0x11, 0x19, 0xd1, 0x08, 0x34, 0x3a,
    0x52, 0x19, 0x52, 0x19, 0x90, 0x00, 0x90, 0x00, 0xd1, 0x08, 0xd7, 0x73,
    0x56, 0x63, 0x90, 0x00, 0xb0, 0x00, 0xd9, 0x94, 0xb2, 0x29, 0xb0, 0x08,
    0x90, 0x00, 0x90, 0x00, 0x90, 0x00, 0x8e, 0x08, 0x34, 0xa5, 0xff, 0xff,
    0xd7, 0xbd, 0x5d, 0xef, 0xff, 0xff, 0xff, 0xff, 0x7e, 0xf7, 0xcb, 0x31,
    0x90, 0x00, 0x90, 0x00, 0x8e, 0x08, 0x0e, 0x19, 0xb0, 0x08, 0xf5, 0x52,
    0x5a, 0xa5, 0x90, 0x00, 0x90, 0x00, 0x54, 0x42, 0xb2, 0x29, 0x11, 0x11,
    0x11, 0x11, 0x90, 0x00, 0x70, 0x00, 0x90, 0x00, 0x90, 0x00, 0x90, 0x00,
    0x70, 0x00, 0x90, 0x08, 0x6b, 0x48, 0x26, 0xa0, 0x01, 0xf0, 0x22, 0xe0,
    0xaf, 0x18, 0x90, 0x00, 0xf1, 0x10, 0xd5, 0x52, 0x90, 0x00, 0x90, 0x00,
    0xb3, 0x29, 0x31, 0x19, 0x90, 0x00, 0x90, 0x00, 0x90, 0x00, 0xf1, 0x10,
    0xd1, 0x08, 0x33, 0x3a, 0x92, 0x29, 0xb0, 0x08, 0xaf, 0x69, 0x00, 0xf8,
    0xa0, 0xfb, 0xe5, 0x6a, 0x8c, 0x95, 0x6c, 0x95, 0xe5, 0x6a, 0xe0, 0xfb,
    0x20, 0xf8, 0xa3, 0x68, 0x45, 0x31, 0xff, 0xff, 0x00, 0x00, 0x00, 0x00,
    0x00, 0x00, 0x00, 0x00, 0x00, 0x00, 0x00, 0x00, 0x00, 0x00, 0x00, 0x00,
    0x00, 0x00, 0x00, 0x00, 0x00, 0x00, 0x00, 0x00, 0x00, 0x00, 0x00, 0x00,
    0x00, 0x00, 0x00, 0x00, 0x00, 0x00, 0x00, 0x00, 0x00, 0x00, 0x00, 0x00,
    0x00, 0x00, 0x00, 0x00, 0x00, 0x00, 0x00, 0x00, 0x00, 0x00, 0x00, 0x00,
    0x00, 0x00, 0x00, 0x00, 0x00, 0x00, 0x00, 0x00, 0x00, 0x00, 0x00, 0x00,
    0x00, 0x00, 0x00, 0x00, 0x00, 0x00, 0x00, 0x00, 0x00, 0x00, 0x00, 0x00,
    0x00, 0x00, 0x00, 0x00, 0x00, 0x00, 0x00, 0x00, 0x00, 0x00, 0x00, 0x00,
    0x00, 0x00, 0x00, 0x00, 0x00, 0x00, 0x00, 0x00, 0x00, 0x00, 0x23, 0xfa,
    0xe1, 0xb3, 0x09, 0x74, 0xad, 0x95, 0xac, 0x9d, 0x8d, 0x9d, 0x88, 0x6b,
    0x21, 0xdc, 0x80, 0xf8, 0x49, 0x68, 0x90, 0x00, 0x91, 0x00, 0x11, 0x11,
    0x90, 0x00, 0xb1, 0x08, 0xf3, 0x31, 0xf1, 0x10, 0x90, 0x00, 0xd5, 0x52,
    0x6c, 0x40, 0xa0, 0xf8, 0xe1, 0xb3, 0x81, 0xa3, 0x00, 0xfb, 0x21, 0xf8,
    0x69, 0x78, 0xf5, 0x52, 0xd0, 0x08, 0xf3, 0x31, 0x31, 0x19, 0xef, 0x28,
    0xc9, 0x98, 0x21, 0xf0, 0x40, 0xf8, 0x21, 0xf0, 0x53, 0x5a, 0x11, 0x11,
    0x99, 0x8c, 0x74, 0x42, 0xd1, 0x08, 0x13, 0x3a, 0xb0, 0x08, 0x92, 0x21,
    0x90, 0x00, 0x90, 0x00, 0xf1, 0x10, 0x90, 0x00, 0xb5, 0x4a, 0xd1, 0x08,
    0xf1, 0x10, 0x90, 0x00, 0x90, 0x00, 0x90, 0x00, 0x90, 0x00, 0xf3, 0x31,
    0xf3, 0x31, 0xf5, 0x52, 0x90, 0x00, 0xb0, 0x08, 0x24, 0xc8, 0x80, 0xfb,
    0x68, 0x63, 0xad, 0x9d, 0xac, 0x9d, 0x8d, 0x95, 0xac, 0x9d, 0xac, 0x9d,
    0x6c, 0x95, 0x82, 0x9b, 0xc0, 0xf8, 0x90, 0x9a, 0x54, 0x42, 0x74, 0x42,
    0x92, 0x29, 0x98, 0x8c, 0x90, 0x00, 0x90, 0x00, 0x72, 0x21, 0x92, 0x29,
    0x90, 0x00, 0x5a, 0xa5, 0x11, 0x11, 0x95, 0x4a, 0x90, 0x00, 0x54, 0x42,
    0x79, 0x8c, 0x33, 0x3a, 0x90, 0x00, 0x90, 0x00, 0x8f, 0x00, 0x8f, 0x08,
    0x0b, 0x42, 0xff, 0xff, 0xff, 0xff, 0xff, 0xff, 0xff, 0xff, 0xff, 0xff,
    0x6d, 0x73, 0x2f, 0x6b, 0x0e, 0x63, 0x46, 0x29, 0xea, 0x18, 0x8f, 0x00,
    0xd3, 0x31, 0x90, 0x00, 0x33, 0x3a, 0x90, 0x00, 0x13, 0x3a, 0x90, 0x00,
    0x31, 0x19, 0xb0, 0x08, 0x13, 0x3a, 0x90, 0x00, 0x90, 0x00, 0x90, 0x00,
    0x6f, 0x08, 0x4b, 0x50, 0x26, 0xa0, 0xc1, 0xf0, 0x80, 0xfa, 0xc0, 0xfa,
    0x22, 0xe8, 0x6e, 0x28, 0xd1, 0x08, 0x92, 0x29, 0x52, 0x21, 0xf1, 0x10,
    0x90, 0x00, 0x7a, 0xad, 0xf7, 0x73, 0xb7, 0x6b, 0x70, 0x00, 0xd3, 0x29,
    0xd0, 0x08, 0x90, 0x00, 0x54, 0x3a, 0xd0, 0x08, 0x90, 0x00, 0x92, 0x29,
    0x87, 0xf9, 0x20, 0xfa, 0x63, 0x93, 0x0b, 0x8d, 0x6c, 0x95, 0xe5, 0x6a,
    0x00, 0xfc, 0x40, 0xf8, 0xa2, 0x78, 0x45, 0x29, 0x00, 0x00, 0x00, 0x00,
    0x00, 0x00, 0x00, 0x00, 0x00, 0x00, 0x00, 0x00, 0x00, 0x00, 0x00, 0x00,
    0x00, 0x00, 0x00, 0x00, 0x00, 0x00, 0x00, 0x00, 0x00, 0x00, 0x00, 0x00,
    0x00, 0x00, 0x00, 0x00, 0x00, 0x00, 0x00, 0x00, 0x00, 0x00, 0x00, 0x00,
    0x00, 0x00, 0x00, 0x00, 0x00, 0x00, 0x00, 0x00, 0x00, 0x00, 0x00, 0x00,
    0x00, 0x00, 0x00, 0x00, 0x00, 0x00, 0x00, 0x00, 0x00, 0x00, 0x00, 0x00,
    0x00, 0x00, 0x00, 0x00, 0x00, 0x00, 0x00, 0x00, 0x00, 0x00, 0x00, 0x00,
    0x00, 0x00, 0x00, 0x00, 0x00, 0x00, 0x00, 0x00, 0x00, 0x00, 0x00, 0x00,
    0x00, 0x00, 0x00, 0x00, 0x00, 0x00, 0x00, 0x00, 0x00, 0x00, 0x00, 0x00,
    0x82, 0xf9, 0x01, 0xc4, 0xc9, 0x6b, 0xad, 0x9d, 0xac, 0x95, 0xad, 0x95,
    0xab, 0x84, 0xc1, 0xab, 0x60, 0xf9, 0x26, 0xa0, 0x90, 0x00, 0x90, 0x00,
    0x90, 0x00, 0xf1, 0x10, 0x90, 0x00, 0x90, 0x00, 0x92, 0x29, 0x51, 0x19,
    0x92, 0x29, 0x72, 0x21, 0x48, 0x78, 0xe0, 0xf9, 0x00, 0xfd, 0xa0, 0xf9,
    0x22, 0xe0, 0x2e, 0x51, 0xf5, 0x52, 0x90, 0x00, 0x33, 0x42, 0x8d, 0x38,
    0x86, 0xb0, 0x41, 0xf8, 0xc0, 0xf9, 0x00, 0xfc, 0xe0, 0xf8, 0x6c, 0x99,
    0xd3, 0x29, 0x31, 0x19, 0x72, 0x21, 0x31, 0x19, 0x72, 0x21, 0x90, 0x00,
    0x90, 0x00, 0x90, 0x00, 0x90, 0x00, 0x90, 0x00, 0x90, 0x00, 0x90, 0x00,
    0x94, 0x4a, 0x31, 0x19, 0x92, 0x21, 0x90, 0x00, 0xd1, 0x10, 0xd1, 0x08,
    0x52, 0x19, 0xb0, 0x08, 0xf1, 0x10, 0xb5, 0x52, 0x90, 0x00, 0x90, 0x00,
    0x23, 0xd0, 0xa0, 0xf3, 0x88, 0x6b, 0xad, 0x95, 0xad, 0x9d, 0x8c, 0x95,
    0xad, 0x95, 0xad, 0x9d, 0x6c, 0x95, 0x82, 0x9b, 0xc0, 0xf8, 0xef, 0x81,
    0x72, 0x21, 0x31, 0x19, 0x90, 0x00, 0x90, 0x00, 0x90, 0x00, 0x90, 0x00,
    0x52, 0x19, 0xb2, 0x29, 0x90, 0x00, 0xb2, 0x29, 0xae, 0x08, 0xee, 0x39,
    0x2a, 0x21, 0xc8, 0x18, 0xa9, 0x31, 0xad, 0x5a, 0xb0, 0x73, 0x92, 0x94,
    0x34, 0xad, 0xb7, 0xbd, 0x59, 0xce, 0xff, 0xff, 0xff, 0xff, 0xff, 0xff,
    0xff, 0xff, 0xff, 0xff, 0x5d, 0xef, 0x52, 0x8c, 0x0b, 0x21, 0x8f, 0x00,
    0xf9, 0x94, 0x90, 0x00, 0x72, 0x21, 0x72, 0x21, 0x90, 0x00, 0x90, 0x00,
    0xd1, 0x08, 0x52, 0x19, 0x3a, 0xa5, 0x72, 0x21, 0xd3, 0x29, 0xb0, 0x18,
    0x4b, 0x58, 0x25, 0xa8, 0xa1, 0xf0, 0x60, 0xfa, 0xe0, 0xf3, 0x20, 0xf5,
    0x80, 0xfb, 0x21, 0xf0, 0x6d, 0x30, 0x90, 0x00, 0x90, 0x00, 0xb0, 0x00,
    0x90, 0x00, 0x90, 0x00, 0x90, 0x00, 0x90, 0x00, 0x11, 0x11, 0x54, 0x42,
    0x90, 0x00, 0xb5, 0x4a, 0x52, 0x19, 0x90, 0x00, 0xb0, 0x08, 0x90, 0x00,
    0x54, 0x3a, 0x47, 0x88, 0x00, 0xf9, 0x01, 0xc4, 0x2a, 0x74, 0x6c, 0x95,
    0x26, 0x6b, 0x20, 0xf4, 0x40, 0xf8, 0xa2, 0x80, 0x04, 0x21, 0xdf, 0xff,
    0x00, 0x00, 0x00, 0x00, 0x00, 0x00, 0x00, 0x00, 0x00, 0x00, 0x00, 0x00,
    0x00, 0x00, 0x00, 0x00, 0x00, 0x00, 0x00, 0x00, 0x00, 0x00, 0x00, 0x00,
    0x00, 0x00, 0x00, 0x00, 0x00, 0x00, 0x00, 0x00, 0x00, 0x00, 0x00, 0x00,
    0x00, 0x00, 0x00, 0x00, 0x00, 0x00, 0x00, 0x00, 0x00, 0x00, 0x00, 0x00,
    0x00, 0x00, 0x00, 0x00, 0x00, 0x00, 0x00, 0x00, 0x00, 0x00, 0x00, 0x00,
    0x00, 0x00, 0x00, 0x00, 0x00, 0x00, 0x00, 0x00, 0x00, 0x00, 0x00, 0x00,
    0x00, 0x00, 0x00, 0x00, 0x00, 0x00, 0x00, 0x00, 0x00, 0x00, 0x00, 0x00,
    0x00, 0x00, 0x00, 0x00, 0x00, 0x00, 0x00, 0x00, 0x00, 0x00, 0x00, 0x00,
    0x00, 0x00, 0xea, 0xfa, 0x21, 0xe4, 0x68, 0x63, 0xac, 0x9d, 0xad, 0x9d,
    0x8c, 0x95, 0x8c, 0x95, 0x05, 0x73, 0x20, 0xfb, 0x02, 0xd8, 0x70, 0x08,
    0x90, 0x00, 0x90, 0x00, 0x90, 0x00, 0x70, 0x00, 0xb1, 0x08, 0xb4, 0x4a,
    0xb0, 0x08, 0xb0, 0x00, 0x90, 0x00, 0xd1, 0x08, 0x24, 0xb8, 0x00, 0xfa,
    0xa0, 0xf8, 0x25, 0xb0, 0xb2, 0x39, 0x90, 0x00, 0x11, 0x19, 0x8e, 0x71,
    0x85, 0xd0, 0x40, 0xf8, 0x40, 0xfa, 0x41, 0xe4, 0x01, 0xbc, 0x20, 0xfb,
    0x05, 0xf9, 0xfb, 0xbd, 0x31, 0x19, 0x90, 0x00, 0xb0, 0x08, 0x13, 0x32,
    0xd1, 0x08, 0x90, 0x00, 0x90, 0x00, 0x90, 0x08, 0x6e, 0x20, 0x4b, 0x50,
    0x49, 0x78, 0x27, 0x98, 0xc9, 0xd9, 0x09, 0xf2, 0x8b, 0xea, 0x4a, 0x68,
    0xd5, 0x8b, 0xb0, 0x08, 0x34, 0x3a, 0x92, 0x21, 0x90, 0x00, 0x90, 0x00,
    0x90, 0x00, 0x90, 0x00, 0x02, 0xe0, 0xe0, 0xeb, 0xc9, 0x6b, 0xad, 0x95,
    0xac, 0x9d, 0xac, 0x9d, 0x8d, 0x95, 0xad, 0x95, 0x6c, 0x95, 0x82, 0x9b,
    0xc0, 0xf8, 0x6b, 0x48, 0xd3, 0x29, 0x90, 0x00, 0x34, 0x3a, 0x74, 0x42,
    0xf3, 0x31, 0x90, 0x00, 0x11, 0x19, 0x90, 0x00, 0x90, 0x00, 0x90, 0x00,
    0x90, 0x00, 0xaf, 0x28, 0x72, 0xab, 0x69, 0x60, 0x66, 0x78, 0x84, 0x90,
    0xe4, 0x88, 0x88, 0x69, 0xce, 0x62, 0xf0, 0x83, 0x35, 0xad, 0x7d, 0xf7,
    0xff, 0xff, 0xff, 0xff, 0xff, 0xff, 0xff, 0xff, 0xb6, 0xb5, 0x51, 0x8c,
    0xcd, 0x5a, 0x6a, 0x29, 0xca, 0x10, 0xab, 0x10, 0xd0, 0x31, 0xf0, 0x10,
    0x52, 0x21, 0x94, 0x4a, 0x52, 0x19, 0x90, 0x00, 0x12, 0x4a, 0xd2, 0xd3,
    0x25, 0xb0, 0x81, 0xf0, 0x20, 0xfa, 0xe0, 0xf3, 0xe2, 0xb3, 0x83, 0x6a,
    0x42, 0x93, 0x00, 0xfb, 0x01, 0xf0, 0x6c, 0x40, 0x90, 0x00, 0x90, 0x00,
    0x72, 0x21, 0x1a, 0x9d, 0xb0, 0x08, 0x90, 0x00, 0x90, 0x00, 0x15, 0x5b,
    0xd1, 0x08, 0xf1, 0x10, 0x90, 0x00, 0x90, 0x00, 0x90, 0x00, 0x96, 0x6b,
    0x97, 0x6b, 0x90, 0x00, 0x8b, 0x50, 0x40, 0xf8, 0x21, 0xec, 0x47, 0x63,
    0x6c, 0x95, 0xe6, 0x62, 0x00, 0xec, 0x60, 0xf8, 0x82, 0x88, 0x04, 0x21,
    0x00, 0x00, 0x00, 0x00, 0x00, 0x00, 0x00, 0x00, 0x00, 0x00, 0x00, 0x00,
    0x00, 0x00, 0x00, 0x00, 0x00, 0x00, 0x00, 0x00, 0x00, 0x00, 0x00, 0x00,
    0x00, 0x00, 0x00, 0x00, 0x00, 0x00, 0x00, 0x00, 0x00, 0x00, 0x00, 0x00,
    0x00, 0x00, 0x00, 0x00, 0x00, 0x00, 0x00, 0x00, 0x00, 0x00, 0x00, 0x00,
    0x00, 0x00, 0x00, 0x00, 0x00, 0x00, 0x00, 0x00, 0x00, 0x00, 0x00, 0x00,
    0x00, 0x00, 0x00, 0x00, 0x00, 0x00, 0x00, 0x00, 0x00, 0x00, 0x00, 0x00,
    0x00, 0x00, 0x00, 0x00, 0x00, 0x00, 0x00, 0x00, 0x00, 0x00, 0x00, 0x00,
    0x00, 0x00, 0x00, 0x00, 0x00, 0x00, 0x00, 0x00, 0x00, 0x00, 0x00, 0x00,
    0x00, 0x00, 0x00, 0x00, 0x3c, 0xff, 0xe0, 0xf3, 0x06, 0x6b, 0x8c, 0x95,
    0xac, 0x95, 0xad, 0x9d, 0xac, 0x95, 0xc9, 0x73, 0x21, 0xdc, 0x40, 0xf8,
    0x6c, 0x48, 0x90, 0x00, 0x90, 0x00, 0x90, 0x00, 0x90, 0x00, 0x90, 0x00,
    0xd1, 0x08, 0x90, 0x00, 0xb7, 0x73, 0xf7, 0x7b, 0xb1, 0x08, 0x13, 0x3a,
    0x01, 0xf0, 0x00, 0xf8, 0x0f, 0xd3, 0x90, 0x00, 0xb0, 0x10, 0xed, 0xa1,
    0x02, 0xd8, 0x80, 0xf8, 0xe0, 0xfa, 0x41, 0xd4, 0x24, 0x7b, 0x26, 0x42,
    0x21, 0xd4, 0x60, 0xf8, 0x70, 0x92, 0x96, 0x6b, 0xd1, 0x08, 0x18, 0x7c,
    0x31, 0x19, 0x90, 0x00, 0x6e, 0x28, 0x49, 0x68, 0x25, 0xb0, 0x01, 0xf0,
    0x20, 0xf8, 0xe0, 0xf8, 0xc0, 0xf9, 0x80, 0xfa, 0x00, 0xfb, 0x20, 0xfb,
    0x80, 0xfa, 0x40, 0xf9, 0x41, 0xf8, 0x49, 0x78, 0x51, 0x19, 0x72, 0x21,
    0x11, 0x11, 0xf5, 0x52, 0xb0, 0x08, 0x90, 0x00, 0x01, 0xe8, 0x21, 0xec,
    0xe9, 0x6b, 0xad, 0x9d, 0xac, 0x95, 0xad, 0x9d, 0xac, 0x9d, 0xac, 0x95,
    0x6c, 0x95, 0x82, 0xa3, 0xc0, 0xf8, 0x4d, 0x69, 0xb1, 0x08, 0x52, 0x19,
    0x90, 0x00, 0xd3, 0x31, 0xf3, 0x31, 0x90, 0x00, 0x90, 0x00, 0x6d, 0x30,
    0x49, 0x70, 0x25, 0xb0, 0x01, 0xf0, 0x20, 0xf8, 0xa0, 0xf8, 0x60, 0xf9,
    0xc0, 0xf9, 0x00, 0xfa, 0x01, 0xd9, 0xa2, 0x80, 0x25, 0x39, 0x6e, 0x73,
    0x18, 0xc6, 0xff, 0xff, 0xff, 0xff, 0xff, 0xff, 0x3d, 0xef, 0x8d, 0x52,
    0xcc, 0x39, 0x2a, 0x21, 0xeb, 0x18, 0xec, 0x10, 0xae, 0x31, 0x30, 0x3a,
    0x8e, 0x08, 0x31, 0x19, 0x92, 0x21, 0xb2, 0x39, 0x2c, 0x79, 0x25, 0xb0,
    0x40, 0xf8, 0xe0, 0xf9, 0xc0, 0xfb, 0x01, 0xbc, 0x24, 0x83, 0x68, 0x63,
    0xc9, 0x6b, 0x62, 0x9b, 0xc0, 0xfa, 0x00, 0xf8, 0x47, 0x90, 0x6f, 0x10,
    0x90, 0x00, 0x90, 0x00, 0xd3, 0x31, 0xf1, 0x10, 0xf1, 0x10, 0xd1, 0x08,
    0xb0, 0x00, 0x7b, 0xad, 0x72, 0x21, 0x90, 0x00, 0x90, 0x00, 0x90, 0x00,
    0x90, 0x00, 0xb0, 0x61, 0x48, 0x80, 0x44, 0xd0, 0x00, 0xf8, 0x60, 0xfb,
    0x05, 0x73, 0x6c, 0x95, 0x26, 0x6b, 0x00, 0xed, 0x40, 0xfa, 0x60, 0xf8,
    0x21, 0xd8, 0x6d, 0x93, 0x00, 0x00, 0x00, 0x00, 0x00, 0x00, 0x00, 0x00,
    0x00, 0x00, 0x00, 0x00, 0x00, 0x00, 0x00, 0x00, 0x00, 0x00, 0x00, 0x00,
    0x00, 0x00, 0x00, 0x00, 0x00, 0x00, 0x00, 0x00, 0x00, 0x00, 0x00, 0x00,
    0x00, 0x00, 0x00, 0x00, 0x00, 0x00, 0x00, 0x00, 0x00, 0x00, 0x00, 0x00,
    0x00, 0x00, 0x00, 0x00, 0x00, 0x00, 0x00, 0x00, 0x00, 0x00, 0x00, 0x00,
    0x00, 0x00, 0x00, 0x00, 0x00, 0x00, 0x00, 0x00, 0x00, 0x00, 0x00, 0x00,
    0x00, 0x00, 0x00, 0x00, 0x00, 0x00, 0x00, 0x00, 0x00, 0x00, 0x00, 0x00,
    0x00, 0x00, 0x00, 0x00, 0x00, 0x00, 0x00, 0x00, 0x00, 0x00, 0x00, 0x00,
    0x00, 0x00, 0x00, 0x00, 0x00, 0x00, 0xdf, 0xff, 0xc0, 0xfa, 0x03, 0x7b,
    0x4c, 0x8d, 0xad, 0x9d, 0x8c, 0x95, 0xad, 0x9d, 0x6c, 0x95, 0x23, 0x83,
    0x20, 0xfa, 0x25, 0xa8, 0x34, 0x3a, 0x52, 0x21, 0x90, 0x00, 0x72, 0x21,
    0xd1, 0x08, 0x92, 0x29, 0x15, 0x5b, 0x90, 0x00, 0xf1, 0x08, 0xf9, 0x9c,
    0xb0, 0x08, 0xf4, 0xb3, 0x22, 0xe8, 0x6c, 0x40, 0xcf, 0x28, 0x48, 0x80,
    0x21, 0xf0, 0x00, 0xf9, 0x60, 0xfb, 0x01, 0xc4, 0x05, 0x73, 0x2a, 0x74,
    0x4c, 0x95, 0x23, 0x83, 0x40, 0xfa, 0xa8, 0xe9, 0x7a, 0xad, 0xb7, 0x6b,
    0x31, 0x19, 0x10, 0x72, 0x47, 0x90, 0x02, 0xe0, 0x40, 0xf8, 0x60, 0xf9,
    0xc0, 0xfa, 0xe0, 0xf3, 0x21, 0xcc, 0x82, 0x9b, 0x64, 0x8b, 0x65, 0x7b,
    0x67, 0x6b, 0x67, 0x6b, 0x45, 0x7b, 0x62, 0x93, 0x00, 0xf4, 0x80, 0xf8,
    0x48, 0x80, 0x90, 0x00, 0x34, 0x3a, 0x90, 0x00, 0x90, 0x00, 0x90, 0x00,
    0x01, 0xf8, 0x21, 0xdc, 0x2a, 0x74, 0xac, 0x9d, 0xad, 0x95, 0x8d, 0x95,
    0xac, 0x9d, 0xad, 0x9d, 0x6c, 0x95, 0x82, 0x9b, 0xc0, 0xf8, 0x6b, 0x50,
    0xd1, 0x08, 0x9b, 0xb5, 0xd7, 0x73, 0xf2, 0x41, 0x4b, 0x50, 0x26, 0xa0,
    0x01, 0xe8, 0x40, 0xf8, 0x80, 0xf9, 0xe0, 0xfa, 0xe0, 0xf3, 0x21, 0xcc,
    0xc2, 0xab, 0x63, 0x93, 0x64, 0x83, 0x64, 0x83, 0x43, 0x8b, 0xe1, 0xb3,
    0x80, 0xeb, 0xa1, 0xc8, 0x31, 0x8c, 0xff, 0xff, 0x9a, 0xd6, 0x92, 0x94,
    0x7d, 0xef, 0xab, 0x10, 0x90, 0x00, 0x90, 0x00, 0xd1, 0x08, 0x90, 0x00,
    0x90, 0x00, 0x90, 0x00, 0x6f, 0x10, 0x50, 0xcb, 0xa5, 0xc8, 0x40, 0xf8,
    0xa0, 0xf9, 0x80, 0xfb, 0x21, 0xcc, 0x43, 0x83, 0x48, 0x63, 0xcb, 0x84,
    0xac, 0x9d, 0xab, 0x7c, 0x62, 0x9b, 0xc0, 0xfa, 0x20, 0xf8, 0x80, 0xf8,
    0x20, 0xf8, 0x6d, 0x38, 0x90, 0x00, 0x90, 0x00, 0x90, 0x00, 0x90, 0x00,
    0x90, 0x00, 0xb5, 0x4a, 0x51, 0x19, 0x92, 0x21, 0xb0, 0x08, 0x74, 0x42,
    0x6d, 0x30, 0x27, 0x88, 0x22, 0xe0, 0x80, 0xf8, 0x00, 0xfa, 0x60, 0xfb,
    0x21, 0xe4, 0x23, 0x8b, 0xeb, 0x84, 0x48, 0x5b, 0xe5, 0x62, 0x65, 0x7b,
    0x43, 0x8b, 0x21, 0xc4, 0xe0, 0xfa, 0x20, 0xf8, 0x14, 0xc5, 0x00, 0x00,
    0x00, 0x00, 0x00, 0x00, 0x00, 0x00, 0x00, 0x00, 0x00, 0x00, 0x00, 0x00,
    0x00, 0x00, 0x00, 0x00, 0x00, 0x00, 0x00, 0x00, 0x00, 0x00, 0x00, 0x00,
    0x00, 0x00, 0x00, 0x00, 0x00, 0x00, 0x00, 0x00, 0x00, 0x00, 0x00, 0x00,
    0x00, 0x00, 0x00, 0x00, 0x00, 0x00, 0x00, 0x00, 0x00, 0x00, 0x00, 0x00,
    0x00, 0x00, 0x00, 0x00, 0x00, 0x00, 0x00, 0x00, 0x00, 0x00, 0x00, 0x00,
    0x00, 0x00, 0x00, 0x00, 0x00, 0x00, 0x00, 0x00, 0x00, 0x00, 0x00, 0x00,
    0x00, 0x00, 0x00, 0x00, 0x00, 0x00, 0x00, 0x00, 0x00, 0x00, 0x00, 0x00,
    0x00, 0x00, 0x00, 0x00, 0x00, 0x00, 0x00, 0x00, 0x00, 0x00, 0x65, 0xfa,
    0xe2, 0xb3, 0x8a, 0x7c, 0xad, 0x9d, 0xac, 0x9d, 0xad, 0x95, 0xac, 0x95,
    0xa9, 0x6b, 0x00, 0xec, 0x21, 0xf8, 0x4f, 0x39, 0x90, 0x00, 0x90, 0x08,
    0xd1, 0x08, 0x90, 0x00, 0xf5, 0x5a, 0xd1, 0x08, 0x90, 0x00, 0x90, 0x00,
    0x90, 0x00, 0xf3, 0x31, 0x90, 0x00, 0xb3, 0xab, 0x6c, 0x48, 0x26, 0xa0,
    0x20, 0xf8, 0x80, 0xf9, 0xc0, 0xf3, 0xc2, 0xab, 0x26, 0x6b, 0xab, 0x7c,
    0xac, 0x95, 0xac, 0x9d, 0x68, 0x6b, 0x20, 0xf4, 0x21, 0xf8, 0x0f, 0x39,
    0xd4, 0xa3, 0x47, 0x88, 0x22, 0xe0, 0x80, 0xf8, 0x00, 0xfa, 0xa0, 0xfb,
    0x21, 0xcc, 0x63, 0x93, 0x46, 0x73, 0xa9, 0x63, 0xab, 0x7c, 0x6c, 0x95,
    0xac, 0x95, 0xad, 0x95, 0xac, 0x9d, 0xac, 0x9d, 0xad, 0x95, 0x4c, 0x8d,
    0x06, 0x63, 0x21, 0xf4, 0x20, 0xf8, 0x13, 0x7b, 0x76, 0x63, 0xfc, 0xc5,
    0x90, 0x00, 0x90, 0x00, 0x20, 0xf8, 0x01, 0xd4, 0x6a, 0x7c, 0xac, 0x9d,
    0xad, 0x95, 0x8c, 0x95, 0xad, 0x9d, 0x8d, 0x95, 0x6c, 0x95, 0x82, 0x9b,
    0xc0, 0xf8, 0x2f, 0x8a, 0x8f, 0x08, 0xec, 0x60, 0x28, 0xc9, 0x61, 0xf8,
    0xe0, 0xf8, 0x80, 0xfa, 0xe0, 0xf3, 0x01, 0xc4, 0x63, 0x8b, 0x46, 0x6b,
    0x89, 0x6b, 0x8a, 0x7c, 0x4c, 0x8d, 0xac, 0x9d, 0xac, 0x95, 0xad, 0x9d,
    0xad, 0x9d, 0xcb, 0x84, 0xe5, 0x6a, 0x48, 0x83, 0x9e, 0xf7, 0xf1, 0x83,
    0xa9, 0x31, 0x26, 0x29, 0xdb, 0xde, 0x0b, 0x19, 0x70, 0x00, 0x90, 0x00,
    0x56, 0x63, 0x56, 0xa4, 0x4a, 0x68, 0x65, 0xc8, 0x40, 0xf8, 0x80, 0xf9,
    0x60, 0xfb, 0x21, 0xcc, 0x43, 0x8b, 0x47, 0x6b, 0x8b, 0x7c, 0x8c, 0x95,
    0xad, 0x9d, 0xac, 0x95, 0x0b, 0x8d, 0x23, 0x83, 0x20, 0xf5, 0x01, 0xdc,
    0x01, 0xc4, 0xe1, 0xe4, 0x60, 0xf8, 0x6d, 0x30, 0x90, 0x00, 0xd0, 0x08,
    0xf5, 0x52, 0x54, 0x42, 0x70, 0x00, 0x90, 0x00, 0x90, 0x08, 0x52, 0x6a,
    0x0a, 0x99, 0x43, 0xe0, 0x00, 0xf9, 0xa0, 0xfa, 0xa1, 0xdb, 0xa2, 0xa3,
    0x44, 0x7b, 0x68, 0x63, 0x2a, 0x74, 0x2b, 0x8d, 0xac, 0x95, 0xad, 0x9d,
    0xad, 0x9d, 0xad, 0x9d, 0x8d, 0x95, 0x6a, 0x7c, 0x24, 0x83, 0x20, 0xfb,
    0x21, 0xe0, 0x76, 0xb5, 0x00, 0x00, 0x00, 0x00, 0x00, 0x00, 0x00, 0x00,
    0x00, 0x00, 0x00, 0x00, 0x00, 0x00, 0x00, 0x00, 0x00, 0x00, 0x00, 0x00,
    0x00, 0x00, 0x00, 0x00, 0x00, 0x00, 0x00, 0x00, 0x00, 0x00, 0x00, 0x00,
    0x00, 0x00, 0x00, 0x00, 0x00, 0x00, 0x00, 0x00, 0x00, 0x00, 0x00, 0x00,
    0x00, 0x00, 0x00, 0x00, 0x00, 0x00, 0x00, 0x00, 0x00, 0x00, 0x00, 0x00,
    0x00, 0x00, 0x00, 0x00, 0x00, 0x00, 0x00, 0x00, 0x00, 0x00, 0x00, 0x00,
    0x00, 0x00, 0x00, 0x00, 0x00, 0x00, 0x00, 0x00, 0x00, 0x00, 0x00, 0x00,
    0x00, 0x00, 0x00, 0x00, 0x00, 0x00, 0x00, 0x00, 0x00, 0x00, 0x00, 0x00,
    0xcf, 0xfb, 0x40, 0xec, 0x47, 0x63, 0xad, 0x95, 0xac, 0x9d, 0x8d, 0x95,
    0xac, 0x9d, 0x8c, 0x95, 0x23, 0x83, 0xe0, 0xf9, 0x47, 0x98, 0x54, 0x3a,
    0x11, 0x11, 0xb0, 0x08, 0x94, 0x42, 0x72, 0x21, 0xb0, 0x00, 0x90, 0x00,
    0x90, 0x00, 0x90, 0x00, 0x90, 0x00, 0x90, 0x00, 0x90, 0x00, 0x52, 0x5a,
    0x42, 0xf0, 0x00, 0xf9, 0x60, 0xf4, 0x63, 0x93, 0x47, 0x63, 0x0b, 0x8d,
    0xad, 0x9d, 0xac, 0x95, 0xac, 0x9d, 0xeb, 0x84, 0x82, 0xa3, 0x60, 0xf9,
    0xe4, 0xf8, 0x05, 0xf9, 0x60, 0xf8, 0xe0, 0xf9, 0xa0, 0xf3, 0xc2, 0xbb,
    0x44, 0x83, 0x48, 0x63, 0x8a, 0x7c, 0x8c, 0x95, 0xad, 0x95, 0xac, 0x9d,
    0xad, 0x9d, 0xac, 0x95, 0xad, 0x9d, 0x8d, 0x95, 0xac, 0x9d, 0xad, 0x95,
    0xad, 0x9d, 0xac, 0x9d, 0x6c, 0x95, 0x23, 0x8b, 0xe0, 0xf9, 0x48, 0x88,
    0x90, 0x00, 0x78, 0x8c, 0x92, 0x29, 0x71, 0x31, 0x20, 0xf8, 0x01, 0xcc,
    0xab, 0x84, 0xad, 0x9d, 0xac, 0x95, 0xac, 0x9d, 0xad, 0x95, 0xac, 0x95,
    0x6c, 0x95, 0x82, 0xa3, 0xc0, 0xf8, 0x25, 0xc0, 0x01, 0xe8, 0xa0, 0xf8,
    0x80, 0xfa, 0x01, 0xe4, 0xa2, 0xab, 0x25, 0x73, 0x88, 0x6b, 0xcb, 0x84,
    0x8d, 0x95, 0xad, 0x9d, 0xac, 0x9d, 0xad, 0x95, 0xac, 0x95, 0x8d, 0x9d,
    0xac, 0x95, 0xac, 0x95, 0xad, 0x9d, 0xac, 0x95, 0xc9, 0x6b, 0x96, 0xb5,
    0x68, 0x82, 0x47, 0x80, 0x4b, 0x21, 0xab, 0x10, 0xb0, 0x7b, 0x6c, 0x29,
    0x90, 0x00, 0x90, 0x08, 0xc7, 0xb0, 0x20, 0xf8, 0x60, 0xf9, 0x20, 0xfb,
    0x21, 0xd4, 0x63, 0x93, 0x27, 0x63, 0x6a, 0x7c, 0x8c, 0x95, 0xad, 0x9d,
    0xac, 0x95, 0xad, 0x9d, 0xac, 0x9d, 0xad, 0x95, 0x2a, 0x74, 0x27, 0x63,
    0x88, 0x6b, 0x2a, 0x74, 0x4a, 0x7c, 0x01, 0xb4, 0x20, 0xf8, 0x6e, 0x20,
    0x90, 0x00, 0xf1, 0x10, 0xf3, 0x31, 0x31, 0x19, 0x6f, 0x18, 0x4e, 0xaa,
    0x43, 0xc8, 0x20, 0xf9, 0xc0, 0xfa, 0xa1, 0xcb, 0x63, 0x8b, 0x27, 0x63,
    0x2a, 0x74, 0x6c, 0x95, 0xac, 0x95, 0xad, 0x9d, 0xac, 0x95, 0xac, 0x95,
    0xad, 0x9d, 0xac, 0x95, 0xac, 0x9d, 0xac, 0x95, 0xad, 0x9d, 0xac, 0x9d,
    0xab, 0x84, 0xe1, 0xb3, 0xa0, 0xf8, 0xc3, 0x60, 0x00, 0x00, 0x00, 0x00,
    0x00, 0x00, 0x00, 0x00, 0x00, 0x00, 0x00, 0x00, 0x00, 0x00, 0x00, 0x00,
    0x00, 0x00, 0x00, 0x00, 0x00, 0x00, 0x00, 0x00, 0x00, 0x00, 0x00, 0x00,
    0x00, 0x00, 0x00, 0x00, 0x00, 0x00, 0x00, 0x00, 0x00, 0x00, 0x00, 0x00,
    0x00, 0x00, 0x00, 0x00, 0x00, 0x00, 0x00, 0x00, 0x00, 0x00, 0x00, 0x00,
    0x00, 0x00, 0x00, 0x00, 0x00, 0x00, 0x00, 0x00, 0x00, 0x00, 0x00, 0x00,
    0x00, 0x00, 0x00, 0x00, 0x00, 0x00, 0x00, 0x00, 0x00, 0x00, 0x00, 0x00,
    0x00, 0x00, 0x00, 0x00, 0x00, 0x00, 0x00, 0x00, 0x00, 0x00, 0x00, 0x00,
    0x00, 0x00, 0x38, 0xfe, 0xe0, 0xfa, 0x04, 0x7b, 0x6c, 0x95, 0xad, 0x9d,
    0xac, 0x95, 0xad, 0x95, 0xad, 0x9d, 0x2a, 0x74, 0x01, 0xd4, 0x41, 0xf8,
    0xf1, 0x49, 0x5a, 0xad, 0xb0, 0x08, 0xd1, 0x08, 0xd3, 0x29, 0x72, 0x21,
    0x11, 0x11, 0x90, 0x00, 0x70, 0x00, 0x90, 0x00, 0x70, 0x00, 0x99, 0x8c,
    0xf1, 0x10, 0x90, 0x00, 0x6c, 0x40, 0x20, 0xf8, 0xc0, 0xfb, 0xe5, 0x6a,
    0x8d, 0x95, 0xad, 0x9d, 0xac, 0x95, 0x8d, 0x9d, 0x8d, 0x95, 0x06, 0x6b,
    0xa0, 0xfb, 0x20, 0xf8, 0x60, 0xf9, 0x60, 0xfb, 0xe1, 0xc3, 0x83, 0x6a,
    0x26, 0x42, 0xc9, 0x6b, 0x8a, 0x7c, 0xeb, 0x84, 0x6c, 0x95, 0xad, 0x95,
    0xac, 0x9d, 0x8c, 0x95, 0xad, 0x95, 0xac, 0x9d, 0x8c, 0x9d, 0xad, 0x95,
    0xac, 0x95, 0x8c, 0x9d, 0xad, 0x95, 0xac, 0x9d, 0xad, 0x95, 0x67, 0x6b,
    0x40, 0xfb, 0x25, 0xb8, 0x90, 0x00, 0xb3, 0x29, 0x92, 0x21, 0x10, 0x31,
    0x40, 0xf8, 0x01, 0xc4, 0x0b, 0x8d, 0xad, 0x95, 0xac, 0x9d, 0x8d, 0x9d,
    0xac, 0x9d, 0xad, 0x95, 0x6c, 0x95, 0x82, 0x9b, 0x00, 0xf9, 0x20, 0xfa,
    0xc1, 0xf3, 0x82, 0xa3, 0xa4, 0x62, 0x48, 0x5b, 0xeb, 0x84, 0x8c, 0x95,
    0xad, 0x9d, 0xad, 0x95, 0xac, 0x95, 0xac, 0x9d, 0xad, 0x95, 0xac, 0x9d,
    0xad, 0x9d, 0xad, 0x95, 0x8c, 0x9d, 0xad, 0x9d, 0x8d, 0x95, 0x0b, 0x8d,
    0x49, 0x4a, 0x26, 0x42, 0xa0, 0xfb, 0x23, 0xd0, 0xad, 0x31, 0x31, 0x42,
    0x4c, 0x21, 0x6a, 0x29, 0x90, 0x00, 0x47, 0x88, 0x00, 0xf9, 0x41, 0xe4,
    0x62, 0x93, 0x26, 0x6b, 0x4a, 0x74, 0x8c, 0x95, 0xad, 0x9d, 0xad, 0x9d,
    0xac, 0x95, 0xad, 0x95, 0xac, 0x9d, 0xad, 0x95, 0xac, 0x95, 0x8d, 0x9d,
    0xad, 0x9d, 0xac, 0x95, 0xad, 0x9d, 0xac, 0x9d, 0xab, 0x84, 0x01, 0xc4,
    0x00, 0xf8, 0x6e, 0x20, 0x90, 0x00, 0x90, 0x08, 0x6b, 0x48, 0x86, 0xb8,
    0xe0, 0xf8, 0xc0, 0xfa, 0xc1, 0xcb, 0xe2, 0x82, 0x86, 0x52, 0x09, 0x6c,
    0x2c, 0x8d, 0xac, 0x95, 0xac, 0x9d, 0xad, 0x95, 0xac, 0x9d, 0x8d, 0x9d,
    0xad, 0x95, 0x8c, 0x9d, 0x8d, 0x9d, 0xad, 0x95, 0x8c, 0x95, 0xad, 0x9d,
    0xac, 0x95, 0xad, 0x95, 0xac, 0x95, 0x24, 0x7b, 0x20, 0xfa, 0x82, 0x98,
    0x35, 0xad, 0x00, 0x00, 0x00, 0x00, 0x00, 0x00, 0x00, 0x00, 0x00, 0x00,
    0x00, 0x00, 0x00, 0x00, 0x00, 0x00, 0x00, 0x00, 0x00, 0x00, 0x00, 0x00,
    0x00, 0x00, 0x00, 0x00, 0x00, 0x00, 0x00, 0x00, 0x00, 0x00, 0x00, 0x00,
    0x00, 0x00, 0x00, 0x00, 0x00, 0x00, 0x00, 0x00, 0x00, 0x00, 0x00, 0x00,
    0x00, 0x00, 0x00, 0x00, 0x00, 0x00, 0x00, 0x00, 0x00, 0x00, 0x00, 0x00,
    0x00, 0x00, 0x00, 0x00, 0x00, 0x00, 0x00, 0x00, 0x00, 0x00, 0x00, 0x00,
    0x00, 0x00, 0x00, 0x00, 0x00, 0x00, 0x00, 0x00, 0x00, 0x00, 0x00, 0x00,
    0x00, 0x00, 0x00, 0x00, 0x00, 0x00, 0x22, 0xf9, 0x21, 0xc4, 0x6a, 0x74,
    0xad, 0x9d, 0xac, 0x95, 0x8d, 0x9d, 0xac, 0x9d, 0xac, 0x95, 0x26, 0x6b,
    0xe0, 0xfa, 0xc6, 0xc8, 0xb0, 0x00, 0x92, 0x29, 0x72, 0x21, 0x56, 0x63,
    0xb2, 0x29, 0x90, 0x00, 0x13, 0x3a, 0x34, 0x3a, 0x90, 0x00, 0x31, 0x19,
    0x90, 0x00, 0xb0, 0x08, 0xf1, 0x10, 0xf1, 0x10, 0x38, 0x84, 0x4a, 0x60,
    0x80, 0xf8, 0x41, 0xdc, 0xe9, 0x6b, 0xac, 0x95, 0xad, 0x9d, 0xac, 0x95,
    0x6a, 0x7c, 0x21, 0xc4, 0x80, 0xfb, 0xe0, 0xfc, 0x60, 0xfd, 0x41, 0xcc,
    0x21, 0xc4, 0x21, 0xd4, 0x21, 0xd4, 0x21, 0xd4, 0x01, 0xcc, 0xe1, 0xbb,
    0x42, 0x93, 0x27, 0x6b, 0x8c, 0x95, 0xad, 0x9d, 0xad, 0x95, 0x8c, 0x9d,
    0xad, 0x95, 0xad, 0x9d, 0xac, 0x9d, 0x8d, 0x95, 0xac, 0x95, 0xad, 0x9d,
    0x8c, 0x95, 0x88, 0x6b, 0x80, 0xfb, 0x46, 0xe9, 0x90, 0x00, 0x90, 0x00,
    0x90, 0x00, 0x8e, 0x28, 0x40, 0xf8, 0xe1, 0xb3, 0x4c, 0x8d, 0x8c, 0x95,
    0xad, 0x95, 0xad, 0x9d, 0x8c, 0x95, 0xad, 0x9d, 0x6c, 0x95, 0x82, 0x9b,
    0x60, 0xfd, 0x81, 0xd4, 0x62, 0x9b, 0x82, 0xa3, 0xc2, 0xab, 0xa2, 0xab,
    0x82, 0xa3, 0x42, 0x93, 0x44, 0x83, 0x68, 0x6b, 0x8c, 0x95, 0xad, 0x95,
    0x8c, 0x9d, 0x8d, 0x95, 0xac, 0x95, 0xac, 0x9d, 0xad, 0x95, 0xac, 0x9d,
    0x8c, 0x95, 0x87, 0x4a, 0x6a, 0x7c, 0xa9, 0x6b, 0x00, 0xf4, 0x02, 0xe0,
    0xcc, 0x10, 0xd4, 0x52, 0x10, 0x11, 0xe7, 0x18, 0x6e, 0x18, 0x00, 0xf8,
    0x00, 0xec, 0x27, 0x63, 0x6c, 0x95, 0xad, 0x95, 0xac, 0x9d, 0xac, 0x95,
    0xad, 0x95, 0xac, 0x9d, 0xad, 0x9d, 0x8c, 0x95, 0xad, 0x9d, 0x8c, 0x95,
    0x6a, 0x7c, 0x8c, 0x95, 0xac, 0x9d, 0xad, 0x95, 0xac, 0x95, 0xad, 0x95,
    0x4a, 0x74, 0x01, 0xdc, 0x00, 0xf8, 0x6c, 0x48, 0x47, 0x90, 0x81, 0xe8,
    0x40, 0xfa, 0x60, 0xfc, 0x40, 0xfd, 0x01, 0xbc, 0xa2, 0xab, 0xc2, 0xab,
    0xe1, 0xbb, 0xc2, 0xab, 0x82, 0xa3, 0x22, 0x8b, 0x26, 0x73, 0xcb, 0x84,
    0xac, 0x95, 0xac, 0x9d, 0xad, 0x95, 0xac, 0x9d, 0xad, 0x95, 0xad, 0x9d,
    0x8c, 0x9d, 0xad, 0x95, 0x8d, 0x9d, 0xac, 0x9d, 0xad, 0x95, 0x66, 0x7b,
    0xa0, 0xfa, 0x62, 0xa8, 0xcb, 0x5a, 0x00, 0x00, 0x00, 0x00, 0x00, 0x00,
    0x00, 0x00, 0x00, 0x00, 0x00, 0x00, 0x00, 0x00, 0x00, 0x00, 0x00, 0x00,
    0x00, 0x00, 0x00, 0x00, 0x00, 0x00, 0x00, 0x00, 0x00, 0x00, 0x00, 0x00,
    0x00, 0x00, 0x00, 0x00, 0x00, 0x00, 0x00, 0x00, 0x00, 0x00, 0x00, 0x00,
    0x00, 0x00, 0x00, 0x00, 0x00, 0x00, 0x00, 0x00, 0x00, 0x00, 0x00, 0x00,
    0x00, 0x00, 0x00, 0x00, 0x00, 0x00, 0x00, 0x00, 0x00, 0x00, 0x00, 0x00,
    0x00, 0x00, 0x00, 0x00, 0x00, 0x00, 0x00, 0x00, 0x00, 0x00, 0x00, 0x00,
    0x00, 0x00, 0x00, 0x00, 0x00, 0x00, 0x00, 0x00, 0x75, 0xfd, 0xc0, 0xfb,
    0x26, 0x6b, 0xad, 0x9d, 0xac, 0x95, 0xad, 0x95, 0x8c, 0x9d, 0xad, 0x9d,
    0x6c, 0x95, 0x42, 0x93, 0x20, 0xf9, 0xcc, 0x60, 0x1c, 0xbe, 0x92, 0x21,
    0xd1, 0x08, 0x72, 0x21, 0x15, 0x5b, 0x58, 0x84, 0x90, 0x00, 0x90, 0x00,
    0xb1, 0x08, 0xf7, 0x73, 0x76, 0x63, 0x90, 0x00, 0x94, 0x4a, 0x90, 0x00,
    0x11, 0x11, 0xd1, 0x08, 0x45, 0xb8, 0xa0, 0xfa, 0x45, 0x7b, 0xac, 0x95,
    0xad, 0x9d, 0xad, 0x95, 0x6a, 0x7c, 0x41, 0xc4, 0xc0, 0xf9, 0xe0, 0xf8,
    0xa0, 0xf8, 0x40, 0xf8, 0x00, 0xf8, 0x01, 0xf8, 0x00, 0xf8, 0x00, 0xf8,
    0x00, 0xf8, 0x00, 0xf8, 0xc0, 0xf8, 0x01, 0xbc, 0x0c, 0x8d, 0xac, 0x9d,
    0xad, 0x95, 0xac, 0x95, 0xad, 0x9d, 0xac, 0x95, 0x8d, 0x9d, 0xac, 0x9d,
    0xad, 0x95, 0xac, 0x9d, 0xad, 0x9d, 0x67, 0x6b, 0x40, 0xfb, 0x45, 0xc0,
    0xb3, 0x29, 0x90, 0x00, 0x52, 0x19, 0xae, 0x38, 0x60, 0xf8, 0xe2, 0xb3,
    0x4c, 0x95, 0xac, 0x9d, 0xad, 0x95, 0xac, 0x95, 0xac, 0x9d, 0xad, 0x95,
    0x6c, 0x95, 0x82, 0x9b, 0xe0, 0xf9, 0x40, 0xf9, 0x00, 0xf9, 0xc0, 0xf8,
    0x80, 0xf8, 0xa0, 0xf8, 0x80, 0xf8, 0xe0, 0xf8, 0x60, 0xf9, 0x21, 0xcc,
    0x4a, 0x7c, 0xad, 0x9d, 0xac, 0x95, 0xad, 0x9d, 0xad, 0x9d, 0x8c, 0x95,
    0xad, 0x95, 0xad, 0x9d, 0xeb, 0x84, 0x4c, 0x8d, 0xad, 0x9d, 0x89, 0x63,
    0xe0, 0xfb, 0x63, 0xe0, 0xee, 0x10, 0x90, 0x00, 0x92, 0x21, 0x0e, 0x42,
    0x49, 0x68, 0x40, 0xf9, 0x83, 0x9b, 0x6c, 0x95, 0xad, 0x95, 0xac, 0x9d,
    0x8d, 0x9d, 0xad, 0x95, 0x8c, 0x95, 0xac, 0x9d, 0xad, 0x95, 0x2c, 0x8d,
    0x88, 0x6b, 0x23, 0x83, 0xa6, 0x5a, 0xad, 0x9d, 0xac, 0x95, 0x8d, 0x9d,
    0xac, 0x9d, 0xac, 0x95, 0xc9, 0x6b, 0x00, 0xfc, 0x00, 0xf8, 0x00, 0xf8,
    0x40, 0xf9, 0x60, 0xfa, 0x20, 0xfa, 0xc0, 0xf9, 0x40, 0xf9, 0xe0, 0xf8,
    0x80, 0xf8, 0x60, 0xf8, 0x40, 0xf8, 0x40, 0xf8, 0x80, 0xf8, 0xc0, 0xf8,
    0x80, 0xfb, 0x26, 0x6b, 0xad, 0x9d, 0xad, 0x95, 0x8c, 0x9d, 0xac, 0x95,
    0xad, 0x95, 0xac, 0x9d, 0xac, 0x95, 0xad, 0x95, 0xac, 0x9d, 0x8c, 0x9d,
    0xad, 0x9d, 0x65, 0x7b, 0x40, 0xfa, 0x82, 0x98, 0xeb, 0x62, 0x00, 0x00,
    0x00, 0x00, 0x00, 0x00, 0x00, 0x00, 0x00, 0x00, 0x00, 0x00, 0x00, 0x00,
    0x00, 0x00, 0x00, 0x00, 0x00, 0x00, 0x00, 0x00, 0x00, 0x00, 0x00, 0x00,
    0x00, 0x00, 0x00, 0x00, 0x00, 0x00, 0x00, 0x00, 0x00, 0x00, 0x00, 0x00,
    0x00, 0x00, 0x00, 0x00, 0x00, 0x00, 0x00, 0x00, 0x00, 0x00, 0x00, 0x00,
    0x00, 0x00, 0x00, 0x00, 0x00, 0x00, 0x00, 0x00, 0x00, 0x00, 0x00, 0x00,
    0x00, 0x00, 0x00, 0x00, 0x00, 0x00, 0x00, 0x00, 0x00, 0x00, 0x00, 0x00,
    0x00, 0x00, 0x00, 0x00, 0x00, 0x00, 0x00, 0x00, 0x00, 0x00, 0x00, 0x00,
    0xa2, 0xf9, 0xc2, 0xab, 0xcb, 0x84, 0xac, 0x9d, 0x8d, 0x95, 0xac, 0x9d,
    0xad, 0x95, 0xad, 0x95, 0xab, 0x7c, 0xe1, 0xc3, 0x41, 0xf8, 0xf7, 0x83,
    0x76, 0x63, 0xd1, 0x10, 0xd1, 0x08, 0x94, 0x4a, 0x32, 0x19, 0x92, 0x21,
    0x90, 0x00, 0x90, 0x00, 0x90, 0x00, 0xb1, 0x08, 0xd1, 0x08, 0x90, 0x00,
    0xf1, 0x10, 0x96, 0x6b, 0x90, 0x00, 0x74, 0x42, 0x6a, 0x60, 0x60, 0xf9,
    0x63, 0x93, 0x8c, 0x9d, 0xac, 0x95, 0xad, 0x9d, 0x8c, 0x95, 0x05, 0x73,
    0xc0, 0xfa, 0x22, 0xd8, 0x6d, 0x30, 0x6e, 0x20, 0x8f, 0x18, 0x6f, 0x10,
    0x6b, 0x50, 0x20, 0xf8, 0x80, 0xf9, 0x00, 0xfb, 0x21, 0xe4, 0x04, 0x73,
    0x8c, 0x95, 0xad, 0x9d, 0x8c, 0x95, 0xad, 0x9d, 0xac, 0x9d, 0x8c, 0x95,
    0xad, 0x95, 0xad, 0x9d, 0x8c, 0x95, 0xac, 0x95, 0xad, 0x9d, 0x66, 0x73,
    0xe0, 0xfa, 0x07, 0xc9, 0x90, 0x00, 0xd2, 0x29, 0x90, 0x00, 0x30, 0x7a,
    0xa0, 0xf8, 0xc2, 0xab, 0x6c, 0x95, 0xad, 0x95, 0xac, 0x9d, 0x8d, 0x9d,
    0xad, 0x95, 0xac, 0x9d, 0x6c, 0x95, 0x82, 0x9b, 0x60, 0xf8, 0x82, 0x90,
    0xa3, 0x60, 0xc3, 0x58, 0xc2, 0x60, 0x00, 0xf0, 0x80, 0xf8, 0xc0, 0xf9,
    0x40, 0xfb, 0x82, 0x9b, 0xeb, 0x84, 0xac, 0x9d, 0xad, 0x95, 0xac, 0x95,
    0x8c, 0x9d, 0xad, 0x9d, 0xac, 0x95, 0x8c, 0x9d, 0xad, 0x9d, 0xac, 0x95,
    0xac, 0x9d, 0x68, 0x63, 0xa0, 0xfb, 0x24, 0xc8, 0x71, 0x21, 0xf7, 0x73,
    0x72, 0x21, 0xb0, 0x08, 0x24, 0xc0, 0x20, 0xfb, 0x46, 0x6b, 0xac, 0x9d,
    0xad, 0x95, 0xac, 0x95, 0xac, 0x9d, 0xad, 0x9d, 0x8d, 0x95, 0xab, 0x84,
    0x46, 0x6b, 0x82, 0x9b, 0x00, 0xf4, 0xc0, 0xfc, 0x89, 0x63, 0xac, 0x95,
    0xad, 0x9d, 0xad, 0x95, 0x8c, 0x9d, 0xad, 0x9d, 0x87, 0x6b, 0x60, 0xfb,
    0x01, 0xe8, 0x49, 0x68, 0x4a, 0x68, 0x6a, 0x58, 0x4b, 0x58, 0x2d, 0x69,
    0xef, 0x71, 0x6c, 0x38, 0x6f, 0x51, 0xae, 0x28, 0x6d, 0x38, 0x23, 0xd8,
    0x20, 0xf8, 0xa0, 0xf9, 0x40, 0xec, 0x47, 0x63, 0xad, 0x9d, 0xad, 0x95,
    0x8c, 0x9d, 0xad, 0x9d, 0x8c, 0x95, 0xad, 0x9d, 0xac, 0x9d, 0x8d, 0x95,
    0xac, 0x95, 0xad, 0x95, 0xac, 0x9d, 0x44, 0x83, 0x00, 0xfa, 0x82, 0x88,
    0x2c, 0x6b, 0x00, 0x00, 0x00, 0x00, 0x00, 0x00, 0x00, 0x00, 0x00, 0x00,
    0x00, 0x00, 0x00, 0x00, 0x00, 0x00, 0x00, 0x00, 0x00, 0x00, 0x00, 0x00,
    0x00, 0x00, 0x00, 0x00, 0x00, 0x00, 0x00, 0x00, 0x00, 0x00, 0x00, 0x00,
    0x00, 0x00, 0x00, 0x00, 0x00, 0x00, 0x00, 0x00, 0x00, 0x00, 0x00, 0x00,
    0x00, 0x00, 0x00, 0x00, 0x00, 0x00, 0x00, 0x00, 0x00, 0x00, 0x00, 0x00,
    0x00, 0x00, 0x00, 0x00, 0x00, 0x00, 0x00, 0x00, 0x00, 0x00, 0x00, 0x00,
    0x00, 0x00, 0x00, 0x00, 0x00, 0x00, 0x00, 0x00, 0x00, 0x00, 0x00, 0x00,
    0x00, 0x00, 0xf8, 0xfd, 0xe0, 0xfb, 0x26, 0x6b, 0xac, 0x95, 0xad, 0x9d,
    0xac, 0x9d, 0x8c, 0x95, 0xad, 0x9d, 0xac, 0x9d, 0xc9, 0x6b, 0xc0, 0xf3,
    0x64, 0xd8, 0xd1, 0x08, 0xb7, 0x6b, 0x13, 0x3a, 0xd1, 0x08, 0xf3, 0x31,
    0x90, 0x00, 0x90, 0x00, 0x90, 0x00, 0x90, 0x00, 0x90, 0x00, 0xf1, 0x10,
    0x90, 0x00, 0x34, 0x3a, 0x90, 0x00, 0x90, 0x00, 0x34, 0x3a, 0x31, 0x19,
    0x69, 0x78, 0xa0, 0xf9, 0x63, 0x8b, 0x8d, 0x95, 0xac, 0x9d, 0xad, 0x9d,
    0xac, 0x95, 0x2a, 0x74, 0x21, 0xdc, 0x20, 0xf8, 0x6d, 0x30, 0x90, 0x00,
    0x90, 0x00, 0x90, 0x00, 0x22, 0xe0, 0x40, 0xfb, 0x63, 0x93, 0x26, 0x6b,
    0xc9, 0x6b, 0x6c, 0x95, 0xac, 0x9d, 0xad, 0x95, 0x8c, 0x9d, 0xad, 0x95,
    0xad, 0x9d, 0xeb, 0x84, 0xac, 0x95, 0xad, 0x9d, 0xac, 0x9d, 0x8d, 0x95,
    0xac, 0x95, 0x46, 0x7b, 0xa0, 0xfa, 0x89, 0xc1, 0xb0, 0x00, 0x72, 0x21,
    0x72, 0x21, 0x6b, 0x48, 0xe0, 0xf8, 0xa2, 0xa3, 0x8c, 0x95, 0xad, 0x95,
    0x8c, 0x9d, 0xac, 0x95, 0xad, 0x95, 0x8d, 0x9d, 0x6c, 0x95, 0x82, 0x9b,
    0x60, 0xf8, 0xc3, 0x58, 0x04, 0x21, 0x04, 0x21, 0x41, 0xb8, 0xe0, 0xf9,
    0x21, 0xcc, 0x63, 0x8b, 0x27, 0x63, 0x8a, 0x7c, 0xad, 0x9d, 0xad, 0x9d,
    0x8c, 0x95, 0xad, 0x95, 0x8c, 0x95, 0x6a, 0x7c, 0x8c, 0x95, 0xad, 0x95,
    0xad, 0x9d, 0xac, 0x95, 0xad, 0x95, 0x67, 0x6b, 0x60, 0xfb, 0x87, 0xe9,
    0xd1, 0x10, 0x72, 0x21, 0x51, 0x19, 0x8f, 0x10, 0x01, 0xf8, 0x20, 0xec,
    0xc9, 0x6b, 0xad, 0x95, 0x8c, 0x9d, 0xad, 0x95, 0xac, 0x9d, 0x4a, 0x7c,
    0x05, 0x73, 0xe1, 0xbb, 0x80, 0xfb, 0x20, 0xf9, 0x00, 0xf8, 0x21, 0xdc,
    0x2a, 0x74, 0xac, 0x9d, 0xac, 0x95, 0xad, 0x95, 0xad, 0x9d, 0xac, 0x95,
    0x45, 0x7b, 0x60, 0xfa, 0x25, 0xb0, 0x90, 0x00, 0x90, 0x00, 0x90, 0x00,
    0x90, 0x00, 0xf1, 0x10, 0x90, 0x00, 0x90, 0x00, 0x72, 0x21, 0x94, 0x4a,
    0x23, 0xd0, 0xe0, 0xf9, 0x41, 0xdc, 0x63, 0x93, 0x47, 0x63, 0x6c, 0x95,
    0xac, 0x9d, 0xac, 0x95, 0xad, 0x95, 0xad, 0x9d, 0x4c, 0x8d, 0x4a, 0x74,
    0xad, 0x9d, 0x8c, 0x9d, 0xad, 0x95, 0xac, 0x9d, 0x8d, 0x95, 0x43, 0x8b,
    0xa0, 0xf9, 0x82, 0x80, 0x8e, 0x73, 0x00, 0x00, 0x00, 0x00, 0x00, 0x00,
    0x00, 0x00, 0x00, 0x00, 0x00, 0x00, 0x00, 0x00, 0x00, 0x00, 0x00, 0x00,
    0x00, 0x00, 0x00, 0x00, 0x00, 0x00, 0x00, 0x00, 0x00, 0x00, 0x00, 0x00,
    0x00, 0x00, 0x00, 0x00, 0x00, 0x00, 0x00, 0x00, 0x00, 0x00, 0x00, 0x00,
    0x00, 0x00, 0x00, 0x00, 0x00, 0x00, 0x00, 0x00, 0x00, 0x00, 0x00, 0x00,
    0x00, 0x00, 0x00, 0x00, 0x00, 0x00, 0x00, 0x00, 0x00, 0x00, 0x00, 0x00,
    0x00, 0x00, 0x00, 0x00, 0x00, 0x00, 0x00, 0x00, 0x00, 0x00, 0x00, 0x00,
    0x00, 0x00, 0x00, 0x00, 0x00, 0x00, 0x20, 0xf9, 0xe1, 0xb3, 0x8b, 0x7c,
    0x4c, 0x95, 0x4c, 0x95, 0x4c, 0x8d, 0x4c, 0x95, 0x4c, 0x95, 0x4c, 0x95,
    0x68, 0x6b, 0x60, 0xfb, 0x25, 0xa8, 0x90, 0x00, 0xf1, 0x10, 0x90, 0x00,
    0x90, 0x00, 0x90, 0x00, 0x90, 0x00, 0x90, 0x00, 0x70, 0x00, 0x90, 0x00,
    0x90, 0x00, 0x90, 0x00, 0x90, 0x00, 0xb0, 0x08, 0x31, 0x19, 0x97, 0x6b,
    0xf1, 0x10, 0x10, 0x21, 0x02, 0xe0, 0x80, 0xfb, 0x26, 0x6b, 0x4c, 0x95,
    0x4c, 0x95, 0x4c, 0x8d, 0x4c, 0x95, 0x4c, 0x8d, 0x03, 0x7b, 0x40, 0xfa,
    0x25, 0xa8, 0x90, 0x00, 0x90, 0x00, 0x6d, 0x38, 0x60, 0xf8, 0xe1, 0xbb,
    0x6a, 0x7c, 0x4c, 0x95, 0x4c, 0x95, 0x4c, 0x95, 0x4c, 0x95, 0x4c, 0x95,
    0x4c, 0x8d, 0x8a, 0x7c, 0x05, 0x6b, 0x64, 0x5a, 0x4c, 0x95, 0x4c, 0x95,
    0x4c, 0x95, 0x4c, 0x95, 0x4c, 0x95, 0x25, 0x7b, 0x60, 0xfa, 0x48, 0x88,
    0xd3, 0x31, 0x34, 0x3a, 0x90, 0x00, 0x8b, 0x58, 0x20, 0xf9, 0x83, 0x9b,
    0x4c, 0x8d, 0x4c, 0x95, 0x4c, 0x95, 0x4c, 0x95, 0x4c, 0x95, 0x4c, 0x95,
    0x0c, 0x8d, 0xa2, 0xa3, 0x40, 0xf8, 0xc3, 0x58, 0x04, 0x21, 0xe3, 0x30,
    0x00, 0xf8, 0x41, 0xe4, 0x68, 0x63, 0x4c, 0x8d, 0x4c, 0x95, 0x4c, 0x95,
    0x4c, 0x95, 0x4c, 0x95, 0x4c, 0x95, 0x4a, 0x74, 0x25, 0x73, 0xa3, 0x72,
    0x2c, 0x8d, 0x4c, 0x95, 0x4c, 0x95, 0x4c, 0x95, 0x4c, 0x95, 0x47, 0x6b,
    0x20, 0xfb, 0xc8, 0xe1, 0x74, 0x42, 0x31, 0x19, 0x96, 0x6b, 0x6d, 0x30,
    0x80, 0xf8, 0xe1, 0xb3, 0xab, 0x84, 0x4c, 0x95, 0x4c, 0x95, 0x4c, 0x95,
    0x2c, 0x8d, 0x22, 0x8b, 0xe0, 0xfa, 0xa0, 0xf8, 0x23, 0xd0, 0x24, 0xc0,
    0x60, 0xf8, 0x01, 0xbc, 0xab, 0x7c, 0x4c, 0x95, 0x4c, 0x95, 0x4c, 0x95,
    0x4c, 0x95, 0x0b, 0x8d, 0x62, 0x93, 0x20, 0xf9, 0x4a, 0x68, 0x90, 0x00,
    0xd3, 0x29, 0x90, 0x00, 0x90, 0x00, 0x90, 0x00, 0x70, 0x00, 0xb5, 0x4a,
    0x70, 0x00, 0x30, 0x82, 0x80, 0xf8, 0x21, 0xc4, 0x68, 0x63, 0x4c, 0x8d,
    0x4c, 0x95, 0x4c, 0x95, 0x4c, 0x95, 0x4c, 0x95, 0x2c, 0x8d, 0x88, 0x63,
    0x62, 0x93, 0xe6, 0x62, 0x4c, 0x8d, 0x4c, 0x95, 0x4c, 0x95, 0x4c, 0x95,
    0x4c, 0x95, 0x23, 0x8b, 0x60, 0xf9, 0xa2, 0x70, 0x31, 0x8c, 0x00, 0x00,
    0x00, 0x00, 0x00, 0x00, 0x00, 0x00, 0x00, 0x00, 0x00, 0x00, 0x00, 0x00,
    0x00, 0x00, 0x00, 0x00, 0x00, 0x00, 0x00, 0x00, 0x00, 0x00, 0x00, 0x00,
    0x00, 0x00, 0x00, 0x00, 0x00, 0x00, 0x00, 0x00, 0x00, 0x00, 0x00, 0x00,
    0x00, 0x00, 0x00, 0x00, 0x00, 0x00, 0x00, 0x00, 0x00, 0x00, 0x00, 0x00,
    0x00, 0x00, 0x00, 0x00, 0x00, 0x00, 0x00, 0x00, 0x00, 0x00, 0x00, 0x00,
    0x00, 0x00, 0x00, 0x00, 0x00, 0x00, 0x00, 0x00, 0x00, 0x00, 0x00, 0x00,
    0x00, 0x00, 0x00, 0x00, 0x00, 0x00, 0x00, 0x00, 0x55, 0xfd, 0x60, 0xfb,
    0x84, 0x52, 0xa6, 0x2a, 0xa6, 0x2a, 0xa7, 0x2a, 0xa6, 0x2a, 0xa6, 0x22,
    0xa6, 0x2a, 0xa6, 0x22, 0x25, 0x3a, 0x40, 0xfb, 0x26, 0xa8, 0x90, 0x00,
    0x90, 0x00, 0x90, 0x00, 0x90, 0x00, 0x90, 0x00, 0x90, 0x00, 0x70, 0x00,
    0x90, 0x00, 0x90, 0x08, 0x70, 0x00, 0x90, 0x00, 0xd7, 0x73, 0x90, 0x00,
    0xf1, 0x10, 0x76, 0x63, 0xf0, 0x20, 0xa5, 0xd8, 0xc0, 0xf9, 0xa2, 0xa3,
    0x86, 0x2a, 0xa6, 0x2a, 0xa6, 0x2a, 0xa6, 0x2a, 0xa6, 0x2a, 0xa6, 0x2a,
    0x46, 0x2a, 0x41, 0xec, 0x20, 0xf8, 0x6e, 0x20, 0x90, 0x00, 0x48, 0x80,
    0xe0, 0xf9, 0xe3, 0x72, 0xa6, 0x2a, 0xa7, 0x2a, 0xa6, 0x2a, 0xa6, 0x22,
    0xa7, 0x2a, 0x46, 0x2a, 0xc3, 0x41, 0xc1, 0xbb, 0x60, 0xfc, 0xe3, 0x72,
    0xa6, 0x2a, 0xa6, 0x2a, 0xa7, 0x22, 0xa6, 0x2a, 0xa6, 0x2a, 0xa3, 0x6a,
    0x20, 0xfa, 0x48, 0x80, 0x33, 0x3a, 0x90, 0x00, 0x11, 0x11, 0x8b, 0x68,
    0x40, 0xf9, 0x22, 0x83, 0xa6, 0x2a, 0xa6, 0x2a, 0xa6, 0x2a, 0xa7, 0x2a,
    0xa6, 0x22, 0xa6, 0x2a, 0x86, 0x2a, 0xa2, 0xa3, 0x60, 0xf8, 0xc3, 0x58,
    0x04, 0x21, 0xa3, 0x70, 0x00, 0xf9, 0x82, 0x9b, 0xa6, 0x2a, 0xa6, 0x2a,
    0xa6, 0x2a, 0xa6, 0x2a, 0xa6, 0x22, 0x26, 0x22, 0x03, 0x52, 0x01, 0xcc,
    0xc0, 0xfb, 0x42, 0x8b, 0xa6, 0x2a, 0xa6, 0x2a, 0xa6, 0x2a, 0xa6, 0x2a,
    0xa6, 0x2a, 0x64, 0x4a, 0xe0, 0xfa, 0xe8, 0xc0, 0x54, 0x3a, 0xf3, 0x31,
    0xf3, 0x31, 0xef, 0xc2, 0x80, 0xf9, 0x23, 0x83, 0xa6, 0x2a, 0xa6, 0x2a,
    0xa6, 0x22, 0xa6, 0x2a, 0x46, 0x22, 0x01, 0xcc, 0x00, 0xf8, 0x24, 0xc0,
    0x22, 0xe0, 0xc0, 0xf8, 0xc0, 0xfb, 0xa4, 0x5a, 0xa6, 0x2a, 0xa6, 0x2a,
    0xa6, 0x2a, 0xa6, 0x2a, 0xa7, 0x2a, 0x05, 0x2a, 0x21, 0xdc, 0x00, 0xf8,
    0x6e, 0x18, 0x90, 0x00, 0x15, 0x5b, 0x99, 0x8c, 0xd3, 0x29, 0x90, 0x00,
    0x31, 0x19, 0x90, 0x00, 0x36, 0x5b, 0xca, 0xc9, 0x20, 0xfa, 0xe3, 0x6a,
    0xa6, 0x2a, 0xa6, 0x2a, 0xa7, 0x2a, 0xa6, 0x2a, 0xa6, 0x22, 0xa5, 0x29,
    0xe2, 0x82, 0x20, 0xf4, 0x20, 0xfc, 0x24, 0x42, 0xa6, 0x2a, 0xa6, 0x2a,
    0xa6, 0x22, 0xa6, 0x2a, 0xa6, 0x2a, 0x22, 0x8b, 0x20, 0xf9, 0xa3, 0x68,
    0xb2, 0x9c, 0x00, 0x00, 0x00, 0x00, 0x00, 0x00, 0x00, 0x00, 0x00, 0x00,
    0x00, 0x00, 0x00, 0x00, 0x00, 0x00, 0xff, 0xff, 0xa7, 0xc9, 0x04, 0x31,
    0xdf, 0xff, 0x00, 0x00, 0x00, 0x00, 0x00, 0x00, 0x00, 0x00, 0x00, 0x00,
    0x00, 0x00, 0x00, 0x00, 0x00, 0x00, 0x00, 0x00, 0x00, 0x00, 0x00, 0x00,
    0x00, 0x00, 0x00, 0x00, 0x00, 0x00, 0x00, 0x00, 0x00, 0x00, 0x00, 0x00,
    0x00, 0x00, 0x00, 0x00, 0x00, 0x00, 0x00, 0x00, 0x00, 0x00, 0x00, 0x00,
    0x00, 0x00, 0x00, 0x00, 0x00, 0x00, 0x00, 0x00, 0x00, 0x00, 0x00, 0x00,
    0xaa, 0xfa, 0x41, 0xd4, 0xe7, 0x2a, 0xc8, 0x2b, 0xc8, 0x2b, 0xe8, 0x2b,
    0xc8, 0x2b, 0xe8, 0x2b, 0xc8, 0x2b, 0xc8, 0x2b, 0xa6, 0x32, 0xa0, 0xfb,
    0x23, 0xc8, 0x90, 0x00, 0x90, 0x00, 0x90, 0x00, 0x90, 0x08, 0x90, 0x00,
    0x90, 0x00, 0x90, 0x00, 0x90, 0x00, 0x90, 0x00, 0x90, 0x00, 0xf1, 0x10,
    0xf1, 0x10, 0x90, 0x00, 0x94, 0x4a, 0x34, 0xcc, 0xa3, 0xf0, 0xe0, 0xf9,
    0x01, 0xc4, 0xc6, 0x2a, 0xc8, 0x2b, 0xc8, 0x2b, 0xc8, 0x2b, 0xc8, 0x2b,
    0xc8, 0x2b, 0xc8, 0x2b, 0xa8, 0x2b, 0x02, 0x83, 0xe0, 0xf9, 0x27, 0x90,
    0x90, 0x00, 0x24, 0xc8, 0x40, 0xfb, 0xa5, 0x3a, 0xe8, 0x2b, 0xc8, 0x2b,
    0xe8, 0x2b, 0xc8, 0x2b, 0x88, 0x2b, 0x02, 0x83, 0x80, 0xfb, 0xa0, 0xf8,
    0x40, 0xfa, 0x04, 0x6b, 0xc8, 0x2b, 0xc8, 0x2b, 0xc8, 0x2b, 0xe8, 0x2b,
    0xc8, 0x2b, 0x03, 0x73, 0xe0, 0xf9, 0x49, 0x78, 0xf1, 0x10, 0x54, 0x42,
    0xd9, 0x94, 0xac, 0x99, 0xa0, 0xf9, 0x23, 0x7b, 0xc8, 0x2b, 0xc8, 0x2b,
    0xc8, 0x2b, 0xe8, 0x2b, 0xc8, 0x2b, 0xc8, 0x2b, 0xa8, 0x2b, 0xa1, 0xab,
    0x60, 0xf8, 0xc3, 0x50, 0x04, 0x21, 0x61, 0xa8, 0x60, 0xfa, 0xe4, 0x62,
    0xc8, 0x2b, 0xc8, 0x2b, 0xc8, 0x2b, 0xe8, 0x2b, 0xa8, 0x2b, 0x02, 0x83,
    0x40, 0xfb, 0x60, 0xf8, 0xc0, 0xf9, 0x23, 0x83, 0xc8, 0x2b, 0xe8, 0x2b,
    0xc8, 0x2b, 0xc8, 0x2b, 0xc8, 0x2b, 0xe4, 0x5a, 0xa0, 0xfa, 0xca, 0xd1,
    0xb3, 0x29, 0xf1, 0x10, 0xf3, 0x31, 0x0a, 0xe2, 0xa0, 0xfa, 0xc4, 0x5a,
    0xc8, 0x2b, 0xe8, 0x2b, 0xc8, 0x2b, 0xc8, 0x2b, 0xe7, 0x2a, 0x21, 0xec,
    0x80, 0xf8, 0x20, 0xfa, 0x00, 0xf4, 0xc2, 0xab, 0x84, 0x4a, 0x87, 0x2b,
    0xc8, 0x2b, 0xc8, 0x2b, 0xc8, 0x2b, 0xc8, 0x2b, 0x67, 0x2b, 0xe3, 0x72,
    0x80, 0xfa, 0x25, 0xb8, 0x90, 0x00, 0x90, 0x00, 0x90, 0x00, 0x52, 0x21,
    0x31, 0x19, 0x54, 0x3a, 0x56, 0x63, 0xb0, 0x08, 0x31, 0x19, 0xa3, 0xf0,
    0xa0, 0xfb, 0x86, 0x32, 0xc8, 0x2b, 0xc8, 0x2b, 0xc8, 0x2b, 0xe8, 0x2b,
    0xe7, 0x2a, 0x01, 0xcc, 0xe0, 0xf9, 0x00, 0xf8, 0x40, 0xfb, 0x85, 0x3a,
    0xc8, 0x2b, 0xe8, 0x2b, 0xc8, 0x2b, 0xc8, 0x2b, 0xc8, 0x2b, 0x62, 0x9b,
    0x00, 0xf9, 0xc3, 0x60, 0x96, 0xb5, 0x00, 0x00, 0x00, 0x00, 0x00, 0x00,
    0x00, 0x00, 0x00, 0x00, 0x00, 0x00, 0x7e, 0xff, 0xe3, 0xf8, 0x41, 0xc8,
    0x04, 0x31, 0xcf, 0x7b, 0x00, 0x00, 0x00, 0x00, 0x00, 0x00, 0x00, 0x00,
    0x00, 0x00, 0x00, 0x00, 0x00, 0x00, 0x00, 0x00, 0x00, 0x00, 0x00, 0x00,
    0x00, 0x00, 0x00, 0x00, 0x00, 0x00, 0x00, 0x00, 0x00, 0x00, 0x00, 0x00,
    0x00, 0x00, 0x00, 0x00, 0x00, 0x00, 0x00, 0x00, 0x00, 0x00, 0x00, 0x00,
    0x00, 0x00, 0x00, 0x00, 0x00, 0x00, 0x00, 0x00, 0x00, 0x00, 0x00, 0x00,
    0x00, 0x00, 0xdf, 0xff, 0xe0, 0xf9, 0x42, 0x8b, 0xc8, 0x2b, 0xc8, 0x2b,
    0xc8, 0x2b, 0xc8, 0x2b, 0xc8, 0x2b, 0xc8, 0x2b, 0xe8, 0x2b, 0xc8, 0x2b,
    0x07, 0x2b, 0x21, 0xdc, 0x20, 0xf8, 0x6e, 0x28, 0x90, 0x00, 0x90, 0x00,
    0x90, 0x00, 0x70, 0x00, 0x90, 0x00, 0x90, 0x00, 0x70, 0x00, 0x90, 0x00,
    0x90, 0x00, 0x90, 0x00, 0x90, 0x00, 0x6d, 0x38, 0x67, 0xe1, 0x60, 0xf8,
    0x20, 0xfb, 0x82, 0xa3, 0xc6, 0x2a, 0xc8, 0x2b, 0xc8, 0x2b, 0xe8, 0x2b,
    0xc8, 0x2b, 0xe8, 0x2b, 0xc8, 0x2b, 0xc8, 0x2b, 0xc8, 0x2b, 0xa6, 0x32,
    0x00, 0xf4, 0x01, 0xf0, 0x6e, 0x18, 0x00, 0xf8, 0x01, 0xe4, 0xe7, 0x2a,
    0xc8, 0x2b, 0xc8, 0x2b, 0xc8, 0x2b, 0xc8, 0x2b, 0xa6, 0x2a, 0x00, 0xf4,
    0x01, 0xf0, 0x23, 0xd8, 0xc0, 0xfa, 0xc4, 0x52, 0xc8, 0x2b, 0xc8, 0x2b,
    0xc8, 0x2b, 0xc8, 0x2b, 0xc8, 0x2b, 0x03, 0x7b, 0x80, 0xf9, 0x6a, 0x70,
    0x13, 0x32, 0x90, 0x00, 0xf1, 0x10, 0xcd, 0xe2, 0xe0, 0xf9, 0x03, 0x73,
    0xc8, 0x2b, 0xc8, 0x2b, 0xe8, 0x2b, 0xc8, 0x2b, 0xc8, 0x2b, 0xe8, 0x2b,
    0xa8, 0x2b, 0xa2, 0xab, 0x40, 0xf8, 0xc3, 0x50, 0x04, 0x29, 0x21, 0xe0,
    0xa0, 0xfb, 0x86, 0x32, 0xc8, 0x2b, 0xc8, 0x2b, 0xc8, 0x2b, 0xc8, 0x2b,
    0x07, 0x2b, 0x01, 0xe4, 0x00, 0xf8, 0x24, 0xc8, 0x20, 0xfa, 0x03, 0x6b,
    0xc8, 0x2b, 0xc8, 0x2b, 0xe8, 0x2b, 0xc8, 0x2b, 0xc8, 0x2b, 0xe4, 0x5a,
    0x60, 0xfa, 0x8a, 0xb9, 0x34, 0x3a, 0x96, 0x6b, 0x72, 0x21, 0x22, 0xd8,
    0x80, 0xfb, 0x66, 0x32, 0xc8, 0x2b, 0xc8, 0x2b, 0xe8, 0x2b, 0xc8, 0x2b,
    0xc6, 0x2a, 0x81, 0xd4, 0xe1, 0xbb, 0xe3, 0x6a, 0x86, 0x32, 0x88, 0x2b,
    0xc8, 0x2b, 0xc8, 0x2b, 0xc8, 0x2b, 0xc8, 0x2b, 0xa8, 0x2b, 0xa6, 0x32,
    0x82, 0x9b, 0x60, 0xfb, 0x41, 0xf8, 0xce, 0x40, 0x90, 0x00, 0x90, 0x00,
    0x90, 0x00, 0x90, 0x00, 0xb0, 0x08, 0xb7, 0x73, 0x72, 0x21, 0xf5, 0x52,
    0x77, 0xa4, 0x40, 0xf8, 0x41, 0xd4, 0x07, 0x2b, 0xc8, 0x2b, 0xc8, 0x2b,
    0xc8, 0x2b, 0xc8, 0x2b, 0xa5, 0x4a, 0x20, 0xfb, 0x23, 0xd0, 0x01, 0xe8,
    0xc0, 0xfb, 0xa6, 0x32, 0xc8, 0x2b, 0xc8, 0x2b, 0xc8, 0x2b, 0xe8, 0x2b,
    0xa8, 0x2b, 0x82, 0x9b, 0xa0, 0xf8, 0xc3, 0x50, 0x5d, 0xef, 0x00, 0x00,
    0x00, 0x00, 0x00, 0x00, 0x00, 0x00, 0x55, 0xfd, 0x40, 0xfa, 0x40, 0xfa,
    0x41, 0xc8, 0x04, 0x29, 0xef, 0x83, 0x00, 0x00, 0x00, 0x00, 0x00, 0x00,
    0x00, 0x00, 0x00, 0x00, 0x00, 0x00, 0x00, 0x00, 0x00, 0x00, 0x00, 0x00,
    0x00, 0x00, 0x00, 0x00, 0x00, 0x00, 0x00, 0x00, 0x00, 0x00, 0x00, 0x00,
    0x00, 0x00, 0x00, 0x00, 0x00, 0x00, 0x00, 0x00, 0x00, 0x00, 0x00, 0x00,
    0x00, 0x00, 0x00, 0x00, 0x00, 0x00, 0x00, 0x00, 0x00, 0x00, 0x00, 0x00,
    0x00, 0x00, 0x00, 0x00, 0x00, 0x00, 0x9a, 0xfe, 0x80, 0xfb, 0x85, 0x42,
    0xc8, 0x2b, 0xe8, 0x2b, 0xc8, 0x2b, 0xe8, 0x2b, 0xc8, 0x2b, 0xc8, 0x2b,
    0xc8, 0x2b, 0xc8, 0x2b, 0xa8, 0x2b, 0x22, 0x8b, 0x00, 0xfa, 0x23, 0xc8,
    0x6f, 0x08, 0x90, 0x00, 0x90, 0x00, 0x70, 0x00, 0x90, 0x00, 0x90, 0x00,
    0x70, 0x00, 0x90, 0x00, 0x6e, 0x18, 0x49, 0x68, 0x23, 0xc8, 0x40, 0xf8,
    0x60, 0xfa, 0x41, 0xdc, 0xa4, 0x5a, 0x47, 0x2b, 0xc8, 0x2b, 0xc8, 0x2b,
    0xc8, 0x2b, 0xc8, 0x2b, 0xc8, 0x2b, 0xe8, 0x2b, 0xc8, 0x2b, 0xc8, 0x2b,
    0xe8, 0x2b, 0xa8, 0x2b, 0x62, 0x93, 0x60, 0xf9, 0x25, 0xb0, 0x60, 0xf8,
    0xe1, 0xb3, 0x67, 0x2b, 0xc8, 0x2b, 0xc8, 0x2b, 0xe8, 0x2b, 0xc8, 0x2b,
    0xa5, 0x4a, 0x20, 0xfb, 0x25, 0xb0, 0x24, 0xc8, 0x60, 0xfb, 0x85, 0x3a,
    0xc8, 0x2b, 0xc8, 0x2b, 0xe8, 0x2b, 0xc8, 0x2b, 0xc8, 0x2b, 0x23, 0x83,
    0x80, 0xf9, 0x49, 0x68, 0xd0, 0x08, 0x8d, 0x40, 0x24, 0xb8, 0x40, 0xf8,
    0x80, 0xfb, 0xc4, 0x62, 0xc8, 0x2b, 0xe8, 0x2b, 0xc8, 0x2b, 0xc8, 0x2b,
    0xc8, 0x2b, 0xc8, 0x2b, 0xa8, 0x2b, 0x81, 0xa3, 0x40, 0xf8, 0xc3, 0x48,
    0xe4, 0x30, 0x20, 0xf8, 0x41, 0xd4, 0x07, 0x2b, 0xc8, 0x2b, 0xc8, 0x2b,
    0xe8, 0x2b, 0xc8, 0x2b, 0xa6, 0x32, 0xa0, 0xfb, 0x23, 0xd0, 0x25, 0xb0,
    0xe0, 0xfa, 0xa4, 0x52, 0xc8, 0x2b, 0xc8, 0x2b, 0xe8, 0x2b, 0xc8, 0x2b,
    0xc8, 0x2b, 0x04, 0x6b, 0x40, 0xfa, 0xac, 0xda, 0x96, 0x6b, 0x31, 0x21,
    0xaa, 0x88, 0x00, 0xf8, 0x21, 0xe4, 0xc6, 0x2a, 0xc8, 0x2b, 0xc8, 0x2b,
    0xc8, 0x2b, 0xc8, 0x2b, 0xa8, 0x2b, 0xe7, 0x2a, 0x67, 0x2b, 0xc8, 0x2b,
    0xc8, 0x2b, 0xc8, 0x2b, 0xc8, 0x2b, 0xc8, 0x2b, 0xc8, 0x2b, 0xa6, 0x32,
    0x42, 0x8b, 0x00, 0xf4, 0x60, 0xf9, 0x21, 0xe8, 0x2d, 0x61, 0x90, 0x00,
    0x34, 0x3a, 0x13, 0x3a, 0x90, 0x00, 0x90, 0x00, 0x90, 0x00, 0x90, 0x00,
    0x90, 0x00, 0x72, 0x21, 0x4f, 0x92, 0xe0, 0xf8, 0x82, 0x9b, 0xa8, 0x2b,
    0xc8, 0x2b, 0xe8, 0x2b, 0xc8, 0x2b, 0xc8, 0x2b, 0x03, 0x6b, 0x00, 0xfa,
    0x47, 0x88, 0x00, 0xf8, 0x21, 0xec, 0xc7, 0x2a, 0xc8, 0x2b, 0xc8, 0x2b,
    0xc8, 0x2b, 0xc8, 0x2b, 0x88, 0x2b, 0xa2, 0xab, 0xa0, 0xf8, 0xc3, 0x50,
    0x00, 0x00, 0x00, 0x00, 0xff, 0xff, 0x69, 0xfa, 0x60, 0xfa, 0xe0, 0xfc,
    0xc0, 0xfa, 0x41, 0xd8, 0xe4, 0x30, 0xb3, 0x9c, 0x00, 0x00, 0x00, 0x00,
    0x00, 0x00, 0x00, 0x00, 0x00, 0x00, 0x00, 0x00, 0x00, 0x00, 0x00, 0x00,
    0x00, 0x00, 0x00, 0x00, 0x00, 0x00, 0x00, 0x00, 0x00, 0x00, 0x00, 0x00,
    0x00, 0x00, 0x00, 0x00, 0x00, 0x00, 0x00, 0x00, 0x00, 0x00, 0x00, 0x00,
    0x00, 0x00, 0x00, 0x00, 0x00, 0x00, 0x00, 0x00, 0x00, 0x00, 0x00, 0x00,
    0x00, 0x00, 0x00, 0x00, 0x00, 0x00, 0x00, 0x00, 0x00, 0x00, 0xb3, 0xfc,
    0x61, 0xe4, 0xe7, 0x2a, 0xc8, 0x2b, 0xc8, 0x2b, 0xc8, 0x2b, 0xe8, 0x2b,
    0xc8, 0x2b, 0xc8, 0x2b, 0xe8, 0x2b, 0xc8, 0x2b, 0xc8, 0x2b, 0xa6, 0x32,
    0x61, 0xdc, 0x20, 0xf9, 0x02, 0xe0, 0x49, 0x68, 0x6d, 0x28, 0x6e, 0x20,
    0x6d, 0x30, 0x4a, 0x58, 0x47, 0x90, 0x23, 0xd0, 0x20, 0xf8, 0x40, 0xf9,
    0x20, 0xfb, 0x21, 0xcc, 0xe3, 0x6a, 0xa6, 0x2a, 0xc8, 0x2b, 0xc8, 0x2b,
    0xc8, 0x2b, 0xc8, 0x2b, 0xe8, 0x2b, 0xc8, 0x2b, 0xc8, 0x2b, 0xc8, 0x2b,
    0xc8, 0x2b, 0xc8, 0x2b, 0xc8, 0x2b, 0xc8, 0x2b, 0x85, 0x3a, 0xc0, 0xfb,
    0x00, 0xf8, 0x60, 0xf9, 0x43, 0x8b, 0xc8, 0x2b, 0xc8, 0x2b, 0xc8, 0x2b,
    0xe8, 0x2b, 0xc8, 0x2b, 0xe4, 0x62, 0x40, 0xfa, 0x23, 0xc8, 0x01, 0xf8,
    0x20, 0xf4, 0x86, 0x2a, 0xc8, 0x2b, 0xe8, 0x2b, 0xc8, 0x2b, 0xc8, 0x2b,
    0xc8, 0x2b, 0x23, 0x83, 0x60, 0xf9, 0x46, 0xa0, 0xa5, 0xc8, 0x60, 0xf8,
    0x80, 0xfa, 0x21, 0xd4, 0xe1, 0xb3, 0xc4, 0x5a, 0xc8, 0x2b, 0xc8, 0x2b,
    0xc8, 0x2b, 0xe8, 0x2b, 0xc8, 0x2b, 0xc8, 0x2b, 0x88, 0x2b, 0xa1, 0xb3,
    0x40, 0xf8, 0xe3, 0x48, 0xc3, 0x58, 0xa0, 0xf8, 0xa1, 0xab, 0xa8, 0x2b,
    0xc8, 0x2b, 0xc8, 0x2b, 0xc8, 0x2b, 0xc8, 0x2b, 0xc5, 0x4a, 0x00, 0xfb,
    0x22, 0xd8, 0x01, 0xf0, 0xc0, 0xfb, 0xa6, 0x32, 0xc8, 0x2b, 0xc8, 0x2b,
    0xc8, 0x2b, 0xc8, 0x2b, 0xc8, 0x2b, 0x04, 0x63, 0x40, 0xfa, 0x27, 0x98,
    0x48, 0x78, 0x21, 0xe8, 0x20, 0xf9, 0xc0, 0xfb, 0x22, 0x93, 0x27, 0x2b,
    0xe8, 0x2b, 0xc8, 0x2b, 0xc8, 0x2b, 0xc8, 0x2b, 0xc8, 0x2b, 0xc8, 0x2b,
    0xc8, 0x2b, 0xc8, 0x2b, 0xe8, 0x2b, 0xc8, 0x2b, 0xc8, 0x2b, 0x47, 0x2b,
    0xc3, 0x6a, 0x21, 0xec, 0xc0, 0xf9, 0x01, 0xf0, 0x48, 0x88, 0x12, 0x4a,
    0x92, 0x21, 0x90, 0x00, 0x90, 0x00, 0x90, 0x00, 0x90, 0x00, 0x70, 0x00,
    0x90, 0x00, 0xd1, 0x08, 0x76, 0x63, 0x54, 0x42, 0x68, 0x80, 0x00, 0xfa,
    0x03, 0x73, 0xc8, 0x2b, 0xc8, 0x2b, 0xe8, 0x2b, 0xc8, 0x2b, 0xc8, 0x2b,
    0x42, 0x8b, 0x20, 0xf9, 0x23, 0xd0, 0x60, 0xf8, 0x21, 0xcc, 0x47, 0x2b,
    0xc8, 0x2b, 0xe8, 0x2b, 0xc8, 0x2b, 0xc8, 0x2b, 0xa8, 0x2b, 0xa1, 0xab,
    0x80, 0xf8, 0xa2, 0x78, 0x6a, 0xca, 0xeb, 0xfa, 0x20, 0xfa, 0x21, 0xdc,
    0x01, 0xbc, 0xa0, 0xfa, 0x21, 0xd0, 0xe4, 0x30, 0xb2, 0x9c, 0x00, 0x00,
    0x00, 0x00, 0x00, 0x00, 0x00, 0x00, 0x00, 0x00, 0x00, 0x00, 0x00, 0x00,
    0x00, 0x00, 0x00, 0x00, 0x00, 0x00, 0x00, 0x00, 0x00, 0x00, 0x00, 0x00,
    0x00, 0x00, 0x00, 0x00, 0x00, 0x00, 0x00, 0x00, 0x00, 0x00, 0x00, 0x00,
    0x00, 0x00, 0x00, 0x00, 0x00, 0x00, 0x00, 0x00, 0x00, 0x00, 0x00, 0x00,
    0x00, 0x00, 0x00, 0x00, 0x00, 0x00, 0x00, 0x00, 0x00, 0x00, 0x00, 0x00,
    0x00, 0x00, 0x21, 0xf9, 0xc1, 0xab, 0xa8, 0x2b, 0xc8, 0x2b, 0xc8, 0x2b,
    0xc8, 0x2b, 0xc8, 0x2b, 0xc8, 0x2b, 0xe8, 0x2b, 0xc8, 0x2b, 0xc8, 0x2b,
    0xe8, 0x2b, 0xc8, 0x2b, 0x85, 0x42, 0x41, 0xd4, 0x00, 0xfb, 0x00, 0xf9,
    0x60, 0xf8, 0x40, 0xf8, 0x80, 0xf8, 0x20, 0xf9, 0x40, 0xfa, 0x80, 0xfb,
    0x21, 0xd4, 0x62, 0x93, 0x85, 0x4a, 0x07, 0x2b, 0xc8, 0x2b, 0xc8, 0x2b,
    0xc8, 0x2b, 0xc8, 0x2b, 0xc8, 0x2b, 0xc8, 0x2b, 0xe8, 0x2b, 0xc8, 0x2b,
    0xc8, 0x2b, 0xe8, 0x2b, 0xe8, 0x2b, 0xc8, 0x2b, 0xc8, 0x2b, 0xc8, 0x2b,
    0x67, 0x2b, 0xa2, 0xab, 0xe0, 0xf8, 0x80, 0xfa, 0xe4, 0x62, 0xc8, 0x2b,
    0xc8, 0x2b, 0xc8, 0x2b, 0xc8, 0x2b, 0xc8, 0x2b, 0x03, 0x73, 0xe0, 0xf9,
    0x00, 0xf9, 0x80, 0xfb, 0x42, 0x8b, 0x68, 0x2b, 0xc8, 0x2b, 0xc8, 0x2b,
    0xc8, 0x2b, 0xe8, 0x2b, 0xc8, 0x2b, 0x03, 0x7b, 0x80, 0xf9, 0x80, 0xf8,
    0xc0, 0xfa, 0x21, 0xd4, 0x63, 0x6a, 0xe2, 0x82, 0xc0, 0xfc, 0xc4, 0x52,
    0xc8, 0x2b, 0xc8, 0x2b, 0xe8, 0x2b, 0xc8, 0x2b, 0xc8, 0x2b, 0xe8, 0x2b,
    0x87, 0x2b, 0xc1, 0xbb, 0x40, 0xf8, 0xe3, 0x40, 0xa2, 0x80, 0xa0, 0xf9,
    0x23, 0x83, 0xc8, 0x2b, 0xc8, 0x2b, 0xe8, 0x2b, 0xc8, 0x2b, 0xc8, 0x2b,
    0xe4, 0x5a, 0x80, 0xfa, 0xa0, 0xf8, 0x60, 0xfb, 0x62, 0x93, 0x47, 0x2b,
    0xc8, 0x2b, 0xe8, 0x2b, 0xc8, 0x2b, 0xc8, 0x2b, 0xc8, 0x2b, 0xe4, 0x62,
    0x40, 0xfa, 0x00, 0xf8, 0x60, 0xf9, 0xc0, 0xfb, 0xa2, 0xa3, 0x23, 0x62,
    0x62, 0x93, 0xa8, 0x2b, 0xc8, 0x2b, 0xe8, 0x2b, 0xc8, 0x2b, 0xe8, 0x2b,
    0xc8, 0x2b, 0xe8, 0x2b, 0xc8, 0x2b, 0xc8, 0x2b, 0xe8, 0x2b, 0xc8, 0x2b,
    0x67, 0x2b, 0x22, 0x8b, 0x00, 0xfb, 0x20, 0xf8, 0x27, 0x98, 0x10, 0x31,
    0x13, 0x3a, 0xd3, 0x31, 0x90, 0x00, 0x58, 0x84, 0xd1, 0x10, 0x90, 0x00,
    0x90, 0x00, 0xf1, 0x10, 0xd0, 0x08, 0xb0, 0x08, 0x3a, 0xa5, 0x92, 0x21,
    0x07, 0xd1, 0x00, 0xfb, 0x85, 0x3a, 0xc8, 0x2b, 0xc8, 0x2b, 0xc8, 0x2b,
    0xe8, 0x2b, 0xc8, 0x2b, 0x62, 0x9b, 0xc0, 0xf8, 0xa0, 0xf9, 0x21, 0xec,
    0xa4, 0x5a, 0xc8, 0x2b, 0xc8, 0x2b, 0xc8, 0x2b, 0xc8, 0x2b, 0xe8, 0x2b,
    0x88, 0x2b, 0xa2, 0xa3, 0xa0, 0xf8, 0x60, 0xf8, 0x60, 0xfa, 0x40, 0xe4,
    0xa2, 0x72, 0x02, 0x8b, 0x80, 0xfa, 0x21, 0xd8, 0xe4, 0x30, 0x75, 0xb5,
    0x00, 0x00, 0x00, 0x00, 0x00, 0x00, 0x00, 0x00, 0x00, 0x00, 0x00, 0x00,
    0x00, 0x00, 0x00, 0x00, 0x00, 0x00, 0x00, 0x00, 0x00, 0x00, 0x00, 0x00,
    0x00, 0x00, 0x00, 0x00, 0x00, 0x00, 0x00, 0x00, 0x00, 0x00, 0x00, 0x00,
    0x00, 0x00, 0x00, 0x00, 0x00, 0x00, 0x00, 0x00, 0x00, 0x00, 0x00, 0x00,
    0x00, 0x00, 0x00, 0x00, 0x00, 0x00, 0x00, 0x00, 0x00, 0x00, 0x00, 0x00,
    0x00, 0x00, 0x00, 0x00, 0x00, 0x00, 0xe0, 0xf9, 0x23, 0x7b, 0xc8, 0x2b,
    0xe8, 0x2b, 0xc8, 0x2b, 0xe8, 0x2b, 0xc8, 0x2b, 0xc8, 0x2b, 0xe8, 0x33,
    0xc8, 0x2b, 0xc8, 0x2b, 0xc8, 0x2b, 0xc8, 0x2b, 0xc8, 0x2b, 0xe6, 0x2a,
    0xc4, 0x62, 0xa2, 0xa3, 0x01, 0xc4, 0x01, 0xc4, 0xe2, 0xb3, 0x62, 0x93,
    0xe4, 0x62, 0x86, 0x32, 0x07, 0x2b, 0xa8, 0x2b, 0xc8, 0x2b, 0xc8, 0x2b,
    0xc8, 0x2b, 0xc8, 0x2b, 0xe8, 0x2b, 0xc8, 0x33, 0xc8, 0x2b, 0xe8, 0x2b,
    0xc8, 0x33, 0xc8, 0x2b, 0xc8, 0x2b, 0xc8, 0x33, 0xc8, 0x2b, 0xe8, 0x2b,
    0xc8, 0x2b, 0xc8, 0x2b, 0xe8, 0x2b, 0xa5, 0x4a, 0x60, 0xfb, 0x60, 0xfb,
    0xa5, 0x3a, 0xc8, 0x2b, 0xc8, 0x2b, 0xe8, 0x2b, 0xc8, 0x2b, 0xc8, 0x2b,
    0xc3, 0x62, 0x61, 0xdc, 0xa2, 0xa3, 0x85, 0x42, 0x47, 0x2b, 0xc8, 0x2b,
    0xc8, 0x2b, 0xc8, 0x2b, 0xe8, 0x2b, 0xc8, 0x2b, 0xc8, 0x2b, 0xa4, 0x62,
    0xc0, 0xe3, 0xa1, 0xab, 0xa4, 0x5a, 0x26, 0x2a, 0x22, 0x8b, 0xc0, 0xfa,
    0xc0, 0xfa, 0xa5, 0x42, 0xc8, 0x2b, 0xc8, 0x2b, 0xc8, 0x2b, 0xc8, 0x2b,
    0xc8, 0x2b, 0xc8, 0x2b, 0x88, 0x2b, 0xc1, 0xb3, 0x20, 0xf8, 0xe4, 0x40,
    0x62, 0xa0, 0x80, 0xfa, 0xc4, 0x5a, 0xc8, 0x2b, 0xc8, 0x2b, 0xe8, 0x2b,
    0xc8, 0x2b, 0xc8, 0x2b, 0xc4, 0x52, 0xa0, 0xf4, 0xe2, 0xbb, 0x84, 0x4a,
    0x47, 0x2b, 0xc8, 0x2b, 0xc8, 0x2b, 0xc8, 0x2b, 0xe8, 0x2b, 0xe8, 0x2b,
    0xc8, 0x2b, 0xc5, 0x52, 0xc0, 0xfb, 0xc1, 0xdb, 0x62, 0x93, 0x45, 0x3a,
    0x24, 0x52, 0xa0, 0xf4, 0x62, 0x93, 0xc8, 0x2b, 0xc8, 0x2b, 0xc8, 0x2b,
    0xc8, 0x2b, 0xc8, 0x2b, 0xe8, 0x2b, 0xa8, 0x2b, 0xe6, 0x2a, 0x65, 0x42,
    0x47, 0x2b, 0xc8, 0x2b, 0x85, 0x4a, 0xc0, 0xfb, 0x01, 0xe8, 0x6d, 0x38,
    0xd0, 0x08, 0x90, 0x00, 0x90, 0x00, 0x90, 0x00, 0x90, 0x00, 0x11, 0x11,
    0x90, 0x00, 0xd9, 0x94, 0xd1, 0x08, 0xf5, 0x52, 0xb5, 0x52, 0xd3, 0x29,
    0x52, 0x19, 0xd5, 0x52, 0xc4, 0xf8, 0xe0, 0xf3, 0xa6, 0x2a, 0xc8, 0x2b,
    0xc8, 0x2b, 0xc8, 0x2b, 0xc8, 0x2b, 0xc8, 0x2b, 0x22, 0x8b, 0x61, 0xe4,
    0x42, 0x8b, 0x86, 0x32, 0xa8, 0x2b, 0xc8, 0x2b, 0xc8, 0x2b, 0xc8, 0x2b,
    0xe8, 0x2b, 0xc8, 0x2b, 0xc8, 0x2b, 0x22, 0x8b, 0x40, 0xf3, 0xe1, 0xbb,
    0xc3, 0x62, 0x05, 0x2a, 0x42, 0x93, 0x40, 0xfa, 0x41, 0xd8, 0xe4, 0x30,
    0xd3, 0x9c, 0x00, 0x00, 0x00, 0x00, 0x00, 0x00, 0x00, 0x00, 0x00, 0x00,
    0x00, 0x00, 0x00, 0x00, 0x00, 0x00, 0x00, 0x00, 0x00, 0x00, 0x00, 0x00,
    0x00, 0x00, 0x00, 0x00, 0x00, 0x00, 0x00, 0x00, 0x00, 0x00, 0x00, 0x00,
    0x00, 0x00, 0x00, 0x00, 0x00, 0x00, 0x00, 0x00, 0x00, 0x00, 0x00, 0x00,
    0x00, 0x00, 0x00, 0x00, 0x00, 0x00, 0x00, 0x00, 0x00, 0x00, 0x00, 0x00,
    0x00, 0x00, 0x00, 0x00, 0x00, 0x00, 0x00, 0x00, 0xbf, 0xff, 0xa0, 0xfa,
    0xe4, 0x62, 0xc8, 0x2b, 0xc8, 0x2b, 0xc8, 0x2b, 0xe8, 0x2b, 0xc8, 0x2b,
    0xc8, 0x2b, 0xc8, 0x2b, 0xc8, 0x2b, 0xe8, 0x2b, 0xc8, 0x33, 0xc8, 0x2b,
    0xc8, 0x2b, 0xc8, 0x2b, 0xc8, 0x2b, 0xa8, 0x2b, 0x67, 0x2b, 0x68, 0x2b,
    0x88, 0x2b, 0xc8, 0x2b, 0xc8, 0x2b, 0xc8, 0x2b, 0xc8, 0x2b, 0xc8, 0x2b,
    0xc8, 0x2b, 0xe8, 0x2b, 0xc8, 0x2b, 0xc8, 0x2b, 0xc8, 0x2b, 0xe8, 0x2b,
    0xc8, 0x2b, 0xc8, 0x2b, 0xc8, 0x2b, 0xe8, 0x2b, 0xc8, 0x2b, 0xc8, 0x2b,
    0xc8, 0x2b, 0xc8, 0x2b, 0xe8, 0x33, 0xc8, 0x2b, 0xc8, 0x2b, 0x27, 0x2b,
    0xe1, 0xbb, 0x60, 0xf4, 0xa6, 0x2a, 0xc8, 0x2b, 0xc8, 0x2b, 0xe8, 0x2b,
    0xc8, 0x33, 0xc8, 0x2b, 0x67, 0x2b, 0x07, 0x2b, 0xa8, 0x2b, 0xc8, 0x2b,
    0xc8, 0x2b, 0xc8, 0x2b, 0xe8, 0x2b, 0xc8, 0x2b, 0xc8, 0x2b, 0xc8, 0x2b,
    0xc8, 0x2b, 0x67, 0x2b, 0xe7, 0x2a, 0x88, 0x2b, 0x07, 0x2b, 0x82, 0x9b,
    0x60, 0xfa, 0x00, 0xf8, 0xe0, 0xfa, 0x85, 0x42, 0xc8, 0x2b, 0xe8, 0x2b,
    0xc8, 0x2b, 0xe8, 0x33, 0xc8, 0x2b, 0xc8, 0x2b, 0x67, 0x2b, 0xe1, 0xc3,
    0x20, 0xf8, 0xe4, 0x38, 0x41, 0xc0, 0x40, 0xfb, 0x65, 0x32, 0xc8, 0x2b,
    0xe8, 0x2b, 0xc8, 0x2b, 0xc8, 0x2b, 0xc8, 0x2b, 0x27, 0x2b, 0xa6, 0x2a,
    0x67, 0x2b, 0xc8, 0x2b, 0xc8, 0x2b, 0xc8, 0x2b, 0xe8, 0x2b, 0xc8, 0x2b,
    0xc8, 0x33, 0xc8, 0x2b, 0xc8, 0x2b, 0x27, 0x2b, 0x66, 0x32, 0xe6, 0x2a,
    0x67, 0x2b, 0x84, 0x5a, 0xc0, 0xf3, 0x00, 0xfa, 0x23, 0x7b, 0xc8, 0x2b,
    0xc8, 0x2b, 0xe8, 0x2b, 0xa8, 0x2b, 0xc7, 0x2a, 0xa4, 0x52, 0x42, 0x93,
    0xe1, 0xe4, 0x42, 0x93, 0xa8, 0x2b, 0x47, 0x2b, 0xc1, 0xb3, 0xc0, 0xf8,
    0x49, 0x78, 0x6e, 0x20, 0x6d, 0x28, 0x33, 0x8b, 0xce, 0x30, 0x6e, 0x20,
    0x6f, 0x10, 0x90, 0x00, 0x90, 0x00, 0x13, 0x3a, 0x90, 0x00, 0xd1, 0x08,
    0x31, 0x19, 0x74, 0x42, 0x13, 0x32, 0x33, 0x42, 0x20, 0xf8, 0x21, 0xdc,
    0x07, 0x2b, 0xc8, 0x2b, 0xe8, 0x2b, 0xc8, 0x2b, 0xc8, 0x2b, 0xc8, 0x2b,
    0xe7, 0x2a, 0xe7, 0x2a, 0xa8, 0x2b, 0xc8, 0x2b, 0xc8, 0x2b, 0xc8, 0x2b,
    0xc8, 0x2b, 0xe8, 0x2b, 0xc8, 0x33, 0xc8, 0x2b, 0xc8, 0x2b, 0xe7, 0x2a,
    0xa6, 0x2a, 0x47, 0x2b, 0xe7, 0x2a, 0x82, 0xa3, 0x00, 0xfa, 0x21, 0xd8,
    0xe4, 0x30, 0x30, 0x8c, 0x00, 0x00, 0x00, 0x00, 0x00, 0x00, 0x00, 0x00,
    0x00, 0x00, 0x00, 0x00, 0x00, 0x00, 0x00, 0x00, 0x00, 0x00, 0x00, 0x00,
    0x00, 0x00, 0x00, 0x00, 0x00, 0x00, 0x00, 0x00, 0x00, 0x00, 0x00, 0x00,
    0x00, 0x00, 0x00, 0x00, 0x00, 0x00, 0x00, 0x00, 0x00, 0x00, 0x00, 0x00,
    0x00, 0x00, 0x00, 0x00, 0x00, 0x00, 0x00, 0x00, 0x00, 0x00, 0x00, 0x00,
    0x00, 0x00, 0x00, 0x00, 0x00, 0x00, 0x00, 0x00, 0x00, 0x00, 0x00, 0x00,
    0x3c, 0xff, 0x00, 0xfb, 0xc4, 0x4a, 0xc8, 0x2b, 0xc8, 0x2b, 0xc8, 0x2b,
    0xc8, 0x2b, 0xe8, 0x33, 0xc8, 0x2b, 0xc8, 0x2b, 0xe8, 0x2b, 0xc8, 0x2b,
    0xc8, 0x2b, 0xe8, 0x2b, 0xc8, 0x2b, 0xc8, 0x2b, 0xc8, 0x2b, 0xc8, 0x2b,
    0xc8, 0x2b, 0xc8, 0x2b, 0xc8, 0x2b, 0xc8, 0x2b, 0xc8, 0x2b, 0xc8, 0x2b,
    0xc8, 0x2b, 0xe8, 0x2b, 0xc8, 0x2b, 0xc8, 0x2b, 0xe8, 0x2b, 0xc8, 0x33,
    0xc8, 0x2b, 0xc8, 0x2b, 0xe8, 0x2b, 0xc8, 0x2b, 0xc8, 0x2b, 0xc8, 0x2b,
    0xe8, 0x2b, 0xc8, 0x2b, 0xc8, 0x2b, 0xe8, 0x2b, 0xc8, 0x2b, 0xa8, 0x2b,
    0xc6, 0x32, 0xe3, 0x72, 0x41, 0xdc, 0xa1, 0xdc, 0xe7, 0x2a, 0xc8, 0x2b,
    0xc8, 0x2b, 0xc8, 0x2b, 0xc8, 0x2b, 0xc8, 0x2b, 0xc8, 0x2b, 0xc8, 0x2b,
    0xc8, 0x2b, 0xc8, 0x2b, 0xc8, 0x2b, 0xc8, 0x2b, 0xe8, 0x2b, 0xc8, 0x33,
    0xc8, 0x2b, 0xe8, 0x2b, 0xc8, 0x2b, 0xc8, 0x2b, 0xc8, 0x2b, 0xe6, 0x2a,
    0xa2, 0xab, 0x20, 0xfa, 0x20, 0xe0, 0x21, 0xd8, 0x20, 0xfb, 0xa5, 0x3a,
    0xc8, 0x2b, 0xc8, 0x2b, 0xc8, 0x2b, 0xe8, 0x2b, 0xc8, 0x2b, 0xc8, 0x2b,
    0x47, 0x2b, 0x01, 0xcc, 0x20, 0xf8, 0xe4, 0x28, 0x20, 0xe0, 0xe0, 0xf3,
    0xa6, 0x2a, 0xc8, 0x2b, 0xc8, 0x2b, 0xc8, 0x33, 0xe8, 0x2b, 0xc8, 0x2b,
    0xc8, 0x2b, 0xc8, 0x2b, 0xc8, 0x2b, 0xc8, 0x2b, 0xc8, 0x2b, 0xe8, 0x2b,
    0xc8, 0x2b, 0xc8, 0x2b, 0xc8, 0x2b, 0xc8, 0x2b, 0xe8, 0x2b, 0xc8, 0x2b,
    0xc8, 0x2b, 0x67, 0x2b, 0xc3, 0x6a, 0xa0, 0xfb, 0x20, 0xf8, 0x00, 0xfa,
    0x03, 0x73, 0xe7, 0x2a, 0xa6, 0x32, 0xe4, 0x62, 0x62, 0x9b, 0x21, 0xe4,
    0x20, 0xfb, 0x80, 0xf9, 0x20, 0xe4, 0x86, 0x32, 0xc8, 0x2b, 0xa5, 0x42,
    0xa0, 0xfb, 0x20, 0xf8, 0x20, 0xf8, 0x40, 0xf8, 0x40, 0xf8, 0x40, 0xf8,
    0x40, 0xf8, 0x20, 0xf8, 0x20, 0xf8, 0x21, 0xf8, 0x23, 0xc8, 0x47, 0x90,
    0x6c, 0x48, 0x90, 0x08, 0x51, 0x19, 0x90, 0x00, 0x58, 0x84, 0x6e, 0x28,
    0x40, 0xf8, 0xe1, 0xbb, 0x88, 0x2b, 0xc8, 0x2b, 0xc8, 0x2b, 0xe8, 0x2b,
    0xe8, 0x33, 0xc8, 0x2b, 0xc8, 0x2b, 0xc8, 0x2b, 0xc8, 0x2b, 0xc8, 0x2b,
    0xe8, 0x2b, 0xc8, 0x2b, 0xc8, 0x2b, 0xc8, 0x2b, 0xc8, 0x2b, 0xc8, 0x2b,
    0xc8, 0x2b, 0xc8, 0x2b, 0xc8, 0x2b, 0xc6, 0x32, 0xc2, 0xb3, 0xe0, 0xf9,
    0x41, 0xd0, 0xe4, 0x30, 0xd3, 0x9c, 0x00, 0x00, 0x00, 0x00, 0x00, 0x00,
    0x00, 0x00, 0x00, 0x00, 0x00, 0x00, 0x00, 0x00, 0x00, 0x00, 0x00, 0x00,
    0x00, 0x00, 0x00, 0x00, 0x00, 0x00, 0x00, 0x00, 0x00, 0x00, 0x00, 0x00,
    0x00, 0x00, 0x00, 0x00, 0x00, 0x00, 0x00, 0x00, 0x00, 0x00, 0x00, 0x00,
    0x00, 0x00, 0x00, 0x00, 0x00, 0x00, 0x00, 0x00, 0x00, 0x00, 0x00, 0x00,
    0x00, 0x00, 0x00, 0x00, 0x00, 0x00, 0x00, 0x00, 0x00, 0x00, 0x00, 0x00,
    0x00, 0x00, 0x00, 0x00, 0xdb, 0xfe, 0x00, 0xfb, 0xc5, 0x52, 0xe8, 0x2b,
    0xe8, 0x2b, 0xc8, 0x2b, 0xc8, 0x2b, 0xc8, 0x2b, 0xe8, 0x2b, 0xc8, 0x2b,
    0xc8, 0x33, 0xc8, 0x2b, 0xc8, 0x2b, 0xe8, 0x2b, 0xc8, 0x2b, 0xe8, 0x2b,
    0xe8, 0x2b, 0xc8, 0x2b, 0xc8, 0x2b, 0xc8, 0x2b, 0xe8, 0x2b, 0xc8, 0x2b,
    0xc8, 0x2b, 0xe8, 0x2b, 0xc8, 0x2b, 0xc8, 0x2b, 0x47, 0x2b, 0xc8, 0x2b,
    0xc8, 0x2b, 0xe8, 0x2b, 0xc8, 0x2b, 0xc8, 0x2b, 0xc8, 0x33, 0xe8, 0x2b,
    0xc8, 0x2b, 0xc8, 0x33, 0xe8, 0x2b, 0xc8, 0x2b, 0xc8, 0x33, 0xa8, 0x2b,
    0xa6, 0x32, 0x03, 0x83, 0x20, 0xe4, 0x40, 0xfa, 0x40, 0xf8, 0x41, 0xcc,
    0x47, 0x2b, 0xc8, 0x2b, 0xe8, 0x2b, 0xc8, 0x2b, 0xe8, 0x2b, 0xc8, 0x2b,
    0xc8, 0x2b, 0xc8, 0x2b, 0xc8, 0x2b, 0xc8, 0x2b, 0xe8, 0x33, 0xc8, 0x2b,
    0xe7, 0x2a, 0xc8, 0x2b, 0xc8, 0x2b, 0xe8, 0x2b, 0xc8, 0x2b, 0xc8, 0x2b,
    0xa6, 0x32, 0xe1, 0xc3, 0xc0, 0xf9, 0x21, 0xd8, 0xe3, 0x38, 0x41, 0xc0,
    0x40, 0xfb, 0xa6, 0x3a, 0xc8, 0x2b, 0xc8, 0x2b, 0xc8, 0x2b, 0xc8, 0x2b,
    0xc8, 0x2b, 0xc8, 0x33, 0xe7, 0x2a, 0x21, 0xe4, 0x20, 0xf8, 0x04, 0x29,
    0x20, 0xf8, 0x21, 0xe4, 0xe7, 0x2a, 0xc8, 0x2b, 0xc8, 0x2b, 0xe8, 0x2b,
    0xc8, 0x2b, 0xc8, 0x2b, 0xe8, 0x33, 0xc8, 0x2b, 0xc8, 0x2b, 0xe8, 0x2b,
    0xc8, 0x33, 0xc8, 0x2b, 0x47, 0x2b, 0xc8, 0x2b, 0xe8, 0x2b, 0xc8, 0x33,
    0xc8, 0x2b, 0xe8, 0x2b, 0x27, 0x2b, 0x03, 0x83, 0x40, 0xfb, 0x20, 0xf8,
    0x62, 0xa0, 0x80, 0xf8, 0xc0, 0xfb, 0x00, 0xec, 0xa0, 0xfb, 0x80, 0xfa,
    0xe0, 0xf8, 0x00, 0xf8, 0x00, 0xf8, 0x20, 0xfb, 0xc3, 0x62, 0xc8, 0x2b,
    0xc8, 0x2b, 0xc4, 0x62, 0x81, 0xec, 0x21, 0xdc, 0x01, 0xcc, 0xe1, 0xbb,
    0x01, 0xbc, 0xc2, 0xab, 0x01, 0xbc, 0x01, 0xbc, 0x01, 0xcc, 0x21, 0xe4,
    0xa0, 0xfb, 0x80, 0xfa, 0xe0, 0xf8, 0x42, 0xe8, 0xef, 0xca, 0x90, 0x08,
    0x74, 0x42, 0xcd, 0x50, 0xc0, 0xf8, 0xa2, 0xa3, 0xa8, 0x2b, 0xc8, 0x2b,
    0xc8, 0x2b, 0xc8, 0x2b, 0xc8, 0x2b, 0xe8, 0x2b, 0xc8, 0x2b, 0xe8, 0x2b,
    0xc8, 0x2b, 0xc8, 0x2b, 0xe8, 0x2b, 0xa8, 0x2b, 0x47, 0x2b, 0xc8, 0x2b,
    0xe8, 0x2b, 0xc8, 0x2b, 0xc8, 0x33, 0xc8, 0x2b, 0xa6, 0x32, 0x01, 0xc4,
    0x80, 0xf9, 0x41, 0xd0, 0xe3, 0x30, 0x30, 0x84, 0x00, 0x00, 0x00, 0x00,
    0x00, 0x00, 0x00, 0x00, 0x00, 0x00, 0x00, 0x00, 0x00, 0x00, 0x00, 0x00,
    0x00, 0x00, 0x00, 0x00, 0x00, 0x00, 0x00, 0x00, 0x00, 0x00, 0x00, 0x00,
    0x00, 0x00, 0x00, 0x00, 0x00, 0x00, 0x00, 0x00, 0x00, 0x00, 0x00, 0x00,
    0x00, 0x00, 0x00, 0x00, 0x00, 0x00, 0x00, 0x00, 0x00, 0x00, 0x00, 0x00,
    0x00, 0x00, 0x00, 0x00, 0x00, 0x00, 0x00, 0x00, 0x00, 0x00, 0x00, 0x00,
    0x00, 0x00, 0x00, 0x00, 0x00, 0x00, 0x00, 0x00, 0x1c, 0xff, 0xa0, 0xfa,
    0xe4, 0x5a, 0xc8, 0x2b, 0xc8, 0x2b, 0xc8, 0x2b, 0xc8, 0x2b, 0xc8, 0x2b,
    0xc8, 0x2b, 0xe8, 0x2b, 0xc8, 0x2b, 0xc8, 0x2b, 0xe8, 0x2b, 0xc8, 0x33,
    0xc8, 0x2b, 0xc8, 0x2b, 0xc8, 0x33, 0xe8, 0x2b, 0xc8, 0x2b, 0xc8, 0x2b,
    0xe8, 0x2b, 0xc8, 0x33, 0xc8, 0x2b, 0xe8, 0x2b, 0x87, 0x2b, 0x25, 0x3a,
    0xa6, 0x2a, 0xc8, 0x2b, 0xc8, 0x2b, 0xc8, 0x2b, 0xe8, 0x2b, 0xc8, 0x2b,
    0xc8, 0x2b, 0xc8, 0x2b, 0xc8, 0x2b, 0xc8, 0x2b, 0xc8, 0x2b, 0x88, 0x2b,
    0xa6, 0x3a, 0x42, 0x8b, 0x20, 0xf4, 0xe0, 0xf9, 0x20, 0xf8, 0x41, 0xc8,
    0x40, 0xf8, 0xe1, 0xbb, 0x68, 0x2b, 0xc8, 0x2b, 0xc8, 0x2b, 0xe8, 0x33,
    0xc8, 0x2b, 0xc8, 0x2b, 0xe8, 0x33, 0xe8, 0x2b, 0xc8, 0x2b, 0xc8, 0x2b,
    0x67, 0x2b, 0x84, 0x5a, 0x84, 0x52, 0xc8, 0x2b, 0xc8, 0x2b, 0xc8, 0x2b,
    0xc8, 0x33, 0x85, 0x42, 0x21, 0xd4, 0x40, 0xf9, 0x41, 0xc8, 0xe4, 0x30,
    0x59, 0xce, 0xdf, 0xff, 0x80, 0xfb, 0xa6, 0x3a, 0xc8, 0x2b, 0xe8, 0x2b,
    0xe8, 0x33, 0xc8, 0x2b, 0xc8, 0x2b, 0x47, 0x2b, 0x23, 0x83, 0x80, 0xfa,
    0x41, 0xc8, 0x04, 0x29, 0x20, 0xf8, 0x01, 0xd4, 0x27, 0x2b, 0xc8, 0x2b,
    0xc8, 0x2b, 0xe8, 0x2b, 0xc8, 0x2b, 0xc8, 0x2b, 0xe8, 0x2b, 0xc8, 0x2b,
    0xc8, 0x2b, 0xe8, 0x2b, 0x88, 0x2b, 0x85, 0x42, 0x64, 0x52, 0xc8, 0x2b,
    0xc8, 0x2b, 0xc8, 0x2b, 0xc8, 0x2b, 0x07, 0x2b, 0x82, 0x9b, 0xc0, 0xfa,
    0x20, 0xf0, 0xc3, 0x58, 0x04, 0x21, 0xa2, 0x90, 0x21, 0xe8, 0x20, 0xf0,
    0x21, 0xd8, 0x61, 0xa8, 0xa2, 0x70, 0x41, 0xc8, 0xa0, 0xf9, 0xa2, 0xa3,
    0x47, 0x2b, 0xc8, 0x2b, 0xc8, 0x2b, 0x47, 0x2b, 0xc6, 0x2a, 0x07, 0x2b,
    0x47, 0x2b, 0x88, 0x2b, 0x88, 0x2b, 0xa8, 0x2b, 0x88, 0x2b, 0x88, 0x2b,
    0x47, 0x2b, 0xc7, 0x2a, 0x86, 0x32, 0xa4, 0x5a, 0xa2, 0xab, 0xe0, 0xf3,
    0x00, 0xf9, 0x24, 0xc0, 0xd0, 0x18, 0x6b, 0x50, 0x00, 0xf9, 0x82, 0x93,
    0xc8, 0x2b, 0xc8, 0x2b, 0xe8, 0x2b, 0xc8, 0x2b, 0xc8, 0x2b, 0xc8, 0x2b,
    0xc8, 0x33, 0xc8, 0x2b, 0xe8, 0x2b, 0xc8, 0x33, 0x67, 0x2b, 0xa4, 0x5a,
    0x66, 0x32, 0xc8, 0x2b, 0xc8, 0x2b, 0xe8, 0x2b, 0xc8, 0x2b, 0x85, 0x42,
    0x21, 0xdc, 0x40, 0xf9, 0x41, 0xc8, 0xe4, 0x28, 0x10, 0x84, 0x00, 0x00,
    0x00, 0x00, 0x00, 0x00, 0x00, 0x00, 0x00, 0x00, 0x00, 0x00, 0x00, 0x00,
    0x00, 0x00, 0x00, 0x00, 0x00, 0x00, 0x00, 0x00, 0x00, 0x00, 0x00, 0x00,
    0x00, 0x00, 0x00, 0x00, 0x00, 0x00, 0x00, 0x00, 0x00, 0x00, 0x00, 0x00,
    0x00, 0x00, 0x00, 0x00, 0x00, 0x00, 0x00, 0x00, 0x00, 0x00, 0x00, 0x00,
    0x00, 0x00, 0x00, 0x00, 0x00, 0x00, 0x00, 0x00, 0x00, 0x00, 0x00, 0x00,
    0x00, 0x00, 0x00, 0x00, 0x00, 0x00, 0x00, 0x00, 0x00, 0x00, 0x00, 0x00,
    0x9e, 0xff, 0xc0, 0xf9, 0x23, 0x7b, 0xc8, 0x2b, 0xc8, 0x2b, 0xe8, 0x33,
    0xe8, 0x2b, 0xc8, 0x2b, 0xc8, 0x33, 0xc8, 0x2b, 0xe8, 0x2b, 0xc8, 0x2b,
    0xc8, 0x2b, 0xc8, 0x2b, 0xc8, 0x2b, 0xc8, 0x2b, 0xc8, 0x2b, 0xc8, 0x2b,
    0xe8, 0x33, 0xc8, 0x2b, 0xc8, 0x2b, 0xc8, 0x2b, 0xc8, 0x2b, 0xc6, 0x32,
    0x22, 0x8b, 0xc2, 0xab, 0x68, 0x2b, 0xc8, 0x2b, 0xc8, 0x33, 0xc8, 0x2b,
    0xc8, 0x2b, 0xe8, 0x33, 0xc8, 0x2b, 0xc8, 0x2b, 0xe8, 0x2b, 0x67, 0x2b,
    0x85, 0x42, 0x62, 0x9b, 0x00, 0xf4, 0x80, 0xf9, 0x00, 0xf8, 0x62, 0xa8,
    0xe3, 0x40, 0xe3, 0x48, 0x60, 0xf8, 0xe1, 0xb3, 0x88, 0x2b, 0xc8, 0x2b,
    0xc8, 0x2b, 0xc8, 0x2b, 0xc8, 0x2b, 0xc8, 0x2b, 0xc8, 0x2b, 0xc8, 0x2b,
    0xc8, 0x2b, 0xa6, 0x32, 0x62, 0x93, 0x80, 0xfc, 0x03, 0x73, 0xe8, 0x2b,
    0xc8, 0x2b, 0xa8, 0x2b, 0x84, 0x52, 0x40, 0xec, 0xe0, 0xf8, 0x41, 0xb8,
    0x04, 0x29, 0x30, 0x8c, 0x00, 0x00, 0x1c, 0xff, 0x80, 0xfb, 0xa6, 0x32,
    0xc8, 0x2b, 0xc8, 0x2b, 0xc8, 0x2b, 0xe8, 0x2b, 0xe7, 0x2a, 0x62, 0x9b,
    0xe0, 0xfa, 0x20, 0xf0, 0xc3, 0x48, 0xd3, 0xa4, 0x45, 0xf9, 0x01, 0xcc,
    0x47, 0x2b, 0xc8, 0x2b, 0xc8, 0x2b, 0xc8, 0x33, 0xc8, 0x2b, 0xc8, 0x2b,
    0xc8, 0x2b, 0xc8, 0x33, 0xa8, 0x2b, 0xa6, 0x32, 0x22, 0x8b, 0x80, 0xfc,
    0x63, 0x8b, 0xc8, 0x2b, 0xc8, 0x2b, 0xc8, 0x2b, 0xa6, 0x32, 0xe1, 0xbb,
    0x20, 0xfa, 0x20, 0xe8, 0xc3, 0x48, 0x6a, 0x52, 0x00, 0x00, 0x9e, 0xf7,
    0x45, 0x31, 0x04, 0x21, 0x04, 0x21, 0x04, 0x29, 0xa3, 0x88, 0x80, 0xf8,
    0x41, 0xdc, 0xa6, 0x32, 0xa8, 0x2b, 0x07, 0x2b, 0xa6, 0x2a, 0xa5, 0x42,
    0xc5, 0x4a, 0xa5, 0x42, 0xa6, 0x32, 0x27, 0x2b, 0xc8, 0x2b, 0xc8, 0x2b,
    0xc8, 0x2b, 0xc8, 0x2b, 0xc8, 0x2b, 0xc8, 0x2b, 0xc8, 0x2b, 0xc8, 0x2b,
    0x87, 0x2b, 0x85, 0x3a, 0x01, 0xc4, 0xc0, 0xf9, 0x24, 0xc8, 0xcf, 0xb2,
    0x40, 0xf9, 0x62, 0x8b, 0xc8, 0x2b, 0xc8, 0x2b, 0xc8, 0x2b, 0xe8, 0x33,
    0xc8, 0x2b, 0xc8, 0x2b, 0xe8, 0x2b, 0xc8, 0x2b, 0xa8, 0x2b, 0xa6, 0x32,
    0x62, 0x9b, 0xe0, 0xfc, 0x85, 0x42, 0xc8, 0x2b, 0xc8, 0x2b, 0x87, 0x2b,
    0x84, 0x52, 0x40, 0xec, 0xe0, 0xf8, 0x41, 0xb8, 0x04, 0x29, 0xf4, 0xa4,
    0x00, 0x00, 0x00, 0x00, 0x00, 0x00, 0x00, 0x00, 0x00, 0x00, 0x00, 0x00,
    0x00, 0x00, 0x00, 0x00, 0x00, 0x00, 0x00, 0x00, 0x00, 0x00, 0x00, 0x00,
    0x00, 0x00, 0x00, 0x00, 0x00, 0x00, 0x00, 0x00, 0x00, 0x00, 0x00, 0x00,
    0x00, 0x00, 0x00, 0x00, 0x00, 0x00, 0x00, 0x00, 0x00, 0x00, 0x00, 0x00,
    0x00, 0x00, 0x00, 0x00, 0x00, 0x00, 0x00, 0x00, 0x00, 0x00, 0x00, 0x00,
    0x00, 0x00, 0x00, 0x00, 0x00, 0x00, 0x00, 0x00, 0x00, 0x00, 0x00, 0x00,
    0x00, 0x00, 0x00, 0x00, 0x00, 0x00, 0x60, 0xf8, 0x01, 0xc4, 0x27, 0x2b,
    0xc8, 0x2b, 0xc8, 0x2b, 0xc8, 0x2b, 0xe8, 0x2b, 0xc8, 0x2b, 0xc8, 0x2b,
    0xc8, 0x2b, 0xc8, 0x33, 0xe8, 0x2b, 0xc8, 0x2b, 0xe8, 0x2b, 0xe8, 0x2b,
    0xc8, 0x2b, 0xc8, 0x2b, 0xc8, 0x2b, 0xc8, 0x2b, 0xc8, 0x2b, 0x47, 0x2b,
    0xa4, 0x52, 0x21, 0xd4, 0x00, 0xfc, 0x03, 0x73, 0xc8, 0x2b, 0xc8, 0x2b,
    0xe8, 0x2b, 0xc8, 0x2b, 0xc8, 0x2b, 0xc8, 0x2b, 0xe8, 0x2b, 0x47, 0x2b,
    0x85, 0x4a, 0xa2, 0xa3, 0xc0, 0xfb, 0x60, 0xf9, 0x20, 0xf0, 0x82, 0x98,
    0xe4, 0x38, 0x04, 0x21, 0xdb, 0xde, 0x00, 0x00, 0xf0, 0xfb, 0x41, 0xcc,
    0x27, 0x2b, 0xc8, 0x2b, 0xc8, 0x2b, 0xe8, 0x2b, 0xc8, 0x2b, 0xe8, 0x2b,
    0xa8, 0x2b, 0xc6, 0x32, 0xe3, 0x72, 0x21, 0xe4, 0xc0, 0xf9, 0x60, 0xf9,
    0x42, 0x8b, 0xc8, 0x2b, 0x27, 0x2b, 0xc3, 0x6a, 0xe0, 0xf3, 0x60, 0xf8,
    0x82, 0xa0, 0x04, 0x29, 0xb6, 0xbd, 0x00, 0x00, 0x00, 0x00, 0x3c, 0xff,
    0xa0, 0xfb, 0xa6, 0x2a, 0xc8, 0x2b, 0xc8, 0x2b, 0xa8, 0x2b, 0x85, 0x3a,
    0x01, 0xc4, 0x20, 0xfa, 0x20, 0xe8, 0xc3, 0x50, 0x92, 0x94, 0x00, 0x00,
    0xeb, 0xfa, 0x21, 0xe4, 0xe6, 0x2a, 0xc8, 0x2b, 0xc8, 0x2b, 0xe8, 0x2b,
    0xc8, 0x2b, 0xc8, 0x2b, 0x67, 0x2b, 0x86, 0x3a, 0x23, 0x8b, 0x20, 0xec,
    0xe0, 0xf9, 0xe0, 0xf8, 0x82, 0xa3, 0xc8, 0x2b, 0xa8, 0x2b, 0x85, 0x42,
    0x21, 0xd4, 0x60, 0xf9, 0x41, 0xd8, 0xe4, 0x38, 0xeb, 0x62, 0x00, 0x00,
    0x00, 0x00, 0x00, 0x00, 0x00, 0x00, 0x00, 0x00, 0x00, 0x00, 0x00, 0x00,
    0x38, 0xfe, 0x00, 0xfc, 0x03, 0x52, 0xc4, 0x62, 0x62, 0x9b, 0x21, 0xd4,
    0xe0, 0xfb, 0x40, 0xfb, 0x20, 0xfb, 0x20, 0xfb, 0x00, 0xfd, 0x41, 0xc4,
    0xc3, 0x62, 0x27, 0x2b, 0xc8, 0x2b, 0xc8, 0x2b, 0xc8, 0x2b, 0xe8, 0x2b,
    0xc8, 0x2b, 0xc8, 0x2b, 0xc8, 0x2b, 0xc8, 0x2b, 0xc6, 0x2a, 0x21, 0xcc,
    0xa0, 0xf8, 0xc6, 0xd0, 0xc0, 0xf8, 0xa2, 0xa3, 0xa8, 0x2b, 0xc8, 0x2b,
    0xc8, 0x2b, 0xc8, 0x2b, 0xc8, 0x2b, 0xe8, 0x2b, 0x87, 0x2b, 0xa6, 0x32,
    0x03, 0x83, 0x20, 0xec, 0xa0, 0xf9, 0x60, 0xfa, 0xc4, 0x5a, 0xc8, 0x2b,
    0x47, 0x2b, 0xe3, 0x72, 0xe0, 0xfb, 0x60, 0xf8, 0x62, 0x98, 0x04, 0x21,
    0xef, 0x83, 0x00, 0x00, 0x00, 0x00, 0x00, 0x00, 0x00, 0x00, 0x00, 0x00,
    0x00, 0x00, 0x00, 0x00, 0x00, 0x00, 0x00, 0x00, 0x00, 0x00, 0x00, 0x00,
    0x00, 0x00, 0x00, 0x00, 0x00, 0x00, 0x00, 0x00, 0x00, 0x00, 0x00, 0x00,
    0x00, 0x00, 0x00, 0x00, 0x00, 0x00, 0x00, 0x00, 0x00, 0x00, 0x00, 0x00,
    0x00, 0x00, 0x00, 0x00, 0x00, 0x00, 0x00, 0x00, 0x00, 0x00, 0x00, 0x00,
    0x00, 0x00, 0x00, 0x00, 0x00, 0x00, 0x00, 0x00, 0x00, 0x00, 0x00, 0x00,
    0x00, 0x00, 0x00, 0x00, 0x00, 0x00, 0x00, 0x00, 0x00, 0x00, 0x65, 0xe1,
    0x20, 0xfb, 0xa4, 0x5a, 0xc8, 0x2b, 0xc8, 0x2b, 0xc8, 0x2b, 0xc8, 0x2b,
    0xe8, 0x2b, 0xc8, 0x2b, 0xc8, 0x2b, 0xe8, 0x2b, 0xc8, 0x2b, 0xc8, 0x2b,
    0xc8, 0x33, 0xc8, 0x2b, 0xc8, 0x2b, 0xe8, 0x2b, 0xc8, 0x2b, 0x67, 0x2b,
    0xa5, 0x4a, 0xc1, 0xb3, 0x40, 0xfb, 0x60, 0xf8, 0xa0, 0xfb, 0x85, 0x32,
    0xc8, 0x2b, 0xc8, 0x2b, 0xe8, 0x2b, 0xc8, 0x2b, 0xc8, 0x2b, 0x27, 0x2b,
    0xa4, 0x52, 0xc1, 0xb3, 0x80, 0xfb, 0x00, 0xf9, 0x20, 0xe8, 0x82, 0x90,
    0xe4, 0x30, 0x25, 0x29, 0xba, 0xde, 0x00, 0x00, 0x00, 0x00, 0x00, 0x00,
    0x31, 0xf4, 0xa0, 0xfb, 0xa4, 0x5a, 0xa6, 0x32, 0xc6, 0x32, 0xc6, 0x32,
    0xa5, 0x3a, 0xc4, 0x62, 0x82, 0x9b, 0x20, 0xec, 0x40, 0xfa, 0x20, 0xf8,
    0x41, 0xd0, 0xa0, 0xf8, 0xc2, 0xab, 0x85, 0x3a, 0xa2, 0xab, 0x00, 0xfb,
    0x20, 0xf8, 0xa2, 0x78, 0x04, 0x21, 0xdb, 0xde, 0x00, 0x00, 0x00, 0x00,
    0x00, 0x00, 0xdb, 0xfe, 0xa0, 0xf3, 0xa6, 0x2a, 0xc8, 0x2b, 0xe6, 0x32,
    0xe3, 0x72, 0x00, 0xf4, 0x00, 0xf9, 0x41, 0xd0, 0xe4, 0x38, 0xc7, 0x39,
    0x00, 0x00, 0x00, 0x00, 0x29, 0xe2, 0x60, 0xfb, 0x84, 0x4a, 0xe7, 0x2a,
    0xe7, 0x2a, 0xc6, 0x32, 0xa5, 0x42, 0x03, 0x7b, 0xe1, 0xbb, 0xc0, 0xfb,
    0xc0, 0xf9, 0x20, 0xf8, 0x41, 0xb8, 0x60, 0xf8, 0xe1, 0xbb, 0xc6, 0x2a,
    0xc3, 0x6a, 0x00, 0xf4, 0xc0, 0xf8, 0x41, 0xb8, 0xe4, 0x30, 0xf3, 0xa4,
    0x00, 0x00, 0x00, 0x00, 0x00, 0x00, 0x00, 0x00, 0x00, 0x00, 0x00, 0x00,
    0x00, 0x00, 0xff, 0xff, 0xe0, 0xfa, 0xe1, 0xec, 0x00, 0xec, 0x80, 0xfa,
    0xe0, 0xf8, 0x20, 0xf8, 0x20, 0xe0, 0x21, 0xe8, 0x00, 0xf8, 0x60, 0xfa,
    0xe1, 0xec, 0x60, 0xf9, 0xe0, 0xfa, 0xa2, 0xab, 0x07, 0x2b, 0xc8, 0x2b,
    0xc8, 0x2b, 0xe8, 0x2b, 0xc8, 0x2b, 0xc8, 0x2b, 0xe8, 0x2b, 0xc8, 0x2b,
    0xc8, 0x2b, 0x84, 0x4a, 0x60, 0xfb, 0x00, 0xf8, 0x20, 0xf8, 0x21, 0xdc,
    0x85, 0x3a, 0xe6, 0x2a, 0xe7, 0x2a, 0xc6, 0x32, 0xa5, 0x42, 0xe4, 0x6a,
    0xa2, 0xab, 0x00, 0xf4, 0x00, 0xfa, 0x20, 0xf8, 0x21, 0xd8, 0xc0, 0xf9,
    0x03, 0x7b, 0xa5, 0x32, 0x82, 0xa3, 0x00, 0xfb, 0x20, 0xf8, 0xa2, 0x78,
    0x04, 0x21, 0x7a, 0xd6, 0x00, 0x00, 0x00, 0x00, 0x00, 0x00, 0x00, 0x00,
    0x00, 0x00, 0x00, 0x00, 0x00, 0x00, 0x00, 0x00, 0x00, 0x00, 0x00, 0x00,
    0x00, 0x00, 0x00, 0x00, 0x00, 0x00, 0x00, 0x00, 0x00, 0x00, 0x00, 0x00,
    0x00, 0x00, 0x00, 0x00, 0x00, 0x00, 0x00, 0x00, 0x00, 0x00, 0x00, 0x00,
    0x00, 0x00, 0x00, 0x00, 0x00, 0x00, 0x00, 0x00, 0x00, 0x00, 0x00, 0x00,
    0x00, 0x00, 0x00, 0x00, 0x00, 0x00, 0x00, 0x00, 0x00, 0x00, 0x00, 0x00,
    0x00, 0x00, 0x00, 0x00, 0x00, 0x00, 0x00, 0x00, 0x00, 0x00, 0x00, 0x00,
    0x00, 0x00, 0xbb, 0xe6, 0x60, 0xf8, 0x20, 0xec, 0x84, 0x4a, 0xa8, 0x2b,
    0xc8, 0x2b, 0xc8, 0x33, 0xc8, 0x2b, 0xc8, 0x2b, 0xe8, 0x33, 0xc8, 0x2b,
    0xc8, 0x2b, 0xc8, 0x2b, 0xc8, 0x2b, 0xc8, 0x2b, 0xc8, 0x33, 0x27, 0x2b,
    0x85, 0x4a, 0xa2, 0xab, 0xa0, 0xfb, 0xe0, 0xf8, 0x20, 0xf0, 0x40, 0xf8,
    0x21, 0xcc, 0x07, 0x2b, 0xc8, 0x2b, 0xc8, 0x2b, 0xc8, 0x33, 0x07, 0x2b,
    0xa4, 0x5a, 0x01, 0xc4, 0x40, 0xfb, 0xc0, 0xf8, 0x21, 0xe0, 0xa2, 0x80,
    0xe4, 0x28, 0x65, 0x31, 0x1c, 0xe7, 0x00, 0x00, 0x00, 0x00, 0x00, 0x00,
    0x00, 0x00, 0x00, 0x00, 0x96, 0xd5, 0x60, 0xf8, 0xe0, 0xfa, 0xa0, 0xfb,
    0xc0, 0xf3, 0xc0, 0xfb, 0x80, 0xfb, 0x80, 0xfa, 0xe0, 0xf8, 0x20, 0xf8,
    0x61, 0xb0, 0xc3, 0x48, 0xe4, 0x30, 0x20, 0xf8, 0x40, 0xfb, 0xc0, 0xfb,
    0x40, 0xf9, 0x21, 0xe0, 0xc3, 0x50, 0x24, 0x29, 0xff, 0xff, 0x00, 0x00,
    0x00, 0x00, 0x00, 0x00, 0x00, 0x00, 0x39, 0xfe, 0x60, 0xfb, 0xa4, 0x62,
    0x03, 0x73, 0x21, 0xd4, 0x80, 0xfa, 0x20, 0xf8, 0x82, 0x90, 0xe4, 0x28,
    0xef, 0x83, 0x00, 0x00, 0x00, 0x00, 0x00, 0x00, 0x30, 0xbc, 0xa0, 0xf8,
    0xa0, 0xfb, 0x20, 0xec, 0x40, 0xf4, 0xe0, 0xf3, 0x20, 0xfb, 0xe0, 0xf9,
    0x60, 0xf8, 0x21, 0xe0, 0x82, 0x98, 0xe4, 0x38, 0xe4, 0x28, 0x20, 0xf8,
    0xc0, 0xf3, 0x01, 0xdc, 0xc0, 0xfa, 0x20, 0xf8, 0x82, 0x88, 0x04, 0x29,
    0x38, 0xc6, 0x00, 0x00, 0x00, 0x00, 0x00, 0x00, 0x00, 0x00, 0x00, 0x00,
    0x00, 0x00, 0x00, 0x00, 0xff, 0xff, 0x22, 0xf9, 0xa0, 0xfa, 0xc0, 0xf8,
    0x20, 0xf0, 0x61, 0xb0, 0x62, 0x48, 0x82, 0x18, 0xc3, 0x48, 0x20, 0xf0,
    0x80, 0xfa, 0x82, 0x9b, 0x20, 0xfb, 0x20, 0xf0, 0x20, 0xe0, 0x60, 0xfa,
    0x22, 0x8b, 0xa8, 0x2b, 0xc8, 0x2b, 0xc8, 0x2b, 0xc8, 0x2b, 0xc8, 0x2b,
    0xe8, 0x2b, 0xc8, 0x2b, 0xc8, 0x2b, 0x07, 0x2b, 0x21, 0xd4, 0x20, 0xf8,
    0x20, 0xf0, 0x40, 0xf9, 0xa0, 0xfb, 0x00, 0xf4, 0x20, 0xec, 0xe0, 0xf3,
    0x60, 0xfb, 0x40, 0xfa, 0xa0, 0xf8, 0x20, 0xf0, 0x62, 0xa8, 0xe3, 0x40,
    0xc3, 0x58, 0x80, 0xf8, 0x20, 0xec, 0x00, 0xf4, 0x60, 0xf9, 0x21, 0xe0,
    0xc3, 0x50, 0x04, 0x29, 0xff, 0xff, 0x00, 0x00, 0x00, 0x00, 0x00, 0x00,
    0x00, 0x00, 0x00, 0x00, 0x00, 0x00, 0x00, 0x00, 0x00, 0x00, 0x00, 0x00,
    0x00, 0x00, 0x00, 0x00, 0x00, 0x00, 0x00, 0x00, 0x00, 0x00, 0x00, 0x00,
    0x00, 0x00, 0x00, 0x00, 0x00, 0x00, 0x00, 0x00, 0x00, 0x00, 0x00, 0x00,
    0x00, 0x00, 0x00, 0x00, 0x00, 0x00, 0x00, 0x00, 0x00, 0x00, 0x00, 0x00,
    0x00, 0x00, 0x00, 0x00, 0x00, 0x00, 0x00, 0x00, 0x00, 0x00, 0x00, 0x00,
    0x00, 0x00, 0x00, 0x00, 0x00, 0x00, 0x00, 0x00, 0x00, 0x00, 0x00, 0x00,
    0x00, 0x00, 0x00, 0x00, 0x00, 0x00, 0x00, 0x00, 0x2d, 0xbb, 0x80, 0xf8,
    0x00, 0xf4, 0xe3, 0x7a, 0xc6, 0x2a, 0xa8, 0x2b, 0xc8, 0x2b, 0xe8, 0x2b,
    0xc8, 0x2b, 0xc8, 0x2b, 0xe8, 0x2b, 0xc8, 0x2b, 0x47, 0x2b, 0xa6, 0x32,
    0xe3, 0x72, 0x01, 0xc4, 0x80, 0xfb, 0xe0, 0xf8, 0x20, 0xe8, 0xa2, 0x80,
    0x82, 0x80, 0x60, 0xf9, 0x43, 0x93, 0xc8, 0x2b, 0xc8, 0x2b, 0xe7, 0x2a,
    0xc3, 0x62, 0x21, 0xd4, 0x00, 0xfb, 0x80, 0xf8, 0x21, 0xd8, 0xa3, 0x70,
    0x04, 0x29, 0x08, 0x42, 0xff, 0xff, 0x00, 0x00, 0x00, 0x00, 0x00, 0x00,
    0x00, 0x00, 0x00, 0x00, 0x00, 0x00, 0x00, 0x00, 0x00, 0x00, 0x86, 0x79,
    0x61, 0xb8, 0x41, 0xd8, 0x21, 0xe0, 0x21, 0xe0, 0x41, 0xc8, 0x62, 0xa8,
    0xa2, 0x70, 0xe4, 0x30, 0x04, 0x21, 0x35, 0xad, 0x00, 0x00, 0x4d, 0xa3,
    0x21, 0xd8, 0x20, 0xe0, 0x82, 0x90, 0xe4, 0x30, 0xec, 0x62, 0x00, 0x00,
    0x00, 0x00, 0x00, 0x00, 0x00, 0x00, 0x00, 0x00, 0x00, 0x00, 0xbb, 0xee,
    0x80, 0xf8, 0xa0, 0xfa, 0x00, 0xfa, 0x20, 0xf8, 0x41, 0xc0, 0xe3, 0x48,
    0x04, 0x29, 0xdb, 0xde, 0x00, 0x00, 0x00, 0x00, 0x00, 0x00, 0x00, 0x00,
    0xff, 0xff, 0xa2, 0x88, 0x21, 0xd8, 0x00, 0xf0, 0x20, 0xf0, 0x21, 0xe0,
    0x41, 0xc0, 0x82, 0x98, 0xc3, 0x50, 0x04, 0x29, 0x04, 0x21, 0x71, 0x94,
    0x00, 0x00, 0x6d, 0xab, 0x00, 0xf8, 0x20, 0xf8, 0x41, 0xd0, 0xc3, 0x50,
    0x04, 0x21, 0xbe, 0xf7, 0x00, 0x00, 0x00, 0x00, 0x00, 0x00, 0x00, 0x00,
    0x00, 0x00, 0x00, 0x00, 0x00, 0x00, 0x00, 0x00, 0xa2, 0xf8, 0x00, 0xf8,
    0x61, 0xb8, 0xa3, 0x68, 0xe4, 0x28, 0x04, 0x21, 0x04, 0x21, 0x00, 0x00,
    0x1c, 0xff, 0xc0, 0xfa, 0x22, 0x93, 0x81, 0xb3, 0x60, 0xf8, 0xa3, 0x70,
    0xe3, 0x40, 0x00, 0xf8, 0xe0, 0xf3, 0x86, 0x32, 0xe8, 0x2b, 0xc8, 0x2b,
    0xc8, 0x33, 0xe8, 0x2b, 0xc8, 0x2b, 0xc8, 0x2b, 0xe8, 0x2b, 0xa8, 0x2b,
    0x62, 0x9b, 0xe0, 0xf8, 0x82, 0x88, 0x62, 0xa0, 0x21, 0xd8, 0x20, 0xf0,
    0x20, 0xf0, 0x21, 0xe0, 0x41, 0xc8, 0x62, 0xa0, 0xa3, 0x60, 0xe4, 0x28,
    0x04, 0x21, 0x92, 0x94, 0xbe, 0xf7, 0x82, 0xa8, 0x20, 0xf8, 0x20, 0xf8,
    0x62, 0xa0, 0x04, 0x31, 0xa6, 0x39, 0x00, 0x00, 0x00, 0x00, 0x00, 0x00,
    0x00, 0x00, 0x00, 0x00, 0x00, 0x00, 0x00, 0x00, 0x00, 0x00, 0x00, 0x00,
    0x00, 0x00, 0x00, 0x00, 0x00, 0x00, 0x00, 0x00, 0x00, 0x00, 0x00, 0x00,
    0x00, 0x00, 0x00, 0x00, 0x00, 0x00, 0x00, 0x00, 0x00, 0x00, 0x00, 0x00,
    0x00, 0x00, 0x00, 0x00, 0x00, 0x00, 0x00, 0x00, 0x00, 0x00, 0x00, 0x00,
    0x00, 0x00, 0x00, 0x00, 0x00, 0x00, 0x00, 0x00, 0x00, 0x00, 0x00, 0x00,
    0x00, 0x00, 0x00, 0x00, 0x00, 0x00, 0x00, 0x00, 0x00, 0x00, 0x00, 0x00,
    0x00, 0x00, 0x00, 0x00, 0x00, 0x00, 0x00, 0x00, 0x00, 0x00, 0x00, 0x00,
    0x00, 0x00, 0xc3, 0x88, 0x20, 0xf8, 0x60, 0xfa, 0x41, 0xe4, 0x42, 0x93,
    0xe4, 0x62, 0xa5, 0x4a, 0xa5, 0x3a, 0xc5, 0x4a, 0xe4, 0x62, 0x22, 0x8b,
    0x01, 0xc4, 0xe0, 0xfb, 0x40, 0xfa, 0x60, 0xf8, 0x21, 0xd8, 0xa2, 0x80,
    0x04, 0x29, 0x66, 0x31, 0x25, 0xc9, 0x00, 0xfb, 0x85, 0x4a, 0xc6, 0x2a,
    0xe3, 0x72, 0x21, 0xdc, 0xa0, 0xfa, 0x60, 0xf8, 0x41, 0xd0, 0xa3, 0x68,
    0x04, 0x21, 0x66, 0x31, 0xdf, 0xff, 0x00, 0x00, 0x00, 0x00, 0x00, 0x00,
    0x00, 0x00, 0x00, 0x00, 0x00, 0x00, 0x00, 0x00, 0x00, 0x00, 0x00, 0x00,
    0x00, 0x00, 0x00, 0x00, 0xcb, 0x5a, 0x04, 0x21, 0x04, 0x21, 0x04, 0x21,
    0x04, 0x21, 0x04, 0x21, 0x86, 0x31, 0xbf, 0xff, 0x00, 0x00, 0x00, 0x00,
    0x00, 0x00, 0x00, 0x00, 0x86, 0x31, 0x04, 0x21, 0x04, 0x21, 0x9a, 0xd6,
    0x00, 0x00, 0x00, 0x00, 0x00, 0x00, 0x00, 0x00, 0x00, 0x00, 0x00, 0x00,
    0x00, 0x00, 0x00, 0x00, 0x45, 0x79, 0x61, 0xa8, 0x82, 0x98, 0xc3, 0x50,
    0x04, 0x21, 0x8e, 0x73, 0x00, 0x00, 0x00, 0x00, 0x00, 0x00, 0x00, 0x00,
    0x00, 0x00, 0x00, 0x00, 0x00, 0x00, 0xff, 0xff, 0x45, 0x31, 0x04, 0x21,
    0x04, 0x29, 0x04, 0x21, 0x04, 0x21, 0x04, 0x29, 0xaf, 0x7b, 0xff, 0xff,
    0x00, 0x00, 0x00, 0x00, 0x00, 0x00, 0x00, 0x00, 0x08, 0x4a, 0xe4, 0x30,
    0x04, 0x21, 0xc7, 0x39, 0x00, 0x00, 0x00, 0x00, 0x00, 0x00, 0x00, 0x00,
    0x00, 0x00, 0x00, 0x00, 0x00, 0x00, 0x00, 0x00, 0x00, 0x00, 0xab, 0xda,
    0xa2, 0x78, 0xe4, 0x28, 0x04, 0x21, 0x49, 0x52, 0xdf, 0xff, 0x00, 0x00,
    0x00, 0x00, 0xff, 0xff, 0x01, 0xfb, 0x42, 0x93, 0x03, 0x5a, 0x40, 0xfa,
    0x41, 0xc0, 0x04, 0x21, 0xff, 0xff, 0x96, 0xe5, 0x00, 0xfa, 0x03, 0x73,
    0xc8, 0x2b, 0xc8, 0x2b, 0xc8, 0x2b, 0xc8, 0x2b, 0xc8, 0x2b, 0xc8, 0x33,
    0xc8, 0x2b, 0xc8, 0x2b, 0x42, 0x8b, 0x40, 0xf9, 0x82, 0x88, 0x04, 0x29,
    0x24, 0x29, 0x04, 0x21, 0x04, 0x21, 0x04, 0x21, 0x04, 0x21, 0x04, 0x21,
    0x49, 0x52, 0xff, 0xff, 0x00, 0x00, 0x00, 0x00, 0x00, 0x00, 0x3d, 0xef,
    0x04, 0x29, 0x04, 0x21, 0x04, 0x21, 0xd3, 0x9c, 0x00, 0x00, 0x00, 0x00,
    0x00, 0x00, 0x00, 0x00, 0x00, 0x00, 0x00, 0x00, 0x00, 0x00, 0x00, 0x00,
    0x00, 0x00, 0x00, 0x00, 0x00, 0x00, 0x00, 0x00, 0x00, 0x00, 0x00, 0x00,
    0x00, 0x00, 0x00, 0x00, 0x00, 0x00, 0x00, 0x00, 0x00, 0x00, 0x00, 0x00,
    0x00, 0x00, 0x00, 0x00, 0x00, 0x00, 0x00, 0x00, 0x00, 0x00, 0x00, 0x00,
    0x00, 0x00, 0x00, 0x00, 0x00, 0x00, 0x00, 0x00, 0x00, 0x00, 0x00, 0x00,
    0x00, 0x00, 0x00, 0x00, 0x00, 0x00, 0x00, 0x00, 0x00, 0x00, 0x00, 0x00,
    0x00, 0x00, 0x00, 0x00, 0x00, 0x00, 0x00, 0x00, 0x00, 0x00, 0x00, 0x00,
    0x00, 0x00, 0x00, 0x00, 0x00, 0x00, 0x00, 0x00, 0x29, 0x6a, 0x41, 0xc0,
    0x20, 0xf8, 0x40, 0xf9, 0x80, 0xfa, 0x20, 0xfb, 0x20, 0xfb, 0x00, 0xfb,
    0x40, 0xfa, 0x60, 0xf9, 0x40, 0xf8, 0x21, 0xe8, 0x61, 0xa8, 0xc3, 0x58,
    0x04, 0x21, 0x45, 0x29, 0xbe, 0xff, 0x00, 0x00, 0xbb, 0xfe, 0x40, 0xec,
    0xe2, 0x7a, 0x21, 0xe4, 0x40, 0xfa, 0x40, 0xf8, 0x41, 0xc0, 0xc3, 0x58,
    0x04, 0x21, 0xc7, 0x41, 0xbe, 0xff, 0x00, 0x00, 0x00, 0x00, 0x00, 0x00,
    0x00, 0x00, 0x00, 0x00, 0x00, 0x00, 0x00, 0x00, 0x00, 0x00, 0x00, 0x00,
    0x00, 0x00, 0x00, 0x00, 0x00, 0x00, 0x00, 0x00, 0x00, 0x00, 0x00, 0x00,
    0x00, 0x00, 0x00, 0x00, 0x00, 0x00, 0x00, 0x00, 0x00, 0x00, 0x00, 0x00,
    0x00, 0x00, 0x00, 0x00, 0x00, 0x00, 0x00, 0x00, 0x00, 0x00, 0x00, 0x00,
    0x00, 0x00, 0x00, 0x00, 0x00, 0x00, 0x00, 0x00, 0x00, 0x00, 0x00, 0x00,
    0x00, 0x00, 0x00, 0x00, 0x00, 0x00, 0x00, 0x00, 0x00, 0x00, 0x49, 0x4a,
    0x04, 0x21, 0x8e, 0x73, 0x00, 0x00, 0x00, 0x00, 0x00, 0x00, 0x00, 0x00,
    0x00, 0x00, 0x00, 0x00, 0x00, 0x00, 0x00, 0x00, 0x00, 0x00, 0x00, 0x00,
    0x00, 0x00, 0x00, 0x00, 0x00, 0x00, 0x00, 0x00, 0x00, 0x00, 0x00, 0x00,
    0x00, 0x00, 0x00, 0x00, 0x00, 0x00, 0x00, 0x00, 0x00, 0x00, 0x00, 0x00,
    0x00, 0x00, 0x00, 0x00, 0x00, 0x00, 0x00, 0x00, 0x00, 0x00, 0x00, 0x00,
    0x00, 0x00, 0x00, 0x00, 0x00, 0x00, 0x00, 0x00, 0x00, 0x00, 0x00, 0x00,
    0x00, 0x00, 0x10, 0x84, 0x45, 0x31, 0x9e, 0xf7, 0x00, 0x00, 0x00, 0x00,
    0x00, 0x00, 0x00, 0x00, 0xbe, 0xff, 0x20, 0xfb, 0x42, 0x8b, 0x25, 0x2a,
    0xa1, 0xdb, 0x00, 0xf8, 0xe3, 0x48, 0x31, 0x8c, 0xff, 0xff, 0xff, 0xff,
    0xc1, 0xf8, 0xc2, 0xab, 0xa7, 0x2b, 0xc8, 0x2b, 0xc8, 0x2b, 0xe8, 0x2b,
    0xc8, 0x2b, 0xc8, 0x2b, 0xc8, 0x2b, 0x88, 0x2b, 0xa2, 0xa3, 0xa0, 0xf8,
    0xa2, 0x78, 0x96, 0xb5, 0x00, 0x00, 0x00, 0x00, 0x00, 0x00, 0x00, 0x00,
    0x00, 0x00, 0x00, 0x00, 0x00, 0x00, 0x00, 0x00, 0x00, 0x00, 0x00, 0x00,
    0x00, 0x00, 0x00, 0x00, 0x00, 0x00, 0x00, 0x00, 0x00, 0x00, 0x00, 0x00,
    0x00, 0x00, 0x00, 0x00, 0x00, 0x00, 0x00, 0x00, 0x00, 0x00, 0x00, 0x00,
    0x00, 0x00, 0x00, 0x00, 0x00, 0x00, 0x00, 0x00, 0x00, 0x00, 0x00, 0x00,
    0x00, 0x00, 0x00, 0x00, 0x00, 0x00, 0x00, 0x00, 0x00, 0x00, 0x00, 0x00,
    0x00, 0x00, 0x00, 0x00, 0x00, 0x00, 0x00, 0x00, 0x00, 0x00, 0x00, 0x00,
    0x00, 0x00, 0x00, 0x00, 0x00, 0x00, 0x00, 0x00, 0x00, 0x00, 0x00, 0x00,
    0x00, 0x00, 0x00, 0x00, 0x00, 0x00, 0x00, 0x00, 0x00, 0x00, 0x00, 0x00,
    0x00, 0x00, 0x00, 0x00, 0x00, 0x00, 0x00, 0x00, 0x00, 0x00, 0x00, 0x00,
    0x00, 0x00, 0x00, 0x00, 0x00, 0x00, 0x00, 0x00, 0x00, 0x00, 0x00, 0x00,
    0x00, 0x00, 0x3d, 0xef, 0x24, 0x41, 0xa2, 0x78, 0x62, 0xa0, 0x41, 0xb8,
    0x41, 0xb8, 0x61, 0xb8, 0x82, 0xa0, 0xa2, 0x78, 0xc3, 0x40, 0x04, 0x29,
    0x04, 0x29, 0xd3, 0x9c, 0x00, 0x00, 0x00, 0x00, 0x00, 0x00, 0x00, 0x00,
    0x67, 0xfa, 0x80, 0xfc, 0xe0, 0xf9, 0x20, 0xf8, 0x41, 0xb8, 0xc3, 0x48,
    0x04, 0x21, 0x10, 0x84, 0x00, 0x00, 0x00, 0x00, 0x00, 0x00, 0x00, 0x00,
    0x00, 0x00, 0x00, 0x00, 0x00, 0x00, 0x00, 0x00, 0x00, 0x00, 0x00, 0x00,
    0x00, 0x00, 0x00, 0x00, 0x00, 0x00, 0x00, 0x00, 0x00, 0x00, 0x00, 0x00,
    0x00, 0x00, 0x00, 0x00, 0x00, 0x00, 0x00, 0x00, 0x00, 0x00, 0x00, 0x00,
    0x00, 0x00, 0x00, 0x00, 0x00, 0x00, 0x00, 0x00, 0x00, 0x00, 0x00, 0x00,
    0x00, 0x00, 0x00, 0x00, 0x00, 0x00, 0x00, 0x00, 0x00, 0x00, 0x00, 0x00,
    0x00, 0x00, 0x00, 0x00, 0x00, 0x00, 0x00, 0x00, 0x00, 0x00, 0x00, 0x00,
    0x00, 0x00, 0x00, 0x00, 0x00, 0x00, 0x00, 0x00, 0x00, 0x00, 0x00, 0x00,
    0x00, 0x00, 0x00, 0x00, 0x00, 0x00, 0x00, 0x00, 0x00, 0x00, 0x00, 0x00,
    0x00, 0x00, 0x00, 0x00, 0x00, 0x00, 0x00, 0x00, 0x00, 0x00, 0x00, 0x00,
    0x00, 0x00, 0x00, 0x00, 0x00, 0x00, 0x00, 0x00, 0x00, 0x00, 0x00, 0x00,
    0x00, 0x00, 0x00, 0x00, 0x00, 0x00, 0x00, 0x00, 0x00, 0x00, 0x00, 0x00,
    0x00, 0x00, 0x00, 0x00, 0x00, 0x00, 0x00, 0x00, 0x00, 0x00, 0x00, 0x00,
    0x00, 0x00, 0x00, 0x00, 0x00, 0x00, 0x00, 0x00, 0x00, 0x00, 0x00, 0x00,
    0x00, 0x00, 0x00, 0x00, 0x00, 0x00, 0x9e, 0xff, 0x80, 0xfb, 0x03, 0x7b,
    0x07, 0x2b, 0x03, 0x83, 0x40, 0xf9, 0x62, 0x98, 0x04, 0x21, 0xff, 0xff,
    0xff, 0xff, 0xff, 0xff, 0xa0, 0xf9, 0xc1, 0xab, 0x67, 0x2b, 0xc8, 0x2b,
    0xc8, 0x2b, 0xe8, 0x33, 0xc8, 0x2b, 0xe8, 0x2b, 0xc8, 0x2b, 0xe6, 0x2a,
    0x41, 0xe4, 0x00, 0xf8, 0xc3, 0x50, 0xbf, 0xff, 0x00, 0x00, 0x00, 0x00,
    0x00, 0x00, 0x00, 0x00, 0x00, 0x00, 0x00, 0x00, 0x00, 0x00, 0x00, 0x00,
    0x00, 0x00, 0x00, 0x00, 0x00, 0x00, 0x00, 0x00, 0x00, 0x00, 0x00, 0x00,
    0x00, 0x00, 0x00, 0x00, 0x00, 0x00, 0x00, 0x00, 0x00, 0x00, 0x00, 0x00,
    0x00, 0x00, 0x00, 0x00, 0x00, 0x00, 0x00, 0x00, 0x00, 0x00, 0x00, 0x00,
    0x00, 0x00, 0x00, 0x00, 0x00, 0x00, 0x00, 0x00, 0x00, 0x00, 0x00, 0x00,
    0x00, 0x00, 0x00, 0x00, 0x00, 0x00, 0x00, 0x00, 0x00, 0x00, 0x00, 0x00,
    0x00, 0x00, 0x00, 0x00, 0x00, 0x00, 0x00, 0x00, 0x00, 0x00, 0x00, 0x00,
    0x00, 0x00, 0x00, 0x00, 0x00, 0x00, 0x00, 0x00, 0x00, 0x00, 0x00, 0x00,
    0x00, 0x00, 0x00, 0x00, 0x00, 0x00, 0x00, 0x00, 0x00, 0x00, 0x00, 0x00,
    0x00, 0x00, 0x00, 0x00, 0x00, 0x00, 0x00, 0x00, 0x00, 0x00, 0x00, 0x00,
    0x00, 0x00, 0x00, 0x00, 0x00, 0x00, 0x00, 0x00, 0x00, 0x00, 0x00, 0x00,
    0xb3, 0x9c, 0xe7, 0x41, 0x45, 0x29, 0x25, 0x29, 0x45, 0x31, 0x29, 0x4a,
    0xfb, 0xde, 0x00, 0x00, 0x00, 0x00, 0x00, 0x00, 0x00, 0x00, 0x00, 0x00,
    0x00, 0x00, 0x7e, 0xff, 0x20, 0xf8, 0x20, 0xf8, 0x62, 0xa8, 0xe3, 0x40,
    0x04, 0x21, 0x31, 0x8c, 0x00, 0x00, 0x00, 0x00, 0x00, 0x00, 0x00, 0x00,
    0x00, 0x00, 0x00, 0x00, 0x00, 0x00, 0x00, 0x00, 0x00, 0x00, 0x00, 0x00,
    0x00, 0x00, 0x00, 0x00, 0x00, 0x00, 0x00, 0x00, 0x00, 0x00, 0x00, 0x00,
    0x00, 0x00, 0x00, 0x00, 0x00, 0x00, 0x00, 0x00, 0x00, 0x00, 0x00, 0x00,
    0x00, 0x00, 0x00, 0x00, 0x00, 0x00, 0x00, 0x00, 0x00, 0x00, 0x00, 0x00,
    0x00, 0x00, 0x00, 0x00, 0x00, 0x00, 0x00, 0x00, 0x00, 0x00, 0x00, 0x00,
    0x00, 0x00, 0x00, 0x00, 0x00, 0x00, 0x00, 0x00, 0x00, 0x00, 0x00, 0x00,
    0x00, 0x00, 0x00, 0x00, 0x00, 0x00, 0x00, 0x00, 0x00, 0x00, 0x00, 0x00,
    0x00, 0x00, 0x00, 0x00, 0x00, 0x00, 0x00, 0x00, 0x00, 0x00, 0x00, 0x00,
    0x00, 0x00, 0x00, 0x00, 0x00, 0x00, 0x00, 0x00, 0x00, 0x00, 0x00, 0x00,
    0x00, 0x00, 0x00, 0x00, 0x00, 0x00, 0x00, 0x00, 0x00, 0x00, 0x00, 0x00,
    0x00, 0x00, 0x00, 0x00, 0x00, 0x00, 0x00, 0x00, 0x00, 0x00, 0x00, 0x00,
    0x00, 0x00, 0x00, 0x00, 0x00, 0x00, 0x00, 0x00, 0x00, 0x00, 0x00, 0x00,
    0x00, 0x00, 0x00, 0x00, 0x00, 0x00, 0x00, 0x00, 0x00, 0x00, 0x00, 0x00,
    0x00, 0x00, 0x00, 0x00, 0x00, 0x00, 0x00, 0x00, 0x58, 0xfe, 0xc0, 0xfb,
    0xc3, 0x6a, 0x67, 0x2b, 0x85, 0x3a, 0x40, 0xf3, 0x21, 0xe8, 0x04, 0x29,
    0xbf, 0xff, 0xff, 0xff, 0xb6, 0xfd, 0xc0, 0xfa, 0xc2, 0xb3, 0xa6, 0x32,
    0xc8, 0x2b, 0xc8, 0x2b, 0xc8, 0x2b, 0xc8, 0x2b, 0xc8, 0x2b, 0xc8, 0x2b,
    0xc8, 0x2b, 0xa4, 0x5a, 0x20, 0xfb, 0x20, 0xe0, 0x04, 0x21, 0x00, 0x00,
    0x00, 0x00, 0x00, 0x00, 0x00, 0x00, 0x00, 0x00, 0x00, 0x00, 0x00, 0x00,
    0x00, 0x00, 0x00, 0x00, 0x00, 0x00, 0x00, 0x00, 0x00, 0x00, 0x00, 0x00,
    0x00, 0x00, 0x00, 0x00, 0x00, 0x00, 0x00, 0x00, 0x00, 0x00, 0x00, 0x00,
    0x00, 0x00, 0x00, 0x00, 0x00, 0x00, 0x00, 0x00, 0x00, 0x00, 0x00, 0x00,
    0x00, 0x00, 0x00, 0x00, 0x00, 0x00, 0x00, 0x00, 0x00, 0x00, 0x00, 0x00,
    0x00, 0x00, 0x00, 0x00, 0x00, 0x00, 0x00, 0x00, 0x00, 0x00, 0x00, 0x00,
    0x00, 0x00, 0x00, 0x00, 0x00, 0x00, 0x00, 0x00, 0x00, 0x00, 0x00, 0x00,
    0x00, 0x00, 0x00, 0x00, 0x00, 0x00, 0x00, 0x00, 0x00, 0x00, 0x00, 0x00,
    0x00, 0x00, 0x00, 0x00, 0x00, 0x00, 0x00, 0x00, 0x00, 0x00, 0x00, 0x00,
    0x00, 0x00, 0x00, 0x00, 0x00, 0x00, 0x00, 0x00, 0x00, 0x00, 0x00, 0x00,
    0x00, 0x00, 0x00, 0x00, 0x00, 0x00, 0x00, 0x00, 0x00, 0x00, 0x00, 0x00,
    0x00, 0x00, 0x00, 0x00, 0x00, 0x00, 0x00, 0x00, 0x00, 0x00, 0x00, 0x00,
    0x00, 0x00, 0x00, 0x00, 0x00, 0x00, 0x00, 0x00, 0x00, 0x00, 0x00, 0x00,
    0x00, 0x00, 0x00, 0x00, 0x00, 0x00, 0x55, 0xf5, 0x82, 0x98, 0xe4, 0x38,
    0x04, 0x29, 0xfc, 0xe6, 0x00, 0x00, 0x00, 0x00, 0x00, 0x00, 0x00, 0x00,
    0x00, 0x00, 0x00, 0x00, 0x00, 0x00, 0x00, 0x00, 0x00, 0x00, 0x00, 0x00,
    0x00, 0x00, 0x00, 0x00, 0x00, 0x00, 0x00, 0x00, 0x00, 0x00, 0x00, 0x00,
    0x00, 0x00, 0x00, 0x00, 0x00, 0x00, 0x00, 0x00, 0x00, 0x00, 0x00, 0x00,
    0x00, 0x00, 0x00, 0x00, 0x00, 0x00, 0x00, 0x00, 0x00, 0x00, 0x00, 0x00,
    0x00, 0x00, 0x00, 0x00, 0x00, 0x00, 0x00, 0x00, 0x00, 0x00, 0x00, 0x00,
    0x00, 0x00, 0x00, 0x00, 0x00, 0x00, 0x00, 0x00, 0x00, 0x00, 0x00, 0x00,
    0x00, 0x00, 0x00, 0x00, 0x00, 0x00, 0x00, 0x00, 0x00, 0x00, 0x00, 0x00,
    0x00, 0x00, 0x00, 0x00, 0x00, 0x00, 0x00, 0x00, 0x00, 0x00, 0x00, 0x00,
    0x00, 0x00, 0x00, 0x00, 0x00, 0x00, 0x00, 0x00, 0x00, 0x00, 0x00, 0x00,
    0x00, 0x00, 0x00, 0x00, 0x00, 0x00, 0x00, 0x00, 0x00, 0x00, 0x00, 0x00,
    0x00, 0x00, 0x00, 0x00, 0x00, 0x00, 0x00, 0x00, 0x00, 0x00, 0x00, 0x00,
    0x00, 0x00, 0x00, 0x00, 0x00, 0x00, 0x00, 0x00, 0x00, 0x00, 0x00, 0x00,
    0x00, 0x00, 0x00, 0x00, 0x00, 0x00, 0x00, 0x00, 0x00, 0x00, 0x00, 0x00,
    0x00, 0x00, 0x00, 0x00, 0x00, 0x00, 0x00, 0x00, 0x00, 0x00, 0x18, 0xfe,
    0x00, 0xfc, 0xa4, 0x62, 0x88, 0x2b, 0x47, 0x2b, 0x82, 0xab, 0x80, 0xf8,
    0xa2, 0x70, 0xa3, 0x70, 0xf7, 0xfd, 0x40, 0xf9, 0x20, 0xec, 0xc3, 0x6a,
    0x27, 0x2b, 0xc8, 0x2b, 0xc8, 0x2b, 0xe8, 0x2b, 0xc8, 0x2b, 0xc8, 0x2b,
    0xe8, 0x2b, 0xc8, 0x33, 0x07, 0x2b, 0x01, 0xcc, 0x80, 0xf8, 0x82, 0x80,
    0x45, 0x29, 0x00, 0x00, 0x00, 0x00, 0x00, 0x00, 0x00, 0x00, 0x00, 0x00,
    0x00, 0x00, 0x00, 0x00, 0x00, 0x00, 0x00, 0x00, 0x00, 0x00, 0x00, 0x00,
    0x00, 0x00, 0x00, 0x00, 0x00, 0x00, 0x00, 0x00, 0x00, 0x00, 0x00, 0x00,
    0x00, 0x00, 0x00, 0x00, 0x00, 0x00, 0x00, 0x00, 0x00, 0x00, 0x00, 0x00,
    0x00, 0x00, 0x00, 0x00, 0x00, 0x00, 0x00, 0x00, 0x00, 0x00, 0x00, 0x00,
    0x00, 0x00, 0x00, 0x00, 0x00, 0x00, 0x00, 0x00, 0x00, 0x00, 0x00, 0x00,
    0x00, 0x00, 0x00, 0x00, 0x00, 0x00, 0x00, 0x00, 0x00, 0x00, 0x00, 0x00,
    0x00, 0x00, 0x00, 0x00, 0x00, 0x00, 0x00, 0x00, 0x00, 0x00, 0x00, 0x00,
    0x00, 0x00, 0x00, 0x00, 0x00, 0x00, 0x00, 0x00, 0x00, 0x00, 0x00, 0x00,
    0x00, 0x00, 0x00, 0x00, 0x00, 0x00, 0x00, 0x00, 0x00, 0x00, 0x00, 0x00,
    0x00, 0x00, 0x00, 0x00, 0x00, 0x00, 0x00, 0x00, 0x00, 0x00, 0x00, 0x00,
    0x00, 0x00, 0x00, 0x00, 0x00, 0x00, 0x00, 0x00, 0x00, 0x00, 0x00, 0x00,
    0x00, 0x00, 0x00, 0x00, 0x00, 0x00, 0x00, 0x00, 0x00, 0x00, 0x00, 0x00,
    0x00, 0x00, 0x00, 0x00, 0x00, 0x00, 0x00, 0x00, 0x00, 0x00, 0x59, 0xce,
    0x04, 0x21, 0xb6, 0xbd, 0x00, 0x00, 0x00, 0x00, 0x00, 0x00, 0x00, 0x00,
    0x00, 0x00, 0x00, 0x00, 0x00, 0x00, 0x00, 0x00, 0x00, 0x00, 0x00, 0x00,
    0x00, 0x00, 0x00, 0x00, 0x00, 0x00, 0x00, 0x00, 0x00, 0x00, 0x00, 0x00,
    0x00, 0x00, 0x00, 0x00, 0x00, 0x00, 0x00, 0x00, 0x00, 0x00, 0x00, 0x00,
    0x00, 0x00, 0x00, 0x00, 0x00, 0x00, 0x00, 0x00, 0x00, 0x00, 0x00, 0x00,
    0x00, 0x00, 0x00, 0x00, 0x00, 0x00, 0x00, 0x00, 0x00, 0x00, 0x00, 0x00,
    0x00, 0x00, 0x00, 0x00, 0x00, 0x00, 0x00, 0x00, 0x00, 0x00, 0x00, 0x00,
    0x00, 0x00, 0x00, 0x00, 0x00, 0x00, 0x00, 0x00, 0x00, 0x00, 0x00, 0x00,
    0x00, 0x00, 0x00, 0x00, 0x00, 0x00, 0x00, 0x00, 0x00, 0x00, 0x00, 0x00,
    0x00, 0x00, 0x00, 0x00, 0x00, 0x00, 0x00, 0x00, 0x00, 0x00, 0x00, 0x00,
    0x00, 0x00, 0x00, 0x00, 0x00, 0x00, 0x00, 0x00, 0x00, 0x00, 0x00, 0x00,
    0x00, 0x00, 0x00, 0x00, 0x00, 0x00, 0x00, 0x00, 0x00, 0x00, 0x00, 0x00,
    0x00, 0x00, 0x00, 0x00, 0x00, 0x00, 0x00, 0x00, 0x00, 0x00, 0x00, 0x00,
    0x00, 0x00, 0x00, 0x00, 0x00, 0x00, 0x00, 0x00, 0x00, 0x00, 0x00, 0x00,
    0x00, 0x00, 0x00, 0x00, 0x00, 0x00, 0x00, 0x00, 0x00, 0x00, 0x00, 0x00,
    0xc9, 0xfa, 0x20, 0xec, 0x84, 0x52, 0xa8, 0x2b, 0xc8, 0x2b, 0xa4, 0x5a,
    0xa0, 0xfa, 0x20, 0xf0, 0x41, 0xd0, 0xa0, 0xf8, 0x60, 0xfb, 0xa2, 0xab,
    0x85, 0x3a, 0xa8, 0x2b, 0xc8, 0x2b, 0xe8, 0x2b, 0xc8, 0x2b, 0xc8, 0x2b,
    0xe8, 0x2b, 0xc8, 0x33, 0xc8, 0x2b, 0x88, 0x2b, 0x03, 0x7b, 0x80, 0xfa,
    0x21, 0xe0, 0x04, 0x29, 0xbf, 0xff, 0x00, 0x00, 0x00, 0x00, 0x00, 0x00,
    0x00, 0x00, 0x00, 0x00, 0x00, 0x00, 0x00, 0x00, 0x00, 0x00, 0x00, 0x00,
    0x00, 0x00, 0x00, 0x00, 0x00, 0x00, 0x00, 0x00, 0x00, 0x00, 0x00, 0x00,
    0x00, 0x00, 0x00, 0x00, 0x00, 0x00, 0x00, 0x00, 0x00, 0x00, 0x00, 0x00,
    0x00, 0x00, 0x00, 0x00, 0x00, 0x00, 0x00, 0x00, 0x00, 0x00, 0x00, 0x00,
    0x00, 0x00, 0x00, 0x00, 0x00, 0x00, 0x00, 0x00, 0x00, 0x00, 0x00, 0x00,
    0x00, 0x00, 0x00, 0x00, 0x00, 0x00, 0x00, 0x00, 0x00, 0x00, 0x00, 0x00,
    0x00, 0x00, 0x00, 0x00, 0x00, 0x00, 0x00, 0x00, 0x00, 0x00, 0x00, 0x00,
    0x00, 0x00, 0x00, 0x00, 0x00, 0x00, 0x00, 0x00, 0x00, 0x00, 0x00, 0x00,
    0x00, 0x00, 0x00, 0x00, 0x00, 0x00, 0x00, 0x00, 0x00, 0x00, 0x00, 0x00,
    0x00, 0x00, 0x00, 0x00, 0x00, 0x00, 0x00, 0x00, 0x00, 0x00, 0x00, 0x00,
    0x00, 0x00, 0x00, 0x00, 0x00, 0x00, 0x00, 0x00, 0x00, 0x00, 0x00, 0x00,
    0x00, 0x00, 0x00, 0x00, 0x00, 0x00, 0x00, 0x00, 0x00, 0x00, 0x00, 0x00,
    0x00, 0x00, 0x00, 0x00, 0x00, 0x00, 0x00, 0x00, 0x00, 0x00, 0x00, 0x00,
    0x00, 0x00, 0x00, 0x00, 0x00, 0x00, 0x00, 0x00, 0x00, 0x00, 0x00, 0x00,
    0x00, 0x00, 0x00, 0x00, 0x00, 0x00, 0x00, 0x00, 0x00, 0x00, 0x00, 0x00,
    0x00, 0x00, 0x00, 0x00, 0x00, 0x00, 0x00, 0x00, 0x00, 0x00, 0x00, 0x00,
    0x00, 0x00, 0x00, 0x00, 0x00, 0x00, 0x00, 0x00, 0x00, 0x00, 0x00, 0x00,
    0x00, 0x00, 0x00, 0x00, 0x00, 0x00, 0x00, 0x00, 0x00, 0x00, 0x00, 0x00,
    0x00, 0x00, 0x00, 0x00, 0x00, 0x00, 0x00, 0x00, 0x00, 0x00, 0x00, 0x00,
    0x00, 0x00, 0x00, 0x00, 0x00, 0x00, 0x00, 0x00, 0x00, 0x00, 0x00, 0x00,
    0x00, 0x00, 0x00, 0x00, 0x00, 0x00, 0x00, 0x00, 0x00, 0x00, 0x00, 0x00,
    0x00, 0x00, 0x00, 0x00, 0x00, 0x00, 0x00, 0x00, 0x00, 0x00, 0x00, 0x00,
    0x00, 0x00, 0x00, 0x00, 0x00, 0x00, 0x00, 0x00, 0x00, 0x00, 0x00, 0x00,
    0x00, 0x00, 0x00, 0x00, 0x00, 0x00, 0x00, 0x00, 0x00, 0x00, 0x00, 0x00,
    0x00, 0x00, 0x00, 0x00, 0x00, 0x00, 0x00, 0x00, 0x00, 0x00, 0x00, 0x00,
    0x00, 0x00, 0x00, 0x00, 0x00, 0x00, 0x00, 0x00, 0x00, 0x00, 0x00, 0x00,
    0x00, 0x00, 0x00, 0x00, 0x00, 0x00, 0x00, 0x00, 0x00, 0x00, 0x00, 0x00,
    0x00, 0x00, 0x00, 0x00, 0x00, 0x00, 0x00, 0x00, 0x00, 0x00, 0x00, 0x00,
    0x00, 0x00, 0xa4, 0xf9, 0x41, 0xe4, 0x64, 0x4a, 0xa8, 0x2b, 0xc8, 0x2b,
    0xc6, 0x2a, 0xe1, 0xdb, 0x20, 0xf8, 0x60, 0xf8, 0xc0, 0xfa, 0x01, 0xc4,
    0x84, 0x4a, 0x67, 0x2b, 0xc8, 0x2b, 0xc8, 0x2b, 0xc8, 0x2b, 0xe8, 0x2b,
    0xc8, 0x2b, 0xc8, 0x2b, 0xc8, 0x2b, 0xe8, 0x2b, 0xa8, 0x2b, 0x84, 0x52,
    0xc0, 0xfb, 0x20, 0xf8, 0xc3, 0x50, 0x8e, 0x73, 0x00, 0x00, 0x00, 0x00,
    0x00, 0x00, 0x00, 0x00, 0x00, 0x00, 0x00, 0x00, 0x00, 0x00, 0x00, 0x00,
    0x00, 0x00, 0x00, 0x00, 0x00, 0x00, 0x00, 0x00, 0x00, 0x00, 0x00, 0x00,
    0x00, 0x00, 0x00, 0x00, 0x00, 0x00, 0x00, 0x00, 0x00, 0x00, 0x00, 0x00,
    0x00, 0x00, 0x00, 0x00, 0x00, 0x00, 0x00, 0x00, 0x00, 0x00, 0x00, 0x00,
    0x00, 0x00, 0x00, 0x00, 0x00, 0x00, 0x00, 0x00, 0x00, 0x00, 0x00, 0x00,
    0x00, 0x00, 0x00, 0x00, 0x00, 0x00, 0x00, 0x00, 0x00, 0x00, 0x00, 0x00,
    0x00, 0x00, 0x00, 0x00, 0x00, 0x00, 0x00, 0x00, 0x00, 0x00, 0x00, 0x00,
    0x00, 0x00, 0x00, 0x00, 0x00, 0x00, 0x00, 0x00, 0x00, 0x00, 0x00, 0x00,
    0x00, 0x00, 0x00, 0x00, 0x00, 0x00, 0x00, 0x00, 0x00, 0x00, 0x00, 0x00,
    0x00, 0x00, 0x00, 0x00, 0x00, 0x00, 0x00, 0x00, 0x00, 0x00, 0x00, 0x00,
    0x00, 0x00, 0x00, 0x00, 0x00, 0x00, 0x00, 0x00, 0x00, 0x00, 0x00, 0x00,
    0x00, 0x00, 0x00, 0x00, 0x00, 0x00, 0x00, 0x00, 0x00, 0x00, 0x00, 0x00,
    0x00, 0x00, 0x00, 0x00, 0x00, 0x00, 0x00, 0x00, 0x00, 0x00, 0x00, 0x00,
    0x00, 0x00, 0x00, 0x00, 0x00, 0x00, 0x00, 0x00, 0x00, 0x00, 0x00, 0x00,
    0x00, 0x00, 0x00, 0x00, 0x00, 0x00, 0x00, 0x00, 0x00, 0x00, 0x00, 0x00,
    0x00, 0x00, 0x00, 0x00, 0x00, 0x00, 0x00, 0x00, 0x00, 0x00, 0x00, 0x00,
    0x00, 0x00, 0x00, 0x00, 0x00, 0x00, 0x00, 0x00, 0x00, 0x00, 0x00, 0x00,
    0x00, 0x00, 0x00, 0x00, 0x00, 0x00, 0x00, 0x00, 0x00, 0x00, 0x00, 0x00,
    0x00, 0x00, 0x00, 0x00, 0x00, 0x00, 0x00, 0x00, 0x00, 0x00, 0x00, 0x00,
    0x00, 0x00, 0x00, 0x00, 0x00, 0x00, 0x00, 0x00, 0x00, 0x00, 0x00, 0x00,
    0x00, 0x00, 0x00, 0x00, 0x00, 0x00, 0x00, 0x00, 0x00, 0x00, 0x00, 0x00,
    0x00, 0x00, 0x00, 0x00, 0x00, 0x00, 0x00, 0x00, 0x00, 0x00, 0x00, 0x00,
    0x00, 0x00, 0x00, 0x00, 0x00, 0x00, 0x00, 0x00, 0x00, 0x00, 0x00, 0x00,
    0x00, 0x00, 0x00, 0x00, 0x00, 0x00, 0x00, 0x00, 0x00, 0x00, 0x00, 0x00,
    0x00, 0x00, 0x00, 0x00, 0x00, 0x00, 0x00, 0x00, 0x00, 0x00, 0x00, 0x00,
    0x00, 0x00, 0x00, 0x00, 0x00, 0x00, 0x00, 0x00, 0x00, 0x00, 0x00, 0x00,
    0x00, 0x00, 0x00, 0x00, 0x00, 0x00, 0x00, 0x00, 0x00, 0x00, 0x00, 0x00,
    0x00, 0x00, 0x00, 0x00, 0x00, 0x00, 0x00, 0x00, 0x00, 0x00, 0x00, 0x00,
    0x00, 0x00, 0x00, 0x00, 0x62, 0xf9, 0x41, 0xdc, 0x65, 0x3a, 0xc8, 0x2b,
    0xc8, 0x2b, 0xa8, 0x2b, 0xe3, 0x7a, 0x20, 0xfa, 0x80, 0xfa, 0x41, 0xd4,
    0xc4, 0x62, 0x07, 0x2b, 0xc8, 0x2b, 0xc8, 0x2b, 0xe8, 0x2b, 0xc8, 0x2b,
    0xc8, 0x2b, 0xc8, 0x2b, 0xe8, 0x2b, 0xc8, 0x33, 0xc8, 0x2b, 0xa8, 0x2b,
    0x84, 0x4a, 0x20, 0xf4, 0x40, 0xf8, 0xa2, 0x78, 0x45, 0x29, 0x00, 0x00,
    0x00, 0x00, 0x00, 0x00, 0x00, 0x00, 0x00, 0x00, 0x00, 0x00, 0x00, 0x00,
    0x00, 0x00, 0x00, 0x00, 0x00, 0x00, 0x00, 0x00, 0x00, 0x00, 0x00, 0x00,
    0x00, 0x00, 0x00, 0x00, 0x00, 0x00, 0x00, 0x00, 0x00, 0x00, 0x00, 0x00,
    0x00, 0x00, 0x00, 0x00, 0x00, 0x00, 0x00, 0x00, 0x00, 0x00, 0x00, 0x00,
    0x00, 0x00, 0x00, 0x00, 0x00, 0x00, 0x00, 0x00, 0x00, 0x00, 0x00, 0x00,
    0x00, 0x00, 0x00, 0x00, 0x00, 0x00, 0x00, 0x00, 0x00, 0x00, 0x00, 0x00,
    0x00, 0x00, 0x00, 0x00, 0x00, 0x00, 0x00, 0x00, 0x00, 0x00, 0x00, 0x00,
    0x00, 0x00, 0x00, 0x00, 0x00, 0x00, 0x00, 0x00, 0x00, 0x00, 0x00, 0x00,
    0x00, 0x00, 0x00, 0x00, 0x00, 0x00, 0x00, 0x00, 0x00, 0x00, 0x00, 0x00,
    0x00, 0x00, 0x00, 0x00, 0x00, 0x00, 0x00, 0x00, 0x00, 0x00, 0x00, 0x00,
    0x00, 0x00, 0x00, 0x00, 0x00, 0x00, 0x00, 0x00, 0x00, 0x00, 0x00, 0x00,
    0x00, 0x00, 0x00, 0x00, 0x00, 0x00, 0x00, 0x00, 0x00, 0x00, 0x00, 0x00,
    0x00, 0x00, 0x00, 0x00, 0x00, 0x00, 0x00, 0x00, 0x00, 0x00, 0x00, 0x00,
    0x00, 0x00, 0x00, 0x00, 0x00, 0x00, 0x00, 0x00, 0x00, 0x00, 0x00, 0x00,
    0x00, 0x00, 0x00, 0x00, 0x00, 0x00, 0x00, 0x00, 0x00, 0x00, 0x00, 0x00,
    0x00, 0x00, 0x00, 0x00, 0x00, 0x00, 0x00, 0x00, 0x00, 0x00, 0x00, 0x00,
    0x00, 0x00, 0x00, 0x00, 0x00, 0x00, 0x00, 0x00, 0x00, 0x00, 0x00, 0x00,
    0x00, 0x00, 0x00, 0x00, 0x00, 0x00, 0x00, 0x00, 0x00, 0x00, 0x00, 0x00,
    0x00, 0x00, 0x00, 0x00, 0x00, 0x00, 0x00, 0x00, 0x00, 0x00, 0x00, 0x00,
    0x00, 0x00, 0x00, 0x00, 0x00, 0x00, 0x00, 0x00, 0x00, 0x00, 0x00, 0x00,
    0x00, 0x00, 0x00, 0x00, 0x00, 0x00, 0x00, 0x00, 0x00, 0x00, 0x00, 0x00,
    0x00, 0x00, 0x00, 0x00, 0x00, 0x00, 0x00, 0x00, 0x00, 0x00, 0x00, 0x00,
    0x00, 0x00, 0x00, 0x00, 0x00, 0x00, 0x00, 0x00, 0x00, 0x00, 0x00, 0x00,
    0x00, 0x00, 0x00, 0x00, 0x00, 0x00, 0x00, 0x00, 0x00, 0x00, 0x00, 0x00,
    0x00, 0x00, 0x00, 0x00, 0x00, 0x00, 0x00, 0x00, 0x00, 0x00, 0x00, 0x00,
    0x00, 0x00, 0x00, 0x00, 0x00, 0x00, 0x00, 0x00, 0x00, 0x00, 0x00, 0x00,
    0x00, 0x00, 0x00, 0x00, 0x00, 0x00, 0x00, 0x00, 0x00, 0x00, 0x00, 0x00,
    0x00, 0x00, 0x00, 0x00, 0x00, 0x00, 0x00, 0x00, 0x00, 0x00, 0x00, 0x00,
    0x00, 0x00, 0x00, 0x00, 0xff, 0xff, 0x03, 0xfa, 0x21, 0xcc, 0x85, 0x32,
    0xc8, 0x2b, 0xc8, 0x2b, 0xe8, 0x2b, 0xa6, 0x32, 0x00, 0xed, 0x41, 0xdc,
    0xe3, 0x72, 0xe6, 0x2a, 0xc8, 0x2b, 0xc8, 0x2b, 0xc8, 0x2b, 0xc8, 0x2b,
    0xc8, 0x2b, 0xe8, 0x2b, 0xc8, 0x2b, 0xc8, 0x2b, 0xc8, 0x2b, 0xe8, 0x2b,
    0xa8, 0x2b, 0x84, 0x52, 0x40, 0xf4, 0x80, 0xf8, 0x82, 0x98, 0x04, 0x21,
    0xdf, 0xff, 0x00, 0x00, 0x00, 0x00, 0x00, 0x00, 0x00, 0x00, 0x00, 0x00,
    0x00, 0x00, 0x00, 0x00, 0x00, 0x00, 0x00, 0x00, 0x00, 0x00, 0x00, 0x00,
    0x00, 0x00, 0x00, 0x00, 0x00, 0x00, 0x00, 0x00, 0x00, 0x00, 0x00, 0x00,
    0x00, 0x00, 0x00, 0x00, 0x00, 0x00, 0x00, 0x00, 0x00, 0x00, 0x00, 0x00,
    0x00, 0x00, 0x00, 0x00, 0x00, 0x00, 0x00, 0x00, 0x00, 0x00, 0x00, 0x00,
    0x00, 0x00, 0x00, 0x00, 0x00, 0x00, 0x00, 0x00, 0x00, 0x00, 0x00, 0x00,
    0x00, 0x00, 0x00, 0x00, 0x00, 0x00, 0x00, 0x00, 0x00, 0x00, 0x00, 0x00,
    0x00, 0x00, 0x00, 0x00, 0x00, 0x00, 0x00, 0x00, 0x00, 0x00, 0x00, 0x00,
    0x00, 0x00, 0x00, 0x00, 0x00, 0x00, 0x00, 0x00, 0x00, 0x00, 0x00, 0x00,
    0x00, 0x00, 0x00, 0x00, 0x00, 0x00, 0x00, 0x00, 0x00, 0x00, 0x00, 0x00,
    0x00, 0x00, 0x00, 0x00, 0x00, 0x00, 0x00, 0x00, 0x00, 0x00, 0x00, 0x00,
    0x00, 0x00, 0x00, 0x00, 0x00, 0x00, 0x00, 0x00, 0x00, 0x00, 0x00, 0x00,
    0x00, 0x00, 0x00, 0x00, 0x00, 0x00, 0x00, 0x00, 0x00, 0x00, 0x00, 0x00,
    0x00, 0x00, 0x00, 0x00, 0x00, 0x00, 0x00, 0x00, 0x00, 0x00, 0x00, 0x00,
    0x00, 0x00, 0x00, 0x00, 0x00, 0x00, 0x00, 0x00, 0x00, 0x00, 0x00, 0x00,
    0x00, 0x00, 0x00, 0x00, 0x00, 0x00, 0x00, 0x00, 0x00, 0x00, 0x00, 0x00,
    0x00, 0x00, 0x00, 0x00, 0x00, 0x00, 0x00, 0x00, 0x00, 0x00, 0x00, 0x00,
    0x00, 0x00, 0x00, 0x00, 0x00, 0x00, 0x00, 0x00, 0x00, 0x00, 0x00, 0x00,
    0x00, 0x00, 0x00, 0x00, 0x00, 0x00, 0x00, 0x00, 0x00, 0x00, 0x00, 0x00,
    0x00, 0x00, 0x00, 0x00, 0x00, 0x00, 0x00, 0x00, 0x00, 0x00, 0x00, 0x00,
    0x00, 0x00, 0x00, 0x00, 0x00, 0x00, 0x00, 0x00, 0x00, 0x00, 0x00, 0x00,
    0x00, 0x00, 0x00, 0x00, 0x00, 0x00, 0x00, 0x00, 0x00, 0x00, 0x00, 0x00,
    0x00, 0x00, 0x00, 0x00, 0x00, 0x00, 0x00, 0x00, 0x00, 0x00, 0x00, 0x00,
    0x00, 0x00, 0x00, 0x00, 0x00, 0x00, 0x00, 0x00, 0x00, 0x00, 0x00, 0x00,
    0x00, 0x00, 0x00, 0x00, 0x00, 0x00, 0x00, 0x00, 0x00, 0x00, 0x00, 0x00,
    0x00, 0x00, 0x00, 0x00, 0x00, 0x00, 0x00, 0x00, 0x00, 0x00, 0x00, 0x00,
    0x00, 0x00, 0x00, 0x00, 0x00, 0x00, 0x00, 0x00, 0x00, 0x00, 0x00, 0x00,
    0x00, 0x00, 0x00, 0x00, 0x00, 0x00, 0x00, 0x00, 0x00, 0x00, 0x00, 0x00,
    0x00, 0x00, 0x00, 0x00, 0x00, 0x00, 0x00, 0x00, 0xd7, 0xfd, 0xa1, 0xe4,
    0x86, 0x32, 0xc8, 0x2b, 0xc8, 0x2b, 0xc8, 0x2b, 0xa8, 0x2b, 0x43, 0x5a,
    0xe3, 0x6a, 0xc6, 0x2a, 0xc8, 0x2b, 0xc8, 0x2b, 0xc8, 0x2b, 0xc8, 0x2b,
    0xe8, 0x2b, 0xc8, 0x2b, 0xc8, 0x2b, 0xc8, 0x33, 0xe8, 0x2b, 0xc8, 0x2b,
    0xc8, 0x33, 0x88, 0x2b, 0xa4, 0x62, 0xe0, 0xf3, 0x60, 0xf8, 0x82, 0x98,
    0x04, 0x21, 0x59, 0xce, 0x00, 0x00, 0x00, 0x00, 0x00, 0x00, 0x00, 0x00,
    0x00, 0x00, 0x00, 0x00, 0x00, 0x00, 0x00, 0x00, 0x00, 0x00, 0x00, 0x00,
    0x00, 0x00, 0x00, 0x00, 0x00, 0x00, 0x00, 0x00, 0x00, 0x00, 0x00, 0x00,
    0x00, 0x00, 0x00, 0x00, 0x00, 0x00, 0x00, 0x00, 0x00, 0x00, 0x00, 0x00,
    0x00, 0x00, 0x00, 0x00, 0x00, 0x00, 0x00, 0x00, 0x00, 0x00, 0x00, 0x00,
    0x00, 0x00, 0x00, 0x00, 0x00, 0x00, 0x00, 0x00, 0x00, 0x00, 0x00, 0x00,
    0x00, 0x00, 0x00, 0x00, 0x00, 0x00, 0x00, 0x00, 0x00, 0x00, 0x00, 0x00,
    0x00, 0x00, 0x00, 0x00, 0x00, 0x00, 0x00, 0x00, 0x00, 0x00, 0x00, 0x00,
    0x00, 0x00, 0x00, 0x00, 0x00, 0x00, 0x00, 0x00, 0x00, 0x00, 0x00, 0x00,
    0x00, 0x00, 0x00, 0x00, 0x00, 0x00, 0x00, 0x00, 0x00, 0x00, 0x00, 0x00,
    0x00, 0x00, 0x00, 0x00, 0x00, 0x00, 0x00, 0x00, 0x00, 0x00, 0x00, 0x00,
    0x00, 0x00, 0x00, 0x00, 0x00, 0x00, 0x00, 0x00, 0x00, 0x00, 0x00, 0x00,
    0x00, 0x00, 0x00, 0x00, 0x00, 0x00, 0x00, 0x00, 0x00, 0x00, 0x00, 0x00,
    0x00, 0x00, 0x00, 0x00, 0x00, 0x00, 0x00, 0x00, 0x00, 0x00, 0x00, 0x00,
    0x00, 0x00, 0x00, 0x00, 0x00, 0x00, 0x00, 0x00, 0x00, 0x00, 0x00, 0x00,
    0x00, 0x00, 0x00, 0x00, 0x00, 0x00, 0x00, 0x00, 0x00, 0x00, 0x00, 0x00,
    0x00, 0x00, 0x00, 0x00, 0x00, 0x00, 0x00, 0x00, 0x00, 0x00, 0x00, 0x00,
    0x00, 0x00, 0x00, 0x00, 0x00, 0x00, 0x00, 0x00, 0x00, 0x00, 0x00, 0x00,
    0x00, 0x00, 0x00, 0x00, 0x00, 0x00, 0x00, 0x00, 0x00, 0x00, 0x00, 0x00,
    0x00, 0x00, 0x00, 0x00, 0x00, 0x00, 0x00, 0x00, 0x00, 0x00, 0x00, 0x00,
    0x00, 0x00, 0x00, 0x00, 0x00, 0x00, 0x00, 0x00, 0x00, 0x00, 0x00, 0x00,
    0x00, 0x00, 0x00, 0x00, 0x00, 0x00, 0x00, 0x00, 0x00, 0x00, 0x00, 0x00,
    0x00, 0x00, 0x00, 0x00, 0x00, 0x00, 0x00, 0x00, 0x00, 0x00, 0x00, 0x00,
    0x00, 0x00, 0x00, 0x00, 0x00, 0x00, 0x00, 0x00, 0x00, 0x00, 0x00, 0x00,
    0x00, 0x00, 0x00, 0x00, 0x00, 0x00, 0x00, 0x00, 0x00, 0x00, 0x00, 0x00,
    0x00, 0x00, 0x00, 0x00, 0x00, 0x00, 0x00, 0x00, 0x00, 0x00, 0x00, 0x00,
    0x00, 0x00, 0x00, 0x00, 0x00, 0x00, 0x00, 0x00, 0x00, 0x00, 0x00, 0x00,
    0x00, 0x00, 0x00, 0x00, 0x00, 0x00, 0x00, 0x00, 0x00, 0x00, 0x00, 0x00,
    0x00, 0x00, 0x00, 0x00, 0x00, 0x00, 0x00, 0x00, 0x00, 0x00, 0x00, 0x00,
    0xb6, 0xfd, 0x21, 0xe4, 0xe6, 0x2a, 0xc8, 0x2b, 0xc8, 0x2b, 0xe8, 0x2b,
    0xa8, 0x2b, 0x07, 0x2b, 0xc8, 0x2b, 0xc8, 0x2b, 0xc8, 0x2b, 0xc8, 0x2b,
    0xc8, 0x2b, 0xc8, 0x2b, 0xc8, 0x2b, 0xe8, 0x2b, 0xc8, 0x2b, 0xc8, 0x2b,
    0xc8, 0x2b, 0xc8, 0x2b, 0x07, 0x2b, 0x22, 0x83, 0x80, 0xfb, 0x40, 0xf8,
    0x82, 0x80, 0x04, 0x21, 0x18, 0xc6, 0x00, 0x00, 0x00, 0x00, 0x00, 0x00,
    0x00, 0x00, 0x00, 0x00, 0x00, 0x00, 0x00, 0x00, 0x00, 0x00, 0x00, 0x00,
    0x00, 0x00, 0x00, 0x00, 0x00, 0x00, 0x00, 0x00, 0x00, 0x00, 0x00, 0x00,
    0x00, 0x00, 0x00, 0x00, 0x00, 0x00, 0x00, 0x00, 0x00, 0x00, 0x00, 0x00,
    0x00, 0x00, 0x00, 0x00, 0x00, 0x00, 0x00, 0x00, 0x00, 0x00, 0x00, 0x00,
    0x00, 0x00, 0x00, 0x00, 0x00, 0x00, 0x00, 0x00, 0x00, 0x00, 0x00, 0x00,
    0x00, 0x00, 0x00, 0x00, 0x00, 0x00, 0x00, 0x00, 0x00, 0x00, 0x00, 0x00,
    0x00, 0x00, 0x00, 0x00, 0x00, 0x00, 0x00, 0x00, 0x00, 0x00, 0x00, 0x00,
    0x00, 0x00, 0x00, 0x00, 0x00, 0x00, 0x00, 0x00, 0x00, 0x00, 0x00, 0x00,
    0x00, 0x00, 0x00, 0x00, 0x00, 0x00, 0x00, 0x00, 0x00, 0x00, 0x00, 0x00,
    0x00, 0x00, 0x00, 0x00, 0x00, 0x00, 0x00, 0x00, 0x00, 0x00, 0x00, 0x00,
    0x00, 0x00, 0x00, 0x00, 0x00, 0x00, 0x00, 0x00, 0x00, 0x00, 0x00, 0x00,
    0x00, 0x00, 0x00, 0x00, 0x00, 0x00, 0x00, 0x00, 0x00, 0x00, 0x00, 0x00,
    0x00, 0x00, 0x00, 0x00, 0x00, 0x00, 0x00, 0x00, 0x00, 0x00, 0x00, 0x00,
    0x00, 0x00, 0x00, 0x00, 0x00, 0x00, 0x00, 0x00, 0x00, 0x00, 0x00, 0x00,
    0x00, 0x00, 0x00, 0x00, 0x00, 0x00, 0x00, 0x00, 0x00, 0x00, 0x00, 0x00,
    0x00, 0x00, 0x00, 0x00, 0x00, 0x00, 0x00, 0x00, 0x00, 0x00, 0x00, 0x00,
    0x00, 0x00, 0x00, 0x00, 0x00, 0x00, 0x00, 0x00, 0x00, 0x00, 0x00, 0x00,
    0x00, 0x00, 0x00, 0x00, 0x00, 0x00, 0x00, 0x00, 0x00, 0x00, 0x00, 0x00,
    0x00, 0x00, 0x00, 0x00, 0x00, 0x00, 0x00, 0x00, 0x00, 0x00, 0x00, 0x00,
    0x00, 0x00, 0x00, 0x00, 0x00, 0x00, 0x00, 0x00, 0x00, 0x00, 0x00, 0x00,
    0x00, 0x00, 0x00, 0x00, 0x00, 0x00, 0x00, 0x00, 0x00, 0x00, 0x00, 0x00,
    0x00, 0x00, 0x00, 0x00, 0x00, 0x00, 0x00, 0x00, 0x00, 0x00, 0x00, 0x00,
    0x00, 0x00, 0x00, 0x00, 0x00, 0x00, 0x00, 0x00, 0x00, 0x00, 0x00, 0x00,
    0x00, 0x00, 0x00, 0x00, 0x00, 0x00, 0x00, 0x00, 0x00, 0x00, 0x00, 0x00,
    0x00, 0x00, 0x00, 0x00, 0x00, 0x00, 0x00, 0x00, 0x00, 0x00, 0x00, 0x00,
    0x00, 0x00, 0x00, 0x00, 0x00, 0x00, 0x00, 0x00, 0x00, 0x00, 0x00, 0x00,
    0x00, 0x00, 0x00, 0x00, 0x00, 0x00, 0x00, 0x00, 0x00, 0x00, 0x00, 0x00,
    0x00, 0x00, 0x00, 0x00, 0x00, 0x00, 0x00, 0x00, 0x00, 0x00, 0x00, 0x00,
    0x00, 0x00, 0x00, 0x00, 0xbb, 0xfe, 0x00, 0xf4, 0xa6, 0x2a, 0xc8, 0x2b,
    0xc8, 0x2b, 0xc8, 0x33, 0xc8, 0x2b, 0xc8, 0x2b, 0xc8, 0x2b, 0xc8, 0x2b,
    0xc8, 0x2b, 0xe8, 0x2b, 0xc8, 0x2b, 0xc8, 0x2b, 0xc8, 0x33, 0xe8, 0x2b,
    0xc8, 0x2b, 0xc8, 0x2b, 0xc8, 0x2b, 0xa6, 0x3a, 0xe1, 0xb3, 0x80, 0xfa,
    0x20, 0xf0, 0xa3, 0x68, 0x04, 0x21, 0xbe, 0xf7, 0x00, 0x00, 0x00, 0x00,
    0x00, 0x00, 0x00, 0x00, 0x00, 0x00, 0x00, 0x00, 0x00, 0x00, 0x00, 0x00,
    0x00, 0x00, 0x00, 0x00, 0x00, 0x00, 0x00, 0x00, 0x00, 0x00, 0x00, 0x00,
    0x00, 0x00, 0x00, 0x00, 0x00, 0x00, 0x00, 0x00, 0x00, 0x00, 0x00, 0x00,
    0x00, 0x00, 0x00, 0x00, 0x00, 0x00, 0x00, 0x00, 0x00, 0x00, 0x00, 0x00,
    0x00, 0x00, 0x00, 0x00, 0x00, 0x00, 0x00, 0x00, 0x00, 0x00, 0x00, 0x00,
    0x00, 0x00, 0x00, 0x00, 0x00, 0x00, 0x00, 0x00, 0x00, 0x00, 0x00, 0x00,
    0x00, 0x00, 0x00, 0x00, 0x00, 0x00, 0x00, 0x00, 0x00, 0x00, 0x00, 0x00,
    0x00, 0x00, 0x00, 0x00, 0x00, 0x00, 0x00, 0x00, 0x00, 0x00, 0x00, 0x00,
    0x00, 0x00, 0x00, 0x00, 0x00, 0x00, 0x00, 0x00, 0x00, 0x00, 0x00, 0x00,
    0x00, 0x00, 0x00, 0x00, 0x00, 0x00, 0x00, 0x00, 0x00, 0x00, 0x00, 0x00,
    0x00, 0x00, 0x00, 0x00, 0x00, 0x00, 0x00, 0x00, 0x00, 0x00, 0x00, 0x00,
    0x00, 0x00, 0x00, 0x00, 0x00, 0x00, 0x00, 0x00, 0x00, 0x00, 0x00, 0x00,
    0x00, 0x00, 0x00, 0x00, 0x00, 0x00, 0x00, 0x00, 0x00, 0x00, 0x00, 0x00,
    0x00, 0x00, 0x00, 0x00, 0x00, 0x00, 0x00, 0x00, 0x00, 0x00, 0x00, 0x00,
    0x00, 0x00, 0x00, 0x00, 0x00, 0x00, 0x00, 0x00, 0x00, 0x00, 0x00, 0x00,
    0x00, 0x00, 0x00, 0x00, 0x00, 0x00, 0x00, 0x00, 0x00, 0x00, 0x00, 0x00,
    0x00, 0x00, 0x00, 0x00, 0x00, 0x00, 0x00, 0x00, 0x00, 0x00, 0x00, 0x00,
    0x00, 0x00, 0x00, 0x00, 0x00, 0x00, 0x00, 0x00, 0x00, 0x00, 0x00, 0x00,
    0x00, 0x00, 0x00, 0x00, 0x00, 0x00, 0x00, 0x00, 0x00, 0x00, 0x00, 0x00,
    0x00, 0x00, 0x00, 0x00, 0x00, 0x00, 0x00, 0x00, 0x00, 0x00, 0x00, 0x00,
    0x00, 0x00, 0x00, 0x00, 0x00, 0x00, 0x00, 0x00, 0x00, 0x00, 0x00, 0x00,
    0x00, 0x00, 0x00, 0x00, 0x00, 0x00, 0x00, 0x00, 0x00, 0x00, 0x00, 0x00,
    0x00, 0x00, 0x00, 0x00, 0x00, 0x00, 0x00, 0x00, 0x00, 0x00, 0x00, 0x00,
    0x00, 0x00, 0x00, 0x00, 0x00, 0x00, 0x00, 0x00, 0x00, 0x00, 0x00, 0x00,
    0x00, 0x00, 0x00, 0x00, 0x00, 0x00, 0x00, 0x00, 0x00, 0x00, 0x00, 0x00,
    0x00, 0x00, 0x00, 0x00, 0x00, 0x00, 0x00, 0x00, 0x00, 0x00, 0x00, 0x00,
    0x00, 0x00, 0x00, 0x00, 0x00, 0x00, 0x00, 0x00, 0x00, 0x00, 0x00, 0x00,
    0x00, 0x00, 0x00, 0x00, 0x00, 0x00, 0x00, 0x00, 0x00, 0x00, 0x00, 0x00,
    0x00, 0x00, 0x00, 0x00, 0x00, 0x00, 0x00, 0x00, 0x7a, 0xfe, 0xc0, 0xfb,
    0x86, 0x2a, 0xc8, 0x2b, 0xc8, 0x2b, 0xe8, 0x2b, 0xc8, 0x2b, 0xc8, 0x2b,
    0xe8, 0x2b, 0xc8, 0x2b, 0xc8, 0x2b, 0xe8, 0x2b, 0xc8, 0x2b, 0xc8, 0x2b,
    0xe8, 0x2b, 0xc8, 0x2b, 0xc8, 0x2b, 0x88, 0x2b, 0x84, 0x52, 0x40, 0xe4,
    0x40, 0xf9, 0x21, 0xd8, 0xc3, 0x48, 0x25, 0x29, 0xff, 0xff, 0x00, 0x00,
    0x00, 0x00, 0x00, 0x00, 0x00, 0x00, 0x00, 0x00, 0x00, 0x00, 0x00, 0x00,
    0x00, 0x00, 0x00, 0x00, 0x00, 0x00, 0x00, 0x00, 0x00, 0x00, 0x00, 0x00,
    0x00, 0x00, 0x00, 0x00, 0x00, 0x00, 0x00, 0x00, 0x00, 0x00, 0x00, 0x00,
    0x00, 0x00, 0x00, 0x00, 0x00, 0x00, 0x00, 0x00, 0x00, 0x00, 0x00, 0x00,
    0x00, 0x00, 0x00, 0x00, 0x00, 0x00, 0x00, 0x00, 0x00, 0x00, 0x00, 0x00,
    0x00, 0x00, 0x00, 0x00, 0x00, 0x00, 0x00, 0x00, 0x00, 0x00, 0x00, 0x00,
    0x00, 0x00, 0x00, 0x00, 0x00, 0x00, 0x00, 0x00, 0x00, 0x00, 0x00, 0x00,
    0x00, 0x00, 0x00, 0x00, 0x00, 0x00, 0x00, 0x00, 0x00, 0x00, 0x00, 0x00,
    0x00, 0x00, 0x00, 0x00, 0x00, 0x00, 0x00, 0x00, 0x00, 0x00, 0x00, 0x00,
    0x00, 0x00, 0x00, 0x00, 0x00, 0x00, 0x00, 0x00, 0x00, 0x00, 0x00, 0x00,
    0x00, 0x00, 0x00, 0x00, 0x00, 0x00, 0x00, 0x00, 0x00, 0x00, 0x00, 0x00,
    0x00, 0x00, 0x00, 0x00, 0x00, 0x00, 0x00, 0x00, 0x00, 0x00, 0x00, 0x00,
    0x00, 0x00, 0x00, 0x00, 0x00, 0x00, 0x00, 0x00, 0x00, 0x00, 0x00, 0x00,
    0x00, 0x00, 0x00, 0x00, 0x00, 0x00, 0x00, 0x00, 0x00, 0x00, 0x00, 0x00,
    0x00, 0x00, 0x00, 0x00, 0x00, 0x00, 0x00, 0x00, 0x00, 0x00, 0x00, 0x00,
    0x00, 0x00, 0x00, 0x00, 0x00, 0x00, 0x00, 0x00, 0x00, 0x00, 0x00, 0x00,
    0x00, 0x00, 0x00, 0x00, 0x00, 0x00, 0x00, 0x00, 0x00, 0x00, 0x00, 0x00,
    0x00, 0x00, 0x00, 0x00, 0x00, 0x00, 0x00, 0x00, 0x00, 0x00, 0x00, 0x00,
    0x00, 0x00, 0x00, 0x00, 0x00, 0x00, 0x00, 0x00, 0x00, 0x00, 0x00, 0x00,
    0x00, 0x00, 0x00, 0x00, 0x00, 0x00, 0x00, 0x00, 0x00, 0x00, 0x00, 0x00,
    0x00, 0x00, 0x00, 0x00, 0x00, 0x00, 0x00, 0x00, 0x00, 0x00, 0x00, 0x00,
    0x00, 0x00, 0x00, 0x00, 0x00, 0x00, 0x00, 0x00, 0x00, 0x00, 0x00, 0x00,
    0x00, 0x00, 0x00, 0x00, 0x00, 0x00, 0x00, 0x00, 0x00, 0x00, 0x00, 0x00,
    0x00, 0x00, 0x00, 0x00, 0x00, 0x00, 0x00, 0x00, 0x00, 0x00, 0x00, 0x00,
    0x00, 0x00, 0x00, 0x00, 0x00, 0x00, 0x00, 0x00, 0x00, 0x00, 0x00, 0x00,
    0x00, 0x00, 0x00, 0x00, 0x00, 0x00, 0x00, 0x00, 0x00, 0x00, 0x00, 0x00,
    0x00, 0x00, 0x00, 0x00, 0x00, 0x00, 0x00, 0x00, 0x00, 0x00, 0x00, 0x00,
    0x00, 0x00, 0x00, 0x00, 0x00, 0x00, 0x00, 0x00, 0x00, 0x00, 0x00, 0x00,
    0x00, 0x00, 0x00, 0x00, 0x00, 0x00, 0x00, 0x00, 0x00, 0x00, 0x00, 0x00,
    0xbb, 0xfe, 0x80, 0xfb, 0x85, 0x3a, 0xc8, 0x2b, 0xc8, 0x2b, 0xe8, 0x2b,
    0xc8, 0x2b, 0xc8, 0x33, 0xe8, 0x2b, 0xc8, 0x2b, 0xc8, 0x33, 0xc8, 0x2b,
    0xe8, 0x2b, 0xc8, 0x2b, 0xc8, 0x2b, 0xc8, 0x33, 0xc6, 0x32, 0x42, 0x93,
    0xa0, 0xfb, 0x60, 0xf8, 0x62, 0xa8, 0xe4, 0x28, 0x6d, 0x73, 0x00, 0x00,
    0x00, 0x00, 0x00, 0x00, 0x00, 0x00, 0x00, 0x00, 0x00, 0x00, 0x00, 0x00,
    0x00, 0x00, 0x00, 0x00, 0x00, 0x00, 0x00, 0x00, 0x00, 0x00, 0x00, 0x00,
    0x00, 0x00, 0x00, 0x00, 0x00, 0x00, 0x00, 0x00, 0x00, 0x00, 0x00, 0x00,
    0x00, 0x00, 0x00, 0x00, 0x00, 0x00, 0x00, 0x00, 0x00, 0x00, 0x00, 0x00,
    0x00, 0x00, 0x00, 0x00, 0x00, 0x00, 0x00, 0x00, 0x00, 0x00, 0x00, 0x00,
    0x00, 0x00, 0x00, 0x00, 0x00, 0x00, 0x00, 0x00, 0x00, 0x00, 0x00, 0x00,
    0x00, 0x00, 0x00, 0x00, 0x00, 0x00, 0x00, 0x00, 0x00, 0x00, 0x00, 0x00,
    0x00, 0x00, 0x00, 0x00, 0x00, 0x00, 0x00, 0x00, 0x00, 0x00, 0x00, 0x00,
    0x00, 0x00, 0x00, 0x00, 0x00, 0x00, 0x00, 0x00, 0x00, 0x00, 0x00, 0x00,
    0x00, 0x00, 0x00, 0x00, 0x00, 0x00, 0x00, 0x00, 0x00, 0x00, 0x00, 0x00,
    0x00, 0x00, 0x00, 0x00, 0x00, 0x00, 0x00, 0x00, 0x00, 0x00, 0x00, 0x00,
    0x00, 0x00, 0x00, 0x00, 0x00, 0x00, 0x00, 0x00, 0x00, 0x00, 0x00, 0x00,
    0x00, 0x00, 0x00, 0x00, 0x00, 0x00, 0x00, 0x00, 0x00, 0x00, 0x00, 0x00,
    0x00, 0x00, 0x00, 0x00, 0x00, 0x00, 0x00, 0x00, 0x00, 0x00, 0x00, 0x00,
    0x00, 0x00, 0x00, 0x00, 0x00, 0x00, 0x00, 0x00, 0x00, 0x00, 0x00, 0x00,
    0x00, 0x00, 0x00, 0x00, 0x00, 0x00, 0x00, 0x00, 0x00, 0x00, 0x00, 0x00,
    0x00, 0x00, 0x00, 0x00, 0x00, 0x00, 0x00, 0x00, 0x00, 0x00, 0x00, 0x00,
    0x00, 0x00, 0x00, 0x00, 0x00, 0x00, 0x00, 0x00, 0x00, 0x00, 0x00, 0x00,
    0x00, 0x00, 0x00, 0x00, 0x00, 0x00, 0x00, 0x00, 0x00, 0x00, 0x00, 0x00,
    0x00, 0x00, 0x00, 0x00, 0x00, 0x00, 0x00, 0x00, 0x00, 0x00, 0x00, 0x00,
    0x00, 0x00, 0x00, 0x00, 0x00, 0x00, 0x00, 0x00, 0x00, 0x00, 0x00, 0x00,
    0x00, 0x00, 0x00, 0x00, 0x00, 0x00, 0x00, 0x00, 0x00, 0x00, 0x00, 0x00,
    0x00, 0x00, 0x00, 0x00, 0x00, 0x00, 0x00, 0x00, 0x00, 0x00, 0x00, 0x00,
    0x00, 0x00, 0x00, 0x00, 0x00, 0x00, 0x00, 0x00, 0x00, 0x00, 0x00, 0x00,
    0x00, 0x00, 0x00, 0x00, 0x00, 0x00, 0x00, 0x00, 0x00, 0x00, 0x00, 0x00,
    0x00, 0x00, 0x00, 0x00, 0x00, 0x00, 0x00, 0x00, 0x00, 0x00, 0x00, 0x00,
    0x00, 0x00, 0x00, 0x00, 0x00, 0x00, 0x00, 0x00, 0x00, 0x00, 0x00, 0x00,
    0x00, 0x00, 0x00, 0x00, 0x00, 0x00, 0x00, 0x00, 0x00, 0x00, 0x00, 0x00,
    0x00, 0x00, 0x00, 0x00, 0x00, 0x00, 0x00, 0x00, 0x00, 0x00, 0x00, 0x00,
    0x00, 0x00, 0x00, 0x00, 0x1c, 0xff, 0x40, 0xfb, 0xa5, 0x42, 0xc8, 0x2b,
    0xc8, 0x2b, 0xc8, 0x2b, 0xc8, 0x2b, 0xc8, 0x2b, 0xc8, 0x2b, 0xe8, 0x2b,
    0xc8, 0x2b, 0xc8, 0x2b, 0xc8, 0x33, 0xc8, 0x2b, 0x88, 0x2b, 0x85, 0x4a,
    0x21, 0xd4, 0xe0, 0xf9, 0x20, 0xf0, 0xa3, 0x68, 0x04, 0x21, 0x72, 0x94,
    0x00, 0x00, 0x00, 0x00, 0x00, 0x00, 0x00, 0x00, 0x00, 0x00, 0x00, 0x00,
    0x00, 0x00, 0x00, 0x00, 0x00, 0x00, 0x00, 0x00, 0x00, 0x00, 0x00, 0x00,
    0x00, 0x00, 0x00, 0x00, 0x00, 0x00, 0x00, 0x00, 0x00, 0x00, 0x00, 0x00,
    0x00, 0x00, 0x00, 0x00, 0x00, 0x00, 0x00, 0x00, 0x00, 0x00, 0x00, 0x00,
    0x00, 0x00, 0x00, 0x00, 0x00, 0x00, 0x00, 0x00, 0x00, 0x00, 0x00, 0x00,
    0x00, 0x00, 0x00, 0x00, 0x00, 0x00, 0x00, 0x00, 0x00, 0x00, 0x00, 0x00,
    0x00, 0x00, 0x00, 0x00, 0x00, 0x00, 0x00, 0x00, 0x00, 0x00, 0x00, 0x00,
    0x00, 0x00, 0x00, 0x00, 0x00, 0x00, 0x00, 0x00, 0x00, 0x00, 0x00, 0x00,
    0x00, 0x00, 0x00, 0x00, 0x00, 0x00, 0x00, 0x00, 0x00, 0x00, 0x00, 0x00,
    0x00, 0x00, 0x00, 0x00, 0x00, 0x00, 0x00, 0x00, 0x00, 0x00, 0x00, 0x00,
    0x00, 0x00, 0x00, 0x00, 0x00, 0x00, 0x00, 0x00, 0x00, 0x00, 0x00, 0x00,
    0x00, 0x00, 0x00, 0x00, 0x00, 0x00, 0x00, 0x00, 0x00, 0x00, 0x00, 0x00,
    0x00, 0x00, 0x00, 0x00, 0x00, 0x00, 0x00, 0x00, 0x00, 0x00, 0x00, 0x00,
    0x00, 0x00, 0x00, 0x00, 0x00, 0x00, 0x00, 0x00, 0x00, 0x00, 0x00, 0x00,
    0x00, 0x00, 0x00, 0x00, 0x00, 0x00, 0x00, 0x00, 0x00, 0x00, 0x00, 0x00,
    0x00, 0x00, 0x00, 0x00, 0x00, 0x00, 0x00, 0x00, 0x00, 0x00, 0x00, 0x00,
    0x00, 0x00, 0x00, 0x00, 0x00, 0x00, 0x00, 0x00, 0x00, 0x00, 0x00, 0x00,
    0x00, 0x00, 0x00, 0x00, 0x00, 0x00, 0x00, 0x00, 0x00, 0x00, 0x00, 0x00,
    0x00, 0x00, 0x00, 0x00, 0x00, 0x00, 0x00, 0x00, 0x00, 0x00, 0x00, 0x00,
    0x00, 0x00, 0x00, 0x00, 0x00, 0x00, 0x00, 0x00, 0x00, 0x00, 0x00, 0x00,
    0x00, 0x00, 0x00, 0x00, 0x00, 0x00, 0x00, 0x00, 0x00, 0x00, 0x00, 0x00,
    0x00, 0x00, 0x00, 0x00, 0x00, 0x00, 0x00, 0x00, 0x00, 0x00, 0x00, 0x00,
    0x00, 0x00, 0x00, 0x00, 0x00, 0x00, 0x00, 0x00, 0x00, 0x00, 0x00, 0x00,
    0x00, 0x00, 0x00, 0x00, 0x00, 0x00, 0x00, 0x00, 0x00, 0x00, 0x00, 0x00,
    0x00, 0x00, 0x00, 0x00, 0x00, 0x00, 0x00, 0x00, 0x00, 0x00, 0x00, 0x00,
    0x00, 0x00, 0x00, 0x00, 0x00, 0x00, 0x00, 0x00, 0x00, 0x00, 0x00, 0x00,
    0x00, 0x00, 0x00, 0x00, 0x00, 0x00, 0x00, 0x00, 0x00, 0x00, 0x00, 0x00,
    0x00, 0x00, 0x00, 0x00, 0x00, 0x00, 0x00, 0x00, 0x00, 0x00, 0x00, 0x00,
    0x00, 0x00, 0x00, 0x00, 0x00, 0x00, 0x00, 0x00, 0x00, 0x00, 0x00, 0x00,
    0x00, 0x00, 0x00, 0x00, 0x00, 0x00, 0x00, 0x00, 0x3c, 0xff, 0x20, 0xfb,
    0xc5, 0x4a, 0xc8, 0x2b, 0xe8, 0x2b, 0xc8, 0x2b, 0xe8, 0x2b, 0xc8, 0x2b,
    0xc8, 0x2b, 0xc8, 0x2b, 0xe8, 0x2b, 0xc8, 0x2b, 0xc8, 0x2b, 0x07, 0x2b,
    0x02, 0x83, 0xe0, 0xfb, 0xa0, 0xf8, 0x41, 0xc0, 0xe4, 0x38, 0x04, 0x29,
    0xff, 0xff, 0x00, 0x00, 0x00, 0x00, 0x00, 0x00, 0x00, 0x00, 0x00, 0x00,
    0x00, 0x00, 0x00, 0x00, 0x00, 0x00, 0x00, 0x00, 0x00, 0x00, 0x00, 0x00,
    0x00, 0x00, 0x00, 0x00, 0x00, 0x00, 0x00, 0x00, 0x00, 0x00, 0x00, 0x00,
    0x00, 0x00, 0x00, 0x00, 0x00, 0x00, 0x00, 0x00, 0x00, 0x00, 0x00, 0x00,
    0x00, 0x00, 0x00, 0x00, 0x00, 0x00, 0x00, 0x00, 0x00, 0x00, 0x00, 0x00,
    0x00, 0x00, 0x00, 0x00, 0x00, 0x00, 0x00, 0x00, 0x00, 0x00, 0x00, 0x00,
    0x00, 0x00, 0x00, 0x00, 0x00, 0x00, 0x00, 0x00, 0x00, 0x00, 0x00, 0x00,
    0x00, 0x00, 0x00, 0x00, 0x00, 0x00, 0x00, 0x00, 0x00, 0x00, 0x00, 0x00,
    0x00, 0x00, 0x00, 0x00, 0x00, 0x00, 0x00, 0x00, 0x00, 0x00, 0x00, 0x00,
    0x00, 0x00, 0x00, 0x00, 0x00, 0x00, 0x00, 0x00, 0x00, 0x00, 0x00, 0x00,
    0x00, 0x00, 0x00, 0x00, 0x00, 0x00, 0x00, 0x00, 0x00, 0x00, 0x00, 0x00,
    0x00, 0x00, 0x00, 0x00, 0x00, 0x00, 0x00, 0x00, 0x00, 0x00, 0x00, 0x00,
    0x00, 0x00, 0x00, 0x00, 0x00, 0x00, 0x00, 0x00, 0x00, 0x00, 0x00, 0x00,
    0x00, 0x00, 0x00, 0x00, 0x00, 0x00, 0x00, 0x00, 0x00, 0x00, 0x00, 0x00,
    0x00, 0x00, 0x00, 0x00, 0x00, 0x00, 0x00, 0x00, 0x00, 0x00, 0x00, 0x00,
    0x00, 0x00, 0x00, 0x00, 0x00, 0x00, 0x00, 0x00, 0x00, 0x00, 0x00, 0x00,
    0x00, 0x00, 0x00, 0x00, 0x00, 0x00, 0x00, 0x00, 0x00, 0x00, 0x00, 0x00,
    0x00, 0x00, 0x00, 0x00, 0x00, 0x00, 0x00, 0x00, 0x00, 0x00, 0x00, 0x00,
    0x00, 0x00, 0x00, 0x00, 0x00, 0x00, 0x00, 0x00, 0x00, 0x00, 0x00, 0x00,
    0x00, 0x00, 0x00, 0x00, 0x00, 0x00, 0x00, 0x00, 0x00, 0x00, 0x00, 0x00,
    0x00, 0x00, 0x00, 0x00, 0x00, 0x00, 0x00, 0x00, 0x00, 0x00, 0x00, 0x00,
    0x00, 0x00, 0x00, 0x00, 0x00, 0x00, 0x00, 0x00, 0x00, 0x00, 0x00, 0x00,
    0x00, 0x00, 0x00, 0x00, 0x00, 0x00, 0x00, 0x00, 0x00, 0x00, 0x00, 0x00,
    0x00, 0x00, 0x00, 0x00, 0x00, 0x00, 0x00, 0x00, 0x00, 0x00, 0x00, 0x00,
    0x00, 0x00, 0x00, 0x00, 0x00, 0x00, 0x00, 0x00, 0x00, 0x00, 0x00, 0x00,
    0x00, 0x00, 0x00, 0x00, 0x00, 0x00, 0x00, 0x00, 0x00, 0x00, 0x00, 0x00,
    0x00, 0x00, 0x00, 0x00, 0x00, 0x00, 0x00, 0x00, 0x00, 0x00, 0x00, 0x00,
    0x00, 0x00, 0x00, 0x00, 0x00, 0x00, 0x00, 0x00, 0x00, 0x00, 0x00, 0x00,
    0x00, 0x00, 0x00, 0x00, 0x00, 0x00, 0x00, 0x00, 0x00, 0x00, 0x00, 0x00,
    0x00, 0x00, 0x00, 0x00, 0x00, 0x00, 0x00, 0x00, 0x00, 0x00, 0x00, 0x00,
    0x3d, 0xff, 0xe0, 0xfa, 0xc5, 0x52, 0xe8, 0x2b, 0xc8, 0x2b, 0xc8, 0x33,
    0xe8, 0x2b, 0xc8, 0x2b, 0xc8, 0x33, 0xc8, 0x2b, 0xe8, 0x2b, 0xa8, 0x2b,
    0x85, 0x42, 0x01, 0xcc, 0x40, 0xfa, 0x20, 0xf0, 0xa2, 0x78, 0x04, 0x21,
    0xcb, 0x5a, 0x00, 0x00, 0x00, 0x00, 0x00, 0x00, 0x00, 0x00, 0x00, 0x00,
    0x00, 0x00, 0x00, 0x00, 0x00, 0x00, 0x00, 0x00, 0x00, 0x00, 0x00, 0x00,
    0x00, 0x00, 0x00, 0x00, 0x00, 0x00, 0x00, 0x00, 0x00, 0x00, 0x00, 0x00,
    0x00, 0x00, 0x00, 0x00, 0x00, 0x00, 0x00, 0x00, 0x00, 0x00, 0x00, 0x00,
    0x00, 0x00, 0x00, 0x00, 0x00, 0x00, 0x00, 0x00, 0x00, 0x00, 0x00, 0x00,
    0x00, 0x00, 0x00, 0x00, 0x00, 0x00, 0x00, 0x00, 0x00, 0x00, 0x00, 0x00,
    0x00, 0x00, 0x00, 0x00, 0x00, 0x00, 0x00, 0x00, 0x00, 0x00, 0x00, 0x00,
    0x00, 0x00, 0x00, 0x00, 0x00, 0x00, 0x00, 0x00, 0x00, 0x00, 0x00, 0x00,
    0x00, 0x00, 0x00, 0x00, 0x00, 0x00, 0x00, 0x00, 0x00, 0x00, 0x00, 0x00,
    0x00, 0x00, 0x00, 0x00, 0x00, 0x00, 0x00, 0x00, 0x00, 0x00, 0x00, 0x00,
    0x00, 0x00, 0x00, 0x00, 0x00, 0x00, 0x00, 0x00, 0x00, 0x00, 0x00, 0x00,
    0x00, 0x00, 0x00, 0x00, 0x00, 0x00, 0x00, 0x00, 0x00, 0x00, 0x00, 0x00,
    0x00, 0x00, 0x00, 0x00, 0x00, 0x00, 0x00, 0x00, 0x00, 0x00, 0x00, 0x00,
    0x00, 0x00, 0x00, 0x00, 0x00, 0x00, 0x00, 0x00, 0x00, 0x00, 0x00, 0x00,
    0x00, 0x00, 0x00, 0x00, 0x00, 0x00, 0x00, 0x00, 0x00, 0x00, 0x00, 0x00,
    0x00, 0x00, 0x00, 0x00, 0x00, 0x00, 0x00, 0x00, 0x00, 0x00, 0x00, 0x00,
    0x00, 0x00, 0x00, 0x00, 0x00, 0x00, 0x00, 0x00, 0x00, 0x00, 0x00, 0x00,
    0x00, 0x00, 0x00, 0x00, 0x00, 0x00, 0x00, 0x00, 0x00, 0x00, 0x00, 0x00,
    0x00, 0x00, 0x00, 0x00, 0x00, 0x00, 0x00, 0x00, 0x00, 0x00, 0x00, 0x00,
    0x00, 0x00, 0x00, 0x00, 0x00, 0x00, 0x00, 0x00, 0x00, 0x00, 0x00, 0x00,
    0x00, 0x00, 0x00, 0x00, 0x00, 0x00, 0x00, 0x00, 0x00, 0x00, 0x00, 0x00,
    0x00, 0x00, 0x00, 0x00, 0x00, 0x00, 0x00, 0x00, 0x00, 0x00, 0x00, 0x00,
    0x00, 0x00, 0x00, 0x00, 0x00, 0x00, 0x00, 0x00, 0x00, 0x00, 0x00, 0x00,
    0x00, 0x00, 0x00, 0x00, 0x00, 0x00, 0x00, 0x00, 0x00, 0x00, 0x00, 0x00,
    0x00, 0x00, 0x00, 0x00, 0x00, 0x00, 0x00, 0x00, 0x00, 0x00, 0x00, 0x00,
    0x00, 0x00, 0x00, 0x00, 0x00, 0x00, 0x00, 0x00, 0x00, 0x00, 0x00, 0x00,
    0x00, 0x00, 0x00, 0x00, 0x00, 0x00, 0x00, 0x00, 0x00, 0x00, 0x00, 0x00,
    0x00, 0x00, 0x00, 0x00, 0x00, 0x00, 0x00, 0x00, 0x00, 0x00, 0x00, 0x00,
    0x00, 0x00, 0x00, 0x00, 0x00, 0x00, 0x00, 0x00, 0x00, 0x00, 0x00, 0x00,
    0x00, 0x00, 0x00, 0x00, 0x00, 0x00, 0x00, 0x00, 0x00, 0x00, 0x00, 0x00,
    0x00, 0x00, 0x00, 0x00, 0x5d, 0xff, 0xe0, 0xfa, 0xc4, 0x52, 0xc8, 0x2b,
    0xc8, 0x2b, 0xc8, 0x2b, 0xc8, 0x2b, 0xe8, 0x2b, 0xc8, 0x2b, 0xc8, 0x2b,
    0xe7, 0x2a, 0x03, 0x83, 0xe0, 0xfb, 0xa0, 0xf8, 0x41, 0xc8, 0xe3, 0x38,
    0x04, 0x21, 0x9e, 0xf7, 0x00, 0x00, 0x00, 0x00, 0x00, 0x00, 0x00, 0x00,
    0x00, 0x00, 0x00, 0x00, 0x00, 0x00, 0x00, 0x00, 0x00, 0x00, 0x00, 0x00,
    0x00, 0x00, 0x00, 0x00, 0x00, 0x00, 0x00, 0x00, 0x00, 0x00, 0x00, 0x00,
    0x00, 0x00, 0x00, 0x00, 0x00, 0x00, 0x00, 0x00, 0x00, 0x00, 0x00, 0x00,
    0x00, 0x00, 0x00, 0x00, 0x00, 0x00, 0x00, 0x00, 0x00, 0x00, 0x00, 0x00,
    0x00, 0x00, 0x00, 0x00, 0x00, 0x00, 0x00, 0x00, 0x00, 0x00, 0x00, 0x00,
    0x00, 0x00, 0x00, 0x00, 0x00, 0x00, 0x00, 0x00, 0x00, 0x00, 0x00, 0x00,
    0x00, 0x00, 0x00, 0x00, 0x00, 0x00, 0x00, 0x00, 0x00, 0x00, 0x00, 0x00,
    0x00, 0x00, 0x00, 0x00, 0x00, 0x00, 0x00, 0x00, 0x00, 0x00, 0x00, 0x00,
    0x00, 0x00, 0x00, 0x00, 0x00, 0x00, 0x00, 0x00, 0x00, 0x00, 0x00, 0x00,
    0x00, 0x00, 0x00, 0x00, 0x00, 0x00, 0x00, 0x00, 0x00, 0x00, 0x00, 0x00,
    0x00, 0x00, 0x00, 0x00, 0x00, 0x00, 0x00, 0x00, 0x00, 0x00, 0x00, 0x00,
    0x00, 0x00, 0x00, 0x00, 0x00, 0x00, 0x00, 0x00, 0x00, 0x00, 0x00, 0x00,
    0x00, 0x00, 0x00, 0x00, 0x00, 0x00, 0x00, 0x00, 0x00, 0x00, 0x00, 0x00,
    0x00, 0x00, 0x00, 0x00, 0x00, 0x00, 0x00, 0x00, 0x00, 0x00, 0x00, 0x00,
    0x00, 0x00, 0x00, 0x00, 0x00, 0x00, 0x00, 0x00, 0x00, 0x00, 0x00, 0x00,
    0x00, 0x00, 0x00, 0x00, 0x00, 0x00, 0x00, 0x00, 0x00, 0x00, 0x00, 0x00,
    0x00, 0x00, 0x00, 0x00, 0x00, 0x00, 0x00, 0x00, 0x00, 0x00, 0x00, 0x00,
    0x00, 0x00, 0x00, 0x00, 0x00, 0x00, 0x00, 0x00, 0x00, 0x00, 0x00, 0x00,
    0x00, 0x00, 0x00, 0x00, 0x00, 0x00, 0x00, 0x00, 0x00, 0x00, 0x00, 0x00,
    0x00, 0x00, 0x00, 0x00, 0x00, 0x00, 0x00, 0x00, 0x00, 0x00, 0x00, 0x00,
    0x00, 0x00, 0x00, 0x00, 0x00, 0x00, 0x00, 0x00, 0x00, 0x00, 0x00, 0x00,
    0x00, 0x00, 0x00, 0x00, 0x00, 0x00, 0x00, 0x00, 0x00, 0x00, 0x00, 0x00,
    0x00, 0x00, 0x00, 0x00, 0x00, 0x00, 0x00, 0x00, 0x00, 0x00, 0x00, 0x00,
    0x00, 0x00, 0x00, 0x00, 0x00, 0x00, 0x00, 0x00, 0x00, 0x00, 0x00, 0x00,
    0x00, 0x00, 0x00, 0x00, 0x00, 0x00, 0x00, 0x00, 0x00, 0x00, 0x00, 0x00,
    0x00, 0x00, 0x00, 0x00, 0x00, 0x00, 0x00, 0x00, 0x00, 0x00, 0x00, 0x00,
    0x00, 0x00, 0x00, 0x00, 0x00, 0x00, 0x00, 0x00, 0x00, 0x00, 0x00, 0x00,
    0x00, 0x00, 0x00, 0x00, 0x00, 0x00, 0x00, 0x00, 0x00, 0x00, 0x00, 0x00,
    0x00, 0x00, 0x00, 0x00, 0x00, 0x00, 0x00, 0x00, 0x00, 0x00, 0x00, 0x00,
    0x00, 0x00, 0x00, 0x00, 0x00, 0x00, 0x00, 0x00, 0x5d, 0xff, 0xe0, 0xfa,
    0xe5, 0x4a, 0xc8, 0x2b, 0xc8, 0x2b, 0xe8, 0x2b, 0xc8, 0x2b, 0xc8, 0x2b,
    0x88, 0x2b, 0x84, 0x4a, 0x01, 0xcc, 0x40, 0xfa, 0x20, 0xf0, 0x82, 0x78,
    0x04, 0x29, 0x6e, 0x73, 0x00, 0x00, 0x00, 0x00, 0x00, 0x00, 0x00, 0x00,
    0x00, 0x00, 0x00, 0x00, 0x00, 0x00, 0x00, 0x00, 0x00, 0x00, 0x00, 0x00,
    0x00, 0x00, 0x00, 0x00, 0x00, 0x00, 0x00, 0x00, 0x00, 0x00, 0x00, 0x00,
    0x00, 0x00, 0x00, 0x00, 0x00, 0x00, 0x00, 0x00, 0x00, 0x00, 0x00, 0x00,
    0x00, 0x00, 0x00, 0x00, 0x00, 0x00, 0x00, 0x00, 0x00, 0x00, 0x00, 0x00,
    0x00, 0x00, 0x00, 0x00, 0x00, 0x00, 0x00, 0x00, 0x00, 0x00, 0x00, 0x00,
    0x00, 0x00, 0x00, 0x00, 0x00, 0x00, 0x00, 0x00, 0x00, 0x00, 0x00, 0x00,
    0x00, 0x00, 0x00, 0x00, 0x00, 0x00, 0x00, 0x00, 0x00, 0x00, 0x00, 0x00,
    0x00, 0x00, 0x00, 0x00, 0x00, 0x00, 0x00, 0x00, 0x00, 0x00, 0x00, 0x00,
    0x00, 0x00, 0x00, 0x00, 0x00, 0x00, 0x00, 0x00, 0x00, 0x00, 0x00, 0x00,
    0x00, 0x00, 0x00, 0x00, 0x00, 0x00, 0x00, 0x00, 0x00, 0x00, 0x00, 0x00,
    0x00, 0x00, 0x00, 0x00, 0x00, 0x00, 0x00, 0x00, 0x00, 0x00, 0x00, 0x00,
    0x00, 0x00, 0x00, 0x00, 0x00, 0x00, 0x00, 0x00, 0x00, 0x00, 0x00, 0x00,
    0x00, 0x00, 0x00, 0x00, 0x00, 0x00, 0x00, 0x00, 0x00, 0x00, 0x00, 0x00,
    0x00, 0x00, 0x00, 0x00, 0x00, 0x00, 0x00, 0x00, 0x00, 0x00, 0x00, 0x00,
    0x00, 0x00, 0x00, 0x00, 0x00, 0x00, 0x00, 0x00, 0x00, 0x00, 0x00, 0x00,
    0x00, 0x00, 0x00, 0x00, 0x00, 0x00, 0x00, 0x00, 0x00, 0x00, 0x00, 0x00,
    0x00, 0x00, 0x00, 0x00, 0x00, 0x00, 0x00, 0x00, 0x00, 0x00, 0x00, 0x00,
    0x00, 0x00, 0x00, 0x00, 0x00, 0x00, 0x00, 0x00, 0x00, 0x00, 0x00, 0x00,
    0x00, 0x00, 0x00, 0x00, 0x00, 0x00, 0x00, 0x00, 0x00, 0x00, 0x00, 0x00,
    0x00, 0x00, 0x00, 0x00, 0x00, 0x00, 0x00, 0x00, 0x00, 0x00, 0x00, 0x00,
    0x00, 0x00, 0x00, 0x00, 0x00, 0x00, 0x00, 0x00, 0x00, 0x00, 0x00, 0x00,
    0x00, 0x00, 0x00, 0x00, 0x00, 0x00, 0x00, 0x00, 0x00, 0x00, 0x00, 0x00,
    0x00, 0x00, 0x00, 0x00, 0x00, 0x00, 0x00, 0x00, 0x00, 0x00, 0x00, 0x00,
    0x00, 0x00, 0x00, 0x00, 0x00, 0x00, 0x00, 0x00, 0x00, 0x00, 0x00, 0x00,
    0x00, 0x00, 0x00, 0x00, 0x00, 0x00, 0x00, 0x00, 0x00, 0x00, 0x00, 0x00,
    0x00, 0x00, 0x00, 0x00, 0x00, 0x00, 0x00, 0x00, 0x00, 0x00, 0x00, 0x00,
    0x00, 0x00, 0x00, 0x00, 0x00, 0x00, 0x00, 0x00, 0x00, 0x00, 0x00, 0x00,
    0x00, 0x00, 0x00, 0x00, 0x00, 0x00, 0x00, 0x00, 0x00, 0x00, 0x00, 0x00,
    0x00, 0x00, 0x00, 0x00, 0x00, 0x00, 0x00, 0x00, 0x00, 0x00, 0x00, 0x00,
    0x00, 0x00, 0x00, 0x00, 0x00, 0x00, 0x00, 0x00, 0x00, 0x00, 0x00, 0x00,
    0x7d, 0xff, 0xe0, 0xfa, 0xc5, 0x52, 0xe8, 0x2b, 0xc8, 0x2b, 0xc8, 0x2b,
    0xc8, 0x33, 0xc6, 0x32, 0x42, 0x8b, 0xc0, 0xfb, 0xa0, 0xf8, 0x41, 0xc0,
    0xe3, 0x38, 0x24, 0x29, 0xdf, 0xff, 0x00, 0x00, 0x00, 0x00, 0x00, 0x00,
    0x00, 0x00, 0x00, 0x00, 0x00, 0x00, 0x00, 0x00, 0x00, 0x00, 0x00, 0x00,
    0x00, 0x00, 0x00, 0x00, 0x00, 0x00, 0x00, 0x00, 0x00, 0x00, 0x00, 0x00,
    0x00, 0x00, 0x00, 0x00, 0x00, 0x00, 0x00, 0x00, 0x00, 0x00, 0x00, 0x00,
    0x00, 0x00, 0x00, 0x00, 0x00, 0x00, 0x00, 0x00, 0x00, 0x00, 0x00, 0x00,
    0x00, 0x00, 0x00, 0x00, 0x00, 0x00, 0x00, 0x00, 0x00, 0x00, 0x00, 0x00,
    0x00, 0x00, 0x00, 0x00, 0x00, 0x00, 0x00, 0x00, 0x00, 0x00, 0x00, 0x00,
    0x00, 0x00, 0x00, 0x00, 0x00, 0x00, 0x00, 0x00, 0x00, 0x00, 0x00, 0x00,
    0x00, 0x00, 0x00, 0x00, 0x00, 0x00, 0x00, 0x00, 0x00, 0x00, 0x00, 0x00,
    0x00, 0x00, 0x00, 0x00, 0x00, 0x00, 0x00, 0x00, 0x00, 0x00, 0x00, 0x00,
    0x00, 0x00, 0x00, 0x00, 0x00, 0x00, 0x00, 0x00, 0x00, 0x00, 0x00, 0x00,
    0x00, 0x00, 0x00, 0x00, 0x00, 0x00, 0x00, 0x00, 0x00, 0x00, 0x00, 0x00,
    0x00, 0x00, 0x00, 0x00, 0x00, 0x00, 0x00, 0x00, 0x00, 0x00, 0x00, 0x00,
    0x00, 0x00, 0x00, 0x00, 0x00, 0x00, 0x00, 0x00, 0x00, 0x00, 0x00, 0x00,
    0x00, 0x00, 0x00, 0x00, 0x00, 0x00, 0x00, 0x00, 0x00, 0x00, 0x00, 0x00,
    0x00, 0x00, 0x00, 0x00, 0x00, 0x00, 0x00, 0x00, 0x00, 0x00, 0x00, 0x00,
    0x00, 0x00, 0x00, 0x00, 0x00, 0x00, 0x00, 0x00, 0x00, 0x00, 0x00, 0x00,
    0x00, 0x00, 0x00, 0x00, 0x00, 0x00, 0x00, 0x00, 0x00, 0x00, 0x00, 0x00,
    0x00, 0x00, 0x00, 0x00, 0x00, 0x00, 0x00, 0x00, 0x00, 0x00, 0x00, 0x00,
    0x00, 0x00, 0x00, 0x00, 0x00, 0x00, 0x00, 0x00, 0x00, 0x00, 0x00, 0x00,
    0x00, 0x00, 0x00, 0x00, 0x00, 0x00, 0x00, 0x00, 0x00, 0x00, 0x00, 0x00,
    0x00, 0x00, 0x00, 0x00, 0x00, 0x00, 0x00, 0x00, 0x00, 0x00, 0x00, 0x00,
    0x00, 0x00, 0x00, 0x00, 0x00, 0x00, 0x00, 0x00, 0x00, 0x00, 0x00, 0x00,
    0x00, 0x00, 0x00, 0x00, 0x00, 0x00, 0x00, 0x00, 0x00, 0x00, 0x00, 0x00,
    0x00, 0x00, 0x00, 0x00, 0x00, 0x00, 0x00, 0x00, 0x00, 0x00, 0x00, 0x00,
    0x00, 0x00, 0x00, 0x00, 0x00, 0x00, 0x00, 0x00, 0x00, 0x00, 0x00, 0x00,
    0x00, 0x00, 0x00, 0x00, 0x00, 0x00, 0x00, 0x00, 0x00, 0x00, 0x00, 0x00,
    0x00, 0x00, 0x00, 0x00, 0x00, 0x00, 0x00, 0x00, 0x00, 0x00, 0x00, 0x00,
    0x00, 0x00, 0x00, 0x00, 0x00, 0x00, 0x00, 0x00, 0x00, 0x00, 0x00, 0x00,
    0x00, 0x00, 0x00, 0x00, 0x00, 0x00, 0x00, 0x00, 0x00, 0x00, 0x00, 0x00,
    0x00, 0x00, 0x00, 0x00, 0x00, 0x00, 0x00, 0x00, 0x00, 0x00, 0x00, 0x00,
    0x00, 0x00, 0x00, 0x00, 0x7e, 0xff, 0xe0, 0xfa, 0xc4, 0x52, 0xc8, 0x2b,
    0xc8, 0x2b, 0x67, 0x2b, 0x84, 0x52, 0x21, 0xd4, 0xe0, 0xf9, 0x20, 0xf0,
    0xa3, 0x70, 0x04, 0x21, 0x2c, 0x6b, 0x00, 0x00, 0x00, 0x00, 0x00, 0x00,
    0x00, 0x00, 0x00, 0x00, 0x00, 0x00, 0x00, 0x00, 0x00, 0x00, 0x00, 0x00,
    0x00, 0x00, 0x00, 0x00, 0x00, 0x00, 0x00, 0x00, 0x00, 0x00, 0x00, 0x00,
    0x00, 0x00, 0x00, 0x00, 0x00, 0x00, 0x00, 0x00, 0x00, 0x00, 0x00, 0x00,
    0x00, 0x00, 0x00, 0x00, 0x00, 0x00, 0x00, 0x00, 0x00, 0x00, 0x00, 0x00,
    0x00, 0x00, 0x00, 0x00, 0x00, 0x00, 0x00, 0x00, 0x00, 0x00, 0x00, 0x00,
    0x00, 0x00, 0x00, 0x00, 0x00, 0x00, 0x00, 0x00, 0x00, 0x00, 0x00, 0x00,
    0x00, 0x00, 0x00, 0x00, 0x00, 0x00, 0x00, 0x00, 0x00, 0x00, 0x00, 0x00,
    0x00, 0x00, 0x00, 0x00, 0x00, 0x00, 0x00, 0x00, 0x00, 0x00, 0x00, 0x00,
    0x00, 0x00, 0x00, 0x00, 0x00, 0x00, 0x00, 0x00, 0x00, 0x00, 0x00, 0x00,
    0x00, 0x00, 0x00, 0x00, 0x00, 0x00, 0x00, 0x00, 0x00, 0x00, 0x00, 0x00,
    0x00, 0x00, 0x00, 0x00, 0x00, 0x00, 0x00, 0x00, 0x00, 0x00, 0x00, 0x00,
    0x00, 0x00, 0x00, 0x00, 0x00, 0x00, 0x00, 0x00, 0x00, 0x00, 0x00, 0x00,
    0x00, 0x00, 0x00, 0x00, 0x00, 0x00, 0x00, 0x00, 0x00, 0x00, 0x00, 0x00,
    0x00, 0x00, 0x00, 0x00, 0x00, 0x00, 0x00, 0x00, 0x00, 0x00, 0x00, 0x00,
    0x00, 0x00, 0x00, 0x00, 0x00, 0x00, 0x00, 0x00, 0x00, 0x00, 0x00, 0x00,
    0x00, 0x00, 0x00, 0x00, 0x00, 0x00, 0x00, 0x00, 0x00, 0x00, 0x00, 0x00,
    0x00, 0x00, 0x00, 0x00, 0x00, 0x00, 0x00, 0x00, 0x00, 0x00, 0x00, 0x00,
    0x00, 0x00, 0x00, 0x00, 0x00, 0x00, 0x00, 0x00, 0x00, 0x00, 0x00, 0x00,
    0x00, 0x00, 0x00, 0x00, 0x00, 0x00, 0x00, 0x00, 0x00, 0x00, 0x00, 0x00,
    0x00, 0x00, 0x00, 0x00, 0x00, 0x00, 0x00, 0x00, 0x00, 0x00, 0x00, 0x00,
    0x00, 0x00, 0x00, 0x00, 0x00, 0x00, 0x00, 0x00, 0x00, 0x00, 0x00, 0x00,
    0x00, 0x00, 0x00, 0x00, 0x00, 0x00, 0x00, 0x00, 0x00, 0x00, 0x00, 0x00,
    0x00, 0x00, 0x00, 0x00, 0x00, 0x00, 0x00, 0x00, 0x00, 0x00, 0x00, 0x00,
    0x00, 0x00, 0x00, 0x00, 0x00, 0x00, 0x00, 0x00, 0x00, 0x00, 0x00, 0x00,
    0x00, 0x00, 0x00, 0x00, 0x00, 0x00, 0x00, 0x00, 0x00, 0x00, 0x00, 0x00,
    0x00, 0x00, 0x00, 0x00, 0x00, 0x00, 0x00, 0x00, 0x00, 0x00, 0x00, 0x00,
    0x00, 0x00, 0x00, 0x00, 0x00, 0x00, 0x00, 0x00, 0x00, 0x00, 0x00, 0x00,
    0x00, 0x00, 0x00, 0x00, 0x00, 0x00, 0x00, 0x00, 0x00, 0x00, 0x00, 0x00,
    0x00, 0x00, 0x00, 0x00, 0x00, 0x00, 0x00, 0x00, 0x00, 0x00, 0x00, 0x00,
    0x00, 0x00, 0x00, 0x00, 0x00, 0x00, 0x00, 0x00, 0x00, 0x00, 0x00, 0x00,
    0x00, 0x00, 0x00, 0x00, 0x00, 0x00, 0x00, 0x00, 0x7d, 0xff, 0xe0, 0xfa,
    0xc5, 0x4a, 0xc8, 0x2b, 0xa6, 0x32, 0x62, 0x9b, 0x80, 0xfb, 0x60, 0xf8,
    0x61, 0xb0, 0xe4, 0x38, 0x04, 0x21, 0xdf, 0xff, 0x00, 0x00, 0x00, 0x00,
    0x00, 0x00, 0x00, 0x00, 0x00, 0x00, 0x00, 0x00, 0x00, 0x00, 0x00, 0x00,
    0x00, 0x00, 0x00, 0x00, 0x00, 0x00, 0x00, 0x00, 0x00, 0x00, 0x00, 0x00,
    0x00, 0x00, 0x00, 0x00, 0x00, 0x00, 0x00, 0x00, 0x00, 0x00, 0x00, 0x00,
    0x00, 0x00, 0x00, 0x00, 0x00, 0x00, 0x00, 0x00, 0x00, 0x00, 0x00, 0x00,
    0x00, 0x00, 0x00, 0x00, 0x00, 0x00, 0x00, 0x00, 0x00, 0x00, 0x00, 0x00,
    0x00, 0x00, 0x00, 0x00, 0x00, 0x00, 0x00, 0x00, 0x00, 0x00, 0x00, 0x00,
    0x00, 0x00, 0x00, 0x00, 0x00, 0x00, 0x00, 0x00, 0x00, 0x00, 0x00, 0x00,
    0x00, 0x00, 0x00, 0x00, 0x00, 0x00, 0x00, 0x00, 0x00, 0x00, 0x00, 0x00,
    0x00, 0x00, 0x00, 0x00, 0x00, 0x00, 0x00, 0x00, 0x00, 0x00, 0x00, 0x00,
    0x00, 0x00, 0x00, 0x00, 0x00, 0x00, 0x00, 0x00, 0x00, 0x00, 0x00, 0x00,
    0x00, 0x00, 0x00, 0x00, 0x00, 0x00, 0x00, 0x00, 0x00, 0x00, 0x00, 0x00,
    0x00, 0x00, 0x00, 0x00, 0x00, 0x00, 0x00, 0x00, 0x00, 0x00, 0x00, 0x00,
    0x00, 0x00, 0x00, 0x00, 0x00, 0x00, 0x00, 0x00, 0x00, 0x00, 0x00, 0x00,
    0x00, 0x00, 0x00, 0x00, 0x00, 0x00, 0x00, 0x00, 0x00, 0x00, 0x00, 0x00,
    0x00, 0x00, 0x00, 0x00, 0x00, 0x00, 0x00, 0x00, 0x00, 0x00, 0x00, 0x00,
    0x00, 0x00, 0x00, 0x00, 0x00, 0x00, 0x00, 0x00, 0x00, 0x00, 0x00, 0x00,
    0x00, 0x00, 0x00, 0x00, 0x00, 0x00, 0x00, 0x00, 0x00, 0x00, 0x00, 0x00,
    0x00, 0x00, 0x00, 0x00, 0x00, 0x00, 0x00, 0x00, 0x00, 0x00, 0x00, 0x00,
    0x00, 0x00, 0x00, 0x00, 0x00, 0x00, 0x00, 0x00, 0x00, 0x00, 0x00, 0x00,
    0x00, 0x00, 0x00, 0x00, 0x00, 0x00, 0x00, 0x00, 0x00, 0x00, 0x00, 0x00,
    0x00, 0x00, 0x00, 0x00, 0x00, 0x00, 0x00, 0x00, 0x00, 0x00, 0x00, 0x00,
    0x00, 0x00, 0x00, 0x00, 0x00, 0x00, 0x00, 0x00, 0x00, 0x00, 0x00, 0x00,
    0x00, 0x00, 0x00, 0x00, 0x00, 0x00, 0x00, 0x00, 0x00, 0x00, 0x00, 0x00,
    0x00, 0x00, 0x00, 0x00, 0x00, 0x00, 0x00, 0x00, 0x00, 0x00, 0x00, 0x00,
    0x00, 0x00, 0x00, 0x00, 0x00, 0x00, 0x00, 0x00, 0x00, 0x00, 0x00, 0x00,
    0x00, 0x00, 0x00, 0x00, 0x00, 0x00, 0x00, 0x00, 0x00, 0x00, 0x00, 0x00,
    0x00, 0x00, 0x00, 0x00, 0x00, 0x00, 0x00, 0x00, 0x00, 0x00, 0x00, 0x00,
    0x00, 0x00, 0x00, 0x00, 0x00, 0x00, 0x00, 0x00, 0x00, 0x00, 0x00, 0x00,
    0x00, 0x00, 0x00, 0x00, 0x00, 0x00, 0x00, 0x00, 0x00, 0x00, 0x00, 0x00,
    0x00, 0x00, 0x00, 0x00, 0x00, 0x00, 0x00, 0x00, 0x00, 0x00, 0x00, 0x00,
    0x00, 0x00, 0x00, 0x00, 0x00, 0x00, 0x00, 0x00, 0x00, 0x00, 0x00, 0x00,
    0x5d, 0xff, 0x00, 0xfb, 0x64, 0x4a, 0xc3, 0x62, 0x21, 0xe4, 0x80, 0xf9,
    0x21, 0xe8, 0xc3, 0x60, 0x04, 0x21, 0xef, 0x83, 0x00, 0x00, 0x00, 0x00,
    0x00, 0x00, 0x00, 0x00, 0x00, 0x00, 0x00, 0x00, 0x00, 0x00, 0x00, 0x00,
    0x00, 0x00, 0x00, 0x00, 0x00, 0x00, 0x00, 0x00, 0x00, 0x00, 0x00, 0x00,
    0x00, 0x00, 0x00, 0x00, 0x00, 0x00, 0x00, 0x00, 0x00, 0x00, 0x00, 0x00,
    0x00, 0x00, 0x00, 0x00, 0x00, 0x00, 0x00, 0x00, 0x00, 0x00, 0x00, 0x00,
    0x00, 0x00, 0x00, 0x00, 0x00, 0x00, 0x00, 0x00, 0x00, 0x00, 0x00, 0x00,
    0x00, 0x00, 0x00, 0x00, 0x00, 0x00, 0x00, 0x00, 0x00, 0x00, 0x00, 0x00,
    0x00, 0x00, 0x00, 0x00, 0x00, 0x00, 0x00, 0x00, 0x00, 0x00, 0x00, 0x00,
    0x00, 0x00, 0x00, 0x00, 0x00, 0x00, 0x00, 0x00, 0x00, 0x00, 0x00, 0x00,
    0x00, 0x00, 0x00, 0x00, 0x00, 0x00, 0x00, 0x00, 0x00, 0x00, 0x00, 0x00,
    0x00, 0x00, 0x00, 0x00, 0x00, 0x00, 0x00, 0x00, 0x00, 0x00, 0x00, 0x00,
    0x00, 0x00, 0x00, 0x00, 0x00, 0x00, 0x00, 0x00, 0x00, 0x00, 0x00, 0x00,
    0x00, 0x00, 0x00, 0x00, 0x00, 0x00, 0x00, 0x00, 0x00, 0x00, 0x00, 0x00,
    0x00, 0x00, 0x00, 0x00, 0x00, 0x00, 0x00, 0x00, 0x00, 0x00, 0x00, 0x00,
    0x00, 0x00, 0x00, 0x00, 0x00, 0x00, 0x00, 0x00, 0x00, 0x00, 0x00, 0x00,
    0x00, 0x00, 0x00, 0x00, 0x00, 0x00, 0x00, 0x00, 0x00, 0x00, 0x00, 0x00,
    0x00, 0x00, 0x00, 0x00, 0x00, 0x00, 0x00, 0x00, 0x00, 0x00, 0x00, 0x00,
    0x00, 0x00, 0x00, 0x00, 0x00, 0x00, 0x00, 0x00, 0x00, 0x00, 0x00, 0x00,
    0x00, 0x00, 0x00, 0x00, 0x00, 0x00, 0x00, 0x00, 0x00, 0x00, 0x00, 0x00,
    0x00, 0x00, 0x00, 0x00, 0x00, 0x00, 0x00, 0x00, 0x00, 0x00, 0x00, 0x00,
    0x00, 0x00, 0x00, 0x00, 0x00, 0x00, 0x00, 0x00, 0x00, 0x00, 0x00, 0x00,
    0x00, 0x00, 0x00, 0x00, 0x00, 0x00, 0x00, 0x00, 0x00, 0x00, 0x00, 0x00,
    0x00, 0x00, 0x00, 0x00, 0x00, 0x00, 0x00, 0x00, 0x00, 0x00, 0x00, 0x00,
    0x00, 0x00, 0x00, 0x00, 0x00, 0x00, 0x00, 0x00, 0x00, 0x00, 0x00, 0x00,
    0x00, 0x00, 0x00, 0x00, 0x00, 0x00, 0x00, 0x00, 0x00, 0x00, 0x00, 0x00,
    0x00, 0x00, 0x00, 0x00, 0x00, 0x00, 0x00, 0x00, 0x00, 0x00, 0x00, 0x00,
    0x00, 0x00, 0x00, 0x00, 0x00, 0x00, 0x00, 0x00, 0x00, 0x00, 0x00, 0x00,
    0x00, 0x00, 0x00, 0x00, 0x00, 0x00, 0x00, 0x00, 0x00, 0x00, 0x00, 0x00,
    0x00, 0x00, 0x00, 0x00, 0x00, 0x00, 0x00, 0x00, 0x00, 0x00, 0x00, 0x00,
    0x00, 0x00, 0x00, 0x00, 0x00, 0x00, 0x00, 0x00, 0x00, 0x00, 0x00, 0x00,
    0x00, 0x00, 0x00, 0x00, 0x00, 0x00, 0x00, 0x00, 0x00, 0x00, 0x00, 0x00,
    0x00, 0x00, 0x00, 0x00, 0x00, 0x00, 0x00, 0x00, 0x00, 0x00, 0x00, 0x00,
    0x00, 0x00, 0x00, 0x00, 0x5d, 0xff, 0x40, 0xfb, 0x21, 0xcc, 0xc0, 0xfa,
    0x40, 0xf8, 0x62, 0xa0, 0xe4, 0x30, 0x24, 0x29, 0xff, 0xff, 0x00, 0x00,
    0x00, 0x00, 0x00, 0x00, 0x00, 0x00, 0x00, 0x00, 0x00, 0x00, 0x00, 0x00,
    0x00, 0x00, 0x00, 0x00, 0x00, 0x00, 0x00, 0x00, 0x00, 0x00, 0x00, 0x00,
    0x00, 0x00, 0x00, 0x00, 0x00, 0x00, 0x00, 0x00, 0x00, 0x00, 0x00, 0x00,
    0x00, 0x00, 0x00, 0x00, 0x00, 0x00, 0x00, 0x00, 0x00, 0x00, 0x00, 0x00,
    0x00, 0x00, 0x00, 0x00, 0x00, 0x00, 0x00, 0x00, 0x00, 0x00, 0x00, 0x00,
    0x00, 0x00, 0x00, 0x00, 0x00, 0x00, 0x00, 0x00, 0x00, 0x00, 0x00, 0x00,
    0x00, 0x00, 0x00, 0x00, 0x00, 0x00, 0x00, 0x00, 0x00, 0x00, 0x00, 0x00,
    0x00, 0x00, 0x00, 0x00, 0x00, 0x00, 0x00, 0x00, 0x00, 0x00, 0x00, 0x00,
    0x00, 0x00, 0x00, 0x00, 0x00, 0x00, 0x00, 0x00, 0x00, 0x00, 0x00, 0x00,
    0x00, 0x00, 0x00, 0x00, 0x00, 0x00, 0x00, 0x00, 0x00, 0x00, 0x00, 0x00,
    0x00, 0x00, 0x00, 0x00, 0x00, 0x00, 0x00, 0x00, 0x00, 0x00, 0x00, 0x00,
    0x00, 0x00, 0x00, 0x00, 0x00, 0x00, 0x00, 0x00, 0x00, 0x00, 0x00, 0x00,
    0x00, 0x00, 0x00, 0x00, 0x00, 0x00, 0x00, 0x00, 0x00, 0x00, 0x00, 0x00,
    0x00, 0x00, 0x00, 0x00, 0x00, 0x00, 0x00, 0x00, 0x00, 0x00, 0x00, 0x00,
    0x00, 0x00, 0x00, 0x00, 0x00, 0x00, 0x00, 0x00, 0x00, 0x00, 0x00, 0x00,
    0x00, 0x00, 0x00, 0x00, 0x00, 0x00, 0x00, 0x00, 0x00, 0x00, 0x00, 0x00,
    0x00, 0x00, 0x00, 0x00, 0x00, 0x00, 0x00, 0x00, 0x00, 0x00, 0x00, 0x00,
    0x00, 0x00, 0x00, 0x00, 0x00, 0x00, 0x00, 0x00, 0x00, 0x00, 0x00, 0x00,
    0x00, 0x00, 0x00, 0x00, 0x00, 0x00, 0x00, 0x00, 0x00, 0x00, 0x00, 0x00,
    0x00, 0x00, 0x00, 0x00, 0x00, 0x00, 0x00, 0x00, 0x00, 0x00, 0x00, 0x00,
    0x00, 0x00, 0x00, 0x00, 0x00, 0x00, 0x00, 0x00, 0x00, 0x00, 0x00, 0x00,
    0x00, 0x00, 0x00, 0x00, 0x00, 0x00, 0x00, 0x00, 0x00, 0x00, 0x00, 0x00,
    0x00, 0x00, 0x00, 0x00, 0x00, 0x00, 0x00, 0x00, 0x00, 0x00, 0x00, 0x00,
    0x00, 0x00, 0x00, 0x00, 0x00, 0x00, 0x00, 0x00, 0x00, 0x00, 0x00, 0x00,
    0x00, 0x00, 0x00, 0x00, 0x00, 0x00, 0x00, 0x00, 0x00, 0x00, 0x00, 0x00,
    0x00, 0x00, 0x00, 0x00, 0x00, 0x00, 0x00, 0x00, 0x00, 0x00, 0x00, 0x00,
    0x00, 0x00, 0x00, 0x00, 0x00, 0x00, 0x00, 0x00, 0x00, 0x00, 0x00, 0x00,
    0x00, 0x00, 0x00, 0x00, 0x00, 0x00, 0x00, 0x00, 0x00, 0x00, 0x00, 0x00,
    0x00, 0x00, 0x00, 0x00, 0x00, 0x00, 0x00, 0x00, 0x00, 0x00, 0x00, 0x00,
    0x00, 0x00, 0x00, 0x00, 0x00, 0x00, 0x00, 0x00, 0x00, 0x00, 0x00, 0x00,
    0x00, 0x00, 0x00, 0x00, 0x00, 0x00, 0x00, 0x00, 0x00, 0x00, 0x00, 0x00,
    0x00, 0x00, 0x00, 0x00, 0x00, 0x00, 0x00, 0x00, 0xba, 0xfe, 0x20, 0xfa,
    0xe0, 0xf8, 0x21, 0xd0, 0xc3, 0x50, 0x04, 0x21, 0xb7, 0xbd, 0x00, 0x00,
    0x00, 0x00, 0x00, 0x00, 0x00, 0x00, 0x00, 0x00, 0x00, 0x00, 0x00, 0x00,
    0x00, 0x00, 0x00, 0x00, 0x00, 0x00, 0x00, 0x00, 0x00, 0x00, 0x00, 0x00,
    0x00, 0x00, 0x00, 0x00, 0x00, 0x00, 0x00, 0x00, 0x00, 0x00, 0x00, 0x00,
    0x00, 0x00, 0x00, 0x00, 0x00, 0x00, 0x00, 0x00, 0x00, 0x00, 0x00, 0x00,
    0x00, 0x00, 0x00, 0x00, 0x00, 0x00, 0x00, 0x00, 0x00, 0x00, 0x00, 0x00,
    0x00, 0x00, 0x00, 0x00, 0x00, 0x00, 0x00, 0x00, 0x00, 0x00, 0x00, 0x00,
    0x00, 0x00, 0x00, 0x00, 0x00, 0x00, 0x00, 0x00, 0x00, 0x00, 0x00, 0x00,
    0x00, 0x00, 0x00, 0x00, 0x00, 0x00, 0x00, 0x00, 0x00, 0x00, 0x00, 0x00,
    0x00, 0x00, 0x00, 0x00, 0x00, 0x00, 0x00, 0x00, 0x00, 0x00, 0x00, 0x00,
    0x00, 0x00, 0x00, 0x00, 0x00, 0x00, 0x00, 0x00, 0x00, 0x00, 0x00, 0x00,
    0x00, 0x00, 0x00, 0x00, 0x00, 0x00, 0x00, 0x00, 0x00, 0x00, 0x00, 0x00,
    0x00, 0x00, 0x00, 0x00, 0x00, 0x00, 0x00, 0x00, 0x00, 0x00, 0x00, 0x00,
    0x00, 0x00, 0x00, 0x00, 0x00, 0x00, 0x00, 0x00, 0x00, 0x00, 0x00, 0x00,
    0x00, 0x00, 0x00, 0x00, 0x00, 0x00, 0x00, 0x00, 0x00, 0x00, 0x00, 0x00,
    0x00, 0x00, 0x00, 0x00, 0x00, 0x00, 0x00, 0x00, 0x00, 0x00, 0x00, 0x00,
    0x00, 0x00, 0x00, 0x00, 0x00, 0x00, 0x00, 0x00, 0x00, 0x00, 0x00, 0x00,
    0x00, 0x00, 0x00, 0x00, 0x00, 0x00, 0x00, 0x00, 0x00, 0x00, 0x00, 0x00,
    0x00, 0x00, 0x00, 0x00, 0x00, 0x00, 0x00, 0x00, 0x00, 0x00, 0x00, 0x00,
    0x00, 0x00, 0x00, 0x00, 0x00, 0x00, 0x00, 0x00, 0x00, 0x00, 0x00, 0x00,
    0x00, 0x00, 0x00, 0x00, 0x00, 0x00, 0x00, 0x00, 0x00, 0x00, 0x00, 0x00,
    0x00, 0x00, 0x00, 0x00, 0x00, 0x00, 0x00, 0x00, 0x00, 0x00, 0x00, 0x00,
    0x00, 0x00, 0x00, 0x00, 0x00, 0x00, 0x00, 0x00, 0x00, 0x00, 0x00, 0x00,
    0x00, 0x00, 0x00, 0x00, 0x00, 0x00, 0x00, 0x00, 0x00, 0x00, 0x00, 0x00,
    0x00, 0x00, 0x00, 0x00, 0x00, 0x00, 0x00, 0x00, 0x00, 0x00, 0x00, 0x00,
    0x00, 0x00, 0x00, 0x00, 0x00, 0x00, 0x00, 0x00, 0x00, 0x00, 0x00, 0x00,
    0x00, 0x00, 0x00, 0x00, 0x00, 0x00, 0x00, 0x00, 0x00, 0x00, 0x00, 0x00,
    0x00, 0x00, 0x00, 0x00, 0x00, 0x00, 0x00, 0x00, 0x00, 0x00, 0x00, 0x00,
    0x00, 0x00, 0x00, 0x00, 0x00, 0x00, 0x00, 0x00, 0x00, 0x00, 0x00, 0x00,
    0x00, 0x00, 0x00, 0x00, 0x00, 0x00, 0x00, 0x00, 0x00, 0x00, 0x00, 0x00,
    0x00, 0x00, 0x00, 0x00, 0x00, 0x00, 0x00, 0x00, 0x00, 0x00, 0x00, 0x00,
    0x00, 0x00, 0x00, 0x00, 0x00, 0x00, 0x00, 0x00, 0x00, 0x00, 0x00, 0x00,
    0x00, 0x00, 0x00, 0x00, 0x00, 0x00, 0x00, 0x00, 0x00, 0x00, 0x00, 0x00,
    0x92, 0xec, 0x00, 0xf8, 0x82, 0x88, 0x04, 0x29, 0xaa, 0x5a, 0x00, 0x00,
    0x00, 0x00, 0x00, 0x00, 0x00, 0x00, 0x00, 0x00, 0x00, 0x00, 0x00, 0x00,
    0x00, 0x00, 0x00, 0x00, 0x00, 0x00, 0x00, 0x00, 0x00, 0x00, 0x00, 0x00,
    0x00, 0x00, 0x00, 0x00, 0x00, 0x00, 0x00, 0x00, 0x00, 0x00, 0x00, 0x00,
    0x00, 0x00, 0x00, 0x00, 0x00, 0x00, 0x00, 0x00, 0x00, 0x00, 0x00, 0x00,
    0x00, 0x00, 0x00, 0x00, 0x00, 0x00, 0x00, 0x00, 0x00, 0x00, 0x00, 0x00,
    0x00, 0x00, 0x00, 0x00, 0x00, 0x00, 0x00, 0x00, 0x00, 0x00, 0x00, 0x00,
    0x00, 0x00, 0x00, 0x00, 0x00, 0x00, 0x00, 0x00, 0x00, 0x00, 0x00, 0x00,
    0x00, 0x00, 0x00, 0x00, 0x00, 0x00, 0x00, 0x00, 0x00, 0x00, 0x00, 0x00,
    0x00, 0x00, 0x00, 0x00, 0x00, 0x00, 0x00, 0x00, 0x00, 0x00, 0x00, 0x00,
    0x00, 0x00, 0x00, 0x00, 0x00, 0x00, 0x00, 0x00, 0x00, 0x00, 0x00, 0x00,
    0x00, 0x00, 0x00, 0x00, 0x00, 0x00, 0x00, 0x00, 0x00, 0x00, 0x00, 0x00,
    0x00, 0x00, 0x00, 0x00, 0x00, 0x00, 0x00, 0x00, 0x00, 0x00, 0x00, 0x00,
    0x00, 0x00, 0x00, 0x00, 0x00, 0x00, 0x00, 0x00, 0x00, 0x00, 0x00, 0x00,
    0x00, 0x00, 0x00, 0x00, 0x00, 0x00, 0x00, 0x00, 0x00, 0x00, 0x00, 0x00,
    0x00, 0x00, 0x00, 0x00, 0x00, 0x00, 0x00, 0x00, 0x00, 0x00, 0x00, 0x00,
    0x00, 0x00, 0x00, 0x00, 0x00, 0x00, 0x00, 0x00, 0x00, 0x00, 0x00, 0x00,
    0x00, 0x00, 0x00, 0x00, 0x00, 0x00, 0x00, 0x00, 0x00, 0x00, 0x00, 0x00,
    0x00, 0x00, 0x00, 0x00, 0x00, 0x00, 0x00, 0x00, 0x00, 0x00, 0x00, 0x00,
    0x00, 0x00, 0x00, 0x00, 0x00, 0x00, 0x00, 0x00, 0x00, 0x00, 0x00, 0x00,
    0x00, 0x00, 0x00, 0x00, 0x00, 0x00, 0x00, 0x00, 0x00, 0x00, 0x00, 0x00,
    0x00, 0x00, 0x00, 0x00, 0x00, 0x00, 0x00, 0x00, 0x00, 0x00, 0x00, 0x00,
    0x00, 0x00, 0x00, 0x00, 0x00, 0x00, 0x00, 0x00, 0x00, 0x00, 0x00, 0x00,
    0x00, 0x00, 0x00, 0x00, 0x00, 0x00, 0x00, 0x00, 0x00, 0x00, 0x00, 0x00,
    0x00, 0x00, 0x00, 0x00, 0x00, 0x00, 0x00, 0x00, 0x00, 0x00, 0x00, 0x00,
    0x00, 0x00, 0x00, 0x00, 0x00, 0x00, 0x00, 0x00, 0x00, 0x00, 0x00, 0x00,
    0x00, 0x00, 0x00, 0x00, 0x00, 0x00, 0x00, 0x00, 0x00, 0x00, 0x00, 0x00,
    0x00, 0x00, 0x00, 0x00, 0x00, 0x00, 0x00, 0x00, 0x00, 0x00, 0x00, 0x00,
    0x00, 0x00, 0x00, 0x00, 0x00, 0x00, 0x00, 0x00, 0x00, 0x00, 0x00, 0x00,
    0x00, 0x00, 0x00, 0x00, 0x00, 0x00, 0x00, 0x00, 0x00, 0x00, 0x00, 0x00,
    0x00, 0x00, 0x00, 0x00, 0x00, 0x00, 0x00, 0x00, 0x00, 0x00, 0x00, 0x00,
    0x00, 0x00, 0x00, 0x00, 0x00, 0x00, 0x00, 0x00, 0x00, 0x00, 0x00, 0x00,
    0x00, 0x00, 0x00, 0x00, 0x00, 0x00, 0x00, 0x00, 0x00, 0x00, 0x00, 0x00,
    0x00, 0x00, 0x00, 0x00, 0x51, 0xcc, 0xe4, 0x38, 0x04, 0x21, 0x7e, 0xef,
    0x00, 0x00, 0x00, 0x00, 0x00, 0x00, 0x00, 0x00, 0x00, 0x00, 0x00, 0x00,
    0x00, 0x00, 0x00, 0x00, 0x00, 0x00, 0x00, 0x00, 0x00, 0x00, 0x00, 0x00,
    0x00, 0x00, 0x00, 0x00, 0x00, 0x00, 0x00, 0x00, 0x00, 0x00, 0x00, 0x00,
    0x00, 0x00, 0x00, 0x00, 0x00, 0x00, 0x00, 0x00, 0x00, 0x00, 0x00, 0x00,
    0x00, 0x00, 0x00, 0x00, 0x00, 0x00, 0x00, 0x00, 0x00, 0x00, 0x00, 0x00,
    0x00, 0x00, 0x00, 0x00, 0x00, 0x00, 0x00, 0x00, 0x00, 0x00, 0x00, 0x00,
    0x00, 0x00, 0x00, 0x00, 0x00, 0x00, 0x00, 0x00, 0x00, 0x00, 0x00, 0x00,
    0x00, 0x00, 0x00, 0x00, 0x00, 0x00, 0x00, 0x00, 0x00, 0x00, 0x00, 0x00,
    0x00, 0x00, 0x00, 0x00, 0x00, 0x00, 0x00, 0x00, 0x00, 0x00, 0x00, 0x00,
    0x00, 0x00, 0x00, 0x00, 0x00, 0x00, 0x00, 0x00, 0x00, 0x00, 0x00, 0x00,
    0x00, 0x00, 0x00, 0x00, 0x00, 0x00, 0x00, 0x00, 0x00, 0x00, 0x00, 0x00,
    0x00, 0x00, 0x00, 0x00, 0x00, 0x00, 0x00, 0x00, 0x00, 0x00, 0x00, 0x00,
    0x00, 0x00, 0x00, 0x00, 0x00, 0x00, 0x00, 0x00, 0x00, 0x00, 0x00, 0x00,
    0x00, 0x00, 0x00, 0x00, 0x00, 0x00, 0x00, 0x00, 0x00, 0x00, 0x00, 0x00,
    0x00, 0x00, 0x00, 0x00, 0x00, 0x00, 0x00, 0x00, 0x00, 0x00, 0x00, 0x00,
    0x00, 0x00, 0x00, 0x00, 0x00, 0x00, 0x00, 0x00, 0x00, 0x00, 0x00, 0x00,
    0x00, 0x00, 0x00, 0x00, 0x00, 0x00, 0x00, 0x00, 0x00, 0x00, 0x00, 0x00,
    0x00, 0x00, 0x00, 0x00, 0x00, 0x00, 0x00, 0x00, 0x00, 0x00, 0x00, 0x00,
    0x00, 0x00, 0x00, 0x00, 0x00, 0x00, 0x00, 0x00, 0x00, 0x00, 0x00, 0x00,
    0x00, 0x00, 0x00, 0x00, 0x00, 0x00, 0x00, 0x00, 0x00, 0x00, 0x00, 0x00,
    0x00, 0x00, 0x00, 0x00, 0x00, 0x00, 0x00, 0x00, 0x00, 0x00, 0x00, 0x00,
    0x00, 0x00, 0x00, 0x00, 0x00, 0x00, 0x00, 0x00, 0x00, 0x00, 0x00, 0x00,
    0x00, 0x00, 0x00, 0x00, 0x00, 0x00, 0x00, 0x00, 0x00, 0x00, 0x00, 0x00,
    0x00, 0x00, 0x00, 0x00, 0x00, 0x00, 0x00, 0x00, 0x00, 0x00, 0x00, 0x00,
    0x00, 0x00, 0x00, 0x00, 0x00, 0x00, 0x00, 0x00, 0x00, 0x00, 0x00, 0x00,
    0x00, 0x00, 0x00, 0x00, 0x00, 0x00, 0x00, 0x00, 0x00, 0x00, 0x00, 0x00,
    0x00, 0x00, 0x00, 0x00, 0x00, 0x00, 0x00, 0x00, 0x00, 0x00, 0x00, 0x00,
    0x00, 0x00, 0x00, 0x00, 0x00, 0x00, 0x00, 0x00, 0x00, 0x00, 0x00, 0x00,
    0x00, 0x00, 0x00, 0x00, 0x00, 0x00, 0x00, 0x00, 0x00, 0x00, 0x00, 0x00,
    0x00, 0x00, 0x00, 0x00, 0x00, 0x00, 0x00, 0x00, 0x00, 0x00, 0x00, 0x00,
    0x00, 0x00, 0x00, 0x00, 0x00, 0x00, 0x00, 0x00, 0x00, 0x00, 0x00, 0x00,
    0x00, 0x00, 0x00, 0x00, 0x00, 0x00, 0x00, 0x00, 0x00, 0x00, 0x00, 0x00,
    0x00, 0x00, 0x00, 0x00, 0x00, 0x00, 0x00, 0x00, 0xbf, 0xff, 0xaa, 0x5a,
    0x00, 0x00, 0x00, 0x00, 0x00, 0x00, 0x00, 0x00, 0x00, 0x00, 0x00, 0x00,
    0x00, 0x00, 0x00, 0x00, 0x00, 0x00, 0x00, 0x00, 0x00, 0x00, 0x00, 0x00,
    0x00, 0x00, 0x00, 0x00, 0x00, 0x00, 0x00, 0x00, 0x00, 0x00, 0x00, 0x00,
    0x00, 0x00, 0x00, 0x00, 0x00, 0x00, 0x00, 0x00, 0x00, 0x00, 0x00, 0x00,
    0x00, 0x00, 0x00, 0x00, 0x00, 0x00, 0x00, 0x00, 0x00, 0x00, 0x00, 0x00,
    0x00, 0x00, 0x00, 0x00, 0x00, 0x00, 0x00, 0x00, 0x00, 0x00, 0x00, 0x00,
    0x00, 0x00, 0x00, 0x00, 0x00, 0x00, 0x00, 0x00, 0x00, 0x00, 0x00, 0x00,
    0x00, 0x00, 0x00, 0x00, 0x00, 0x00, 0x00, 0x00, 0x00, 0x00, 0x00, 0x00,
    0x00, 0x00, 0x00, 0x00, 0x00, 0x00, 0x00, 0x00, 0x00, 0x00, 0x00, 0x00,
    0x00, 0x00, 0x00, 0x00, 0x00, 0x00, 0x00, 0x00, 0x00, 0x00, 0x00, 0x00,
    0x00, 0x00, 0x00, 0x00, 0x00, 0x00, 0x00, 0x00, 0x00, 0x00, 0x00, 0x00,
    0x00, 0x00, 0x00, 0x00, 0x00, 0x00, 0x00, 0x00, 0x00, 0x00, 0x00, 0x00,
    0x00, 0x00, 0x00, 0x00, 0x00, 0x00, 0x00, 0x00, 0x00, 0x00, 0x00, 0x00,
    0x00, 0x00, 0x00, 0x00, 0x00, 0x00, 0x00, 0x00, 0x00, 0x00, 0x00, 0x00,
    0x00, 0x00, 0x00, 0x00, 0x00, 0x00, 0x00, 0x00, 0x00, 0x00, 0x00, 0x00,
    0x00, 0x00, 0x00, 0x00, 0x00, 0x00, 0x00, 0x00, 0x00, 0x00, 0x00, 0x00,
    0x00, 0x00, 0x00, 0x00, 0x00, 0x00, 0x00, 0x00, 0x00, 0x00, 0x00, 0x00,
    0x00, 0x00, 0x00, 0x00, 0x00, 0x00, 0x00, 0x00, 0x00, 0x00, 0x00, 0x00,
    0x00, 0x00, 0x00, 0x00, 0x00, 0x00, 0x00, 0x00, 0x00, 0x00, 0x00, 0x00,
    0x00, 0x00, 0x00, 0x00, 0x00, 0x00, 0x00, 0x00, 0x00, 0x00, 0x00, 0x00,
    0x00, 0x00, 0x00, 0x00, 0x00, 0x00, 0x00, 0x00, 0x00, 0x00, 0x00, 0x00,
    0x00, 0x00, 0x00, 0x00, 0x00, 0x00, 0x00, 0x00, 0x00, 0x00, 0x00, 0x00,
    0x00, 0x00, 0x00, 0x00, 0x00, 0x00, 0x00, 0x00, 0x00, 0x00, 0x00, 0x00,
    0x00, 0x00, 0x00, 0x00, 0x00, 0x00, 0x00, 0x00, 0x00, 0x00, 0x00, 0x00,
    0x00, 0x00, 0x00, 0x00, 0x00, 0x00, 0x00, 0x00, 0x00, 0x00, 0x00, 0x00,
    0x00, 0x00, 0x00, 0x00, 0x00, 0x00, 0x00, 0x00, 0x00, 0x00, 0x00, 0x00,
    0x00, 0x00, 0x00, 0x00, 0x00, 0x00, 0x00, 0x00, 0x00, 0x00, 0x00, 0x00,
    0x00, 0x00, 0x00, 0x00, 0x00, 0x00, 0x00, 0x00, 0x00, 0x00, 0x00, 0x00,
    0x00, 0x00, 0x00, 0x00, 0x00, 0x00, 0x00, 0x00, 0x00, 0x00, 0x00, 0x00,
    0x00, 0x00, 0x00, 0x00, 0x00, 0x00, 0x00, 0x00, 0x00, 0x00, 0x00, 0x00,
    0x00, 0x00, 0x00, 0x00, 0x00, 0x00, 0x00, 0x00, 0x00, 0x00, 0x00, 0x00,
    0x00, 0x00, 0x00, 0x00, 0x00, 0x00, 0x00, 0x00, 0x00, 0x00, 0x00, 0x00,
    0x00, 0x00, 0x00, 0x00, 0x00, 0x00, 0x00, 0x00, 0x00, 0x00, 0x00, 0x00,
    0x00, 0x00, 0x00, 0x00, 0x00, 0x00, 0x00, 0x00, 0x00, 0x00, 0x00, 0x00,
    0x00, 0x00, 0x00, 0x00, 0x00, 0x00, 0x00, 0x00, 0x00, 0x00, 0x00, 0x00,
    0x00, 0x00, 0x00, 0x00, 0x00, 0x00, 0x00, 0x00, 0x00, 0x00, 0x00, 0x00,
    0x00, 0x00, 0x00, 0x00, 0x00, 0x00, 0x00, 0x00, 0x00, 0x00, 0x00, 0x00,
    0x00, 0x00, 0x00, 0x00, 0x00, 0x00, 0x00, 0x00, 0x00, 0x00, 0x00, 0x00,
    0x00, 0x00, 0x00, 0x00, 0x00, 0x00, 0x00, 0x00, 0x00, 0x00, 0x00, 0x00,
    0x00, 0x00, 0x00, 0x00, 0x00, 0x00, 0x00, 0x00, 0x00, 0x00, 0x00, 0x00,
    0x00, 0x00, 0x00, 0x00, 0x00, 0x00, 0x00, 0x00, 0x00, 0x00, 0x00, 0x00,
    0x00, 0x00, 0x00, 0x00, 0x00, 0x00, 0x00, 0x00, 0x00, 0x00, 0x00, 0x00,
    0x00, 0x00, 0x00, 0x00, 0x00, 0x00, 0x00, 0x00, 0x00, 0x00, 0x00, 0x00,
    0x00, 0x00, 0x00, 0x00, 0x00, 0x00, 0x00, 0x00, 0x00, 0x00, 0x00, 0x00,
    0x00, 0x00, 0x00, 0x00, 0x00, 0x00, 0x00, 0x00, 0x00, 0x00, 0x00, 0x00,
    0x00, 0x00, 0x00, 0x00, 0x00, 0x00, 0x00, 0x00, 0x00, 0x00, 0x00, 0x00,
    0x00, 0x00, 0x00, 0x00, 0x00, 0x00, 0x00, 0x00, 0x00, 0x00, 0x00, 0x00,
    0x00, 0x00, 0x00, 0x00, 0x00, 0x00, 0x00, 0x00, 0x00, 0x00, 0x00, 0x00,
    0x00, 0x00, 0x00, 0x00, 0x00, 0x00, 0x00, 0x00, 0x00, 0x00, 0x00, 0x00,
    0x00, 0x00, 0x00, 0x00, 0x00, 0x00, 0x00, 0x00, 0x00, 0x00, 0x00, 0x00,
    0x00, 0x00, 0x00, 0x00, 0x00, 0x00, 0x00, 0x00, 0x00, 0x00, 0x00, 0x00,
    0x00, 0x00, 0x00, 0x00, 0x00, 0x00, 0x00, 0x00, 0x00, 0x00, 0x00, 0x00,
    0x00, 0x00, 0x00, 0x00, 0x00, 0x00, 0x00, 0x00, 0x00, 0x00, 0x00, 0x00,
    0x00, 0x00, 0x00, 0x00, 0x00, 0x00, 0x00, 0x00, 0x00, 0x00, 0x00, 0x00,
    0x00, 0x00, 0x00, 0x00, 0x00, 0x00, 0x00, 0x00, 0x00, 0x00, 0x00, 0x00,
    0x00, 0x00, 0x00, 0x00, 0x00, 0x00, 0x00, 0x00, 0x00, 0x00, 0x00, 0x00,
    0x00, 0x00, 0x00, 0x00, 0x00, 0x00, 0x00, 0x00, 0x00, 0x00, 0x00, 0x00,
    0x00, 0x00, 0x00, 0x00, 0x00, 0x00, 0x00, 0x00, 0x00, 0x00, 0x00, 0x00,
    0x00, 0x00, 0x00, 0x00, 0x00, 0x00, 0x00, 0x00, 0x00, 0x00, 0x00, 0x00,
    0x00, 0x00, 0x00, 0x00, 0x00, 0x00, 0x00, 0x00, 0x00, 0x00, 0x00, 0x00,
    0x00, 0x00, 0x00, 0x00, 0x00, 0x00, 0x00, 0x00, 0x00, 0x00, 0x00, 0x00,
    0x00, 0x00, 0x00, 0x00, 0x00, 0x00, 0x00, 0x00, 0x00, 0x00, 0x00, 0x00,
    0x00, 0x00, 0x00, 0x00, 0x00, 0x00, 0x00, 0x00, 0x00, 0x00, 0x00, 0x00,
    0x00, 0x00, 0x00, 0x00, 0x00, 0x00, 0x00, 0x00, 0x00, 0x00, 0x00, 0x00,
    0x00, 0x00, 0x00, 0x00, 0x00, 0x00, 0x00, 0x00, 0x00, 0x00, 0x00, 0x00,
    0x00, 0x00, 0x00, 0x00, 0x00, 0x00, 0x00, 0x00, 0x00, 0x00, 0x00, 0x00,
    0x00, 0x00, 0x00, 0x00, 0x00, 0x00, 0x00, 0x00, 0x00, 0x00, 0x00, 0x00,
    0x00, 0x00, 0x00, 0x00, 0x00, 0x00, 0x00, 0x00, 0x00, 0x00, 0x00, 0x00,
    0x00, 0x00, 0x00, 0x00, 0x00, 0x00, 0x00, 0x00, 0x00, 0x00, 0x00, 0x00,
    0x00, 0x00, 0x00, 0x00, 0x00, 0x00, 0x00, 0x00, 0x00, 0x00, 0x00, 0x00,
    0x00, 0x00, 0x00, 0x00, 0x00, 0x00, 0x00, 0x00, 0x00, 0x00, 0x00, 0x00,
    0x00, 0x00, 0x00, 0x00, 0x00, 0x00, 0x00, 0x00, 0x00, 0x00, 0x00, 0x00,
    0x00, 0x00, 0x00, 0x00, 0x00, 0x00, 0x00, 0x00, 0x00, 0x00, 0x00, 0x00,
    0x00, 0x00, 0x00, 0x00, 0x00, 0x00, 0x00, 0x00, 0x00, 0x00, 0x00, 0x00,
    0x00, 0x00, 0x00, 0x00, 0x00, 0x00, 0x00, 0x00, 0x00, 0x00, 0x00, 0x00,
    0x00, 0x00, 0x00, 0x00, 0x00, 0x00, 0x00, 0x00, 0x00, 0x00, 0x00, 0x00,
    0x00, 0x00, 0x00, 0x00, 0x00, 0x00, 0x00, 0x00, 0x00, 0x00, 0x00, 0x00,
    0x00, 0x00, 0x00, 0x00, 0x00, 0x00, 0x00, 0x00, 0x00, 0x00, 0x00, 0x00,
    0x00, 0x00, 0x00, 0x00, 0x00, 0x00, 0x00, 0x00, 0x00, 0x00, 0x00, 0x00,
    0x00, 0x00, 0x00, 0x00
};
